2026-04-29T12:14:58.621493473 prepare to make markets
2026-04-29T12:14:58.621584665   KO: target=200 qty=100 spread=0 drift=0.01 venue=NYSE
2026-04-29T12:14:58.621594159   WBD: target=-200 qty=100 spread=0.02 drift=0.01 venue=NASDAQ
2026-04-29T12:14:58.621599587   AAL: target=-300 qty=100 spread=0.01 drift=0.01 venue=NASDAQ
2026-04-29T12:14:58.621609853   MARA: target=-300 qty=100 spread=0.02 drift=0.01 venue=NASDAQ
2026-04-29T12:14:58.621617658   IREN: target=-400 qty=100 spread=0.03 drift=0.03 venue=NASDAQ
2026-04-29T12:14:58.621625987   VISN: target=300 qty=100 spread=0.02 drift=0.01 venue=NASDAQ
2026-04-29T12:14:58.621640107   BBIO: target=200 qty=100 spread=0.07 drift=0.04 venue=NASDAQ
2026-04-29T12:14:58.621647353   CORZ: target=-300 qty=100 spread=0.03 drift=0.01 venue=NASDAQ
2026-04-29T12:14:58.621660777 canceling lingering orders...
2026-04-29T12:14:58.621697363 synchronizing alpaca assets...
2026-04-29T12:14:58.646997776 loading positions...
2026-04-29T12:14:58.651834896 loaded position for CORZ: -200 shares @ avg 19.683 (cost basis -3936.6)
2026-04-29T12:14:58.651849067 loaded position for IREN: -751 shares @ avg 42.574512 (cost basis -31973.458512)
2026-04-29T12:14:58.651860367 fetching sip quotes for 5 positions...
2026-04-29T12:14:58.670995650 subscribing to order updates...
2026-04-29T12:14:58.687025970 subscribing to sip stock updates for 8 symbols...
2026-04-29T12:14:59.639498304 subscribing to boats stock updates for 8 symbols...
2026-04-29T12:15:01.631951581 BALANCE long=$0 (0) short=$35982 (2) expose=$-35982 | realize=0 fee=0 net=0 unrealized=-72.111488 equity=-72.111488 liquidate=-80.621488 | fills=0 pending=0 | ofails=0/0
2026-04-29T12:15:01.631984756 SPREAD IREN NASDAQ  [0]  42.66x300 | 42.68x200  [0]  ema=0  pos=-751  realized=0 fees=0 net=0 unrealized=-71.711488
2026-04-29T12:15:01.632001257 SPREAD CORZ NASDAQ  [0]  19.68x300 | 19.69x2000  [0]  ema=0  pos=-200  realized=0 fees=0 net=0 unrealized=-0.4
2026-04-29T12:15:01.682088411 tape: recording to gs://dropbear-sip/2026-04-29T12:15:01.631963429.sip.zst
2026-04-29T12:15:03.401201469 KO placed buy 100 @ 78.94 -> NYSE (pos=0 spread=0.02 bid=78.94x1100 ask=78.96x800)
2026-04-29T12:15:03.413011005 KO order pending_new: pending_new buy 100 @ 78.94 pos=0 filled=0/100
2026-04-29T12:15:03.427807106 KO order new: new buy 100 @ 78.94 pos=0 filled=0/100
2026-04-29T12:15:05.407458855 IREN placed buy 100 @ 42.64 -> NASDAQ (pos=-751 spread=0.01 bid=42.66x300 ask=42.67x100)
2026-04-29T12:15:05.418133709 IREN order pending_new: pending_new buy 100 @ 42.64 pos=0 filled=0/100
2026-04-29T12:15:05.431609078 IREN order new: new buy 100 @ 42.64 pos=0 filled=0/100
2026-04-29T12:15:06.671662096 BALANCE long=$0 (0) short=$35978 (2) expose=$-35978 | realize=0 fee=0 net=0 unrealized=-68.356488 equity=-68.356488 liquidate=-73.111488 | fills=0 pending=2 | ofails=0/2
2026-04-29T12:15:06.671719504 SPREAD KO NYSE  [78.94]  78.95x600 | 78.96x800  [0]  ema=78.950683  pos=0  realized=0 fees=0 net=0 unrealized=0
2026-04-29T12:15:06.671732935 SPREAD WBD NASDAQ  [0]  27.02x12000 | 27.03x1800  [0]  ema=27.025  pos=0  realized=0 fees=0 net=0 unrealized=0
2026-04-29T12:15:06.671742189 SPREAD AAL NASDAQ  [0]  11.26x9600 | 11.27x23300  [0]  ema=11.265  pos=0  realized=0 fees=0 net=0 unrealized=0
2026-04-29T12:15:06.671752012 SPREAD MARA NASDAQ  [0]  10.35x4200 | 10.36x6400  [0]  ema=10.355  pos=0  realized=0 fees=0 net=0 unrealized=0
2026-04-29T12:15:06.671760991 SPREAD IREN NASDAQ  [42.64]  42.66x300 | 42.67x100  [0]  ema=42.673934  pos=-751  realized=0 fees=0 net=0 unrealized=-67.956488
2026-04-29T12:15:06.671776585 SPREAD VISN NASDAQ  [0]  10.53x2300 | 10.54x300  [0]  ema=10.535  pos=0  realized=0 fees=0 net=0 unrealized=0
2026-04-29T12:15:06.671786152 SPREAD BBIO NASDAQ  [0]  70.5x100 | 70.6x100  [0]  ema=70.575  pos=0  realized=0 fees=0 net=0 unrealized=0
2026-04-29T12:15:06.671792368 SPREAD CORZ NASDAQ  [0]  19.68x300 | 19.69x2000  [0]  ema=0  pos=-200  realized=0 fees=0 net=0 unrealized=-0.4
2026-04-29T12:15:07.830049160 IREN order fill: filled buy 100 @ 42.64 pos=-651 filled=100/100
2026-04-29T12:15:07.830088261 IREN filled 100 @ 42.64 | pos=-651 | fill_pnl=-6.5488 | fee=0.0203 | realized=-6.5488 | total_pnl=-6.5488 | total_fees=0.0203 | fills=1 shares=100 | greed=0/0
2026-04-29T12:15:07.862814986 IREN placed sell 100 @ 42.73 -> NASDAQ (pos=-651 spread=0.02 bid=42.65x700 ask=42.67x300)
2026-04-29T12:15:07.870118684 IREN placed buy 100 @ 42.57 -> NASDAQ (pos=-651 spread=0.02 bid=42.65x700 ask=42.67x300)
2026-04-29T12:15:07.873817938 IREN order pending_new: pending_new sell 100 @ 42.73 pos=0 filled=0/100
2026-04-29T12:15:07.873836744 IREN order pending_new: pending_new buy 100 @ 42.57 pos=0 filled=0/100
2026-04-29T12:15:07.885892193 IREN order new: new sell 100 @ 42.73 pos=0 filled=0/100
2026-04-29T12:15:07.885907750 IREN order new: new buy 100 @ 42.57 pos=0 filled=0/100
2026-04-29T12:15:11.568687719 CORZ placed sell 100 @ 19.71 -> NASDAQ (pos=-200 spread=0.01 bid=19.68x200 ask=19.69x4000)
2026-04-29T12:15:11.570638037 CORZ placed buy 100 @ 19.64 -> NASDAQ (pos=-200 spread=0.01 bid=19.68x200 ask=19.69x4000)
2026-04-29T12:15:11.580657046 CORZ order pending_new: pending_new sell 100 @ 19.71 pos=0 filled=0/100
2026-04-29T12:15:11.580676867 CORZ order pending_new: pending_new buy 100 @ 19.64 pos=0 filled=0/100
2026-04-29T12:15:11.593907296 CORZ order new: new sell 100 @ 19.71 pos=0 filled=0/100
2026-04-29T12:15:11.593924064 CORZ order new: new buy 100 @ 19.64 pos=0 filled=0/100
2026-04-29T12:15:12.671076050 BALANCE long=$0 (0) short=$31705 (2) expose=$-31705 | realize=-6.5488 fee=0.0203 net=-6.5691 unrealized=-52.797688 equity=-59.366788 liquidate=-63.621788 | fills=1 pending=3 | ofails=0/6
2026-04-29T12:15:12.671126832 SPREAD KO NYSE  [78.94]  78.95x100 | 78.96x900  [0]  ema=78.952966  pos=0  realized=0 fees=0 net=0 unrealized=0
2026-04-29T12:15:12.671138697 SPREAD WBD NASDAQ  [0]  27.02x12000 | 27.03x2400  [0]  ema=27.025  pos=0  realized=0 fees=0 net=0 unrealized=0
2026-04-29T12:15:12.671145091 SPREAD AAL NASDAQ  [0]  11.26x9600 | 11.27x17700  [0]  ema=11.265  pos=0  realized=0 fees=0 net=0 unrealized=0
2026-04-29T12:15:12.671151508 SPREAD MARA NASDAQ  [0]  10.35x4100 | 10.36x6500  [0]  ema=10.355  pos=0  realized=0 fees=0 net=0 unrealized=0
2026-04-29T12:15:12.671159242 SPREAD IREN NASDAQ  [42.57]  42.65x200 | 42.66x200  [42.73]  ema=42.64947  pos=-651  realized=-6.5488 fees=0.0203 net=-6.5691 unrealized=-52.397688
2026-04-29T12:15:12.671168858 SPREAD VISN NASDAQ  [0]  10.53x2200 | 10.54x300  [0]  ema=10.535  pos=0  realized=0 fees=0 net=0 unrealized=0
2026-04-29T12:15:12.671175297 SPREAD BBIO NASDAQ  [0]  70.48x100 | 70.6x100  [0]  ema=70.5725  pos=0  realized=0 fees=0 net=0 unrealized=0
2026-04-29T12:15:12.671181931 SPREAD CORZ NASDAQ  [19.64]  19.68x1300 | 19.69x4100  [19.71]  ema=19.679175  pos=-200  realized=0 fees=0 net=0 unrealized=-0.4
2026-04-29T12:15:17.428999629 IREN replacing sell order: 42.73 -> 42.69 (pos=-651 spread=0.02 bid=42.64x400 ask=42.66x200)
2026-04-29T12:15:17.431528427 IREN replacing buy order: 42.57 -> 42.62 (pos=-651 spread=0.02 bid=42.64x400 ask=42.66x200)
2026-04-29T12:15:17.453896016 IREN order replaced: replaced sell 100 @ 42.73 pos=0 filled=0/100
2026-04-29T12:15:17.453941894 IREN order replaced: replaced buy 100 @ 42.57 pos=0 filled=0/100
2026-04-29T12:15:17.671411405 BALANCE long=$0 (0) short=$31700 (2) expose=$-31700 | realize=-6.5488 fee=0.0203 net=-6.5691 unrealized=-47.542688 equity=-54.111788 liquidate=-61.621788 | fills=1 pending=3 | ofails=0/6
2026-04-29T12:15:17.671464992 SPREAD KO NYSE  [78.94]  78.94x1000 | 78.95x100  [0]  ema=78.951638  pos=0  realized=0 fees=0 net=0 unrealized=0
2026-04-29T12:15:17.671476237 SPREAD WBD NASDAQ  [0]  27.02x11500 | 27.03x2500  [0]  ema=27.025  pos=0  realized=0 fees=0 net=0 unrealized=0
2026-04-29T12:15:17.671482205 SPREAD AAL NASDAQ  [0]  11.26x14800 | 11.27x16700  [0]  ema=11.265  pos=0  realized=0 fees=0 net=0 unrealized=0
2026-04-29T12:15:17.671491180 SPREAD MARA NASDAQ  [0]  10.35x4200 | 10.36x6500  [0]  ema=10.355  pos=0  realized=0 fees=0 net=0 unrealized=0
2026-04-29T12:15:17.671501414 SPREAD IREN NASDAQ  [42.62]  42.64x400 | 42.66x300  [42.69]  ema=42.650624  pos=-651  realized=-6.5488 fees=0.0203 net=-6.5691 unrealized=-49.142688
2026-04-29T12:15:17.671508034 SPREAD VISN NASDAQ  [0]  10.53x2200 | 10.54x300  [0]  ema=10.535  pos=0  realized=0 fees=0 net=0 unrealized=0
2026-04-29T12:15:17.671515128 SPREAD BBIO NASDAQ  [0]  70.48x100 | 70.6x100  [0]  ema=70.5725  pos=0  realized=0 fees=0 net=0 unrealized=0
2026-04-29T12:15:17.671522036 SPREAD CORZ NASDAQ  [19.64]  19.67x1900 | 19.68x500  [19.71]  ema=19.677728  pos=-200  realized=0 fees=0 net=0 unrealized=1.6
2026-04-29T12:15:23.327723553 AAL placed sell 100 @ 11.28 -> NASDAQ (pos=0 spread=0 bid=11.27x15100 ask=11.27x11300)
2026-04-29T12:15:23.338731659 AAL order pending_new: pending_new sell 100 @ 11.28 pos=0 filled=0/100
2026-04-29T12:15:23.356310421 AAL order new: new sell 100 @ 11.28 pos=0 filled=0/100
2026-04-29T12:15:23.671395548 BALANCE long=$0 (0) short=$31722 (2) expose=$-31722 | realize=-6.5488 fee=0.0203 net=-6.5691 unrealized=-69.072688 equity=-75.641788 liquidate=-83.151788 | fills=1 pending=4 | ofails=0/7
2026-04-29T12:15:23.671441550 SPREAD KO NYSE  [78.94]  78.94x1000 | 78.95x400  [0]  ema=78.949484  pos=0  realized=0 fees=0 net=0 unrealized=0
2026-04-29T12:15:23.671452902 SPREAD WBD NASDAQ  [0]  27.02x11500 | 27.03x2500  [0]  ema=27.025  pos=0  realized=0 fees=0 net=0 unrealized=0
2026-04-29T12:15:23.671458702 SPREAD AAL NASDAQ  [0]  11.27x15500 | 11.28x13300  [11.28]  ema=11.268632  pos=0  realized=0 fees=0 net=0 unrealized=0
2026-04-29T12:15:23.671468273 SPREAD MARA NASDAQ  [0]  10.35x7700 | 10.36x2000  [0]  ema=10.355  pos=0  realized=0 fees=0 net=0 unrealized=0
2026-04-29T12:15:23.671478418 SPREAD IREN NASDAQ  [42.62]  42.67x500 | 42.69x200  [42.69]  ema=42.657305  pos=-651  realized=-6.5488 fees=0.0203 net=-6.5691 unrealized=-68.672688
2026-04-29T12:15:23.671487868 SPREAD VISN NASDAQ  [0]  10.53x2200 | 10.54x200  [0]  ema=10.535  pos=0  realized=0 fees=0 net=0 unrealized=0
2026-04-29T12:15:23.671497140 SPREAD BBIO NASDAQ  [0]  70.48x100 | 70.6x100  [0]  ema=70.5725  pos=0  realized=0 fees=0 net=0 unrealized=0
2026-04-29T12:15:23.671506310 SPREAD CORZ NASDAQ  [19.64]  19.68x1300 | 19.69x400  [19.71]  ema=19.682187  pos=-200  realized=0 fees=0 net=0 unrealized=-0.4
2026-04-29T12:15:25.600486638 WBD placed sell 100 @ 27.05 -> NASDAQ (pos=0 spread=0.01 bid=27.02x11500 ask=27.03x2500)
2026-04-29T12:15:25.611550788 WBD order pending_new: pending_new sell 100 @ 27.05 pos=0 filled=0/100
2026-04-29T12:15:25.629084167 WBD order new: new sell 100 @ 27.05 pos=0 filled=0/100
2026-04-29T12:15:26.451662121 MARA placed sell 100 @ 10.38 -> NASDAQ (pos=0 spread=0.01 bid=10.35x6300 ask=10.36x1600)
2026-04-29T12:15:26.462385682 MARA order pending_new: pending_new sell 100 @ 10.38 pos=0 filled=0/100
2026-04-29T12:15:26.478331150 MARA order new: new sell 100 @ 10.38 pos=0 filled=0/100
2026-04-29T12:15:26.730370422 KO order fill: filled buy 100 @ 78.94 pos=100 filled=100/100
2026-04-29T12:15:26.730392030 KO filled 100 @ 78.94 | pos=100 | fill_pnl=0 | fee=0.0203 | realized=0 | total_pnl=-6.5488 | total_fees=0.0406 | fills=2 shares=200 | greed=0/0
2026-04-29T12:15:26.751352076 KO placed buy 100 @ 78.88 -> NYSE (pos=100 spread=0.01 bid=78.94x500 ask=78.95x500)
2026-04-29T12:15:26.753590929 KO placed sell 100 @ 78.98 -> NYSE (pos=100 spread=0.01 bid=78.94x500 ask=78.95x500)
2026-04-29T12:15:26.763329185 KO order pending_new: pending_new buy 100 @ 78.88 pos=0 filled=0/100
2026-04-29T12:15:26.763345859 KO order pending_new: pending_new sell 100 @ 78.98 pos=0 filled=0/100
2026-04-29T12:15:26.776888508 KO order new: new buy 100 @ 78.88 pos=0 filled=0/100
2026-04-29T12:15:26.776901419 KO order new: new sell 100 @ 78.98 pos=0 filled=0/100
2026-04-29T12:15:28.692872930 IREN order fill: filled sell 100 @ 42.69 pos=-751 filled=100/100
2026-04-29T12:15:28.692898395 IREN filled -100 @ 42.69 | pos=-751 | fill_pnl=0 | fee=0.127741 | realized=-6.5488 | total_pnl=-6.5488 | total_fees=0.168341 | fills=3 shares=300 | greed=0/0
2026-04-29T12:15:29.671421894 BALANCE long=$7893 (1) short=$36014 (2) expose=$-28122 | realize=-6.5488 fee=0.168341 net=-6.717141 unrealized=-94.102688 equity=-100.819829 liquidate=-109.829829 | fills=3 pending=6 | ofails=0/11
2026-04-29T12:15:29.671470690 SPREAD KO NYSE  [78.88]  78.92x1100 | 78.93x200  [78.98]  ema=78.936437  pos=100  realized=0 fees=0.0203 net=-0.0203 unrealized=-1.5
2026-04-29T12:15:29.671482947 SPREAD WBD NASDAQ  [0]  27.02x12000 | 27.03x2500  [27.05]  ema=27.025  pos=0  realized=0 fees=0 net=0 unrealized=0
2026-04-29T12:15:29.671491057 SPREAD AAL NASDAQ  [0]  11.27x21700 | 11.28x2300  [11.28]  ema=11.270419  pos=0  realized=0 fees=0 net=0 unrealized=0
2026-04-29T12:15:29.671511928 SPREAD MARA NASDAQ  [0]  10.36x8100 | 10.37x4500  [10.38]  ema=10.359905  pos=0  realized=0 fees=0 net=0 unrealized=0
2026-04-29T12:15:29.671520232 SPREAD IREN NASDAQ  [42.62]  42.7x200 | 42.72x200  [0]  ema=42.693062  pos=-751  realized=-6.5488 fees=0.148041 net=-6.696841 unrealized=-90.202688
2026-04-29T12:15:29.671526308 SPREAD VISN NASDAQ  [0]  10.53x2200 | 10.54x200  [0]  ema=10.535  pos=0  realized=0 fees=0 net=0 unrealized=0
2026-04-29T12:15:29.671536126 SPREAD BBIO NASDAQ  [0]  70.48x100 | 70.6x100  [0]  ema=70.5725  pos=0  realized=0 fees=0 net=0 unrealized=0
2026-04-29T12:15:29.671546280 SPREAD CORZ NASDAQ  [19.64]  19.69x1400 | 19.7x1500  [19.71]  ema=19.685937  pos=-200  realized=0 fees=0 net=0 unrealized=-2.4
2026-04-29T12:15:31.604566303 AAL order fill: filled sell 100 @ 11.28 pos=-100 filled=100/100
2026-04-29T12:15:31.604591704 AAL filled -100 @ 11.28 | pos=-100 | fill_pnl=0 | fee=0.063037 | realized=0 | total_pnl=-6.5488 | total_fees=0.231378 | fills=4 shares=400 | greed=0/0
2026-04-29T12:15:31.628513171 AAL placed buy 100 @ 11.23 -> NASDAQ (pos=-100 spread=0.01 bid=11.27x21700 ask=11.28x2300)
2026-04-29T12:15:31.629221487 AAL placed sell 100 @ 11.35 -> NASDAQ (pos=-100 spread=0.01 bid=11.27x21700 ask=11.28x2300)
2026-04-29T12:15:31.640437838 AAL order pending_new: pending_new sell 100 @ 11.35 pos=0 filled=0/100
2026-04-29T12:15:31.640454718 AAL order pending_new: pending_new buy 100 @ 11.23 pos=0 filled=0/100
2026-04-29T12:15:31.652047280 AAL order new: new sell 100 @ 11.35 pos=0 filled=0/100
2026-04-29T12:15:31.652090904 AAL order new: new buy 100 @ 11.23 pos=0 filled=0/100
2026-04-29T12:15:32.872744547 IREN replacing buy order: 42.62 -> 42.67 (pos=-751 spread=0.02 bid=42.71x100 ask=42.73x200)
2026-04-29T12:15:32.875045478 KO replacing sell order: 78.98 -> 78.94 (pos=100 spread=0.01 bid=78.92x1000 ask=78.93x200)
2026-04-29T12:15:32.890042646 KO replacing buy order: 78.88 -> 78.92 (pos=100 spread=0.01 bid=78.92x1000 ask=78.93x200)
2026-04-29T12:15:32.905487623 IREN order replaced: replaced buy 100 @ 42.62 pos=0 filled=0/100
2026-04-29T12:15:32.905506247 KO order replaced: replaced sell 100 @ 78.98 pos=0 filled=0/100
2026-04-29T12:15:32.916304568 KO order replaced: replaced buy 100 @ 78.88 pos=0 filled=0/100
2026-04-29T12:15:33.140553750 AAL replacing buy order: 11.23 -> 11.26 (pos=-100 spread=0.01 bid=11.28x8700 ask=11.29x21500)
2026-04-29T12:15:33.156068254 AAL replacing sell order: 11.35 -> 11.29 (pos=-100 spread=0.01 bid=11.28x8700 ask=11.29x21500)
2026-04-29T12:15:33.168334434 AAL order replaced: replaced buy 100 @ 11.23 pos=0 filled=0/100
2026-04-29T12:15:33.182438180 AAL order replaced: replaced sell 100 @ 11.35 pos=0 filled=0/100
2026-04-29T12:15:34.672023837 BALANCE long=$7893 (1) short=$37150 (3) expose=$-29258 | realize=-6.5488 fee=0.231378 net=-6.780178 unrealized=-102.112688 equity=-108.892866 liquidate=-118.402866 | fills=4 pending=6 | ofails=0/13
2026-04-29T12:15:34.672069681 SPREAD KO NYSE  [78.92]  78.92x700 | 78.93x500  [78.94]  ema=78.93293  pos=100  realized=0 fees=0.0203 net=-0.0203 unrealized=-1.5
2026-04-29T12:15:34.672080078 SPREAD WBD NASDAQ  [0]  27.02x12000 | 27.03x2500  [27.05]  ema=27.025  pos=0  realized=0 fees=0 net=0 unrealized=0
2026-04-29T12:15:34.672093341 SPREAD AAL NASDAQ  [11.26]  11.28x8700 | 11.29x19800  [11.29]  ema=11.278367  pos=-100  realized=0 fees=0.063037 net=-0.063037 unrealized=-0.5
2026-04-29T12:15:34.672102925 SPREAD MARA NASDAQ  [0]  10.36x7700 | 10.37x2900  [10.38]  ema=10.361705  pos=0  realized=0 fees=0 net=0 unrealized=0
2026-04-29T12:15:34.672110799 SPREAD IREN NASDAQ  [42.67]  42.71x300 | 42.73x100  [0]  ema=42.710919  pos=-751  realized=-6.5488 fees=0.148041 net=-6.696841 unrealized=-97.712688
2026-04-29T12:15:34.672118982 SPREAD VISN NASDAQ  [0]  10.53x2200 | 10.54x200  [0]  ema=10.535  pos=0  realized=0 fees=0 net=0 unrealized=0
2026-04-29T12:15:34.672131431 SPREAD BBIO NASDAQ  [0]  70.57x100 | 70.64x100  [0]  ema=70.5726  pos=0  realized=0 fees=0 net=0 unrealized=0
2026-04-29T12:15:34.672159466 SPREAD CORZ NASDAQ  [19.64]  19.69x1300 | 19.7x100  [19.71]  ema=19.689229  pos=-200  realized=0 fees=0 net=0 unrealized=-2.4
2026-04-29T12:15:40.671076939 BALANCE long=$7893 (1) short=$37154 (3) expose=$-29261 | realize=-6.5488 fee=0.231378 net=-6.780178 unrealized=-105.867688 equity=-112.647866 liquidate=-125.912866 | fills=4 pending=6 | ofails=0/13
2026-04-29T12:15:40.671148510 SPREAD KO NYSE  [78.92]  78.92x700 | 78.93x1000  [78.94]  ema=78.931395  pos=100  realized=0 fees=0.0203 net=-0.0203 unrealized=-1.5
2026-04-29T12:15:40.671162677 SPREAD WBD NASDAQ  [0]  27.02x11700 | 27.03x3700  [27.05]  ema=27.025  pos=0  realized=0 fees=0 net=0 unrealized=0
2026-04-29T12:15:40.671175225 SPREAD AAL NASDAQ  [11.26]  11.28x8600 | 11.29x21500  [11.29]  ema=11.279071  pos=-100  realized=0 fees=0.063037 net=-0.063037 unrealized=-0.5
2026-04-29T12:15:40.671199509 SPREAD MARA NASDAQ  [0]  10.36x6800 | 10.37x4500  [10.38]  ema=10.362583  pos=0  realized=0 fees=0 net=0 unrealized=0
2026-04-29T12:15:40.671206650 SPREAD IREN NASDAQ  [42.67]  42.71x200 | 42.74x400  [0]  ema=42.714385  pos=-751  realized=-6.5488 fees=0.148041 net=-6.696841 unrealized=-101.467688
2026-04-29T12:15:40.671213062 SPREAD VISN NASDAQ  [0]  10.53x2200 | 10.54x200  [0]  ema=10.535  pos=0  realized=0 fees=0 net=0 unrealized=0
2026-04-29T12:15:40.671220582 SPREAD BBIO NASDAQ  [0]  70.52x100 | 70.64x100  [0]  ema=70.576333  pos=0  realized=0 fees=0 net=0 unrealized=0
2026-04-29T12:15:40.671227687 SPREAD CORZ NASDAQ  [19.64]  19.69x1300 | 19.7x400  [19.71]  ema=19.689584  pos=-200  realized=0 fees=0 net=0 unrealized=-2.4
2026-04-29T12:15:41.157759199 CORZ replacing sell order: 19.71 -> 19.73 (pos=-200 spread=0.01 bid=19.69x1300 ask=19.7x300)
2026-04-29T12:15:41.160399570 CORZ replacing buy order: 19.64 -> 19.66 (pos=-200 spread=0.01 bid=19.69x1300 ask=19.7x300)
2026-04-29T12:15:41.182221737 CORZ order replaced: replaced sell 100 @ 19.71 pos=0 filled=0/100
2026-04-29T12:15:41.182239763 CORZ order replaced: replaced buy 100 @ 19.64 pos=0 filled=0/100
2026-04-29T12:15:42.148940869 KO order fill: filled buy 100 @ 78.92 pos=200 filled=100/100
2026-04-29T12:15:42.148968560 KO filled 100 @ 78.92 | pos=200 | fill_pnl=0 | fee=0.0203 | realized=0 | total_pnl=-6.5488 | total_fees=0.251678 | fills=5 shares=500 | greed=0/0
2026-04-29T12:15:42.164837921 KO replacing sell order: 78.94 -> 78.97 (pos=200 spread=0.01 bid=78.92x700 ask=78.93x1000)
2026-04-29T12:15:42.174091368 KO placed buy 100 @ 78.87 -> NYSE (pos=200 spread=0.01 bid=78.92x700 ask=78.93x1000)
2026-04-29T12:15:42.185192278 KO order pending_new: pending_new buy 100 @ 78.87 pos=0 filled=0/100
2026-04-29T12:15:42.185210201 KO order replaced: replaced sell 100 @ 78.94 pos=0 filled=0/100
2026-04-29T12:15:42.199993389 KO order new: new buy 100 @ 78.87 pos=0 filled=0/100
2026-04-29T12:15:43.378601427 VISN placed buy 100 @ 10.51 -> NASDAQ (pos=0 spread=0.01 bid=10.54x1900 ask=10.55x100)
2026-04-29T12:15:43.391302631 VISN order pending_new: pending_new buy 100 @ 10.51 pos=0 filled=0/100
2026-04-29T12:15:43.403205623 VISN order new: new buy 100 @ 10.51 pos=0 filled=0/100
2026-04-29T12:15:45.671635130 BALANCE long=$15785 (1) short=$37152 (3) expose=$-21367 | realize=-6.5488 fee=0.251678 net=-6.800478 unrealized=-103.612688 equity=-110.413166 liquidate=-120.423166 | fills=5 pending=7 | ofails=0/15
2026-04-29T12:15:45.671695660 SPREAD KO NYSE  [78.87]  78.92x800 | 78.93x300  [78.97]  ema=78.925272  pos=200  realized=0 fees=0.0406 net=-0.0406 unrealized=-1
2026-04-29T12:15:45.672547783 SPREAD WBD NASDAQ  [0]  27.02x11700 | 27.03x3700  [27.05]  ema=27.025  pos=0  realized=0 fees=0 net=0 unrealized=0
2026-04-29T12:15:45.672565068 SPREAD AAL NASDAQ  [11.26]  11.28x9000 | 11.29x21100  [11.29]  ema=11.279702  pos=-100  realized=0 fees=0.063037 net=-0.063037 unrealized=-0.5
2026-04-29T12:15:45.672576199 SPREAD MARA NASDAQ  [0]  10.36x6400 | 10.37x5200  [10.38]  ema=10.363226  pos=0  realized=0 fees=0 net=0 unrealized=0
2026-04-29T12:15:45.672587475 SPREAD IREN NASDAQ  [42.67]  42.71x400 | 42.73x100  [0]  ema=42.716867  pos=-751  realized=-6.5488 fees=0.148041 net=-6.696841 unrealized=-97.712688
2026-04-29T12:15:45.672609373 SPREAD VISN NASDAQ  [10.51]  10.54x1300 | 10.55x600  [0]  ema=10.544432  pos=0  realized=0 fees=0 net=0 unrealized=0
2026-04-29T12:15:45.672618955 SPREAD BBIO NASDAQ  [0]  70.52x100 | 70.64x100  [0]  ema=70.576333  pos=0  realized=0 fees=0 net=0 unrealized=0
2026-04-29T12:15:45.672627760 SPREAD CORZ NASDAQ  [19.66]  19.7x1300 | 19.71x4200  [19.73]  ema=19.694823  pos=-200  realized=0 fees=0 net=0 unrealized=-4.4
2026-04-29T12:15:47.919032913 KO replacing buy order: 78.87 -> 78.92 (pos=200 spread=0.01 bid=78.92x600 ask=78.93x300)
2026-04-29T12:15:47.920508231 KO replacing sell order: 78.97 -> 78.93 (pos=200 spread=0.01 bid=78.92x600 ask=78.93x300)
2026-04-29T12:15:47.946603733 KO order replaced: replaced buy 100 @ 78.87 pos=0 filled=0/100
2026-04-29T12:15:47.946622748 KO order replaced: replaced sell 100 @ 78.97 pos=0 filled=0/100
2026-04-29T12:15:49.844804222 KO order fill: filled sell 100 @ 78.93 pos=100 filled=100/100
2026-04-29T12:15:49.844825182 KO filled -100 @ 78.93 | pos=100 | fill_pnl=0 | fee=0.202396 | realized=0 | total_pnl=-6.5488 | total_fees=0.454074 | fills=6 shares=600 | greed=0/0
2026-04-29T12:15:49.865905960 KO replacing buy order: 78.92 -> 78.89 (pos=100 spread=0.01 bid=78.92x800 ask=78.93x400)
2026-04-29T12:15:49.868694907 KO placed sell 100 @ 78.99 -> NYSE (pos=100 spread=0.01 bid=78.92x800 ask=78.93x400)
2026-04-29T12:15:49.879521171 KO order pending_new: pending_new sell 100 @ 78.99 pos=0 filled=0/100
2026-04-29T12:15:49.891381530 KO order replaced: replaced buy 100 @ 78.92 pos=0 filled=0/100
2026-04-29T12:15:49.891406284 KO order new: new sell 100 @ 78.99 pos=0 filled=0/100
2026-04-29T12:15:51.671251463 BALANCE long=$7893 (1) short=$37126 (3) expose=$-29233 | realize=-6.5488 fee=0.454074 net=-7.002874 unrealized=-76.582688 equity=-83.585562 liquidate=-93.095562 | fills=6 pending=7 | ofails=0/16
2026-04-29T12:15:51.671308815 SPREAD KO NYSE  [78.89]  78.92x1000 | 78.93x100  [78.99]  ema=78.925173  pos=100  realized=0 fees=0.242996 net=-0.242996 unrealized=-0.5
2026-04-29T12:15:51.671322846 SPREAD WBD NASDAQ  [0]  27.02x11700 | 27.03x3800  [27.05]  ema=27.025  pos=0  realized=0 fees=0 net=0 unrealized=0
2026-04-29T12:15:51.671330508 SPREAD AAL NASDAQ  [11.26]  11.28x11000 | 11.29x21100  [11.29]  ema=11.280381  pos=-100  realized=0 fees=0.063037 net=-0.063037 unrealized=-0.5
2026-04-29T12:15:51.671336788 SPREAD MARA NASDAQ  [0]  10.35x4600 | 10.36x3900  [10.38]  ema=10.362082  pos=0  realized=0 fees=0 net=0 unrealized=0
2026-04-29T12:15:51.671352410 SPREAD IREN NASDAQ  [42.67]  42.68x300 | 42.7x100  [0]  ema=42.707577  pos=-751  realized=-6.5488 fees=0.148041 net=-6.696841 unrealized=-75.182688
2026-04-29T12:15:51.671372200 SPREAD VISN NASDAQ  [10.51]  10.54x1200 | 10.55x1000  [0]  ema=10.544476  pos=0  realized=0 fees=0 net=0 unrealized=0
2026-04-29T12:15:51.671378278 SPREAD BBIO NASDAQ  [0]  70.52x100 | 70.64x100  [0]  ema=70.576333  pos=0  realized=0 fees=0 net=0 unrealized=0
2026-04-29T12:15:51.671384890 SPREAD CORZ NASDAQ  [19.66]  19.68x900 | 19.69x1400  [19.73]  ema=19.691882  pos=-200  realized=0 fees=0 net=0 unrealized=-0.4
2026-04-29T12:15:56.671461733 BALANCE long=$7893 (1) short=$37126 (3) expose=$-29233 | realize=-6.5488 fee=0.454074 net=-7.002874 unrealized=-76.582688 equity=-83.585562 liquidate=-93.095562 | fills=6 pending=7 | ofails=0/16
2026-04-29T12:15:56.671517531 SPREAD KO NYSE  [78.89]  78.92x1500 | 78.93x100  [78.99]  ema=78.925164  pos=100  realized=0 fees=0.242996 net=-0.242996 unrealized=-0.5
2026-04-29T12:15:56.671549198 SPREAD WBD NASDAQ  [0]  27.02x11700 | 27.03x3800  [27.05]  ema=27.025  pos=0  realized=0 fees=0 net=0 unrealized=0
2026-04-29T12:15:56.671559502 SPREAD AAL NASDAQ  [11.26]  11.28x7300 | 11.29x24800  [11.29]  ema=11.28112  pos=-100  realized=0 fees=0.063037 net=-0.063037 unrealized=-0.5
2026-04-29T12:15:56.671575908 SPREAD MARA NASDAQ  [0]  10.35x4100 | 10.36x5300  [10.38]  ema=10.360867  pos=0  realized=0 fees=0 net=0 unrealized=0
2026-04-29T12:15:56.671598097 SPREAD IREN NASDAQ  [42.67]  42.68x200 | 42.7x300  [0]  ema=42.698379  pos=-751  realized=-6.5488 fees=0.148041 net=-6.696841 unrealized=-75.182688
2026-04-29T12:15:56.671608664 SPREAD VISN NASDAQ  [10.51]  10.53x1400 | 10.54x600  [0]  ema=10.540828  pos=0  realized=0 fees=0 net=0 unrealized=0
2026-04-29T12:15:56.671614563 SPREAD BBIO NASDAQ  [0]  70.52x100 | 70.64x100  [0]  ema=70.576333  pos=0  realized=0 fees=0 net=0 unrealized=0
2026-04-29T12:15:56.671621553 SPREAD CORZ NASDAQ  [19.66]  19.68x600 | 19.69x1400  [19.73]  ema=19.690145  pos=-200  realized=0 fees=0 net=0 unrealized=-0.4
2026-04-29T12:16:02.066407805 IREN order partial_fill: partially_filled buy 100 @ 42.67 pos=-721 filled=30/100
2026-04-29T12:16:02.066968592 IREN filled 30 @ 42.67 | pos=-721 | fill_pnl=-2.4033 | fee=0.0063 | realized=-8.9521 | total_pnl=-8.9521 | total_fees=0.460374 | fills=7 shares=630 | greed=0/0
2026-04-29T12:16:02.067025604 IREN order partial_fill: partially_filled buy 100 @ 42.67 pos=-680 filled=71/100
2026-04-29T12:16:02.067036716 IREN filled 41 @ 42.67 | pos=-680 | fill_pnl=-3.28451 | fee=0.0082 | realized=-12.23661 | total_pnl=-12.23661 | total_fees=0.468574 | fills=8 shares=671 | greed=0.06/0.03
2026-04-29T12:16:02.067078837 IREN order fill: filled buy 100 @ 42.67 pos=-651 filled=100/100
2026-04-29T12:16:02.067094142 IREN filled 29 @ 42.67 | pos=-651 | fill_pnl=-2.32319 | fee=0.0058 | realized=-14.5598 | total_pnl=-14.5598 | total_fees=0.474374 | fills=9 shares=700 | greed=0.12/0.03
2026-04-29T12:16:02.089030783 IREN placed sell 100 @ 42.76 -> NASDAQ (pos=-651 spread=0.01 bid=42.67x100 ask=42.68x200)
2026-04-29T12:16:02.096318434 IREN placed buy 100 @ 42.42 -> NASDAQ (pos=-651 spread=0.01 bid=42.67x100 ask=42.68x200)
2026-04-29T12:16:02.101051855 IREN order pending_new: pending_new sell 100 @ 42.76 pos=0 filled=0/100
2026-04-29T12:16:02.101078844 IREN order pending_new: pending_new buy 100 @ 42.42 pos=0 filled=0/100
2026-04-29T12:16:02.119955740 IREN order new: new sell 100 @ 42.76 pos=0 filled=0/100
2026-04-29T12:16:02.119971255 IREN order new: new buy 100 @ 42.42 pos=0 filled=0/100
2026-04-29T12:16:02.671727990 BALANCE long=$7895 (1) short=$32847 (3) expose=$-24952 | realize=-14.5598 fee=0.474374 net=-15.034174 unrealized=-54.806688 equity=-69.840862 liquidate=-81.605862 | fills=9 pending=7 | ofails=0/18
2026-04-29T12:16:02.671787512 SPREAD KO NYSE  [78.89]  78.94x1400 | 78.95x200  [78.99]  ema=78.933124  pos=100  realized=0 fees=0.242996 net=-0.242996 unrealized=1.5
2026-04-29T12:16:02.671797581 SPREAD WBD NASDAQ  [0]  27.02x11700 | 27.03x3900  [27.05]  ema=27.025  pos=0  realized=0 fees=0 net=0 unrealized=0
2026-04-29T12:16:02.671809219 SPREAD AAL NASDAQ  [11.26]  11.28x7300 | 11.29x21000  [11.29]  ema=11.281354  pos=-100  realized=0 fees=0.063037 net=-0.063037 unrealized=-0.5
2026-04-29T12:16:02.671821184 SPREAD MARA NASDAQ  [0]  10.35x3800 | 10.36x6800  [10.38]  ema=10.359458  pos=0  realized=0 fees=0 net=0 unrealized=0
2026-04-29T12:16:02.671831140 SPREAD IREN NASDAQ  [42.42]  42.66x200 | 42.69x100  [42.76]  ema=42.678913  pos=-651  realized=-14.5598 fees=0.168341 net=-14.728141 unrealized=-55.406688
2026-04-29T12:16:02.671838221 SPREAD VISN NASDAQ  [10.51]  10.53x1600 | 10.54x800  [0]  ema=10.54034  pos=0  realized=0 fees=0 net=0 unrealized=0
2026-04-29T12:16:02.671847154 SPREAD BBIO NASDAQ  [0]  70.52x100 | 70.64x100  [0]  ema=70.576333  pos=0  realized=0 fees=0 net=0 unrealized=0
2026-04-29T12:16:02.671857339 SPREAD CORZ NASDAQ  [19.66]  19.68x200 | 19.69x1600  [19.73]  ema=19.688427  pos=-200  realized=0 fees=0 net=0 unrealized=-0.4
2026-04-29T12:16:02.734611821 KO replacing buy order: 78.89 -> 78.92 (pos=100 spread=0 bid=78.95x400 ask=78.95x200)
2026-04-29T12:16:02.736712083 KO replacing sell order: 78.99 -> 78.95 (pos=100 spread=0 bid=78.95x400 ask=78.95x200)
2026-04-29T12:16:02.760694510 KO order replaced: replaced buy 100 @ 78.89 pos=0 filled=0/100
2026-04-29T12:16:02.760721487 KO order replaced: replaced sell 100 @ 78.99 pos=0 filled=0/100
2026-04-29T12:16:02.760733322 KO order fill: filled sell 100 @ 78.95 pos=0 filled=100/100
2026-04-29T12:16:02.760755344 KO filled -100 @ 78.955 | pos=0 | fill_pnl=2.5 | fee=0.202447 | realized=2.5 | total_pnl=-12.0598 | total_fees=0.676821 | fills=10 shares=800 | greed=0/0
2026-04-29T12:16:02.780092249 KO replacing buy order: 78.92 -> 78.9 (pos=0 spread=0.01 bid=78.95x1000 ask=78.96x500)
2026-04-29T12:16:02.804821647 KO order replaced: replaced buy 100 @ 78.92 pos=0 filled=0/100
2026-04-29T12:16:02.894086389 IREN replacing buy order: 42.42 -> 42.52 (pos=-651 spread=0.03 bid=42.66x200 ask=42.69x100)
2026-04-29T12:16:02.919184535 IREN order replaced: replaced buy 100 @ 42.42 pos=0 filled=0/100
2026-04-29T12:16:07.168881711 KO replacing buy order: 78.9 -> 78.92 (pos=0 spread=0.02 bid=78.95x1800 ask=78.97x200)
2026-04-29T12:16:07.194762120 KO order replaced: replaced buy 100 @ 78.9 pos=0 filled=0/100
2026-04-29T12:16:08.671139061 BALANCE long=$0 (0) short=$32842 (3) expose=$-32842 | realize=-12.0598 fee=0.676821 net=-12.736621 unrealized=-51.051688 equity=-63.788309 liquidate=-71.798309 | fills=10 pending=7 | ofails=0/18
2026-04-29T12:16:08.671210605 SPREAD KO NYSE  [78.92]  78.95x1200 | 78.96x100  [0]  ema=78.953578  pos=0  realized=2.5 fees=0.445443 net=2.054557 unrealized=0
2026-04-29T12:16:08.671225781 SPREAD WBD NASDAQ  [0]  27.02x14000 | 27.03x1500  [27.05]  ema=27.025  pos=0  realized=0 fees=0 net=0 unrealized=0
2026-04-29T12:16:08.671234898 SPREAD AAL NASDAQ  [11.26]  11.28x9100 | 11.29x20000  [11.29]  ema=11.281898  pos=-100  realized=0 fees=0.063037 net=-0.063037 unrealized=-0.5
2026-04-29T12:16:08.671244343 SPREAD MARA NASDAQ  [0]  10.34x10800 | 10.35x5600  [10.38]  ema=10.35384  pos=0  realized=0 fees=0 net=0 unrealized=0
2026-04-29T12:16:08.671252461 SPREAD IREN NASDAQ  [42.52]  42.66x200 | 42.68x200  [42.76]  ema=42.677463  pos=-651  realized=-14.5598 fees=0.168341 net=-14.728141 unrealized=-52.151688
2026-04-29T12:16:08.671259121 SPREAD VISN NASDAQ  [10.51]  10.53x1700 | 10.54x800  [0]  ema=10.540144  pos=0  realized=0 fees=0 net=0 unrealized=0
2026-04-29T12:16:08.671268154 SPREAD BBIO NASDAQ  [0]  70.52x100 | 70.64x100  [0]  ema=70.576452  pos=0  realized=0 fees=0 net=0 unrealized=0
2026-04-29T12:16:08.671278511 SPREAD CORZ NASDAQ  [19.66]  19.67x1200 | 19.68x500  [19.73]  ema=19.682541  pos=-200  realized=0 fees=0 net=0 unrealized=1.6
2026-04-29T12:16:12.600752304 IREN replacing sell order: 42.76 -> 42.72 (pos=-651 spread=0.02 bid=42.64x200 ask=42.66x200)
2026-04-29T12:16:12.624906947 IREN order replaced: replaced sell 100 @ 42.76 pos=0 filled=0/100
2026-04-29T12:16:13.671394312 BALANCE long=$0 (0) short=$32829 (3) expose=$-32829 | realize=-12.0598 fee=0.676821 net=-12.736621 unrealized=-38.031688 equity=-50.768309 liquidate=-58.778309 | fills=10 pending=7 | ofails=0/18
2026-04-29T12:16:13.671462903 SPREAD KO NYSE  [78.92]  78.95x1200 | 78.96x100  [0]  ema=78.953875  pos=0  realized=2.5 fees=0.445443 net=2.054557 unrealized=0
2026-04-29T12:16:13.671476419 SPREAD WBD NASDAQ  [0]  27.02x14000 | 27.03x600  [27.05]  ema=27.025  pos=0  realized=0 fees=0 net=0 unrealized=0
2026-04-29T12:16:13.671482253 SPREAD AAL NASDAQ  [11.26]  11.28x12600 | 11.29x19300  [11.29]  ema=11.28226  pos=-100  realized=0 fees=0.063037 net=-0.063037 unrealized=-0.5
2026-04-29T12:16:13.671490628 SPREAD MARA NASDAQ  [0]  10.34x5900 | 10.35x5100  [10.38]  ema=10.351445  pos=0  realized=0 fees=0 net=0 unrealized=0
2026-04-29T12:16:13.671495728 SPREAD IREN NASDAQ  [42.52]  42.64x100 | 42.66x200  [42.72]  ema=42.656935  pos=-651  realized=-14.5598 fees=0.168341 net=-14.728141 unrealized=-39.131688
2026-04-29T12:16:13.671503403 SPREAD VISN NASDAQ  [10.51]  10.54x700 | 10.55x700  [0]  ema=10.541441  pos=0  realized=0 fees=0 net=0 unrealized=0
2026-04-29T12:16:13.671513104 SPREAD BBIO NASDAQ  [0]  70.52x100 | 70.64x100  [0]  ema=70.576452  pos=0  realized=0 fees=0 net=0 unrealized=0
2026-04-29T12:16:13.671519612 SPREAD CORZ NASDAQ  [19.66]  19.67x200 | 19.68x900  [19.73]  ema=19.680116  pos=-200  realized=0 fees=0 net=0 unrealized=1.6
2026-04-29T12:16:13.919242625 CORZ replacing buy order: 19.66 -> 19.64 (pos=-200 spread=0.01 bid=19.67x300 ask=19.68x800)
2026-04-29T12:16:13.930830866 CORZ replacing sell order: 19.73 -> 19.71 (pos=-200 spread=0.01 bid=19.67x300 ask=19.68x800)
2026-04-29T12:16:13.944925652 CORZ order replaced: replaced buy 100 @ 19.66 pos=0 filled=0/100
2026-04-29T12:16:13.960141739 CORZ order replaced: replaced sell 100 @ 19.73 pos=0 filled=0/100
2026-04-29T12:16:16.533472658 AAL order fill: filled sell 100 @ 11.29 pos=-200 filled=100/100
2026-04-29T12:16:16.533500432 AAL filled -100 @ 11.29 | pos=-200 | fill_pnl=0 | fee=0.063057 | realized=0 | total_pnl=-12.0598 | total_fees=0.739878 | fills=11 shares=900 | greed=0/0
2026-04-29T12:16:16.543805991 AAL replacing buy order: 11.26 -> 11.24 (pos=-200 spread=0.01 bid=11.28x10100 ask=11.29x17700)
2026-04-29T12:16:16.556492080 AAL placed sell 100 @ 11.36 -> NASDAQ (pos=-200 spread=0.01 bid=11.28x10100 ask=11.29x17700)
2026-04-29T12:16:16.568004348 AAL order pending_new: pending_new sell 100 @ 11.36 pos=0 filled=0/100
2026-04-29T12:16:16.568019448 AAL order replaced: replaced buy 100 @ 11.26 pos=0 filled=0/100
2026-04-29T12:16:16.582769848 AAL order new: new sell 100 @ 11.36 pos=0 filled=0/100
2026-04-29T12:16:17.987954102 AAL replacing buy order: 11.24 -> 11.27 (pos=-200 spread=0.01 bid=11.28x18600 ask=11.29x8600)
2026-04-29T12:16:18.009294088 AAL replacing sell order: 11.36 -> 11.3 (pos=-200 spread=0.01 bid=11.28x18600 ask=11.29x8600)
2026-04-29T12:16:18.022313581 AAL order replaced: replaced buy 100 @ 11.24 pos=0 filled=0/100
2026-04-29T12:16:18.036118778 AAL order replaced: replaced sell 100 @ 11.36 pos=0 filled=0/100
2026-04-29T12:16:18.190768736 IREN replacing buy order: 42.52 -> 42.56 (pos=-651 spread=0.01 bid=42.63x1000 ask=42.64x100)
2026-04-29T12:16:18.217024243 IREN order replaced: replaced buy 100 @ 42.52 pos=0 filled=0/100
2026-04-29T12:16:18.672057916 BALANCE long=$0 (0) short=$33945 (3) expose=$-33945 | realize=-12.0598 fee=0.739878 net=-12.799678 unrealized=-25.766688 equity=-38.566366 liquidate=-43.821366 | fills=11 pending=7 | ofails=0/19
2026-04-29T12:16:18.672108220 SPREAD KO NYSE  [78.92]  78.95x1200 | 78.96x100  [0]  ema=78.953904  pos=0  realized=2.5 fees=0.445443 net=2.054557 unrealized=0
2026-04-29T12:16:18.672118851 SPREAD WBD NASDAQ  [0]  27.03x10200 | 27.04x6000  [27.05]  ema=27.028078  pos=0  realized=0 fees=0 net=0 unrealized=0
2026-04-29T12:16:18.672126997 SPREAD AAL NASDAQ  [11.27]  11.28x18600 | 11.29x8500  [11.3]  ema=11.284008  pos=-200  realized=0 fees=0.126094 net=-0.126094 unrealized=0
2026-04-29T12:16:18.672137572 SPREAD MARA NASDAQ  [0]  10.34x3100 | 10.35x10000  [10.38]  ema=10.349084  pos=0  realized=0 fees=0 net=0 unrealized=0
2026-04-29T12:16:18.672144538 SPREAD IREN NASDAQ  [42.56]  42.63x1000 | 42.64x200  [42.72]  ema=42.651029  pos=-651  realized=-14.5598 fees=0.168341 net=-14.728141 unrealized=-29.366688
2026-04-29T12:16:18.672154290 SPREAD VISN NASDAQ  [10.51]  10.54x700 | 10.55x500  [0]  ema=10.541696  pos=0  realized=0 fees=0 net=0 unrealized=0
2026-04-29T12:16:18.672165862 SPREAD BBIO NASDAQ  [0]  70.52x100 | 70.64x100  [0]  ema=70.576452  pos=0  realized=0 fees=0 net=0 unrealized=0
2026-04-29T12:16:18.672173033 SPREAD CORZ NASDAQ  [19.64]  19.66x1300 | 19.67x600  [19.71]  ema=19.672139  pos=-200  realized=0 fees=0 net=0 unrealized=3.6
2026-04-29T12:16:19.822298063 KO replacing buy order: 78.92 -> 78.94 (pos=0 spread=0.01 bid=78.95x1200 ask=78.96x100)
2026-04-29T12:16:19.849098064 KO order replaced: replaced buy 100 @ 78.92 pos=0 filled=0/100
2026-04-29T12:16:24.671185152 BALANCE long=$0 (0) short=$33929 (3) expose=$-33929 | realize=-12.0598 fee=0.739878 net=-12.799678 unrealized=-9.491688 equity=-22.291366 liquidate=-30.801366 | fills=11 pending=7 | ofails=0/19
2026-04-29T12:16:24.671243419 SPREAD KO NYSE  [78.94]  78.95x1200 | 78.96x200  [0]  ema=78.954088  pos=0  realized=2.5 fees=0.445443 net=2.054557 unrealized=0
2026-04-29T12:16:24.671275094 SPREAD WBD NASDAQ  [0]  27.03x10200 | 27.04x6500  [27.05]  ema=27.02898  pos=0  realized=0 fees=0 net=0 unrealized=0
2026-04-29T12:16:24.671285856 SPREAD AAL NASDAQ  [11.27]  11.28x17600 | 11.29x8600  [11.3]  ema=11.284237  pos=-200  realized=0 fees=0.126094 net=-0.126094 unrealized=0
2026-04-29T12:16:24.671310890 SPREAD MARA NASDAQ  [0]  10.33x5500 | 10.34x6900  [10.38]  ema=10.342172  pos=0  realized=0 fees=0 net=0 unrealized=0
2026-04-29T12:16:24.671321942 SPREAD IREN NASDAQ  [42.56]  42.6x600 | 42.62x200  [42.72]  ema=42.623862  pos=-651  realized=-14.5598 fees=0.168341 net=-14.728141 unrealized=-13.091688
2026-04-29T12:16:24.671331756 SPREAD VISN NASDAQ  [10.51]  10.54x700 | 10.55x300  [0]  ema=10.542153  pos=0  realized=0 fees=0 net=0 unrealized=0
2026-04-29T12:16:24.671338892 SPREAD BBIO NASDAQ  [0]  70.52x100 | 70.64x100  [0]  ema=70.576452  pos=0  realized=0 fees=0 net=0 unrealized=0
2026-04-29T12:16:24.671345788 SPREAD CORZ NASDAQ  [19.64]  19.66x300 | 19.67x1200  [19.71]  ema=19.667149  pos=-200  realized=0 fees=0 net=0 unrealized=3.6
2026-04-29T12:16:29.782288458 MARA replacing sell order: 10.38 -> 10.36 (pos=0 spread=0.01 bid=10.33x2800 ask=10.34x10700)
2026-04-29T12:16:29.807738974 IREN replacing sell order: 42.72 -> 42.68 (pos=-651 spread=0.01 bid=42.6x500 ask=42.61x300)
2026-04-29T12:16:29.810851447 IREN replacing buy order: 42.56 -> 42.52 (pos=-651 spread=0.01 bid=42.6x500 ask=42.61x300)
2026-04-29T12:16:29.821251955 MARA order replaced: replaced sell 100 @ 10.38 pos=0 filled=0/100
2026-04-29T12:16:29.834365356 IREN order replaced: replaced sell 100 @ 42.72 pos=0 filled=0/100
2026-04-29T12:16:29.834389799 IREN order replaced: replaced buy 100 @ 42.56 pos=0 filled=0/100
2026-04-29T12:16:30.671489862 BALANCE long=$0 (0) short=$33926 (3) expose=$-33926 | realize=-12.0598 fee=0.739878 net=-12.799678 unrealized=-6.236688 equity=-19.036366 liquidate=-24.291366 | fills=11 pending=7 | ofails=0/19
2026-04-29T12:16:30.671541449 SPREAD KO NYSE  [78.94]  78.95x1500 | 78.96x300  [0]  ema=78.954146  pos=0  realized=2.5 fees=0.445443 net=2.054557 unrealized=0
2026-04-29T12:16:30.671551880 SPREAD WBD NASDAQ  [0]  27.03x10200 | 27.04x6500  [27.05]  ema=27.02898  pos=0  realized=0 fees=0 net=0 unrealized=0
2026-04-29T12:16:30.671557669 SPREAD AAL NASDAQ  [11.27]  11.28x20200 | 11.29x8400  [11.3]  ema=11.284425  pos=-200  realized=0 fees=0.126094 net=-0.126094 unrealized=0
2026-04-29T12:16:30.671563080 SPREAD MARA NASDAQ  [0]  10.33x1900 | 10.34x10800  [10.36]  ema=10.338745  pos=0  realized=0 fees=0 net=0 unrealized=0
2026-04-29T12:16:30.671571692 SPREAD IREN NASDAQ  [42.52]  42.6x500 | 42.61x200  [42.68]  ema=42.6192  pos=-651  realized=-14.5598 fees=0.168341 net=-14.728141 unrealized=-9.836688
2026-04-29T12:16:30.671576370 SPREAD VISN NASDAQ  [10.51]  10.54x800 | 10.55x400  [0]  ema=10.542291  pos=0  realized=0 fees=0 net=0 unrealized=0
2026-04-29T12:16:30.671583455 SPREAD BBIO NASDAQ  [0]  70.52x100 | 70.64x100  [0]  ema=70.576452  pos=0  realized=0 fees=0 net=0 unrealized=0
2026-04-29T12:16:30.671595008 SPREAD CORZ NASDAQ  [19.64]  19.66x200 | 19.67x1000  [19.71]  ema=19.666235  pos=-200  realized=0 fees=0 net=0 unrealized=3.6
2026-04-29T12:16:34.604310697 IREN replacing buy order: 42.52 -> 42.57 (pos=-651 spread=0.02 bid=42.6x600 ask=42.62x200)
2026-04-29T12:16:34.616103784 IREN replacing sell order: 42.68 -> 42.64 (pos=-651 spread=0.02 bid=42.6x600 ask=42.62x200)
2026-04-29T12:16:34.630239799 IREN order replaced: replaced buy 100 @ 42.52 pos=0 filled=0/100
2026-04-29T12:16:34.643412842 IREN order replaced: replaced sell 100 @ 42.68 pos=0 filled=0/100
2026-04-29T12:16:36.671862982 BALANCE long=$0 (0) short=$33929 (3) expose=$-33929 | realize=-12.0598 fee=0.739878 net=-12.799678 unrealized=-9.491688 equity=-22.291366 liquidate=-30.801366 | fills=11 pending=7 | ofails=0/19
2026-04-29T12:16:36.671938110 SPREAD KO NYSE  [78.94]  78.95x900 | 78.96x300  [0]  ema=78.954326  pos=0  realized=2.5 fees=0.445443 net=2.054557 unrealized=0
2026-04-29T12:16:36.671949360 SPREAD WBD NASDAQ  [0]  27.03x10200 | 27.04x5900  [27.05]  ema=27.029696  pos=0  realized=0 fees=0 net=0 unrealized=0
2026-04-29T12:16:36.671956936 SPREAD AAL NASDAQ  [11.27]  11.28x21200 | 11.29x5500  [11.3]  ema=11.284584  pos=-200  realized=0 fees=0.126094 net=-0.126094 unrealized=0
2026-04-29T12:16:36.671980851 SPREAD MARA NASDAQ  [0]  10.33x3000 | 10.34x9900  [10.36]  ema=10.337199  pos=0  realized=0 fees=0 net=0 unrealized=0
2026-04-29T12:16:36.671989878 SPREAD IREN NASDAQ  [42.57]  42.6x500 | 42.62x300  [42.64]  ema=42.607953  pos=-651  realized=-14.5598 fees=0.168341 net=-14.728141 unrealized=-13.091688
2026-04-29T12:16:36.671996415 SPREAD VISN NASDAQ  [10.51]  10.55x1700 | 10.56x400  [0]  ema=10.546406  pos=0  realized=0 fees=0 net=0 unrealized=0
2026-04-29T12:16:36.672001720 SPREAD BBIO NASDAQ  [0]  70.52x200 | 70.64x100  [0]  ema=70.576562  pos=0  realized=0 fees=0 net=0 unrealized=0
2026-04-29T12:16:36.672009531 SPREAD CORZ NASDAQ  [19.64]  19.66x200 | 19.67x1000  [19.71]  ema=19.665692  pos=-200  realized=0 fees=0 net=0 unrealized=3.6
2026-04-29T12:16:42.671936321 BALANCE long=$0 (0) short=$33929 (3) expose=$-33929 | realize=-12.0598 fee=0.739878 net=-12.799678 unrealized=-9.491688 equity=-22.291366 liquidate=-30.801366 | fills=11 pending=7 | ofails=0/19
2026-04-29T12:16:42.671998017 SPREAD KO NYSE  [78.94]  78.95x300 | 78.96x700  [0]  ema=78.954644  pos=0  realized=2.5 fees=0.445443 net=2.054557 unrealized=0
2026-04-29T12:16:42.672011036 SPREAD WBD NASDAQ  [0]  27.03x10200 | 27.04x5900  [27.05]  ema=27.029696  pos=0  realized=0 fees=0 net=0 unrealized=0
2026-04-29T12:16:42.672018132 SPREAD AAL NASDAQ  [11.27]  11.28x16200 | 11.29x8200  [11.3]  ema=11.284717  pos=-200  realized=0 fees=0.126094 net=-0.126094 unrealized=0
2026-04-29T12:16:42.672028179 SPREAD MARA NASDAQ  [0]  10.33x3300 | 10.34x9900  [10.36]  ema=10.336656  pos=0  realized=0 fees=0 net=0 unrealized=0
2026-04-29T12:16:42.672038293 SPREAD IREN NASDAQ  [42.57]  42.6x500 | 42.62x300  [42.64]  ema=42.608542  pos=-651  realized=-14.5598 fees=0.168341 net=-14.728141 unrealized=-13.091688
2026-04-29T12:16:42.672045234 SPREAD VISN NASDAQ  [10.51]  10.55x2000 | 10.56x500  [0]  ema=10.547427  pos=0  realized=0 fees=0 net=0 unrealized=0
2026-04-29T12:16:42.672051295 SPREAD BBIO NASDAQ  [0]  70.52x200 | 70.64x100  [0]  ema=70.576562  pos=0  realized=0 fees=0 net=0 unrealized=0
2026-04-29T12:16:42.672062496 SPREAD CORZ NASDAQ  [19.64]  19.66x600 | 19.67x600  [19.71]  ema=19.665474  pos=-200  realized=0 fees=0 net=0 unrealized=3.6
2026-04-29T12:16:48.671467227 BALANCE long=$0 (0) short=$33936 (3) expose=$-33936 | realize=-12.0598 fee=0.739878 net=-12.799678 unrealized=-16.746688 equity=-29.546366 liquidate=-34.801366 | fills=11 pending=7 | ofails=0/19
2026-04-29T12:16:48.671535245 SPREAD KO NYSE  [78.94]  78.95x400 | 78.96x600  [0]  ema=78.95472  pos=0  realized=2.5 fees=0.445443 net=2.054557 unrealized=0
2026-04-29T12:16:48.671547438 SPREAD WBD NASDAQ  [0]  27.03x10300 | 27.04x5900  [27.05]  ema=27.029894  pos=0  realized=0 fees=0 net=0 unrealized=0
2026-04-29T12:16:48.671557925 SPREAD AAL NASDAQ  [11.27]  11.28x16300 | 11.29x7600  [11.3]  ema=11.28478  pos=-200  realized=0 fees=0.126094 net=-0.126094 unrealized=0
2026-04-29T12:16:48.671564980 SPREAD MARA NASDAQ  [0]  10.33x3300 | 10.34x9500  [10.36]  ema=10.335772  pos=0  realized=0 fees=0 net=0 unrealized=0
2026-04-29T12:16:48.671574535 SPREAD IREN NASDAQ  [42.57]  42.61x200 | 42.62x200  [42.64]  ema=42.609922  pos=-651  realized=-14.5598 fees=0.168341 net=-14.728141 unrealized=-16.346688
2026-04-29T12:16:48.671581465 SPREAD VISN NASDAQ  [10.51]  10.55x2100 | 10.56x300  [0]  ema=10.54841  pos=0  realized=0 fees=0 net=0 unrealized=0
2026-04-29T12:16:48.671592133 SPREAD BBIO NASDAQ  [0]  70.53x100 | 70.64x100  [0]  ema=70.577286  pos=0  realized=0 fees=0 net=0 unrealized=0
2026-04-29T12:16:48.671602745 SPREAD CORZ NASDAQ  [19.64]  19.68x1500 | 19.69x400  [19.71]  ema=19.678125  pos=-200  realized=0 fees=0 net=0 unrealized=-0.4
2026-04-29T12:16:53.114786834 IREN order fill: filled sell 100 @ 42.64 pos=-751 filled=100/100
2026-04-29T12:16:53.114825241 IREN filled -100 @ 42.64 | pos=-751 | fill_pnl=0 | fee=0.127638 | realized=-14.5598 | total_pnl=-12.0598 | total_fees=0.867516 | fills=12 shares=1000 | greed=0/0
2026-04-29T12:16:53.672053114 BALANCE long=$0 (0) short=$38220 (3) expose=$-38220 | realize=-12.0598 fee=0.867516 net=-12.927316 unrealized=-36.776688 equity=-49.704004 liquidate=-55.459004 | fills=12 pending=7 | ofails=0/19
2026-04-29T12:16:53.672114561 SPREAD KO NYSE  [78.94]  78.95x800 | 78.96x300  [0]  ema=78.954736  pos=0  realized=2.5 fees=0.445443 net=2.054557 unrealized=0
2026-04-29T12:16:53.672134249 SPREAD WBD NASDAQ  [0]  27.03x10300 | 27.04x5900  [27.05]  ema=27.029894  pos=0  realized=0 fees=0 net=0 unrealized=0
2026-04-29T12:16:53.672143972 SPREAD AAL NASDAQ  [11.27]  11.28x16100 | 11.29x6200  [11.3]  ema=11.284822  pos=-200  realized=0 fees=0.126094 net=-0.126094 unrealized=0
2026-04-29T12:16:53.672149625 SPREAD MARA NASDAQ  [0]  10.33x3300 | 10.34x9300  [10.36]  ema=10.335694  pos=0  realized=0 fees=0 net=0 unrealized=0
2026-04-29T12:16:53.672157352 SPREAD IREN NASDAQ  [42.57]  42.64x200 | 42.65x100  [0]  ema=42.621667  pos=-751  realized=-14.5598 fees=0.295979 net=-14.855779 unrealized=-36.376688
2026-04-29T12:16:53.672163368 SPREAD VISN NASDAQ  [10.51]  10.55x2100 | 10.56x100  [0]  ema=10.549481  pos=0  realized=0 fees=0 net=0 unrealized=0
2026-04-29T12:16:53.672173946 SPREAD BBIO NASDAQ  [0]  70.53x100 | 70.64x100  [0]  ema=70.577286  pos=0  realized=0 fees=0 net=0 unrealized=0
2026-04-29T12:16:53.672184074 SPREAD CORZ NASDAQ  [19.64]  19.68x1300 | 19.69x100  [19.71]  ema=19.679643  pos=-200  realized=0 fees=0 net=0 unrealized=-0.4
2026-04-29T12:16:57.652836721 VISN replacing buy order: 10.51 -> 10.53 (pos=0 spread=0.01 bid=10.55x2000 ask=10.56x200)
2026-04-29T12:16:57.679091527 VISN order replaced: replaced buy 100 @ 10.51 pos=0 filled=0/100
2026-04-29T12:16:59.671506768 BALANCE long=$0 (0) short=$38222 (3) expose=$-38222 | realize=-12.0598 fee=0.867516 net=-12.927316 unrealized=-38.776688 equity=-51.704004 liquidate=-57.459004 | fills=12 pending=7 | ofails=0/19
2026-04-29T12:16:59.671558440 SPREAD KO NYSE  [78.94]  78.95x1100 | 78.96x500  [0]  ema=78.954846  pos=0  realized=2.5 fees=0.445443 net=2.054557 unrealized=0
2026-04-29T12:16:59.671571280 SPREAD WBD NASDAQ  [0]  27.03x10300 | 27.04x6000  [27.05]  ema=27.029958  pos=0  realized=0 fees=0 net=0 unrealized=0
2026-04-29T12:16:59.671578678 SPREAD AAL NASDAQ  [11.27]  11.28x16100 | 11.29x6100  [11.3]  ema=11.284844  pos=-200  realized=0 fees=0.126094 net=-0.126094 unrealized=0
2026-04-29T12:16:59.671588843 SPREAD MARA NASDAQ  [0]  10.33x3300 | 10.34x9900  [10.36]  ema=10.335384  pos=0  realized=0 fees=0 net=0 unrealized=0
2026-04-29T12:16:59.671596688 SPREAD IREN NASDAQ  [42.57]  42.64x100 | 42.65x100  [0]  ema=42.631566  pos=-751  realized=-14.5598 fees=0.295979 net=-14.855779 unrealized=-36.376688
2026-04-29T12:16:59.671606348 SPREAD VISN NASDAQ  [10.53]  10.55x2000 | 10.56x200  [0]  ema=10.550013  pos=0  realized=0 fees=0 net=0 unrealized=0
2026-04-29T12:16:59.671612300 SPREAD BBIO NASDAQ  [0]  70.53x100 | 70.64x100  [0]  ema=70.577286  pos=0  realized=0 fees=0 net=0 unrealized=0
2026-04-29T12:16:59.671624248 SPREAD CORZ NASDAQ  [19.64]  19.69x700 | 19.7x2300  [19.71]  ema=19.68842  pos=-200  realized=0 fees=0 net=0 unrealized=-2.4
2026-04-29T12:17:04.671795412 BALANCE long=$0 (0) short=$38207 (3) expose=$-38207 | realize=-12.0598 fee=0.867516 net=-12.927316 unrealized=-23.756688 equity=-36.684004 liquidate=-42.439004 | fills=12 pending=7 | ofails=0/19
2026-04-29T12:17:04.671906772 SPREAD KO NYSE  [78.94]  78.95x900 | 78.96x400  [0]  ema=78.954864  pos=0  realized=2.5 fees=0.445443 net=2.054557 unrealized=0
2026-04-29T12:17:04.671934328 SPREAD WBD NASDAQ  [0]  27.03x10300 | 27.04x6000  [27.05]  ema=27.029958  pos=0  realized=0 fees=0 net=0 unrealized=0
2026-04-29T12:17:04.671946056 SPREAD AAL NASDAQ  [11.27]  11.28x15900 | 11.29x9600  [11.3]  ema=11.284852  pos=-200  realized=0 fees=0.126094 net=-0.126094 unrealized=0
2026-04-29T12:17:04.671956546 SPREAD MARA NASDAQ  [0]  10.33x200 | 10.34x11800  [10.36]  ema=10.33528  pos=0  realized=0 fees=0 net=0 unrealized=0
2026-04-29T12:17:04.671967252 SPREAD IREN NASDAQ  [42.57]  42.62x100 | 42.63x300  [0]  ema=42.633427  pos=-751  realized=-14.5598 fees=0.295979 net=-14.855779 unrealized=-21.356688
2026-04-29T12:17:04.671988478 SPREAD VISN NASDAQ  [10.53]  10.54x600 | 10.55x300  [0]  ema=10.549746  pos=0  realized=0 fees=0 net=0 unrealized=0
2026-04-29T12:17:04.671997841 SPREAD BBIO NASDAQ  [0]  70.58x200 | 70.64x100  [0]  ema=70.579054  pos=0  realized=0 fees=0 net=0 unrealized=0
2026-04-29T12:17:04.672008538 SPREAD CORZ NASDAQ  [19.64]  19.69x2000 | 19.7x2300  [19.71]  ema=19.689829  pos=-200  realized=0 fees=0 net=0 unrealized=-2.4
2026-04-29T12:17:07.619598071 CORZ replacing sell order: 19.71 -> 19.73 (pos=-200 spread=0.01 bid=19.69x2000 ask=19.7x2600)
2026-04-29T12:17:07.621536521 CORZ replacing buy order: 19.64 -> 19.66 (pos=-200 spread=0.01 bid=19.69x2000 ask=19.7x2600)
2026-04-29T12:17:07.646374150 CORZ order replaced: replaced sell 100 @ 19.71 pos=0 filled=0/100
2026-04-29T12:17:07.646398278 CORZ order replaced: replaced buy 100 @ 19.64 pos=0 filled=0/100
2026-04-29T12:17:10.671622360 BALANCE long=$0 (0) short=$38222 (3) expose=$-38222 | realize=-12.0598 fee=0.867516 net=-12.927316 unrealized=-38.776688 equity=-51.704004 liquidate=-57.459004 | fills=12 pending=7 | ofails=0/19
2026-04-29T12:17:10.671664858 SPREAD KO NYSE  [78.94]  78.95x700 | 78.96x400  [0]  ema=78.95487  pos=0  realized=2.5 fees=0.445443 net=2.054557 unrealized=0
2026-04-29T12:17:10.671673908 SPREAD WBD NASDAQ  [0]  27.03x10300 | 27.04x6000  [27.05]  ema=27.029958  pos=0  realized=0 fees=0 net=0 unrealized=0
2026-04-29T12:17:10.671687453 SPREAD AAL NASDAQ  [11.27]  11.28x15900 | 11.29x15600  [11.3]  ema=11.284866  pos=-200  realized=0 fees=0.126094 net=-0.126094 unrealized=0
2026-04-29T12:17:10.671702120 SPREAD MARA NASDAQ  [0]  10.33x3100 | 10.34x10000  [10.36]  ema=10.335224  pos=0  realized=0 fees=0 net=0 unrealized=0
2026-04-29T12:17:10.671712706 SPREAD IREN NASDAQ  [42.57]  42.64x100 | 42.65x200  [0]  ema=42.631743  pos=-751  realized=-14.5598 fees=0.295979 net=-14.855779 unrealized=-36.376688
2026-04-29T12:17:10.671721473 SPREAD VISN NASDAQ  [10.53]  10.54x700 | 10.55x300  [0]  ema=10.549454  pos=0  realized=0 fees=0 net=0 unrealized=0
2026-04-29T12:17:10.671734338 SPREAD BBIO NASDAQ  [0]  70.58x200 | 70.64x100  [0]  ema=70.579054  pos=0  realized=0 fees=0 net=0 unrealized=0
2026-04-29T12:17:10.671743643 SPREAD CORZ NASDAQ  [19.66]  19.69x2000 | 19.7x1800  [19.73]  ema=19.690445  pos=-200  realized=0 fees=0 net=0 unrealized=-2.4
2026-04-29T12:17:15.671904784 BALANCE long=$0 (0) short=$38207 (3) expose=$-38207 | realize=-12.0598 fee=0.867516 net=-12.927316 unrealized=-23.756688 equity=-36.684004 liquidate=-49.949004 | fills=12 pending=7 | ofails=0/19
2026-04-29T12:17:15.671970029 SPREAD KO NYSE  [78.94]  78.95x900 | 78.96x400  [0]  ema=78.954872  pos=0  realized=2.5 fees=0.445443 net=2.054557 unrealized=0
2026-04-29T12:17:15.671981298 SPREAD WBD NASDAQ  [0]  27.03x10300 | 27.04x6000  [27.05]  ema=27.029958  pos=0  realized=0 fees=0 net=0 unrealized=0
2026-04-29T12:17:15.671988649 SPREAD AAL NASDAQ  [11.27]  11.28x15900 | 11.29x15600  [11.3]  ema=11.284874  pos=-200  realized=0 fees=0.126094 net=-0.126094 unrealized=0
2026-04-29T12:17:15.671999044 SPREAD MARA NASDAQ  [0]  10.33x3100 | 10.34x9900  [10.36]  ema=10.335218  pos=0  realized=0 fees=0 net=0 unrealized=0
2026-04-29T12:17:15.672008799 SPREAD IREN NASDAQ  [42.57]  42.61x300 | 42.64x200  [0]  ema=42.626617  pos=-751  realized=-14.5598 fees=0.295979 net=-14.855779 unrealized=-21.356688
2026-04-29T12:17:15.672018611 SPREAD VISN NASDAQ  [10.53]  10.54x700 | 10.55x300  [0]  ema=10.549288  pos=0  realized=0 fees=0 net=0 unrealized=0
2026-04-29T12:17:15.672027734 SPREAD BBIO NASDAQ  [0]  70.58x200 | 70.64x100  [0]  ema=70.579054  pos=0  realized=0 fees=0 net=0 unrealized=0
2026-04-29T12:17:15.672037697 SPREAD CORZ NASDAQ  [19.66]  19.69x2000 | 19.7x1200  [19.73]  ema=19.691643  pos=-200  realized=0 fees=0 net=0 unrealized=-2.4
2026-04-29T12:17:21.671811640 BALANCE long=$0 (0) short=$38204 (3) expose=$-38204 | realize=-12.0598 fee=0.867516 net=-12.927316 unrealized=-20.001688 equity=-32.929004 liquidate=-42.439004 | fills=12 pending=7 | ofails=0/19
2026-04-29T12:17:21.671878872 SPREAD KO NYSE  [78.94]  78.98x800 | 78.99x200  [0]  ema=78.976528  pos=0  realized=2.5 fees=0.445443 net=2.054557 unrealized=0
2026-04-29T12:17:21.671890567 SPREAD WBD NASDAQ  [0]  27.03x10200 | 27.04x6000  [27.05]  ema=27.030022  pos=0  realized=0 fees=0 net=0 unrealized=0
2026-04-29T12:17:21.671898302 SPREAD AAL NASDAQ  [11.27]  11.28x13200 | 11.29x15700  [11.3]  ema=11.284888  pos=-200  realized=0 fees=0.126094 net=-0.126094 unrealized=0
2026-04-29T12:17:21.671907734 SPREAD MARA NASDAQ  [0]  10.33x4500 | 10.34x9900  [10.36]  ema=10.335158  pos=0  realized=0 fees=0 net=0 unrealized=0
2026-04-29T12:17:21.671915402 SPREAD IREN NASDAQ  [42.57]  42.61x300 | 42.63x200  [0]  ema=42.625336  pos=-751  realized=-14.5598 fees=0.295979 net=-14.855779 unrealized=-17.601688
2026-04-29T12:17:21.671921854 SPREAD VISN NASDAQ  [10.53]  10.54x1100 | 10.55x600  [0]  ema=10.548411  pos=0  realized=0 fees=0 net=0 unrealized=0
2026-04-29T12:17:21.671935997 SPREAD BBIO NASDAQ  [0]  70.58x100 | 70.64x100  [0]  ema=70.581375  pos=0  realized=0 fees=0 net=0 unrealized=0
2026-04-29T12:17:21.671947337 SPREAD CORZ NASDAQ  [19.66]  19.69x2000 | 19.7x1100  [19.73]  ema=19.692005  pos=-200  realized=0 fees=0 net=0 unrealized=-2.4
2026-04-29T12:17:27.672044025 BALANCE long=$0 (0) short=$38202 (3) expose=$-38202 | realize=-12.0598 fee=0.867516 net=-12.927316 unrealized=-18.001688 equity=-30.929004 liquidate=-40.439004 | fills=12 pending=7 | ofails=0/19
2026-04-29T12:17:27.672095730 SPREAD KO NYSE  [78.94]  78.98x600 | 78.99x700  [0]  ema=78.979031  pos=0  realized=2.5 fees=0.445443 net=2.054557 unrealized=0
2026-04-29T12:17:27.672104953 SPREAD WBD NASDAQ  [0]  27.03x10200 | 27.04x6000  [27.05]  ema=27.030022  pos=0  realized=0 fees=0 net=0 unrealized=0
2026-04-29T12:17:27.672114021 SPREAD AAL NASDAQ  [11.27]  11.28x15800 | 11.29x15700  [11.3]  ema=11.28489  pos=-200  realized=0 fees=0.126094 net=-0.126094 unrealized=0
2026-04-29T12:17:27.672124867 SPREAD MARA NASDAQ  [0]  10.33x4500 | 10.34x10000  [10.36]  ema=10.335155  pos=0  realized=0 fees=0 net=0 unrealized=0
2026-04-29T12:17:27.672131887 SPREAD IREN NASDAQ  [42.57]  42.61x300 | 42.63x200  [0]  ema=42.624201  pos=-751  realized=-14.5598 fees=0.295979 net=-14.855779 unrealized=-17.601688
2026-04-29T12:17:27.672138773 SPREAD VISN NASDAQ  [10.53]  10.54x1100 | 10.55x700  [0]  ema=10.548368  pos=0  realized=0 fees=0 net=0 unrealized=0
2026-04-29T12:17:27.672145257 SPREAD BBIO NASDAQ  [0]  70.58x100 | 70.64x100  [0]  ema=70.581375  pos=0  realized=0 fees=0 net=0 unrealized=0
2026-04-29T12:17:27.672153064 SPREAD CORZ NASDAQ  [19.66]  19.68x1100 | 19.69x1700  [19.73]  ema=19.688389  pos=-200  realized=0 fees=0 net=0 unrealized=-0.4
2026-04-29T12:17:33.671612317 BALANCE long=$0 (0) short=$38200 (3) expose=$-38200 | realize=-12.0598 fee=0.867516 net=-12.927316 unrealized=-16.001688 equity=-28.929004 liquidate=-38.439004 | fills=12 pending=7 | ofails=0/19
2026-04-29T12:17:33.671669809 SPREAD KO NYSE  [78.94]  78.98x900 | 78.99x200  [0]  ema=78.985701  pos=0  realized=2.5 fees=0.445443 net=2.054557 unrealized=0
2026-04-29T12:17:33.671681365 SPREAD WBD NASDAQ  [0]  27.03x10200 | 27.04x6000  [27.05]  ema=27.030022  pos=0  realized=0 fees=0 net=0 unrealized=0
2026-04-29T12:17:33.671689060 SPREAD AAL NASDAQ  [11.27]  11.28x10800 | 11.29x19700  [11.3]  ema=11.284907  pos=-200  realized=0 fees=0.126094 net=-0.126094 unrealized=0
2026-04-29T12:17:33.671699180 SPREAD MARA NASDAQ  [0]  10.33x4900 | 10.34x10000  [10.36]  ema=10.335138  pos=0  realized=0 fees=0 net=0 unrealized=0
2026-04-29T12:17:33.671710776 SPREAD IREN NASDAQ  [42.57]  42.61x100 | 42.63x200  [0]  ema=42.61303  pos=-751  realized=-14.5598 fees=0.295979 net=-14.855779 unrealized=-17.601688
2026-04-29T12:17:33.671719299 SPREAD VISN NASDAQ  [10.53]  10.54x1100 | 10.55x600  [0]  ema=10.548325  pos=0  realized=0 fees=0 net=0 unrealized=0
2026-04-29T12:17:33.671729369 SPREAD BBIO NASDAQ  [0]  70.58x100 | 70.64x100  [0]  ema=70.581375  pos=0  realized=0 fees=0 net=0 unrealized=0
2026-04-29T12:17:33.671755509 SPREAD CORZ NASDAQ  [19.66]  19.67x1100 | 19.68x900  [19.73]  ema=19.681851  pos=-200  realized=0 fees=0 net=0 unrealized=1.6
2026-04-29T12:17:39.671270389 BALANCE long=$0 (0) short=$38196 (3) expose=$-38196 | realize=-12.0598 fee=0.867516 net=-12.927316 unrealized=-12.246688 equity=-25.174004 liquidate=-30.929004 | fills=12 pending=7 | ofails=0/19
2026-04-29T12:17:39.671338977 SPREAD KO NYSE  [78.94]  78.98x1100 | 78.99x600  [0]  ema=78.986868  pos=0  realized=2.5 fees=0.445443 net=2.054557 unrealized=0
2026-04-29T12:17:39.671350293 SPREAD WBD NASDAQ  [0]  27.03x10200 | 27.04x6000  [27.05]  ema=27.030022  pos=0  realized=0 fees=0 net=0 unrealized=0
2026-04-29T12:17:39.671358004 SPREAD AAL NASDAQ  [11.27]  11.28x13600 | 11.29x15700  [11.3]  ema=11.28492  pos=-200  realized=0 fees=0.126094 net=-0.126094 unrealized=0
2026-04-29T12:17:39.671373541 SPREAD MARA NASDAQ  [0]  10.33x2900 | 10.34x9500  [10.36]  ema=10.335081  pos=0  realized=0 fees=0 net=0 unrealized=0
2026-04-29T12:17:39.671382402 SPREAD IREN NASDAQ  [42.57]  42.61x600 | 42.62x100  [0]  ema=42.618505  pos=-751  realized=-14.5598 fees=0.295979 net=-14.855779 unrealized=-13.846688
2026-04-29T12:17:39.671388941 SPREAD VISN NASDAQ  [10.53]  10.54x1100 | 10.55x600  [0]  ema=10.54816  pos=0  realized=0 fees=0 net=0 unrealized=0
2026-04-29T12:17:39.671398216 SPREAD BBIO NASDAQ  [0]  70.58x200 | 70.64x100  [0]  ema=70.582073  pos=0  realized=0 fees=0 net=0 unrealized=0
2026-04-29T12:17:39.671408940 SPREAD CORZ NASDAQ  [19.66]  19.67x900 | 19.68x300  [19.73]  ema=19.680076  pos=-200  realized=0 fees=0 net=0 unrealized=1.6
2026-04-29T12:17:40.007916748 CORZ replacing buy order: 19.66 -> 19.64 (pos=-200 spread=0.01 bid=19.67x900 ask=19.68x500)
2026-04-29T12:17:40.020657237 CORZ replacing sell order: 19.73 -> 19.71 (pos=-200 spread=0.01 bid=19.67x900 ask=19.68x500)
2026-04-29T12:17:40.033762229 CORZ order replaced: replaced buy 100 @ 19.66 pos=0 filled=0/100
2026-04-29T12:17:40.045808076 CORZ order replaced: replaced sell 100 @ 19.73 pos=0 filled=0/100
2026-04-29T12:17:44.671520338 BALANCE long=$0 (0) short=$38215 (3) expose=$-38215 | realize=-12.0598 fee=0.867516 net=-12.927316 unrealized=-31.021688 equity=-43.949004 liquidate=-53.459004 | fills=12 pending=7 | ofails=0/19
2026-04-29T12:17:44.671572635 SPREAD KO NYSE  [78.94]  78.99x200 | 79x2700  [0]  ema=78.989039  pos=0  realized=2.5 fees=0.445443 net=2.054557 unrealized=0
2026-04-29T12:17:44.671583611 SPREAD WBD NASDAQ  [0]  27.03x10200 | 27.04x6000  [27.05]  ema=27.030022  pos=0  realized=0 fees=0 net=0 unrealized=0
2026-04-29T12:17:44.671591595 SPREAD AAL NASDAQ  [11.27]  11.28x10800 | 11.29x15400  [11.3]  ema=11.28492  pos=-200  realized=0 fees=0.126094 net=-0.126094 unrealized=0
2026-04-29T12:17:44.671601274 SPREAD MARA NASDAQ  [0]  10.33x4400 | 10.34x9200  [10.36]  ema=10.33508  pos=0  realized=0 fees=0 net=0 unrealized=0
2026-04-29T12:17:44.671609271 SPREAD IREN NASDAQ  [42.57]  42.63x100 | 42.65x300  [0]  ema=42.623575  pos=-751  realized=-14.5598 fees=0.295979 net=-14.855779 unrealized=-32.621688
2026-04-29T12:17:44.671618758 SPREAD VISN NASDAQ  [10.53]  10.54x1200 | 10.55x600  [0]  ema=10.54812  pos=0  realized=0 fees=0 net=0 unrealized=0
2026-04-29T12:17:44.671624112 SPREAD BBIO NASDAQ  [0]  70.58x200 | 70.64x100  [0]  ema=70.582073  pos=0  realized=0 fees=0 net=0 unrealized=0
2026-04-29T12:17:44.671630822 SPREAD CORZ NASDAQ  [19.64]  19.67x800 | 19.68x1700  [19.71]  ema=19.679056  pos=-200  realized=0 fees=0 net=0 unrealized=1.6
2026-04-29T12:17:50.671889646 BALANCE long=$0 (0) short=$38215 (3) expose=$-38215 | realize=-12.0598 fee=0.867516 net=-12.927316 unrealized=-31.021688 equity=-43.949004 liquidate=-53.459004 | fills=12 pending=7 | ofails=0/19
2026-04-29T12:17:50.671963619 SPREAD KO NYSE  [78.94]  78.99x200 | 79x2500  [0]  ema=78.990008  pos=0  realized=2.5 fees=0.445443 net=2.054557 unrealized=0
2026-04-29T12:17:50.671975594 SPREAD WBD NASDAQ  [0]  27.03x10200 | 27.04x6000  [27.05]  ema=27.030022  pos=0  realized=0 fees=0 net=0 unrealized=0
2026-04-29T12:17:50.671983356 SPREAD AAL NASDAQ  [11.27]  11.28x11000 | 11.29x15400  [11.3]  ema=11.28492  pos=-200  realized=0 fees=0.126094 net=-0.126094 unrealized=0
2026-04-29T12:17:50.672008426 SPREAD MARA NASDAQ  [0]  10.33x2900 | 10.34x8000  [10.36]  ema=10.33508  pos=0  realized=0 fees=0 net=0 unrealized=0
2026-04-29T12:17:50.672018769 SPREAD IREN NASDAQ  [42.57]  42.63x300 | 42.65x400  [0]  ema=42.627389  pos=-751  realized=-14.5598 fees=0.295979 net=-14.855779 unrealized=-32.621688
2026-04-29T12:17:50.672025347 SPREAD VISN NASDAQ  [10.53]  10.54x1200 | 10.55x400  [0]  ema=10.547745  pos=0  realized=0 fees=0 net=0 unrealized=0
2026-04-29T12:17:50.672034011 SPREAD BBIO NASDAQ  [0]  70.58x200 | 70.64x100  [0]  ema=70.582073  pos=0  realized=0 fees=0 net=0 unrealized=0
2026-04-29T12:17:50.672043236 SPREAD CORZ NASDAQ  [19.64]  19.67x1200 | 19.68x1700  [19.71]  ema=19.678365  pos=-200  realized=0 fees=0 net=0 unrealized=1.6
2026-04-29T12:17:56.671835945 BALANCE long=$0 (0) short=$38220 (3) expose=$-38220 | realize=-12.0598 fee=0.867516 net=-12.927316 unrealized=-36.776688 equity=-49.704004 liquidate=-55.459004 | fills=12 pending=7 | ofails=0/19
2026-04-29T12:17:56.671891929 SPREAD KO NYSE  [78.94]  78.99x1200 | 79x2700  [0]  ema=78.99049  pos=0  realized=2.5 fees=0.445443 net=2.054557 unrealized=0
2026-04-29T12:17:56.671906023 SPREAD WBD NASDAQ  [0]  27.03x10200 | 27.04x6000  [27.05]  ema=27.030022  pos=0  realized=0 fees=0 net=0 unrealized=0
2026-04-29T12:17:56.671913551 SPREAD AAL NASDAQ  [11.27]  11.28x11200 | 11.29x9500  [11.3]  ema=11.28492  pos=-200  realized=0 fees=0.126094 net=-0.126094 unrealized=0
2026-04-29T12:17:56.671923357 SPREAD MARA NASDAQ  [0]  10.33x2900 | 10.34x9500  [10.36]  ema=10.33508  pos=0  realized=0 fees=0 net=0 unrealized=0
2026-04-29T12:17:56.671934171 SPREAD IREN NASDAQ  [42.57]  42.64x300 | 42.65x200  [0]  ema=42.634396  pos=-751  realized=-14.5598 fees=0.295979 net=-14.855779 unrealized=-36.376688
2026-04-29T12:17:56.671940699 SPREAD VISN NASDAQ  [10.53]  10.54x1200 | 10.55x700  [0]  ema=10.547676  pos=0  realized=0 fees=0 net=0 unrealized=0
2026-04-29T12:17:56.671946665 SPREAD BBIO NASDAQ  [0]  70.58x100 | 70.64x100  [0]  ema=70.583977  pos=0  realized=0 fees=0 net=0 unrealized=0
2026-04-29T12:17:56.671956528 SPREAD CORZ NASDAQ  [19.64]  19.68x600 | 19.69x1700  [19.71]  ema=19.68159  pos=-200  realized=0 fees=0 net=0 unrealized=-0.4
2026-04-29T12:17:57.227843324 IREN replacing buy order: 42.57 -> 42.61 (pos=-751 spread=0.02 bid=42.65x200 ask=42.67x300)
2026-04-29T12:17:57.253931039 IREN order replaced: replaced buy 100 @ 42.57 pos=0 filled=0/100
2026-04-29T12:18:02.671481084 BALANCE long=$0 (0) short=$38237 (3) expose=$-38237 | realize=-12.0598 fee=0.867516 net=-12.927316 unrealized=-53.796688 equity=-66.724004 liquidate=-72.479004 | fills=12 pending=7 | ofails=0/19
2026-04-29T12:18:02.671550187 SPREAD KO NYSE  [78.94]  78.97x1100 | 78.98x300  [0]  ema=78.987005  pos=0  realized=2.5 fees=0.445443 net=2.054557 unrealized=0
2026-04-29T12:18:02.671559805 SPREAD WBD NASDAQ  [0]  27.03x10200 | 27.04x4500  [27.05]  ema=27.030085  pos=0  realized=0 fees=0 net=0 unrealized=0
2026-04-29T12:18:02.671566218 SPREAD AAL NASDAQ  [11.27]  11.28x14000 | 11.29x9300  [11.3]  ema=11.28492  pos=-200  realized=0 fees=0.126094 net=-0.126094 unrealized=0
2026-04-29T12:18:02.671572122 SPREAD MARA NASDAQ  [0]  10.33x4600 | 10.34x8000  [10.36]  ema=10.33508  pos=0  realized=0 fees=0 net=0 unrealized=0
2026-04-29T12:18:02.671578504 SPREAD IREN NASDAQ  [42.61]  42.66x200 | 42.67x100  [0]  ema=42.655097  pos=-751  realized=-14.5598 fees=0.295979 net=-14.855779 unrealized=-51.396688
2026-04-29T12:18:02.671585457 SPREAD VISN NASDAQ  [10.53]  10.54x1200 | 10.55x400  [0]  ema=10.547542  pos=0  realized=0 fees=0 net=0 unrealized=0
2026-04-29T12:18:02.671591564 SPREAD BBIO NASDAQ  [0]  70.58x100 | 70.71x200  [0]  ema=70.595909  pos=0  realized=0 fees=0 net=0 unrealized=0
2026-04-29T12:18:02.671603699 SPREAD CORZ NASDAQ  [19.64]  19.69x1300 | 19.7x200  [19.71]  ema=19.687893  pos=-200  realized=0 fees=0 net=0 unrealized=-2.4
2026-04-29T12:18:02.948643607 CORZ replacing sell order: 19.71 -> 19.73 (pos=-200 spread=0.01 bid=19.7x100 ask=19.71x1300)
2026-04-29T12:18:02.950893292 CORZ replacing buy order: 19.64 -> 19.66 (pos=-200 spread=0.01 bid=19.7x100 ask=19.71x1300)
2026-04-29T12:18:02.979057696 CORZ order replaced: replaced buy 100 @ 19.64 pos=0 filled=0/100
2026-04-29T12:18:02.979081820 CORZ order replaced: replaced sell 100 @ 19.71 pos=0 filled=0/100
2026-04-29T12:18:07.671895694 BALANCE long=$0 (0) short=$38245 (3) expose=$-38245 | realize=-12.0598 fee=0.867516 net=-12.927316 unrealized=-61.306688 equity=-74.234004 liquidate=-79.989004 | fills=12 pending=7 | ofails=0/19
2026-04-29T12:18:07.671943668 SPREAD KO NYSE  [78.94]  78.96x1000 | 78.97x400  [0]  ema=78.977867  pos=0  realized=2.5 fees=0.445443 net=2.054557 unrealized=0
2026-04-29T12:18:07.671953384 SPREAD WBD NASDAQ  [0]  27.03x12800 | 27.04x3100  [27.05]  ema=27.030988  pos=0  realized=0 fees=0 net=0 unrealized=0
2026-04-29T12:18:07.671961896 SPREAD AAL NASDAQ  [11.27]  11.28x11200 | 11.29x9300  [11.3]  ema=11.28492  pos=-200  realized=0 fees=0.126094 net=-0.126094 unrealized=0
2026-04-29T12:18:07.671972599 SPREAD MARA NASDAQ  [0]  10.34x1100 | 10.35x12600  [10.36]  ema=10.341136  pos=0  realized=0 fees=0 net=0 unrealized=0
2026-04-29T12:18:07.671978234 SPREAD IREN NASDAQ  [42.61]  42.67x200 | 42.68x200  [0]  ema=42.669424  pos=-751  realized=-14.5598 fees=0.295979 net=-14.855779 unrealized=-58.906688
2026-04-29T12:18:07.671984736 SPREAD VISN NASDAQ  [10.53]  10.54x1200 | 10.55x700  [0]  ema=10.547447  pos=0  realized=0 fees=0 net=0 unrealized=0
2026-04-29T12:18:07.671988961 SPREAD BBIO NASDAQ  [0]  70.59x100 | 70.73x600  [0]  ema=70.599661  pos=0  realized=0 fees=0 net=0 unrealized=0
2026-04-29T12:18:07.671994064 SPREAD CORZ NASDAQ  [19.66]  19.69x700 | 19.7x800  [19.73]  ema=19.692763  pos=-200  realized=0 fees=0 net=0 unrealized=-2.4
2026-04-29T12:18:12.671965433 BALANCE long=$0 (0) short=$38224 (3) expose=$-38224 | realize=-12.0598 fee=0.867516 net=-12.927316 unrealized=-40.531688 equity=-53.459004 liquidate=-62.969004 | fills=12 pending=7 | ofails=0/19
2026-04-29T12:18:12.672017486 SPREAD KO NYSE  [78.94]  78.97x1900 | 78.98x300  [0]  ema=78.976668  pos=0  realized=2.5 fees=0.445443 net=2.054557 unrealized=0
2026-04-29T12:18:12.672887597 SPREAD WBD NASDAQ  [0]  27.03x12900 | 27.04x3000  [27.05]  ema=27.032852  pos=0  realized=0 fees=0 net=0 unrealized=0
2026-04-29T12:18:12.672902005 SPREAD AAL NASDAQ  [11.27]  11.28x11100 | 11.29x10000  [11.3]  ema=11.28492  pos=-200  realized=0 fees=0.126094 net=-0.126094 unrealized=0
2026-04-29T12:18:12.672923372 SPREAD MARA NASDAQ  [0]  10.33x4600 | 10.34x7300  [10.36]  ema=10.340372  pos=0  realized=0 fees=0 net=0 unrealized=0
2026-04-29T12:18:12.672931523 SPREAD IREN NASDAQ  [42.61]  42.64x200 | 42.66x300  [0]  ema=42.65904  pos=-751  realized=-14.5598 fees=0.295979 net=-14.855779 unrealized=-40.131688
2026-04-29T12:18:12.672938779 SPREAD VISN NASDAQ  [10.53]  10.54x1200 | 10.55x700  [0]  ema=10.547385  pos=0  realized=0 fees=0 net=0 unrealized=0
2026-04-29T12:18:12.672948277 SPREAD BBIO NASDAQ  [0]  70.59x100 | 70.71x100  [0]  ema=70.601311  pos=0  realized=0 fees=0 net=0 unrealized=0
2026-04-29T12:18:12.672956110 SPREAD CORZ NASDAQ  [19.66]  19.68x1100 | 19.69x1300  [19.73]  ema=19.690714  pos=-200  realized=0 fees=0 net=0 unrealized=-0.4
2026-04-29T12:18:17.843642991 BBIO placed buy 100 @ 70.53 -> NASDAQ (pos=0 spread=0.1 bid=70.53x100 ask=70.63x100)
2026-04-29T12:18:17.849793106 BBIO order pending_new: pending_new buy 100 @ 70.53 pos=0 filled=0/100
2026-04-29T12:18:17.867832237 BBIO order new: new buy 100 @ 70.53 pos=0 filled=0/100
2026-04-29T12:18:18.671355496 BALANCE long=$0 (0) short=$38220 (3) expose=$-38220 | realize=-12.0598 fee=0.867516 net=-12.927316 unrealized=-36.776688 equity=-49.704004 liquidate=-62.969004 | fills=12 pending=8 | ofails=0/20
2026-04-29T12:18:18.671412041 SPREAD KO NYSE  [78.94]  78.98x100 | 78.99x1000  [0]  ema=78.980786  pos=0  realized=2.5 fees=0.445443 net=2.054557 unrealized=0
2026-04-29T12:18:18.671421955 SPREAD WBD NASDAQ  [0]  27.03x12900 | 27.04x3000  [27.05]  ema=27.032852  pos=0  realized=0 fees=0 net=0 unrealized=0
2026-04-29T12:18:18.671438726 SPREAD AAL NASDAQ  [11.27]  11.28x10900 | 11.29x10000  [11.3]  ema=11.28492  pos=-200  realized=0 fees=0.126094 net=-0.126094 unrealized=0
2026-04-29T12:18:18.671447015 SPREAD MARA NASDAQ  [0]  10.33x2700 | 10.34x6800  [10.36]  ema=10.33803  pos=0  realized=0 fees=0 net=0 unrealized=0
2026-04-29T12:18:18.671452167 SPREAD IREN NASDAQ  [42.61]  42.63x600 | 42.66x300  [0]  ema=42.651122  pos=-751  realized=-14.5598 fees=0.295979 net=-14.855779 unrealized=-36.376688
2026-04-29T12:18:18.671459538 SPREAD VISN NASDAQ  [10.53]  10.54x1200 | 10.55x700  [0]  ema=10.547325  pos=0  realized=0 fees=0 net=0 unrealized=0
2026-04-29T12:18:18.671465633 SPREAD BBIO NASDAQ  [70.53]  70.53x100 | 70.63x100  [0]  ema=70.605028  pos=0  realized=0 fees=0 net=0 unrealized=0
2026-04-29T12:18:18.671472607 SPREAD CORZ NASDAQ  [19.66]  19.68x500 | 19.69x800  [19.73]  ema=19.687878  pos=-200  realized=0 fees=0 net=0 unrealized=-0.4
2026-04-29T12:18:23.671356828 BALANCE long=$0 (0) short=$38217 (3) expose=$-38217 | realize=-12.0598 fee=0.867516 net=-12.927316 unrealized=-33.021688 equity=-45.949004 liquidate=-55.459004 | fills=12 pending=8 | ofails=0/20
2026-04-29T12:18:23.671407614 SPREAD KO NYSE  [78.94]  78.98x100 | 78.99x1200  [0]  ema=78.981371  pos=0  realized=2.5 fees=0.445443 net=2.054557 unrealized=0
2026-04-29T12:18:23.671419199 SPREAD WBD NASDAQ  [0]  27.03x12800 | 27.04x3000  [27.05]  ema=27.032879  pos=0  realized=0 fees=0 net=0 unrealized=0
2026-04-29T12:18:23.671432036 SPREAD AAL NASDAQ  [11.27]  11.28x10800 | 11.29x13000  [11.3]  ema=11.28492  pos=-200  realized=0 fees=0.126094 net=-0.126094 unrealized=0
2026-04-29T12:18:23.671441776 SPREAD MARA NASDAQ  [0]  10.33x5600 | 10.34x6800  [10.36]  ema=10.337014  pos=0  realized=0 fees=0 net=0 unrealized=0
2026-04-29T12:18:23.671449364 SPREAD IREN NASDAQ  [42.61]  42.63x200 | 42.65x100  [0]  ema=42.649541  pos=-751  realized=-14.5598 fees=0.295979 net=-14.855779 unrealized=-32.621688
2026-04-29T12:18:23.671458409 SPREAD VISN NASDAQ  [10.53]  10.54x1200 | 10.55x700  [0]  ema=10.547099  pos=0  realized=0 fees=0 net=0 unrealized=0
2026-04-29T12:18:23.671465568 SPREAD BBIO NASDAQ  [70.53]  70.56x100 | 70.75x100  [0]  ema=70.630713  pos=0  realized=0 fees=0 net=0 unrealized=0
2026-04-29T12:18:23.671475494 SPREAD CORZ NASDAQ  [19.66]  19.68x300 | 19.69x1500  [19.73]  ema=19.686516  pos=-200  realized=0 fees=0 net=0 unrealized=-0.4
2026-04-29T12:18:29.671035679 BALANCE long=$0 (0) short=$38213 (3) expose=$-38213 | realize=-12.0598 fee=0.867516 net=-12.927316 unrealized=-29.266688 equity=-42.194004 liquidate=-47.949004 | fills=12 pending=8 | ofails=0/20
2026-04-29T12:18:29.671098407 SPREAD KO NYSE  [78.94]  78.98x100 | 78.99x1000  [0]  ema=78.982532  pos=0  realized=2.5 fees=0.445443 net=2.054557 unrealized=0
2026-04-29T12:18:29.671109841 SPREAD WBD NASDAQ  [0]  27.03x13000 | 27.04x3000  [27.05]  ema=27.033036  pos=0  realized=0 fees=0 net=0 unrealized=0
2026-04-29T12:18:29.671124974 SPREAD AAL NASDAQ  [11.27]  11.28x10800 | 11.29x10000  [11.3]  ema=11.28492  pos=-200  realized=0 fees=0.126094 net=-0.126094 unrealized=0
2026-04-29T12:18:29.671149750 SPREAD MARA NASDAQ  [0]  10.33x5200 | 10.34x8000  [10.36]  ema=10.336538  pos=0  realized=0 fees=0 net=0 unrealized=0
2026-04-29T12:18:29.671160287 SPREAD IREN NASDAQ  [42.61]  42.63x300 | 42.64x100  [0]  ema=42.645055  pos=-751  realized=-14.5598 fees=0.295979 net=-14.855779 unrealized=-28.866688
2026-04-29T12:18:29.671168015 SPREAD VISN NASDAQ  [10.53]  10.54x1200 | 10.55x500  [0]  ema=10.546994  pos=0  realized=0 fees=0 net=0 unrealized=0
2026-04-29T12:18:29.671173840 SPREAD BBIO NASDAQ  [70.53]  70.56x100 | 70.75x100  [0]  ema=70.630713  pos=0  realized=0 fees=0 net=0 unrealized=0
2026-04-29T12:18:29.671185032 SPREAD CORZ NASDAQ  [19.66]  19.68x600 | 19.69x1200  [19.73]  ema=19.686068  pos=-200  realized=0 fees=0 net=0 unrealized=-0.4
2026-04-29T12:18:34.671995908 BALANCE long=$0 (0) short=$38237 (3) expose=$-38237 | realize=-12.0598 fee=0.867516 net=-12.927316 unrealized=-53.796688 equity=-66.724004 liquidate=-79.989004 | fills=12 pending=8 | ofails=0/20
2026-04-29T12:18:34.672840643 SPREAD KO NYSE  [78.94]  78.98x100 | 78.99x1100  [0]  ema=78.983435  pos=0  realized=2.5 fees=0.445443 net=2.054557 unrealized=0
2026-04-29T12:18:34.672859115 SPREAD WBD NASDAQ  [0]  27.03x13400 | 27.04x2200  [27.05]  ema=27.033182  pos=0  realized=0 fees=0 net=0 unrealized=0
2026-04-29T12:18:34.672885888 SPREAD AAL NASDAQ  [11.27]  11.28x13300 | 11.29x8300  [11.3]  ema=11.28492  pos=-200  realized=0 fees=0.126094 net=-0.126094 unrealized=0
2026-04-29T12:18:34.672897378 SPREAD MARA NASDAQ  [0]  10.33x5700 | 10.34x8000  [10.36]  ema=10.336412  pos=0  realized=0 fees=0 net=0 unrealized=0
2026-04-29T12:18:34.672903218 SPREAD IREN NASDAQ  [42.61]  42.65x800 | 42.68x300  [0]  ema=42.65155  pos=-751  realized=-14.5598 fees=0.295979 net=-14.855779 unrealized=-51.396688
2026-04-29T12:18:34.672914475 SPREAD VISN NASDAQ  [10.53]  10.54x1300 | 10.55x500  [0]  ema=10.546823  pos=0  realized=0 fees=0 net=0 unrealized=0
2026-04-29T12:18:34.672922891 SPREAD BBIO NASDAQ  [70.53]  70.57x200 | 70.75x100  [0]  ema=70.63238  pos=0  realized=0 fees=0 net=0 unrealized=0
2026-04-29T12:18:34.672927746 SPREAD CORZ NASDAQ  [19.66]  19.69x200 | 19.7x1300  [19.73]  ema=19.686412  pos=-200  realized=0 fees=0 net=0 unrealized=-2.4
2026-04-29T12:18:40.671983457 BALANCE long=$0 (0) short=$38228 (3) expose=$-38228 | realize=-12.0598 fee=0.867516 net=-12.927316 unrealized=-44.286688 equity=-57.214004 liquidate=-70.479004 | fills=12 pending=8 | ofails=0/20
2026-04-29T12:18:40.672048181 SPREAD KO NYSE  [78.94]  78.98x200 | 78.99x900  [0]  ema=78.983953  pos=0  realized=2.5 fees=0.445443 net=2.054557 unrealized=0
2026-04-29T12:18:40.672060009 SPREAD WBD NASDAQ  [0]  27.03x13400 | 27.04x2600  [27.05]  ema=27.033666  pos=0  realized=0 fees=0 net=0 unrealized=0
2026-04-29T12:18:40.672067639 SPREAD AAL NASDAQ  [11.27]  11.28x11200 | 11.29x8300  [11.3]  ema=11.28492  pos=-200  realized=0 fees=0.126094 net=-0.126094 unrealized=0
2026-04-29T12:18:40.672075762 SPREAD MARA NASDAQ  [0]  10.33x5200 | 10.34x8000  [10.36]  ema=10.336378  pos=0  realized=0 fees=0 net=0 unrealized=0
2026-04-29T12:18:40.672085658 SPREAD IREN NASDAQ  [42.61]  42.64x300 | 42.67x300  [0]  ema=42.653873  pos=-751  realized=-14.5598 fees=0.295979 net=-14.855779 unrealized=-43.886688
2026-04-29T12:18:40.672092178 SPREAD VISN NASDAQ  [10.53]  10.54x1300 | 10.55x600  [0]  ema=10.546754  pos=0  realized=0 fees=0 net=0 unrealized=0
2026-04-29T12:18:40.672098737 SPREAD BBIO NASDAQ  [70.53]  70.58x100 | 70.75x100  [0]  ema=70.633526  pos=0  realized=0 fees=0 net=0 unrealized=0
2026-04-29T12:18:40.672109717 SPREAD CORZ NASDAQ  [19.66]  19.68x1100 | 19.69x600  [19.73]  ema=19.688227  pos=-200  realized=0 fees=0 net=0 unrealized=-0.4
2026-04-29T12:18:46.671138385 BALANCE long=$0 (0) short=$38224 (3) expose=$-38224 | realize=-12.0598 fee=0.867516 net=-12.927316 unrealized=-40.531688 equity=-53.459004 liquidate=-62.969004 | fills=12 pending=8 | ofails=0/20
2026-04-29T12:18:46.671210553 SPREAD KO NYSE  [78.94]  78.98x900 | 78.99x400  [0]  ema=78.984137  pos=0  realized=2.5 fees=0.445443 net=2.054557 unrealized=0
2026-04-29T12:18:46.671221683 SPREAD WBD NASDAQ  [0]  27.03x17400 | 27.04x2200  [27.05]  ema=27.033844  pos=0  realized=0 fees=0 net=0 unrealized=0
2026-04-29T12:18:46.671229913 SPREAD AAL NASDAQ  [11.27]  11.28x11200 | 11.29x8100  [11.3]  ema=11.28492  pos=-200  realized=0 fees=0.126094 net=-0.126094 unrealized=0
2026-04-29T12:18:46.671239383 SPREAD MARA NASDAQ  [0]  10.33x1900 | 10.34x10900  [10.36]  ema=10.335596  pos=0  realized=0 fees=0 net=0 unrealized=0
2026-04-29T12:18:46.671247547 SPREAD IREN NASDAQ  [42.61]  42.64x100 | 42.66x300  [0]  ema=42.651386  pos=-751  realized=-14.5598 fees=0.295979 net=-14.855779 unrealized=-40.131688
2026-04-29T12:18:46.671257435 SPREAD VISN NASDAQ  [10.53]  10.54x1300 | 10.55x600  [0]  ema=10.546666  pos=0  realized=0 fees=0 net=0 unrealized=0
2026-04-29T12:18:46.671267473 SPREAD BBIO NASDAQ  [70.53]  70.58x100 | 70.75x100  [0]  ema=70.633526  pos=0  realized=0 fees=0 net=0 unrealized=0
2026-04-29T12:18:46.671283420 SPREAD CORZ NASDAQ  [19.66]  19.68x800 | 19.69x1300  [19.73]  ema=19.686961  pos=-200  realized=0 fees=0 net=0 unrealized=-0.4
2026-04-29T12:18:51.671700622 BALANCE long=$0 (0) short=$38224 (3) expose=$-38224 | realize=-12.0598 fee=0.867516 net=-12.927316 unrealized=-40.531688 equity=-53.459004 liquidate=-62.969004 | fills=12 pending=8 | ofails=0/20
2026-04-29T12:18:51.671761176 SPREAD KO NYSE  [78.94]  78.99x300 | 79x2500  [0]  ema=78.989639  pos=0  realized=2.5 fees=0.445443 net=2.054557 unrealized=0
2026-04-29T12:18:51.672516318 SPREAD WBD NASDAQ  [0]  27.03x17400 | 27.04x2400  [27.05]  ema=27.033945  pos=0  realized=0 fees=0 net=0 unrealized=0
2026-04-29T12:18:51.672529712 SPREAD AAL NASDAQ  [11.27]  11.28x14000 | 11.29x7700  [11.3]  ema=11.28492  pos=-200  realized=0 fees=0.126094 net=-0.126094 unrealized=0
2026-04-29T12:18:51.672537200 SPREAD MARA NASDAQ  [0]  10.33x3100 | 10.34x11500  [10.36]  ema=10.335542  pos=0  realized=0 fees=0 net=0 unrealized=0
2026-04-29T12:18:51.672546760 SPREAD IREN NASDAQ  [42.61]  42.64x200 | 42.66x300  [0]  ema=42.651338  pos=-751  realized=-14.5598 fees=0.295979 net=-14.855779 unrealized=-40.131688
2026-04-29T12:18:51.672556070 SPREAD VISN NASDAQ  [10.53]  10.54x1400 | 10.55x600  [0]  ema=10.546645  pos=0  realized=0 fees=0 net=0 unrealized=0
2026-04-29T12:18:51.672564855 SPREAD BBIO NASDAQ  [70.53]  70.58x100 | 70.75x100  [0]  ema=70.633526  pos=0  realized=0 fees=0 net=0 unrealized=0
2026-04-29T12:18:51.672574568 SPREAD CORZ NASDAQ  [19.66]  19.68x800 | 19.69x400  [19.73]  ema=19.686497  pos=-200  realized=0 fees=0 net=0 unrealized=-0.4
2026-04-29T12:18:57.671329490 BALANCE long=$0 (0) short=$38224 (3) expose=$-38224 | realize=-12.0598 fee=0.867516 net=-12.927316 unrealized=-40.531688 equity=-53.459004 liquidate=-62.969004 | fills=12 pending=8 | ofails=0/20
2026-04-29T12:18:57.671380254 SPREAD KO NYSE  [78.94]  78.99x300 | 79x2400  [0]  ema=78.990788  pos=0  realized=2.5 fees=0.445443 net=2.054557 unrealized=0
2026-04-29T12:18:57.671390952 SPREAD WBD NASDAQ  [0]  27.03x17400 | 27.04x2400  [27.05]  ema=27.033945  pos=0  realized=0 fees=0 net=0 unrealized=0
2026-04-29T12:18:57.671398547 SPREAD AAL NASDAQ  [11.27]  11.28x16700 | 11.29x5600  [11.3]  ema=11.28492  pos=-200  realized=0 fees=0.126094 net=-0.126094 unrealized=0
2026-04-29T12:18:57.671409043 SPREAD MARA NASDAQ  [0]  10.33x3300 | 10.34x11500  [10.36]  ema=10.335524  pos=0  realized=0 fees=0 net=0 unrealized=0
2026-04-29T12:18:57.671419313 SPREAD IREN NASDAQ  [42.61]  42.64x200 | 42.66x300  [0]  ema=42.651588  pos=-751  realized=-14.5598 fees=0.295979 net=-14.855779 unrealized=-40.131688
2026-04-29T12:18:57.671445950 SPREAD VISN NASDAQ  [10.53]  10.54x1400 | 10.55x800  [0]  ema=10.546522  pos=0  realized=0 fees=0 net=0 unrealized=0
2026-04-29T12:18:57.671452823 SPREAD BBIO NASDAQ  [70.53]  70.59x100 | 70.75x100  [0]  ema=70.635131  pos=0  realized=0 fees=0 net=0 unrealized=0
2026-04-29T12:18:57.671458842 SPREAD CORZ NASDAQ  [19.66]  19.68x1000 | 19.69x300  [19.73]  ema=19.68611  pos=-200  realized=0 fees=0 net=0 unrealized=-0.4
2026-04-29T12:18:58.723472248 WBD replacing sell order: 27.05 -> 27.07 (pos=0 spread=0.01 bid=27.04x7700 ask=27.05x10200)
2026-04-29T12:18:58.748321997 WBD order replaced: replaced sell 100 @ 27.05 pos=0 filled=0/100
2026-04-29T12:19:02.671961904 BALANCE long=$0 (0) short=$38249 (3) expose=$-38249 | realize=-12.0598 fee=0.867516 net=-12.927316 unrealized=-65.061688 equity=-77.989004 liquidate=-87.499004 | fills=12 pending=8 | ofails=0/20
2026-04-29T12:19:02.672016074 SPREAD KO NYSE  [78.94]  79x200 | 79.01x1000  [0]  ema=78.998227  pos=0  realized=2.5 fees=0.445443 net=2.054557 unrealized=0
2026-04-29T12:19:02.672034062 SPREAD WBD NASDAQ  [0]  27.03x10000 | 27.04x7200  [27.07]  ema=27.037972  pos=0  realized=0 fees=0 net=0 unrealized=0
2026-04-29T12:19:02.672045125 SPREAD AAL NASDAQ  [11.27]  11.28x17700 | 11.29x5700  [11.3]  ema=11.28492  pos=-200  realized=0 fees=0.126094 net=-0.126094 unrealized=0
2026-04-29T12:19:02.672067415 SPREAD MARA NASDAQ  [0]  10.33x4800 | 10.34x7500  [10.36]  ema=10.335431  pos=0  realized=0 fees=0 net=0 unrealized=0
2026-04-29T12:19:02.672074984 SPREAD IREN NASDAQ  [42.61]  42.67x100 | 42.69x300  [0]  ema=42.664787  pos=-751  realized=-14.5598 fees=0.295979 net=-14.855779 unrealized=-62.661688
2026-04-29T12:19:02.672081973 SPREAD VISN NASDAQ  [10.53]  10.54x1200 | 10.55x700  [0]  ema=10.546426  pos=0  realized=0 fees=0 net=0 unrealized=0
2026-04-29T12:19:02.672091283 SPREAD BBIO NASDAQ  [70.53]  70.59x100 | 70.75x100  [0]  ema=70.641219  pos=0  realized=0 fees=0 net=0 unrealized=0
2026-04-29T12:19:02.672100507 SPREAD CORZ NASDAQ  [19.66]  19.69x900 | 19.7x1100  [19.73]  ema=19.691181  pos=-200  realized=0 fees=0 net=0 unrealized=-2.4
2026-04-29T12:19:08.671604785 BALANCE long=$0 (0) short=$38234 (3) expose=$-38234 | realize=-12.0598 fee=0.867516 net=-12.927316 unrealized=-50.041688 equity=-62.969004 liquidate=-72.479004 | fills=12 pending=8 | ofails=0/20
2026-04-29T12:19:08.671652471 SPREAD KO NYSE  [78.94]  79x400 | 79.01x800  [0]  ema=78.998794  pos=0  realized=2.5 fees=0.445443 net=2.054557 unrealized=0
2026-04-29T12:19:08.671661742 SPREAD WBD NASDAQ  [0]  27.03x10000 | 27.04x7300  [27.07]  ema=27.037863  pos=0  realized=0 fees=0 net=0 unrealized=0
2026-04-29T12:19:08.671668154 SPREAD AAL NASDAQ  [11.27]  11.28x16600 | 11.29x6700  [11.3]  ema=11.28492  pos=-200  realized=0 fees=0.126094 net=-0.126094 unrealized=0
2026-04-29T12:19:08.671674195 SPREAD MARA NASDAQ  [0]  10.33x4300 | 10.34x7300  [10.36]  ema=10.335372  pos=0  realized=0 fees=0 net=0 unrealized=0
2026-04-29T12:19:08.671680060 SPREAD IREN NASDAQ  [42.61]  42.65x100 | 42.67x300  [0]  ema=42.661039  pos=-751  realized=-14.5598 fees=0.295979 net=-14.855779 unrealized=-47.641688
2026-04-29T12:19:08.671685708 SPREAD VISN NASDAQ  [10.53]  10.54x1200 | 10.55x800  [0]  ema=10.546372  pos=0  realized=0 fees=0 net=0 unrealized=0
2026-04-29T12:19:08.671701610 SPREAD BBIO NASDAQ  [70.53]  70.59x100 | 70.75x100  [0]  ema=70.641219  pos=0  realized=0 fees=0 net=0 unrealized=0
2026-04-29T12:19:08.671711331 SPREAD CORZ NASDAQ  [19.66]  19.69x800 | 19.7x1100  [19.73]  ema=19.69215  pos=-200  realized=0 fees=0 net=0 unrealized=-2.4
2026-04-29T12:19:14.671523525 BALANCE long=$0 (0) short=$38217 (3) expose=$-38217 | realize=-12.0598 fee=0.867516 net=-12.927316 unrealized=-33.021688 equity=-45.949004 liquidate=-55.459004 | fills=12 pending=8 | ofails=0/20
2026-04-29T12:19:14.671572253 SPREAD KO NYSE  [78.94]  78.99x1000 | 79x100  [0]  ema=78.999359  pos=0  realized=2.5 fees=0.445443 net=2.054557 unrealized=0
2026-04-29T12:19:14.671584816 SPREAD WBD NASDAQ  [0]  27.03x10000 | 27.04x7300  [27.07]  ema=27.037863  pos=0  realized=0 fees=0 net=0 unrealized=0
2026-04-29T12:19:14.671592211 SPREAD AAL NASDAQ  [11.27]  11.28x13100 | 11.29x6700  [11.3]  ema=11.28492  pos=-200  realized=0 fees=0.126094 net=-0.126094 unrealized=0
2026-04-29T12:19:14.671599858 SPREAD MARA NASDAQ  [0]  10.33x3900 | 10.34x8100  [10.36]  ema=10.335328  pos=0  realized=0 fees=0 net=0 unrealized=0
2026-04-29T12:19:14.671605551 SPREAD IREN NASDAQ  [42.61]  42.63x300 | 42.65x300  [0]  ema=42.65675  pos=-751  realized=-14.5598 fees=0.295979 net=-14.855779 unrealized=-32.621688
2026-04-29T12:19:14.671615355 SPREAD VISN NASDAQ  [10.53]  10.53x1000 | 10.54x1000  [0]  ema=10.542906  pos=0  realized=0 fees=0 net=0 unrealized=0
2026-04-29T12:19:14.671621204 SPREAD BBIO NASDAQ  [70.53]  70.62x100 | 70.75x100  [0]  ema=70.646264  pos=0  realized=0 fees=0 net=0 unrealized=0
2026-04-29T12:19:14.671627511 SPREAD CORZ NASDAQ  [19.66]  19.68x1600 | 19.69x300  [19.73]  ema=19.690899  pos=-200  realized=0 fees=0 net=0 unrealized=-0.4
2026-04-29T12:19:15.014328606 VISN order fill: filled buy 100 @ 10.53 pos=100 filled=100/100
2026-04-29T12:19:15.014349519 VISN filled 100 @ 10.53 | pos=100 | fill_pnl=0 | fee=0.0203 | realized=0 | total_pnl=-12.0598 | total_fees=0.887816 | fills=13 shares=1100 | greed=0/0
2026-04-29T12:19:15.038947404 VISN placed buy 100 @ 10.46 -> NASDAQ (pos=100 spread=0.01 bid=10.53x1000 ask=10.54x1000)
2026-04-29T12:19:15.041588654 VISN placed sell 100 @ 10.6 -> NASDAQ (pos=100 spread=0.01 bid=10.53x1000 ask=10.54x1000)
2026-04-29T12:19:15.050593359 VISN order pending_new: pending_new buy 100 @ 10.46 pos=0 filled=0/100
2026-04-29T12:19:15.050610242 VISN order pending_new: pending_new sell 100 @ 10.6 pos=0 filled=0/100
2026-04-29T12:19:15.064064377 VISN order new: new buy 100 @ 10.46 pos=0 filled=0/100
2026-04-29T12:19:15.064099444 VISN order new: new sell 100 @ 10.6 pos=0 filled=0/100
2026-04-29T12:19:20.671435080 BALANCE long=$1053 (1) short=$38219 (3) expose=$-37166 | realize=-12.0598 fee=0.887816 net=-12.947616 unrealized=-35.521688 equity=-48.469304 liquidate=-58.479304 | fills=13 pending=8 | ofails=0/22
2026-04-29T12:19:20.671486994 SPREAD KO NYSE  [78.94]  79.02x1200 | 79.03x300  [0]  ema=79.01022  pos=0  realized=2.5 fees=0.445443 net=2.054557 unrealized=0
2026-04-29T12:19:20.671499131 SPREAD WBD NASDAQ  [0]  27.03x10200 | 27.04x7300  [27.07]  ema=27.037828  pos=0  realized=0 fees=0 net=0 unrealized=0
2026-04-29T12:19:20.671507122 SPREAD AAL NASDAQ  [11.27]  11.28x18700 | 11.29x500  [11.3]  ema=11.28492  pos=-200  realized=0 fees=0.126094 net=-0.126094 unrealized=0
2026-04-29T12:19:20.671516637 SPREAD MARA NASDAQ  [0]  10.33x3200 | 10.34x8100  [10.36]  ema=10.335232  pos=0  realized=0 fees=0 net=0 unrealized=0
2026-04-29T12:19:20.671528324 SPREAD IREN NASDAQ  [42.61]  42.63x300 | 42.65x300  [0]  ema=42.645246  pos=-751  realized=-14.5598 fees=0.295979 net=-14.855779 unrealized=-32.621688
2026-04-29T12:19:20.671538539 SPREAD VISN NASDAQ  [10.46]  10.52x800 | 10.53x1000  [10.6]  ema=10.534649  pos=100  realized=0 fees=0.0203 net=-0.0203 unrealized=-0.5
2026-04-29T12:19:20.671544358 SPREAD BBIO NASDAQ  [70.53]  70.62x300 | 70.75x100  [0]  ema=70.647226  pos=0  realized=0 fees=0 net=0 unrealized=0
2026-04-29T12:19:20.671551501 SPREAD CORZ NASDAQ  [19.66]  19.69x400 | 19.7x1500  [19.73]  ema=19.692725  pos=-200  realized=0 fees=0 net=0 unrealized=-2.4
2026-04-29T12:19:22.438672012 AAL order fill: filled sell 100 @ 11.3 pos=-300 filled=100/100
2026-04-29T12:19:22.438701675 AAL filled -100 @ 11.3 | pos=-300 | fill_pnl=0 | fee=0.063078 | realized=0 | total_pnl=-12.0598 | total_fees=0.950894 | fills=14 shares=1200 | greed=0/0
2026-04-29T12:19:22.450618563 AAL replacing buy order: 11.27 -> 11.24 (pos=-300 spread=0.01 bid=11.28x18700 ask=11.29x2600)
2026-04-29T12:19:22.500708681 AAL placed sell 100 @ 11.36 -> NASDAQ (pos=-300 spread=0.01 bid=11.28x18700 ask=11.29x2600)
2026-04-29T12:19:22.512366379 AAL order pending_new: pending_new sell 100 @ 11.36 pos=0 filled=0/100
2026-04-29T12:19:22.512385475 AAL order replaced: replaced buy 100 @ 11.27 pos=0 filled=0/100
2026-04-29T12:19:22.527510886 AAL order new: new sell 100 @ 11.36 pos=0 filled=0/100
2026-04-29T12:19:22.792466608 AAL replacing buy order: 11.24 -> 11.26 (pos=-300 spread=0.01 bid=11.3x16300 ask=11.31x5000)
2026-04-29T12:19:22.833280683 AAL replacing sell order: 11.36 -> 11.38 (pos=-300 spread=0.01 bid=11.3x16300 ask=11.31x5000)
2026-04-29T12:19:22.845867018 AAL order replaced: replaced buy 100 @ 11.24 pos=0 filled=0/100
2026-04-29T12:19:22.859319431 AAL order replaced: replaced sell 100 @ 11.36 pos=0 filled=0/100
2026-04-29T12:19:25.671471586 BALANCE long=$1053 (1) short=$39357 (3) expose=$-38304 | realize=-12.0598 fee=0.950894 net=-13.010694 unrealized=-43.776688 equity=-56.787382 liquidate=-63.542382 | fills=14 pending=8 | ofails=0/23
2026-04-29T12:19:25.671541950 SPREAD KO NYSE  [78.94]  79.01x800 | 79.02x200  [0]  ema=79.01485  pos=0  realized=2.5 fees=0.445443 net=2.054557 unrealized=0
2026-04-29T12:19:25.671555434 SPREAD WBD NASDAQ  [0]  27.03x5000 | 27.04x7500  [27.07]  ema=27.037625  pos=0  realized=0 fees=0 net=0 unrealized=0
2026-04-29T12:19:25.671563745 SPREAD AAL NASDAQ  [11.26]  11.3x16400 | 11.31x17400  [11.38]  ema=11.300347  pos=-300  realized=0 fees=0.189172 net=-0.189172 unrealized=-4.5
2026-04-29T12:19:25.671574292 SPREAD MARA NASDAQ  [0]  10.33x3200 | 10.34x12400  [10.36]  ema=10.335212  pos=0  realized=0 fees=0 net=0 unrealized=0
2026-04-29T12:19:25.671597912 SPREAD IREN NASDAQ  [42.61]  42.64x100 | 42.65x300  [0]  ema=42.646963  pos=-751  realized=-14.5598 fees=0.295979 net=-14.855779 unrealized=-36.376688
2026-04-29T12:19:25.671609408 SPREAD VISN NASDAQ  [10.46]  10.52x600 | 10.53x900  [10.6]  ema=10.53429  pos=100  realized=0 fees=0.0203 net=-0.0203 unrealized=-0.5
2026-04-29T12:19:25.671616366 SPREAD BBIO NASDAQ  [70.53]  70.62x400 | 70.75x100  [0]  ema=70.647698  pos=0  realized=0 fees=0 net=0 unrealized=0
2026-04-29T12:19:25.671622928 SPREAD CORZ NASDAQ  [19.66]  19.69x400 | 19.7x1300  [19.73]  ema=19.693453  pos=-200  realized=0 fees=0 net=0 unrealized=-2.4
2026-04-29T12:19:27.951596010 AAL replacing sell order: 11.38 -> 11.32 (pos=-300 spread=0.01 bid=11.3x17800 ask=11.31x17400)
2026-04-29T12:19:27.953656758 AAL replacing buy order: 11.26 -> 11.29 (pos=-300 spread=0.01 bid=11.3x17800 ask=11.31x17400)
2026-04-29T12:19:27.975305976 AAL order replaced: replaced sell 100 @ 11.38 pos=0 filled=0/100
2026-04-29T12:19:27.975327752 AAL order replaced: replaced buy 100 @ 11.26 pos=0 filled=0/100
2026-04-29T12:19:28.418625655 VISN replacing buy order: 10.46 -> 10.51 (pos=100 spread=0.01 bid=10.52x700 ask=10.53x900)
2026-04-29T12:19:28.421610801 VISN replacing sell order: 10.6 -> 10.56 (pos=100 spread=0.01 bid=10.52x700 ask=10.53x900)
2026-04-29T12:19:28.444698839 VISN order replaced: replaced buy 100 @ 10.46 pos=0 filled=0/100
2026-04-29T12:19:28.444718037 VISN order replaced: replaced sell 100 @ 10.6 pos=0 filled=0/100
2026-04-29T12:19:30.671958698 BALANCE long=$1053 (1) short=$39353 (3) expose=$-38301 | realize=-12.0598 fee=0.950894 net=-13.010694 unrealized=-40.021688 equity=-53.032382 liquidate=-63.542382 | fills=14 pending=8 | ofails=0/23
2026-04-29T12:19:30.672027686 SPREAD KO NYSE  [78.94]  79.02x200 | 79.03x900  [0]  ema=79.02109  pos=0  realized=2.5 fees=0.445443 net=2.054557 unrealized=0
2026-04-29T12:19:30.672044042 SPREAD WBD NASDAQ  [0]  27.03x4000 | 27.04x7500  [27.07]  ema=27.037319  pos=0  realized=0 fees=0 net=0 unrealized=0
2026-04-29T12:19:30.672055331 SPREAD AAL NASDAQ  [11.29]  11.3x17800 | 11.31x17400  [11.32]  ema=11.300405  pos=-300  realized=0 fees=0.189172 net=-0.189172 unrealized=-4.5
2026-04-29T12:19:30.672063384 SPREAD MARA NASDAQ  [0]  10.33x4000 | 10.34x12400  [10.36]  ema=10.335204  pos=0  realized=0 fees=0 net=0 unrealized=0
2026-04-29T12:19:30.672073480 SPREAD IREN NASDAQ  [42.61]  42.63x300 | 42.65x300  [0]  ema=42.645396  pos=-751  realized=-14.5598 fees=0.295979 net=-14.855779 unrealized=-32.621688
2026-04-29T12:19:30.672084952 SPREAD VISN NASDAQ  [10.51]  10.52x700 | 10.53x1100  [10.56]  ema=10.533503  pos=100  realized=0 fees=0.0203 net=-0.0203 unrealized=-0.5
2026-04-29T12:19:30.672091847 SPREAD BBIO NASDAQ  [70.53]  70.62x400 | 70.75x100  [0]  ema=70.647698  pos=0  realized=0 fees=0 net=0 unrealized=0
2026-04-29T12:19:30.672099100 SPREAD CORZ NASDAQ  [19.66]  19.69x600 | 19.7x1200  [19.73]  ema=19.693692  pos=-200  realized=0 fees=0 net=0 unrealized=-2.4
2026-04-29T12:19:32.667743832 BBIO replacing buy order: 70.53 -> 70.58 (pos=0 spread=0.12 bid=70.63x100 ask=70.75x100)
2026-04-29T12:19:32.691834622 BBIO order replaced: replaced buy 100 @ 70.53 pos=0 filled=0/100
2026-04-29T12:19:36.671374005 BALANCE long=$1053 (1) short=$39370 (3) expose=$-38317 | realize=-12.0598 fee=0.950894 net=-13.010694 unrealized=-56.796688 equity=-69.807382 liquidate=-76.562382 | fills=14 pending=8 | ofails=0/23
2026-04-29T12:19:36.671441588 SPREAD KO NYSE  [78.94]  79.02x300 | 79.03x900  [0]  ema=79.022374  pos=0  realized=2.5 fees=0.445443 net=2.054557 unrealized=0
2026-04-29T12:19:36.671453035 SPREAD WBD NASDAQ  [0]  27.03x4400 | 27.04x7500  [27.07]  ema=27.036904  pos=0  realized=0 fees=0 net=0 unrealized=0
2026-04-29T12:19:36.671461393 SPREAD AAL NASDAQ  [11.29]  11.3x19500 | 11.31x16400  [11.32]  ema=11.300789  pos=-300  realized=0 fees=0.189172 net=-0.189172 unrealized=-4.5
2026-04-29T12:19:36.671472708 SPREAD MARA NASDAQ  [0]  10.33x4400 | 10.34x12500  [10.36]  ema=10.335148  pos=0  realized=0 fees=0 net=0 unrealized=0
2026-04-29T12:19:36.671495776 SPREAD IREN NASDAQ  [42.61]  42.66x100 | 42.67x500  [0]  ema=42.651844  pos=-751  realized=-14.5598 fees=0.295979 net=-14.855779 unrealized=-51.396688
2026-04-29T12:19:36.671505248 SPREAD VISN NASDAQ  [10.51]  10.52x700 | 10.53x1200  [10.56]  ema=10.532882  pos=100  realized=0 fees=0.0203 net=-0.0203 unrealized=-0.5
2026-04-29T12:19:36.671512343 SPREAD BBIO NASDAQ  [70.58]  70.68x100 | 70.77x100  [0]  ema=70.665699  pos=0  realized=0 fees=0 net=0 unrealized=0
2026-04-29T12:19:36.671518571 SPREAD CORZ NASDAQ  [19.66]  19.68x1100 | 19.69x100  [19.73]  ema=19.689214  pos=-200  realized=0 fees=0 net=0 unrealized=-0.4
2026-04-29T12:19:41.671441851 BALANCE long=$1053 (1) short=$39359 (3) expose=$-38306 | realize=-12.0598 fee=0.950894 net=-13.010694 unrealized=-45.531688 equity=-58.542382 liquidate=-69.052382 | fills=14 pending=8 | ofails=0/23
2026-04-29T12:19:41.671494213 SPREAD KO NYSE  [78.94]  79.02x1100 | 79.03x500  [0]  ema=79.023047  pos=0  realized=2.5 fees=0.445443 net=2.054557 unrealized=0
2026-04-29T12:19:41.671511587 SPREAD WBD NASDAQ  [0]  27.03x4500 | 27.04x7400  [27.07]  ema=27.036564  pos=0  realized=0 fees=0 net=0 unrealized=0
2026-04-29T12:19:41.671522025 SPREAD AAL NASDAQ  [11.29]  11.3x19600 | 11.31x16400  [11.32]  ema=11.300841  pos=-300  realized=0 fees=0.189172 net=-0.189172 unrealized=-4.5
2026-04-29T12:19:41.671532094 SPREAD MARA NASDAQ  [0]  10.32x4900 | 10.33x8500  [10.36]  ema=10.329622  pos=0  realized=0 fees=0 net=0 unrealized=0
2026-04-29T12:19:41.671539995 SPREAD IREN NASDAQ  [42.61]  42.64x100 | 42.66x300  [0]  ema=42.647915  pos=-751  realized=-14.5598 fees=0.295979 net=-14.855779 unrealized=-40.131688
2026-04-29T12:19:41.671549747 SPREAD VISN NASDAQ  [10.51]  10.52x700 | 10.53x1200  [10.56]  ema=10.532882  pos=100  realized=0 fees=0.0203 net=-0.0203 unrealized=-0.5
2026-04-29T12:19:41.671556726 SPREAD BBIO NASDAQ  [70.58]  70.68x100 | 70.77x100  [0]  ema=70.665699  pos=0  realized=0 fees=0 net=0 unrealized=0
2026-04-29T12:19:41.671571401 SPREAD CORZ NASDAQ  [19.66]  19.68x200 | 19.69x1500  [19.73]  ema=19.688067  pos=-200  realized=0 fees=0 net=0 unrealized=-0.4
2026-04-29T12:19:46.167756158 VISN order partial_fill: partially_filled buy 100 @ 10.51 pos=142 filled=42/100
2026-04-29T12:19:46.167799389 VISN filled 42 @ 10.51 | pos=142 | fill_pnl=0 | fee=0.0087 | realized=0 | total_pnl=-12.0598 | total_fees=0.959594 | fills=15 shares=1242 | greed=0/0
2026-04-29T12:19:46.167812449 VISN order partial_fill: partially_filled buy 100 @ 10.51 pos=158 filled=58/100
2026-04-29T12:19:46.167822148 VISN filled 16 @ 10.51 | pos=158 | fill_pnl=0 | fee=0.0032 | realized=0 | total_pnl=-12.0598 | total_fees=0.962794 | fills=16 shares=1258 | greed=0.06/0.03
2026-04-29T12:19:46.167829602 VISN order partial_fill: partially_filled buy 100 @ 10.51 pos=184 filled=84/100
2026-04-29T12:19:46.167840667 VISN filled 26 @ 10.51 | pos=184 | fill_pnl=0 | fee=0.0052 | realized=0 | total_pnl=-12.0598 | total_fees=0.967994 | fills=17 shares=1284 | greed=0.12/0.03
2026-04-29T12:19:46.167851955 VISN order fill: filled buy 100 @ 10.51 pos=200 filled=100/100
2026-04-29T12:19:46.167859892 VISN filled 16 @ 10.51 | pos=200 | fill_pnl=0 | fee=0.0032 | realized=0 | total_pnl=-12.0598 | total_fees=0.971194 | fills=18 shares=1300 | greed=0.24/0.03
2026-04-29T12:19:46.180034313 VISN replacing sell order: 10.56 -> 10.59 (pos=200 spread=0.01 bid=10.52x700 ask=10.53x1100)
2026-04-29T12:19:46.193118970 VISN placed buy 100 @ 10.03 -> NASDAQ (pos=200 spread=0.01 bid=10.52x700 ask=10.53x1100)
2026-04-29T12:19:46.205718148 VISN order pending_new: pending_new buy 100 @ 10.03 pos=0 filled=0/100
2026-04-29T12:19:46.205734641 VISN order replaced: replaced sell 100 @ 10.56 pos=0 filled=0/100
2026-04-29T12:19:46.215897085 VISN order new: new buy 100 @ 10.03 pos=0 filled=0/100
2026-04-29T12:19:46.288440907 VISN replacing buy order: 10.03 -> 10.01 (pos=200 spread=0.01 bid=10.51x1900 ask=10.52x700)
2026-04-29T12:19:46.293807494 VISN replacing sell order: 10.59 -> 10.57 (pos=200 spread=0.01 bid=10.51x1900 ask=10.52x700)
2026-04-29T12:19:46.313929012 VISN order replaced: replaced buy 100 @ 10.03 pos=0 filled=0/100
2026-04-29T12:19:46.313951185 VISN order replaced: replaced sell 100 @ 10.59 pos=0 filled=0/100
2026-04-29T12:19:46.671673761 BALANCE long=$2103 (1) short=$39338 (3) expose=$-37235 | realize=-12.0598 fee=0.971194 net=-13.030994 unrealized=-25.256688 equity=-38.287682 liquidate=-45.542682 | fills=18 pending=8 | ofails=0/24
2026-04-29T12:19:46.671719471 SPREAD KO NYSE  [78.94]  79.02x400 | 79.03x800  [0]  ema=79.023315  pos=0  realized=2.5 fees=0.445443 net=2.054557 unrealized=0
2026-04-29T12:19:46.671736592 SPREAD WBD NASDAQ  [0]  27.03x4500 | 27.04x7400  [27.07]  ema=27.036526  pos=0  realized=0 fees=0 net=0 unrealized=0
2026-04-29T12:19:46.671746422 SPREAD AAL NASDAQ  [11.29]  11.3x19800 | 11.31x16400  [11.32]  ema=11.301043  pos=-300  realized=0 fees=0.189172 net=-0.189172 unrealized=-4.5
2026-04-29T12:19:46.671753442 SPREAD MARA NASDAQ  [0]  10.32x4000 | 10.33x8300  [10.36]  ema=10.327888  pos=0  realized=0 fees=0 net=0 unrealized=0
2026-04-29T12:19:46.671763937 SPREAD IREN NASDAQ  [42.61]  42.62x200 | 42.63x300  [0]  ema=42.622029  pos=-751  realized=-14.5598 fees=0.295979 net=-14.855779 unrealized=-21.356688
2026-04-29T12:19:46.671772165 SPREAD VISN NASDAQ  [10.01]  10.51x700 | 10.52x400  [10.57]  ema=10.519315  pos=200  realized=0 fees=0.0406 net=-0.0406 unrealized=-1
2026-04-29T12:19:46.671778005 SPREAD BBIO NASDAQ  [70.58]  70.68x100 | 70.77x100  [0]  ema=70.665699  pos=0  realized=0 fees=0 net=0 unrealized=0
2026-04-29T12:19:46.671783802 SPREAD CORZ NASDAQ  [19.66]  19.67x1200 | 19.68x300  [19.73]  ema=19.682376  pos=-200  realized=0 fees=0 net=0 unrealized=1.6
2026-04-29T12:19:47.152993843 IREN order partial_fill: partially_filled buy 100 @ 42.61 pos=-750 filled=1/100
2026-04-29T12:19:47.153017888 IREN filled 1 @ 42.61 | pos=-750 | fill_pnl=-0.013438 | fee=0.0005 | realized=-14.573238 | total_pnl=-12.073238 | total_fees=0.971694 | fills=19 shares=1301 | greed=0/0
2026-04-29T12:19:47.257630852 IREN replacing buy order: 42.61 -> 42.52 (pos=-750 spread=0.01 bid=42.61x200 ask=42.62x300)
2026-04-29T12:19:47.282782712 IREN order replaced: replaced buy 100 @ 42.61 pos=0 filled=1/100
2026-04-29T12:19:48.563001431 CORZ replacing buy order: 19.66 -> 19.64 (pos=-200 spread=0.01 bid=19.67x1200 ask=19.68x300)
2026-04-29T12:19:48.576788736 CORZ replacing sell order: 19.73 -> 19.71 (pos=-200 spread=0.01 bid=19.67x1200 ask=19.68x300)
2026-04-29T12:19:48.588788733 CORZ order replaced: replaced buy 100 @ 19.66 pos=0 filled=0/100
2026-04-29T12:19:48.603302925 CORZ order replaced: replaced sell 100 @ 19.73 pos=0 filled=0/100
2026-04-29T12:19:51.671884508 BALANCE long=$2105 (1) short=$39294 (3) expose=$-37189 | realize=-12.073238 fee=0.971694 net=-13.044932 unrealized=-21.47825 equity=-34.523182 liquidate=-45.523182 | fills=19 pending=8 | ofails=0/24
2026-04-29T12:19:51.671952948 SPREAD KO NYSE  [78.94]  79.03x700 | 79.04x600  [0]  ema=79.027983  pos=0  realized=2.5 fees=0.445443 net=2.054557 unrealized=0
2026-04-29T12:19:51.672670661 SPREAD WBD NASDAQ  [0]  27.03x5100 | 27.04x7500  [27.07]  ema=27.03627  pos=0  realized=0 fees=0 net=0 unrealized=0
2026-04-29T12:19:51.672692504 SPREAD AAL NASDAQ  [11.29]  11.3x6800 | 11.31x22900  [11.32]  ema=11.301954  pos=-300  realized=0 fees=0.189172 net=-0.189172 unrealized=-4.5
2026-04-29T12:19:51.672699965 SPREAD MARA NASDAQ  [0]  10.32x3900 | 10.33x8900  [10.36]  ema=10.326968  pos=0  realized=0 fees=0 net=0 unrealized=0
2026-04-29T12:19:51.672718157 SPREAD IREN NASDAQ  [42.52]  42.61x300 | 42.63x300  [0]  ema=42.6163  pos=-750  realized=-14.573238 fees=0.296479 net=-14.869717 unrealized=-17.57825
2026-04-29T12:19:51.672730418 SPREAD VISN NASDAQ  [10.01]  10.52x500 | 10.53x1100  [10.57]  ema=10.519864  pos=200  realized=0 fees=0.0406 net=-0.0406 unrealized=1
2026-04-29T12:19:51.672737172 SPREAD BBIO NASDAQ  [70.58]  70.68x200 | 70.77x100  [0]  ema=70.66644  pos=0  realized=0 fees=0 net=0 unrealized=0
2026-04-29T12:19:51.672744240 SPREAD CORZ NASDAQ  [19.64]  19.68x1000 | 19.69x1200  [19.71]  ema=19.681133  pos=-200  realized=0 fees=0 net=0 unrealized=-0.4
2026-04-29T12:19:56.671899819 BALANCE long=$2107 (1) short=$39316 (3) expose=$-37209 | realize=-12.073238 fee=0.971694 net=-13.044932 unrealized=-41.97825 equity=-55.023182 liquidate=-66.023182 | fills=19 pending=8 | ofails=0/24
2026-04-29T12:19:56.671961948 SPREAD KO NYSE  [78.94]  79.03x1000 | 79.04x300  [0]  ema=79.030687  pos=0  realized=2.5 fees=0.445443 net=2.054557 unrealized=0
2026-04-29T12:19:56.672749492 SPREAD WBD NASDAQ  [0]  27.03x5200 | 27.04x7500  [27.07]  ema=27.03621  pos=0  realized=0 fees=0 net=0 unrealized=0
2026-04-29T12:19:56.672763344 SPREAD AAL NASDAQ  [11.29]  11.3x6800 | 11.31x14700  [11.32]  ema=11.302503  pos=-300  realized=0 fees=0.189172 net=-0.189172 unrealized=-4.5
2026-04-29T12:19:56.672771039 SPREAD MARA NASDAQ  [0]  10.32x6500 | 10.33x3800  [10.36]  ema=10.326407  pos=0  realized=0 fees=0 net=0 unrealized=0
2026-04-29T12:19:56.672782993 SPREAD IREN NASDAQ  [42.52]  42.64x300 | 42.66x200  [0]  ema=42.629862  pos=-750  realized=-14.573238 fees=0.296479 net=-14.869717 unrealized=-40.07825
2026-04-29T12:19:56.672793931 SPREAD VISN NASDAQ  [10.01]  10.53x500 | 10.54x900  [10.57]  ema=10.524839  pos=200  realized=0 fees=0.0406 net=-0.0406 unrealized=3
2026-04-29T12:19:56.672802932 SPREAD BBIO NASDAQ  [70.58]  70.68x300 | 70.79x100  [0]  ema=70.668145  pos=0  realized=0 fees=0 net=0 unrealized=0
2026-04-29T12:19:56.672809883 SPREAD CORZ NASDAQ  [19.64]  19.68x1900 | 19.69x100  [19.71]  ema=19.682269  pos=-200  realized=0 fees=0 net=0 unrealized=-0.4
2026-04-29T12:19:56.979222519 VISN replacing buy order: 10.01 -> 10.26 (pos=200 spread=0.01 bid=10.53x600 ask=10.54x900)
2026-04-29T12:19:57.000039514 VISN order replaced: replaced buy 100 @ 10.01 pos=0 filled=0/100
2026-04-29T12:19:58.542296277 IREN replacing buy order: 42.52 -> 42.6 (pos=-750 spread=0.01 bid=42.64x300 ask=42.65x100)
2026-04-29T12:19:58.568108136 IREN order replaced: replaced buy 100 @ 42.52 pos=0 filled=1/100
2026-04-29T12:20:01.672043944 BALANCE long=$2107 (1) short=$39309 (3) expose=$-37202 | realize=-12.073238 fee=0.971694 net=-13.044932 unrealized=-34.47825 equity=-47.523182 liquidate=-58.523182 | fills=19 pending=8 | ofails=0/24
2026-04-29T12:20:01.672097201 SPREAD KO NYSE  [78.94]  79.04x800 | 79.05x200  [0]  ema=79.038096  pos=0  realized=2.5 fees=0.445443 net=2.054557 unrealized=0
2026-04-29T12:20:01.672112752 SPREAD WBD NASDAQ  [0]  27.03x4500 | 27.04x7500  [27.07]  ema=27.036195  pos=0  realized=0 fees=0 net=0 unrealized=0
2026-04-29T12:20:01.672124067 SPREAD AAL NASDAQ  [11.29]  11.3x6700 | 11.31x15800  [11.32]  ema=11.302653  pos=-300  realized=0 fees=0.189172 net=-0.189172 unrealized=-4.5
2026-04-29T12:20:01.672132019 SPREAD MARA NASDAQ  [0]  10.32x4000 | 10.33x4700  [10.36]  ema=10.326099  pos=0  realized=0 fees=0 net=0 unrealized=0
2026-04-29T12:20:01.672142130 SPREAD IREN NASDAQ  [42.6]  42.63x100 | 42.65x200  [0]  ema=42.633784  pos=-750  realized=-14.573238 fees=0.296479 net=-14.869717 unrealized=-32.57825
2026-04-29T12:20:01.672149366 SPREAD VISN NASDAQ  [10.26]  10.53x600 | 10.54x1100  [10.57]  ema=10.525461  pos=200  realized=0 fees=0.0406 net=-0.0406 unrealized=3
2026-04-29T12:20:01.672155894 SPREAD BBIO NASDAQ  [70.58]  70.68x300 | 70.79x100  [0]  ema=70.668145  pos=0  realized=0 fees=0 net=0 unrealized=0
2026-04-29T12:20:01.672165838 SPREAD CORZ NASDAQ  [19.64]  19.68x1200 | 19.69x100  [19.71]  ema=19.682433  pos=-200  realized=0 fees=0 net=0 unrealized=-0.4
2026-04-29T12:20:07.671380814 BALANCE long=$2107 (1) short=$39303 (3) expose=$-37196 | realize=-12.073238 fee=0.971694 net=-13.044932 unrealized=-28.97825 equity=-42.023182 liquidate=-53.023182 | fills=19 pending=8 | ofails=0/24
2026-04-29T12:20:07.671466892 SPREAD KO NYSE  [78.94]  79.05x500 | 79.06x100  [0]  ema=79.048075  pos=0  realized=2.5 fees=0.445443 net=2.054557 unrealized=0
2026-04-29T12:20:07.671476296 SPREAD WBD NASDAQ  [0]  27.03x4500 | 27.04x7500  [27.07]  ema=27.036153  pos=0  realized=0 fees=0 net=0 unrealized=0
2026-04-29T12:20:07.671489026 SPREAD AAL NASDAQ  [11.29]  11.3x7600 | 11.31x13600  [11.32]  ema=11.302873  pos=-300  realized=0 fees=0.189172 net=-0.189172 unrealized=-4.5
2026-04-29T12:20:07.671510710 SPREAD MARA NASDAQ  [0]  10.32x3600 | 10.33x4600  [10.36]  ema=10.325977  pos=0  realized=0 fees=0 net=0 unrealized=0
2026-04-29T12:20:07.671518465 SPREAD IREN NASDAQ  [42.6]  42.62x300 | 42.64x200  [0]  ema=42.634302  pos=-750  realized=-14.573238 fees=0.296479 net=-14.869717 unrealized=-25.07825
2026-04-29T12:20:07.671526828 SPREAD VISN NASDAQ  [10.26]  10.53x600 | 10.54x1100  [10.57]  ema=10.525931  pos=200  realized=0 fees=0.0406 net=-0.0406 unrealized=3
2026-04-29T12:20:07.671533468 SPREAD BBIO NASDAQ  [70.58]  70.72x100 | 70.83x100  [0]  ema=70.686362  pos=0  realized=0 fees=0 net=0 unrealized=0
2026-04-29T12:20:07.671542160 SPREAD CORZ NASDAQ  [19.64]  19.69x300 | 19.7x3700  [19.71]  ema=19.687988  pos=-200  realized=0 fees=0 net=0 unrealized=-2.4
2026-04-29T12:20:11.056491221 CORZ replacing buy order: 19.64 -> 19.66 (pos=-200 spread=0.01 bid=19.69x500 ask=19.7x3100)
2026-04-29T12:20:11.072680665 CORZ replacing sell order: 19.71 -> 19.73 (pos=-200 spread=0.01 bid=19.69x500 ask=19.7x3100)
2026-04-29T12:20:11.086104288 CORZ order replaced: replaced buy 100 @ 19.64 pos=0 filled=0/100
2026-04-29T12:20:11.097178932 CORZ order replaced: replaced sell 100 @ 19.71 pos=0 filled=0/100
2026-04-29T12:20:12.671981715 BALANCE long=$2107 (1) short=$39311 (3) expose=$-37204 | realize=-12.073238 fee=0.971694 net=-13.044932 unrealized=-36.47825 equity=-49.523182 liquidate=-60.523182 | fills=19 pending=8 | ofails=0/24
2026-04-29T12:20:12.672045872 SPREAD KO NYSE  [78.94]  79.03x400 | 79.04x100  [0]  ema=79.042196  pos=0  realized=2.5 fees=0.445443 net=2.054557 unrealized=0
2026-04-29T12:20:12.672059567 SPREAD WBD NASDAQ  [0]  27.03x5300 | 27.04x5400  [27.07]  ema=27.036046  pos=0  realized=0 fees=0 net=0 unrealized=0
2026-04-29T12:20:12.672067077 SPREAD AAL NASDAQ  [11.29]  11.3x8300 | 11.31x14900  [11.32]  ema=11.303142  pos=-300  realized=0 fees=0.189172 net=-0.189172 unrealized=-4.5
2026-04-29T12:20:12.672074915 SPREAD MARA NASDAQ  [0]  10.32x3500 | 10.33x4300  [10.36]  ema=10.325835  pos=0  realized=0 fees=0 net=0 unrealized=0
2026-04-29T12:20:12.672091983 SPREAD IREN NASDAQ  [42.6]  42.63x300 | 42.65x200  [0]  ema=42.635059  pos=-750  realized=-14.573238 fees=0.296479 net=-14.869717 unrealized=-32.57825
2026-04-29T12:20:12.672102281 SPREAD VISN NASDAQ  [10.26]  10.53x300 | 10.54x1300  [10.57]  ema=10.527108  pos=200  realized=0 fees=0.0406 net=-0.0406 unrealized=3
2026-04-29T12:20:12.672109767 SPREAD BBIO NASDAQ  [70.58]  70.72x100 | 70.83x100  [0]  ema=70.686362  pos=0  realized=0 fees=0 net=0 unrealized=0
2026-04-29T12:20:12.672120009 SPREAD CORZ NASDAQ  [19.66]  19.69x1200 | 19.7x3100  [19.73]  ema=19.690327  pos=-200  realized=0 fees=0 net=0 unrealized=-2.4
2026-04-29T12:20:12.873518117 VISN replacing buy order: 10.26 -> 10.38 (pos=200 spread=0.01 bid=10.53x600 ask=10.54x1300)
2026-04-29T12:20:12.895329825 VISN replacing sell order: 10.57 -> 10.59 (pos=200 spread=0.01 bid=10.54x200 ask=10.55x1000)
2026-04-29T12:20:12.898719629 VISN order replaced: replaced buy 100 @ 10.26 pos=0 filled=0/100
2026-04-29T12:20:12.922401215 VISN order replaced: replaced sell 100 @ 10.57 pos=0 filled=0/100
2026-04-29T12:20:18.671381832 BALANCE long=$2109 (1) short=$39314 (3) expose=$-37205 | realize=-12.073238 fee=0.971694 net=-13.044932 unrealized=-38.22825 equity=-51.273182 liquidate=-66.023182 | fills=19 pending=8 | ofails=0/24
2026-04-29T12:20:18.671441238 SPREAD KO NYSE  [78.94]  79.04x1000 | 79.05x300  [0]  ema=79.04041  pos=0  realized=2.5 fees=0.445443 net=2.054557 unrealized=0
2026-04-29T12:20:18.671453471 SPREAD WBD NASDAQ  [0]  27.03x5400 | 27.04x5400  [27.07]  ema=27.035938  pos=0  realized=0 fees=0 net=0 unrealized=0
2026-04-29T12:20:18.671461690 SPREAD AAL NASDAQ  [11.29]  11.3x13200 | 11.31x15500  [11.32]  ema=11.303397  pos=-300  realized=0 fees=0.189172 net=-0.189172 unrealized=-4.5
2026-04-29T12:20:18.671473717 SPREAD MARA NASDAQ  [0]  10.32x3500 | 10.33x4400  [10.36]  ema=10.325771  pos=0  realized=0 fees=0 net=0 unrealized=0
2026-04-29T12:20:18.671494897 SPREAD IREN NASDAQ  [42.6]  42.63x200 | 42.66x300  [0]  ema=42.644085  pos=-750  realized=-14.573238 fees=0.296479 net=-14.869717 unrealized=-36.32825
2026-04-29T12:20:18.671506175 SPREAD VISN NASDAQ  [10.38]  10.54x1000 | 10.55x500  [10.59]  ema=10.53403  pos=200  realized=0 fees=0.0406 net=-0.0406 unrealized=5
2026-04-29T12:20:18.671516132 SPREAD BBIO NASDAQ  [70.58]  70.72x100 | 70.83x100  [0]  ema=70.686362  pos=0  realized=0 fees=0 net=0 unrealized=0
2026-04-29T12:20:18.671526323 SPREAD CORZ NASDAQ  [19.66]  19.69x600 | 19.7x3100  [19.73]  ema=19.692649  pos=-200  realized=0 fees=0 net=0 unrealized=-2.4
2026-04-29T12:20:24.671449204 BALANCE long=$2109 (1) short=$39318 (3) expose=$-37209 | realize=-12.073238 fee=0.971694 net=-13.044932 unrealized=-41.97825 equity=-55.023182 liquidate=-66.023182 | fills=19 pending=8 | ofails=0/24
2026-04-29T12:20:24.671495711 SPREAD KO NYSE  [78.94]  79.04x900 | 79.05x500  [0]  ema=79.041286  pos=0  realized=2.5 fees=0.445443 net=2.054557 unrealized=0
2026-04-29T12:20:24.671506986 SPREAD WBD NASDAQ  [0]  27.03x4700 | 27.04x5400  [27.07]  ema=27.035927  pos=0  realized=0 fees=0 net=0 unrealized=0
2026-04-29T12:20:24.671515099 SPREAD AAL NASDAQ  [11.29]  11.3x13200 | 11.31x14800  [11.32]  ema=11.303474  pos=-300  realized=0 fees=0.189172 net=-0.189172 unrealized=-4.5
2026-04-29T12:20:24.671522892 SPREAD MARA NASDAQ  [0]  10.32x4400 | 10.33x4100  [10.36]  ema=10.325666  pos=0  realized=0 fees=0 net=0 unrealized=0
2026-04-29T12:20:24.671530090 SPREAD IREN NASDAQ  [42.6]  42.64x100 | 42.66x300  [0]  ema=42.643459  pos=-750  realized=-14.573238 fees=0.296479 net=-14.869717 unrealized=-40.07825
2026-04-29T12:20:24.671537818 SPREAD VISN NASDAQ  [10.38]  10.54x900 | 10.55x500  [10.59]  ema=10.534435  pos=200  realized=0 fees=0.0406 net=-0.0406 unrealized=5
2026-04-29T12:20:24.671547471 SPREAD BBIO NASDAQ  [70.58]  70.72x300 | 70.83x100  [0]  ema=70.688565  pos=0  realized=0 fees=0 net=0 unrealized=0
2026-04-29T12:20:24.671557370 SPREAD CORZ NASDAQ  [19.66]  19.69x800 | 19.7x3100  [19.73]  ema=19.693227  pos=-200  realized=0 fees=0 net=0 unrealized=-2.4
2026-04-29T12:20:28.327118275 VISN replacing buy order: 10.38 -> 10.45 (pos=200 spread=0.01 bid=10.54x1000 ask=10.55x400)
2026-04-29T12:20:28.351382366 VISN order replaced: replaced buy 100 @ 10.38 pos=0 filled=0/100
2026-04-29T12:20:29.671818827 BALANCE long=$2109 (1) short=$39346 (3) expose=$-37237 | realize=-12.073238 fee=0.971694 net=-13.044932 unrealized=-70.22825 equity=-83.273182 liquidate=-90.523182 | fills=19 pending=8 | ofails=0/24
2026-04-29T12:20:29.671883239 SPREAD KO NYSE  [78.94]  79.02x1100 | 79.03x200  [0]  ema=79.033691  pos=0  realized=2.5 fees=0.445443 net=2.054557 unrealized=0
2026-04-29T12:20:29.671897207 SPREAD WBD NASDAQ  [0]  27.03x6200 | 27.04x5000  [27.07]  ema=27.035822  pos=0  realized=0 fees=0 net=0 unrealized=0
2026-04-29T12:20:29.671905702 SPREAD AAL NASDAQ  [11.29]  11.3x13300 | 11.31x5900  [11.32]  ema=11.303819  pos=-300  realized=0 fees=0.189172 net=-0.189172 unrealized=-4.5
2026-04-29T12:20:29.671913288 SPREAD MARA NASDAQ  [0]  10.33x10500 | 10.34x12300  [10.36]  ema=10.331154  pos=0  realized=0 fees=0 net=0 unrealized=0
2026-04-29T12:20:29.671921828 SPREAD IREN NASDAQ  [42.6]  42.68x200 | 42.69x100  [0]  ema=42.67815  pos=-750  realized=-14.573238 fees=0.296479 net=-14.869717 unrealized=-66.32825
2026-04-29T12:20:29.671930120 SPREAD VISN NASDAQ  [10.45]  10.54x1000 | 10.55x400  [10.59]  ema=10.535795  pos=200  realized=0 fees=0.0406 net=-0.0406 unrealized=5
2026-04-29T12:20:29.671935894 SPREAD BBIO NASDAQ  [70.58]  70.72x300 | 70.82x200  [0]  ema=70.689583  pos=0  realized=0 fees=0 net=0 unrealized=0
2026-04-29T12:20:29.671946027 SPREAD CORZ NASDAQ  [19.66]  19.7x1700 | 19.71x1200  [19.73]  ema=19.697242  pos=-200  realized=0 fees=0 net=0 unrealized=-4.4
2026-04-29T12:20:35.671750191 BALANCE long=$2109 (1) short=$39358 (3) expose=$-37249 | realize=-12.073238 fee=0.971694 net=-13.044932 unrealized=-81.47825 equity=-94.523182 liquidate=-105.523182 | fills=19 pending=8 | ofails=0/24
2026-04-29T12:20:35.671820902 SPREAD KO NYSE  [78.94]  79.02x900 | 79.03x300  [0]  ema=79.032757  pos=0  realized=2.5 fees=0.445443 net=2.054557 unrealized=0
2026-04-29T12:20:35.671832531 SPREAD WBD NASDAQ  [0]  27.03x6200 | 27.04x2600  [27.07]  ema=27.035747  pos=0  realized=0 fees=0 net=0 unrealized=0
2026-04-29T12:20:35.671840186 SPREAD AAL NASDAQ  [11.29]  11.3x13100 | 11.31x6700  [11.32]  ema=11.304051  pos=-300  realized=0 fees=0.189172 net=-0.189172 unrealized=-4.5
2026-04-29T12:20:35.671849318 SPREAD MARA NASDAQ  [0]  10.33x10500 | 10.34x3100  [10.36]  ema=10.33266  pos=0  realized=0 fees=0 net=0 unrealized=0
2026-04-29T12:20:35.671856433 SPREAD IREN NASDAQ  [42.6]  42.69x200 | 42.71x300  [0]  ema=42.698937  pos=-750  realized=-14.573238 fees=0.296479 net=-14.869717 unrealized=-77.57825
2026-04-29T12:20:35.671863639 SPREAD VISN NASDAQ  [10.45]  10.54x500 | 10.55x700  [10.59]  ema=10.546157  pos=200  realized=0 fees=0.0406 net=-0.0406 unrealized=5
2026-04-29T12:20:35.671877373 SPREAD BBIO NASDAQ  [70.58]  70.72x300 | 70.82x200  [0]  ema=70.689583  pos=0  realized=0 fees=0 net=0 unrealized=0
2026-04-29T12:20:35.671885456 SPREAD CORZ NASDAQ  [19.66]  19.7x1500 | 19.71x300  [19.73]  ema=19.700174  pos=-200  realized=0 fees=0 net=0 unrealized=-4.4
2026-04-29T12:20:40.672005356 BALANCE long=$2109 (1) short=$39350 (3) expose=$-37241 | realize=-12.073238 fee=0.971694 net=-13.044932 unrealized=-73.97825 equity=-87.023182 liquidate=-98.023182 | fills=19 pending=8 | ofails=0/24
2026-04-29T12:20:40.672060809 SPREAD KO NYSE  [78.94]  79.02x500 | 79.03x300  [0]  ema=79.031923  pos=0  realized=2.5 fees=0.445443 net=2.054557 unrealized=0
2026-04-29T12:20:40.672886191 SPREAD WBD NASDAQ  [0]  27.03x5600 | 27.04x2900  [27.07]  ema=27.035611  pos=0  realized=0 fees=0 net=0 unrealized=0
2026-04-29T12:20:40.672903850 SPREAD AAL NASDAQ  [11.29]  11.3x14000 | 11.31x9200  [11.32]  ema=11.304168  pos=-300  realized=0 fees=0.189172 net=-0.189172 unrealized=-4.5
2026-04-29T12:20:40.672915727 SPREAD MARA NASDAQ  [0]  10.33x11100 | 10.34x3400  [10.36]  ema=10.33307  pos=0  realized=0 fees=0 net=0 unrealized=0
2026-04-29T12:20:40.672927739 SPREAD IREN NASDAQ  [42.6]  42.68x100 | 42.7x300  [0]  ema=42.702533  pos=-750  realized=-14.573238 fees=0.296479 net=-14.869717 unrealized=-70.07825
2026-04-29T12:20:40.672939175 SPREAD VISN NASDAQ  [10.45]  10.54x500 | 10.55x700  [10.59]  ema=10.546157  pos=200  realized=0 fees=0.0406 net=-0.0406 unrealized=5
2026-04-29T12:20:40.672946350 SPREAD BBIO NASDAQ  [70.58]  70.72x300 | 70.82x200  [0]  ema=70.689583  pos=0  realized=0 fees=0 net=0 unrealized=0
2026-04-29T12:20:40.672953530 SPREAD CORZ NASDAQ  [19.66]  19.7x1100 | 19.71x800  [19.73]  ema=19.702767  pos=-200  realized=0 fees=0 net=0 unrealized=-4.4
2026-04-29T12:20:46.317576842 VISN replacing sell order: 10.59 -> 10.57 (pos=200 spread=0.01 bid=10.54x500 ask=10.55x800)
2026-04-29T12:20:46.343970719 VISN replacing buy order: 10.45 -> 10.52 (pos=200 spread=0.01 bid=10.54x500 ask=10.55x800)
2026-04-29T12:20:46.356523169 VISN order replaced: replaced sell 100 @ 10.59 pos=0 filled=0/100
2026-04-29T12:20:46.370328675 VISN order replaced: replaced buy 100 @ 10.45 pos=0 filled=0/100
2026-04-29T12:20:46.671070092 BALANCE long=$2109 (1) short=$39335 (3) expose=$-37226 | realize=-12.073238 fee=0.971694 net=-13.044932 unrealized=-58.72825 equity=-71.773182 liquidate=-86.523182 | fills=19 pending=8 | ofails=0/24
2026-04-29T12:20:46.671128325 SPREAD KO NYSE  [78.94]  79.01x1000 | 79.02x300  [0]  ema=79.023295  pos=0  realized=2.5 fees=0.445443 net=2.054557 unrealized=0
2026-04-29T12:20:46.671139269 SPREAD WBD NASDAQ  [0]  27.03x5000 | 27.04x3400  [27.07]  ema=27.03559  pos=0  realized=0 fees=0 net=0 unrealized=0
2026-04-29T12:20:46.671149497 SPREAD AAL NASDAQ  [11.29]  11.3x13100 | 11.31x13500  [11.32]  ema=11.304262  pos=-300  realized=0 fees=0.189172 net=-0.189172 unrealized=-4.5
2026-04-29T12:20:46.671158705 SPREAD MARA NASDAQ  [0]  10.33x3300 | 10.34x7500  [10.36]  ema=10.334158  pos=0  realized=0 fees=0 net=0 unrealized=0
2026-04-29T12:20:46.671186252 SPREAD IREN NASDAQ  [42.6]  42.66x400 | 42.69x300  [0]  ema=42.676452  pos=-750  realized=-14.573238 fees=0.296479 net=-14.869717 unrealized=-58.82825
2026-04-29T12:20:46.671196593 SPREAD VISN NASDAQ  [10.52]  10.54x500 | 10.55x700  [10.57]  ema=10.54607  pos=200  realized=0 fees=0.0406 net=-0.0406 unrealized=5
2026-04-29T12:20:46.671210416 SPREAD BBIO NASDAQ  [70.58]  70.72x300 | 70.82x200  [0]  ema=70.689583  pos=0  realized=0 fees=0 net=0 unrealized=0
2026-04-29T12:20:46.671218775 SPREAD CORZ NASDAQ  [19.66]  19.68x1400 | 19.69x700  [19.73]  ema=19.690928  pos=-200  realized=0 fees=0 net=0 unrealized=-0.4
2026-04-29T12:20:46.869476187 CORZ replacing buy order: 19.66 -> 19.64 (pos=-200 spread=0.01 bid=19.66x600 ask=19.67x700)
2026-04-29T12:20:46.883030531 CORZ replacing sell order: 19.73 -> 19.71 (pos=-200 spread=0.01 bid=19.66x600 ask=19.67x700)
2026-04-29T12:20:46.896170126 CORZ order replaced: replaced buy 100 @ 19.66 pos=0 filled=0/100
2026-04-29T12:20:46.907849473 CORZ order replaced: replaced sell 100 @ 19.73 pos=0 filled=0/100
2026-04-29T12:20:51.671420540 BALANCE long=$2109 (1) short=$39312 (3) expose=$-37203 | realize=-12.073238 fee=0.971694 net=-13.044932 unrealized=-35.97825 equity=-49.023182 liquidate=-60.023182 | fills=19 pending=8 | ofails=0/24
2026-04-29T12:20:51.671468420 SPREAD KO NYSE  [78.94]  79.01x900 | 79.02x300  [0]  ema=79.02107  pos=0  realized=2.5 fees=0.445443 net=2.054557 unrealized=0
2026-04-29T12:20:51.671480237 SPREAD WBD NASDAQ  [0]  27.03x5300 | 27.04x2900  [27.07]  ema=27.035569  pos=0  realized=0 fees=0 net=0 unrealized=0
2026-04-29T12:20:51.671493295 SPREAD AAL NASDAQ  [11.29]  11.3x13100 | 11.31x13600  [11.32]  ema=11.304271  pos=-300  realized=0 fees=0.189172 net=-0.189172 unrealized=-4.5
2026-04-29T12:20:51.671503500 SPREAD MARA NASDAQ  [0]  10.33x2400 | 10.34x9500  [10.36]  ema=10.334471  pos=0  realized=0 fees=0 net=0 unrealized=0
2026-04-29T12:20:51.671514185 SPREAD IREN NASDAQ  [42.6]  42.64x200 | 42.66x400  [0]  ema=42.667153  pos=-750  realized=-14.573238 fees=0.296479 net=-14.869717 unrealized=-40.07825
2026-04-29T12:20:51.671524411 SPREAD VISN NASDAQ  [10.52]  10.54x500 | 10.55x700  [10.57]  ema=10.54607  pos=200  realized=0 fees=0.0406 net=-0.0406 unrealized=5
2026-04-29T12:20:51.671534085 SPREAD BBIO NASDAQ  [70.58]  70.72x200 | 70.82x200  [0]  ema=70.690588  pos=0  realized=0 fees=0 net=0 unrealized=0
2026-04-29T12:20:51.671543177 SPREAD CORZ NASDAQ  [19.64]  19.66x800 | 19.67x500  [19.71]  ema=19.671248  pos=-200  realized=0 fees=0 net=0 unrealized=3.6
2026-04-29T12:20:57.671338025 BALANCE long=$2109 (1) short=$39312 (3) expose=$-37203 | realize=-12.073238 fee=0.971694 net=-13.044932 unrealized=-35.97825 equity=-49.023182 liquidate=-60.023182 | fills=19 pending=8 | ofails=0/24
2026-04-29T12:20:57.671447444 SPREAD KO NYSE  [78.94]  79.03x800 | 79.04x300  [0]  ema=79.027214  pos=0  realized=2.5 fees=0.445443 net=2.054557 unrealized=0
2026-04-29T12:20:57.671459594 SPREAD WBD NASDAQ  [0]  27.03x5600 | 27.04x2900  [27.07]  ema=27.035477  pos=0  realized=0 fees=0 net=0 unrealized=0
2026-04-29T12:20:57.671467038 SPREAD AAL NASDAQ  [11.29]  11.3x13100 | 11.31x13600  [11.32]  ema=11.304271  pos=-300  realized=0 fees=0.189172 net=-0.189172 unrealized=-4.5
2026-04-29T12:20:57.671477413 SPREAD MARA NASDAQ  [0]  10.33x3000 | 10.34x8000  [10.36]  ema=10.334688  pos=0  realized=0 fees=0 net=0 unrealized=0
2026-04-29T12:20:57.671487806 SPREAD IREN NASDAQ  [42.6]  42.64x200 | 42.66x400  [0]  ema=42.664741  pos=-750  realized=-14.573238 fees=0.296479 net=-14.869717 unrealized=-40.07825
2026-04-29T12:20:57.671497521 SPREAD VISN NASDAQ  [10.52]  10.54x500 | 10.55x700  [10.57]  ema=10.546056  pos=200  realized=0 fees=0.0406 net=-0.0406 unrealized=5
2026-04-29T12:20:57.671503685 SPREAD BBIO NASDAQ  [70.58]  70.72x200 | 70.82x200  [0]  ema=70.690588  pos=0  realized=0 fees=0 net=0 unrealized=0
2026-04-29T12:20:57.671515157 SPREAD CORZ NASDAQ  [19.64]  19.66x1100 | 19.67x400  [19.71]  ema=19.670231  pos=-200  realized=0 fees=0 net=0 unrealized=3.6
2026-04-29T12:21:02.671959361 BALANCE long=$2109 (1) short=$39348 (3) expose=$-37239 | realize=-12.073238 fee=0.971694 net=-13.044932 unrealized=-71.72825 equity=-84.773182 liquidate=-92.023182 | fills=19 pending=8 | ofails=0/24
2026-04-29T12:21:02.672021852 SPREAD KO NYSE  [78.94]  79.02x1000 | 79.03x100  [0]  ema=79.029064  pos=0  realized=2.5 fees=0.445443 net=2.054557 unrealized=0
2026-04-29T12:21:02.672811768 SPREAD WBD NASDAQ  [0]  27.03x6000 | 27.04x2900  [27.07]  ema=27.035369  pos=0  realized=0 fees=0 net=0 unrealized=0
2026-04-29T12:21:02.672823131 SPREAD AAL NASDAQ  [11.29]  11.3x12900 | 11.31x7300  [11.32]  ema=11.304336  pos=-300  realized=0 fees=0.189172 net=-0.189172 unrealized=-4.5
2026-04-29T12:21:02.672828103 SPREAD MARA NASDAQ  [0]  10.33x4300 | 10.34x7200  [10.36]  ema=10.334779  pos=0  realized=0 fees=0 net=0 unrealized=0
2026-04-29T12:21:02.672833120 SPREAD IREN NASDAQ  [42.6]  42.69x300 | 42.7x600  [0]  ema=42.683987  pos=-750  realized=-14.573238 fees=0.296479 net=-14.869717 unrealized=-73.82825
2026-04-29T12:21:02.672839181 SPREAD VISN NASDAQ  [10.52]  10.54x500 | 10.55x600  [10.57]  ema=10.546015  pos=200  realized=0 fees=0.0406 net=-0.0406 unrealized=5
2026-04-29T12:21:02.672845355 SPREAD BBIO NASDAQ  [70.58]  70.72x200 | 70.82x200  [0]  ema=70.690588  pos=0  realized=0 fees=0 net=0 unrealized=0
2026-04-29T12:21:02.672853181 SPREAD CORZ NASDAQ  [19.64]  19.67x900 | 19.68x200  [19.71]  ema=19.672716  pos=-200  realized=0 fees=0 net=0 unrealized=1.6
2026-04-29T12:21:07.672037644 BALANCE long=$2109 (1) short=$39342 (3) expose=$-37233 | realize=-12.073238 fee=0.971694 net=-13.044932 unrealized=-66.22825 equity=-79.273182 liquidate=-94.023182 | fills=19 pending=8 | ofails=0/24
2026-04-29T12:21:07.672128098 SPREAD KO NYSE  [78.94]  79.02x400 | 79.03x700  [0]  ema=79.028358  pos=0  realized=2.5 fees=0.445443 net=2.054557 unrealized=0
2026-04-29T12:21:07.672918128 SPREAD WBD NASDAQ  [0]  27.03x5400 | 27.04x3800  [27.07]  ema=27.035254  pos=0  realized=0 fees=0 net=0 unrealized=0
2026-04-29T12:21:07.672933528 SPREAD AAL NASDAQ  [11.29]  11.3x12900 | 11.31x6900  [11.32]  ema=11.304396  pos=-300  realized=0 fees=0.189172 net=-0.189172 unrealized=-4.5
2026-04-29T12:21:07.672943007 SPREAD MARA NASDAQ  [0]  10.33x3100 | 10.34x8500  [10.36]  ema=10.334806  pos=0  realized=0 fees=0 net=0 unrealized=0
2026-04-29T12:21:07.672950932 SPREAD IREN NASDAQ  [42.6]  42.67x300 | 42.7x700  [0]  ema=42.684932  pos=-750  realized=-14.573238 fees=0.296479 net=-14.869717 unrealized=-66.32825
2026-04-29T12:21:07.672962322 SPREAD VISN NASDAQ  [10.52]  10.54x500 | 10.55x800  [10.57]  ema=10.545963  pos=200  realized=0 fees=0.0406 net=-0.0406 unrealized=5
2026-04-29T12:21:07.672974999 SPREAD BBIO NASDAQ  [70.58]  70.72x200 | 70.82x200  [0]  ema=70.690588  pos=0  realized=0 fees=0 net=0 unrealized=0
2026-04-29T12:21:07.672982535 SPREAD CORZ NASDAQ  [19.64]  19.68x400 | 19.69x1300  [19.71]  ema=19.676447  pos=-200  realized=0 fees=0 net=0 unrealized=-0.4
2026-04-29T12:21:13.671332310 BALANCE long=$2109 (1) short=$39347 (3) expose=$-37238 | realize=-12.073238 fee=0.971694 net=-13.044932 unrealized=-70.72825 equity=-83.773182 liquidate=-91.023182 | fills=19 pending=8 | ofails=0/24
2026-04-29T12:21:13.671384585 SPREAD KO NYSE  [78.94]  79.01x400 | 79.02x400  [0]  ema=79.021085  pos=0  realized=2.5 fees=0.445443 net=2.054557 unrealized=0
2026-04-29T12:21:13.671396786 SPREAD WBD NASDAQ  [0]  27.04x3700 | 27.05x4500  [27.07]  ema=27.04018  pos=0  realized=0 fees=0 net=0 unrealized=0
2026-04-29T12:21:13.671406478 SPREAD AAL NASDAQ  [11.29]  11.29x7200 | 11.3x10400  [11.32]  ema=11.297867  pos=-300  realized=0 fees=0.189172 net=-0.189172 unrealized=-1.5
2026-04-29T12:21:13.671417186 SPREAD MARA NASDAQ  [0]  10.33x3200 | 10.34x8500  [10.36]  ema=10.334856  pos=0  realized=0 fees=0 net=0 unrealized=0
2026-04-29T12:21:13.671423816 SPREAD IREN NASDAQ  [42.6]  42.69x300 | 42.7x100  [0]  ema=42.695657  pos=-750  realized=-14.573238 fees=0.296479 net=-14.869717 unrealized=-73.82825
2026-04-29T12:21:13.671435061 SPREAD VISN NASDAQ  [10.52]  10.54x600 | 10.55x800  [10.57]  ema=10.545902  pos=200  realized=0 fees=0.0406 net=-0.0406 unrealized=5
2026-04-29T12:21:13.671458001 SPREAD BBIO NASDAQ  [70.58]  70.72x300 | 70.82x200  [0]  ema=70.691581  pos=0  realized=0 fees=0 net=0 unrealized=0
2026-04-29T12:21:13.671465117 SPREAD CORZ NASDAQ  [19.64]  19.68x900 | 19.69x1300  [19.71]  ema=19.67927  pos=-200  realized=0 fees=0 net=0 unrealized=-0.4
2026-04-29T12:21:19.671196452 BALANCE long=$2109 (1) short=$39347 (3) expose=$-37238 | realize=-12.073238 fee=0.971694 net=-13.044932 unrealized=-70.72825 equity=-83.773182 liquidate=-91.023182 | fills=19 pending=8 | ofails=0/24
2026-04-29T12:21:19.671256179 SPREAD KO NYSE  [78.94]  79x1000 | 79.01x200  [0]  ema=79.018382  pos=0  realized=2.5 fees=0.445443 net=2.054557 unrealized=0
2026-04-29T12:21:19.671270881 SPREAD WBD NASDAQ  [0]  27.04x2800 | 27.05x8000  [27.07]  ema=27.042684  pos=0  realized=0 fees=0 net=0 unrealized=0
2026-04-29T12:21:19.671278670 SPREAD AAL NASDAQ  [11.29]  11.29x3800 | 11.3x18100  [11.32]  ema=11.297352  pos=-300  realized=0 fees=0.189172 net=-0.189172 unrealized=-1.5
2026-04-29T12:21:19.671288559 SPREAD MARA NASDAQ  [0]  10.33x3600 | 10.34x8500  [10.36]  ema=10.334896  pos=0  realized=0 fees=0 net=0 unrealized=0
2026-04-29T12:21:19.671298751 SPREAD IREN NASDAQ  [42.6]  42.69x300 | 42.7x100  [0]  ema=42.699273  pos=-750  realized=-14.573238 fees=0.296479 net=-14.869717 unrealized=-73.82825
2026-04-29T12:21:19.671306039 SPREAD VISN NASDAQ  [10.52]  10.54x600 | 10.55x800  [10.57]  ema=10.545902  pos=200  realized=0 fees=0.0406 net=-0.0406 unrealized=5
2026-04-29T12:21:19.671315728 SPREAD BBIO NASDAQ  [70.58]  70.72x300 | 70.82x200  [0]  ema=70.691581  pos=0  realized=0 fees=0 net=0 unrealized=0
2026-04-29T12:21:19.671325208 SPREAD CORZ NASDAQ  [19.64]  19.68x1000 | 19.69x1500  [19.71]  ema=19.681432  pos=-200  realized=0 fees=0 net=0 unrealized=-0.4
2026-04-29T12:21:24.671266016 BALANCE long=$2109 (1) short=$39354 (3) expose=$-37245 | realize=-12.073238 fee=0.971694 net=-13.044932 unrealized=-78.22825 equity=-91.273182 liquidate=-98.523182 | fills=19 pending=8 | ofails=0/24
2026-04-29T12:21:24.671319332 SPREAD KO NYSE  [78.94]  79.01x200 | 79.02x1000  [0]  ema=79.016246  pos=0  realized=2.5 fees=0.445443 net=2.054557 unrealized=0
2026-04-29T12:21:24.671331376 SPREAD WBD NASDAQ  [0]  27.04x2800 | 27.05x7900  [27.07]  ema=27.042977  pos=0  realized=0 fees=0 net=0 unrealized=0
2026-04-29T12:21:24.671339430 SPREAD AAL NASDAQ  [11.29]  11.29x4200 | 11.3x18100  [11.32]  ema=11.297079  pos=-300  realized=0 fees=0.189172 net=-0.189172 unrealized=-1.5
2026-04-29T12:21:24.671349415 SPREAD MARA NASDAQ  [0]  10.33x4400 | 10.34x6200  [10.36]  ema=10.334924  pos=0  realized=0 fees=0 net=0 unrealized=0
2026-04-29T12:21:24.671357180 SPREAD IREN NASDAQ  [42.6]  42.7x300 | 42.71x100  [0]  ema=42.700102  pos=-750  realized=-14.573238 fees=0.296479 net=-14.869717 unrealized=-81.32825
2026-04-29T12:21:24.671366449 SPREAD VISN NASDAQ  [10.52]  10.54x600 | 10.55x800  [10.57]  ema=10.545823  pos=200  realized=0 fees=0.0406 net=-0.0406 unrealized=5
2026-04-29T12:21:24.671433478 SPREAD BBIO NASDAQ  [70.58]  70.72x300 | 70.82x100  [0]  ema=70.692561  pos=0  realized=0 fees=0 net=0 unrealized=0
2026-04-29T12:21:24.671445417 SPREAD CORZ NASDAQ  [19.64]  19.68x1200 | 19.69x1400  [19.71]  ema=19.682905  pos=-200  realized=0 fees=0 net=0 unrealized=-0.4
2026-04-29T12:21:28.681941595 CORZ order fill: filled buy 100 @ 19.64 pos=-100 filled=100/100
2026-04-29T12:21:28.681963129 CORZ filled 100 @ 19.64 | pos=-100 | fill_pnl=4.3 | fee=0.0203 | realized=4.3 | total_pnl=-7.773238 | total_fees=0.991994 | fills=20 shares=1401 | greed=0/0
2026-04-29T12:21:28.702023326 CORZ replacing sell order: 19.71 -> 19.76 (pos=-100 spread=0.01 bid=19.68x1000 ask=19.69x800)
2026-04-29T12:21:28.704409147 CORZ placed buy 100 @ 19.57 -> NASDAQ (pos=-100 spread=0.01 bid=19.68x1000 ask=19.69x800)
2026-04-29T12:21:28.715807454 CORZ order pending_new: pending_new buy 100 @ 19.57 pos=0 filled=0/100
2026-04-29T12:21:28.727617199 CORZ order replaced: replaced sell 100 @ 19.71 pos=0 filled=0/100
2026-04-29T12:21:28.727640490 CORZ order new: new buy 100 @ 19.57 pos=0 filled=0/100
2026-04-29T12:21:28.834271230 CORZ replacing sell order: 19.76 -> 19.74 (pos=-100 spread=0 bid=19.65x1100 ask=19.65x400)
2026-04-29T12:21:28.836593756 CORZ replacing buy order: 19.57 -> 19.55 (pos=-100 spread=0 bid=19.65x1100 ask=19.65x400)
2026-04-29T12:21:28.859955112 CORZ order replaced: replaced sell 100 @ 19.76 pos=0 filled=0/100
2026-04-29T12:21:28.859984892 CORZ order replaced: replaced buy 100 @ 19.57 pos=0 filled=0/100
2026-04-29T12:21:28.880301553 CORZ replacing sell order: 19.74 -> 19.72 (pos=-100 spread=0.01 bid=19.65x1100 ask=19.66x2500)
2026-04-29T12:21:28.882400306 CORZ replacing buy order: 19.55 -> 19.53 (pos=-100 spread=0.01 bid=19.65x1100 ask=19.66x2500)
2026-04-29T12:21:28.906257380 CORZ order replaced: replaced sell 100 @ 19.74 pos=0 filled=0/100
2026-04-29T12:21:28.906278105 CORZ order replaced: replaced buy 100 @ 19.55 pos=0 filled=0/100
2026-04-29T12:21:29.671686896 BALANCE long=$2109 (1) short=$37378 (3) expose=$-35269 | realize=-7.773238 fee=0.991994 net=-8.765232 unrealized=-70.27825 equity=-79.043482 liquidate=-89.543482 | fills=20 pending=8 | ofails=0/25
2026-04-29T12:21:29.671761612 SPREAD KO NYSE  [78.94]  79x1000 | 79.01x100  [0]  ema=79.008346  pos=0  realized=2.5 fees=0.445443 net=2.054557 unrealized=0
2026-04-29T12:21:29.672546503 SPREAD WBD NASDAQ  [0]  27.04x2800 | 27.05x6600  [27.07]  ema=27.043167  pos=0  realized=0 fees=0 net=0 unrealized=0
2026-04-29T12:21:29.672558127 SPREAD AAL NASDAQ  [11.29]  11.29x5400 | 11.3x14900  [11.32]  ema=11.296548  pos=-300  realized=0 fees=0.189172 net=-0.189172 unrealized=-1.5
2026-04-29T12:21:29.672564448 SPREAD MARA NASDAQ  [0]  10.33x4300 | 10.34x3900  [10.36]  ema=10.334937  pos=0  realized=0 fees=0 net=0 unrealized=0
2026-04-29T12:21:29.672576648 SPREAD IREN NASDAQ  [42.6]  42.69x400 | 42.71x200  [0]  ema=42.70557  pos=-750  realized=-14.573238 fees=0.296479 net=-14.869717 unrealized=-77.57825
2026-04-29T12:21:29.672587393 SPREAD VISN NASDAQ  [10.52]  10.54x700 | 10.55x900  [10.57]  ema=10.54571  pos=200  realized=0 fees=0.0406 net=-0.0406 unrealized=5
2026-04-29T12:21:29.672596903 SPREAD BBIO NASDAQ  [70.58]  70.72x300 | 70.82x100  [0]  ema=70.692561  pos=0  realized=0 fees=0 net=0 unrealized=0
2026-04-29T12:21:29.672604417 SPREAD CORZ NASDAQ  [19.53]  19.64x900 | 19.65x1700  [19.72]  ema=19.645922  pos=-100  realized=4.3 fees=0.0203 net=4.2797 unrealized=3.8
2026-04-29T12:21:30.950654202 CORZ replacing sell order: 19.72 -> 19.68 (pos=-100 spread=0.01 bid=19.64x700 ask=19.65x1900)
2026-04-29T12:21:30.952989966 CORZ replacing buy order: 19.53 -> 19.61 (pos=-100 spread=0.01 bid=19.64x700 ask=19.65x1900)
2026-04-29T12:21:30.975034635 CORZ order replaced: replaced sell 100 @ 19.72 pos=0 filled=0/100
2026-04-29T12:21:30.975050711 CORZ order replaced: replaced buy 100 @ 19.53 pos=0 filled=0/100
2026-04-29T12:21:31.348442357 BBIO replacing buy order: 70.58 -> 70.63 (pos=0 spread=0.08 bid=70.74x100 ask=70.82x100)
2026-04-29T12:21:31.373184876 BBIO order replaced: replaced buy 100 @ 70.58 pos=0 filled=0/100
2026-04-29T12:21:35.671949435 BALANCE long=$2109 (1) short=$37371 (3) expose=$-35262 | realize=-7.773238 fee=0.991994 net=-8.765232 unrealized=-62.77825 equity=-71.543482 liquidate=-82.043482 | fills=20 pending=8 | ofails=0/25
2026-04-29T12:21:35.672005049 SPREAD KO NYSE  [78.94]  78.99x500 | 79x600  [0]  ema=79.003018  pos=0  realized=2.5 fees=0.445443 net=2.054557 unrealized=0
2026-04-29T12:21:35.672016872 SPREAD WBD NASDAQ  [0]  27.04x3900 | 27.05x7400  [27.07]  ema=27.043567  pos=0  realized=0 fees=0 net=0 unrealized=0
2026-04-29T12:21:35.672027871 SPREAD AAL NASDAQ  [11.29]  11.29x4400 | 11.3x14900  [11.32]  ema=11.296289  pos=-300  realized=0 fees=0.189172 net=-0.189172 unrealized=-1.5
2026-04-29T12:21:35.672038352 SPREAD MARA NASDAQ  [0]  10.33x4200 | 10.34x4000  [10.36]  ema=10.334948  pos=0  realized=0 fees=0 net=0 unrealized=0
2026-04-29T12:21:35.672048428 SPREAD IREN NASDAQ  [42.6]  42.68x300 | 42.7x200  [0]  ema=42.692276  pos=-750  realized=-14.573238 fees=0.296479 net=-14.869717 unrealized=-70.07825
2026-04-29T12:21:35.672073402 SPREAD VISN NASDAQ  [10.52]  10.54x700 | 10.55x900  [10.57]  ema=10.54571  pos=200  realized=0 fees=0.0406 net=-0.0406 unrealized=5
2026-04-29T12:21:35.672084259 SPREAD BBIO NASDAQ  [70.63]  70.72x300 | 70.79x100  [0]  ema=70.743743  pos=0  realized=0 fees=0 net=0 unrealized=0
2026-04-29T12:21:35.672098869 SPREAD CORZ NASDAQ  [19.61]  19.64x400 | 19.65x1300  [19.68]  ema=19.641259  pos=-100  realized=4.3 fees=0.0203 net=4.2797 unrealized=3.8
2026-04-29T12:21:39.273863505 CORZ replacing sell order: 19.68 -> 19.66 (pos=-100 spread=0.01 bid=19.61x300 ask=19.62x1700)
2026-04-29T12:21:39.279640098 CORZ replacing buy order: 19.61 -> 19.59 (pos=-100 spread=0.01 bid=19.61x300 ask=19.62x1700)
2026-04-29T12:21:39.301402378 CORZ order replaced: replaced sell 100 @ 19.68 pos=0 filled=0/100
2026-04-29T12:21:39.301429917 CORZ order replaced: replaced buy 100 @ 19.61 pos=0 filled=0/100
2026-04-29T12:21:41.671796683 BALANCE long=$2109 (1) short=$37360 (3) expose=$-35251 | realize=-7.773238 fee=0.991994 net=-8.765232 unrealized=-52.27825 equity=-61.043482 liquidate=-71.543482 | fills=20 pending=8 | ofails=0/25
2026-04-29T12:21:41.671850007 SPREAD KO NYSE  [78.94]  79x1200 | 79.01x400  [0]  ema=79.002504  pos=0  realized=2.5 fees=0.445443 net=2.054557 unrealized=0
2026-04-29T12:21:41.671862130 SPREAD WBD NASDAQ  [0]  27.04x4700 | 27.05x6600  [27.07]  ema=27.043849  pos=0  realized=0 fees=0 net=0 unrealized=0
2026-04-29T12:21:41.671869670 SPREAD AAL NASDAQ  [11.29]  11.29x3900 | 11.3x18100  [11.32]  ema=11.296228  pos=-300  realized=0 fees=0.189172 net=-0.189172 unrealized=-1.5
2026-04-29T12:21:41.671879810 SPREAD MARA NASDAQ  [0]  10.33x3200 | 10.34x4300  [10.36]  ema=10.334955  pos=0  realized=0 fees=0 net=0 unrealized=0
2026-04-29T12:21:41.671889924 SPREAD IREN NASDAQ  [42.6]  42.67x300 | 42.69x200  [0]  ema=42.685832  pos=-750  realized=-14.573238 fees=0.296479 net=-14.869717 unrealized=-62.57825
2026-04-29T12:21:41.671899907 SPREAD VISN NASDAQ  [10.52]  10.54x700 | 10.55x900  [10.57]  ema=10.54571  pos=200  realized=0 fees=0.0406 net=-0.0406 unrealized=5
2026-04-29T12:21:41.671908509 SPREAD BBIO NASDAQ  [70.63]  70.72x300 | 70.79x100  [0]  ema=70.743743  pos=0  realized=0 fees=0 net=0 unrealized=0
2026-04-29T12:21:41.671915231 SPREAD CORZ NASDAQ  [19.59]  19.61x300 | 19.62x1800  [19.66]  ema=19.620342  pos=-100  realized=4.3 fees=0.0203 net=4.2797 unrealized=6.8
2026-04-29T12:21:47.671975639 BALANCE long=$2109 (1) short=$37345 (3) expose=$-35236 | realize=-7.773238 fee=0.991994 net=-8.765232 unrealized=-37.27825 equity=-46.043482 liquidate=-56.543482 | fills=20 pending=8 | ofails=0/25
2026-04-29T12:21:47.672041249 SPREAD KO NYSE  [78.94]  79x1000 | 79.01x300  [0]  ema=79.002951  pos=0  realized=2.5 fees=0.445443 net=2.054557 unrealized=0
2026-04-29T12:21:47.672051446 SPREAD WBD NASDAQ  [0]  27.04x3800 | 27.05x7000  [27.07]  ema=27.044431  pos=0  realized=0 fees=0 net=0 unrealized=0
2026-04-29T12:21:47.672057206 SPREAD AAL NASDAQ  [11.29]  11.29x3900 | 11.3x18100  [11.32]  ema=11.296101  pos=-300  realized=0 fees=0.189172 net=-0.189172 unrealized=-1.5
2026-04-29T12:21:47.672071681 SPREAD MARA NASDAQ  [0]  10.33x7100 | 10.34x4300  [10.36]  ema=10.334965  pos=0  realized=0 fees=0 net=0 unrealized=0
2026-04-29T12:21:47.672079325 SPREAD IREN NASDAQ  [42.6]  42.65x500 | 42.67x300  [0]  ema=42.679705  pos=-750  realized=-14.573238 fees=0.296479 net=-14.869717 unrealized=-47.57825
2026-04-29T12:21:47.672087442 SPREAD VISN NASDAQ  [10.52]  10.54x700 | 10.55x800  [10.57]  ema=10.545665  pos=200  realized=0 fees=0.0406 net=-0.0406 unrealized=5
2026-04-29T12:21:47.672093285 SPREAD BBIO NASDAQ  [70.63]  70.72x300 | 70.79x100  [0]  ema=70.743743  pos=0  realized=0 fees=0 net=0 unrealized=0
2026-04-29T12:21:47.672100172 SPREAD CORZ NASDAQ  [19.59]  19.61x300 | 19.62x1900  [19.66]  ema=19.617412  pos=-100  realized=4.3 fees=0.0203 net=4.2797 unrealized=6.8
2026-04-29T12:21:53.671656336 BALANCE long=$2109 (1) short=$37348 (3) expose=$-35239 | realize=-7.773238 fee=0.991994 net=-8.765232 unrealized=-40.02825 equity=-48.793482 liquidate=-55.543482 | fills=20 pending=8 | ofails=0/25
2026-04-29T12:21:53.671733928 SPREAD KO NYSE  [78.94]  79x100 | 79.01x300  [0]  ema=79.003004  pos=0  realized=2.5 fees=0.445443 net=2.054557 unrealized=0
2026-04-29T12:21:53.671746133 SPREAD WBD NASDAQ  [0]  27.04x4400 | 27.05x6600  [27.07]  ema=27.044493  pos=0  realized=0 fees=0 net=0 unrealized=0
2026-04-29T12:21:53.671754176 SPREAD AAL NASDAQ  [11.29]  11.29x3900 | 11.3x18100  [11.32]  ema=11.296049  pos=-300  realized=0 fees=0.189172 net=-0.189172 unrealized=-1.5
2026-04-29T12:21:53.671764914 SPREAD MARA NASDAQ  [0]  10.33x6900 | 10.34x7100  [10.36]  ema=10.334971  pos=0  realized=0 fees=0 net=0 unrealized=0
2026-04-29T12:21:53.671774673 SPREAD IREN NASDAQ  [42.6]  42.66x100 | 42.67x200  [0]  ema=42.670946  pos=-750  realized=-14.573238 fees=0.296479 net=-14.869717 unrealized=-51.32825
2026-04-29T12:21:53.671782216 SPREAD VISN NASDAQ  [10.52]  10.54x700 | 10.55x800  [10.57]  ema=10.545665  pos=200  realized=0 fees=0.0406 net=-0.0406 unrealized=5
2026-04-29T12:21:53.671790059 SPREAD BBIO NASDAQ  [70.63]  70.72x300 | 70.79x100  [0]  ema=70.743743  pos=0  realized=0 fees=0 net=0 unrealized=0
2026-04-29T12:21:53.671796871 SPREAD CORZ NASDAQ  [19.59]  19.6x200 | 19.61x1500  [19.66]  ema=19.614134  pos=-100  realized=4.3 fees=0.0203 net=4.2797 unrealized=7.8
2026-04-29T12:21:57.155897884 CORZ replacing sell order: 19.66 -> 19.64 (pos=-100 spread=0.01 bid=19.59x600 ask=19.6x1900)
2026-04-29T12:21:57.158545990 CORZ replacing buy order: 19.59 -> 19.57 (pos=-100 spread=0.01 bid=19.59x600 ask=19.6x1900)
2026-04-29T12:21:57.180294948 CORZ order replaced: replaced sell 100 @ 19.66 pos=0 filled=0/100
2026-04-29T12:21:57.180313118 CORZ order replaced: replaced buy 100 @ 19.59 pos=0 filled=0/100
2026-04-29T12:21:59.671518212 BALANCE long=$2109 (1) short=$37301 (3) expose=$-35192 | realize=-7.773238 fee=0.991994 net=-8.765232 unrealized=6.97175 equity=-1.793482 liquidate=-8.543482 | fills=20 pending=8 | ofails=0/25
2026-04-29T12:21:59.671577163 SPREAD KO NYSE  [78.94]  79.01x900 | 79.02x200  [0]  ema=79.006845  pos=0  realized=2.5 fees=0.445443 net=2.054557 unrealized=0
2026-04-29T12:21:59.671588875 SPREAD WBD NASDAQ  [0]  27.03x5100 | 27.04x5000  [27.07]  ema=27.041314  pos=0  realized=0 fees=0 net=0 unrealized=0
2026-04-29T12:21:59.671598884 SPREAD AAL NASDAQ  [11.29]  11.29x3800 | 11.3x18100  [11.32]  ema=11.296036  pos=-300  realized=0 fees=0.189172 net=-0.189172 unrealized=-1.5
2026-04-29T12:21:59.671608274 SPREAD MARA NASDAQ  [0]  10.32x2400 | 10.33x9700  [10.36]  ema=10.328855  pos=0  realized=0 fees=0 net=0 unrealized=0
2026-04-29T12:21:59.671615554 SPREAD IREN NASDAQ  [42.6]  42.6x600 | 42.61x300  [0]  ema=42.621643  pos=-750  realized=-14.573238 fees=0.296479 net=-14.869717 unrealized=-6.32825
2026-04-29T12:21:59.671625960 SPREAD VISN NASDAQ  [10.52]  10.54x800 | 10.55x1000  [10.57]  ema=10.545537  pos=200  realized=0 fees=0.0406 net=-0.0406 unrealized=5
2026-04-29T12:21:59.671632156 SPREAD BBIO NASDAQ  [70.63]  70.72x300 | 70.78x100  [0]  ema=70.743821  pos=0  realized=0 fees=0 net=0 unrealized=0
2026-04-29T12:21:59.671638516 SPREAD CORZ NASDAQ  [19.57]  19.58x300 | 19.59x1300  [19.64]  ema=19.597968  pos=-100  realized=4.3 fees=0.0203 net=4.2797 unrealized=9.8
2026-04-29T12:22:04.825334975 IREN order fill: filled buy 100 @ 42.6 pos=-651 filled=100/100
2026-04-29T12:22:04.826014529 IREN filled 99 @ 42.6 | pos=-651 | fill_pnl=-0.340362 | fee=0.0198 | realized=-14.9136 | total_pnl=-8.1136 | total_fees=1.011794 | fills=21 shares=1500 | greed=0/0
2026-04-29T12:22:04.864598454 IREN placed sell 100 @ 42.68 -> NASDAQ (pos=-651 spread=0.01 bid=42.6x600 ask=42.61x300)
2026-04-29T12:22:04.867084705 IREN placed buy 100 @ 42.52 -> NASDAQ (pos=-651 spread=0.01 bid=42.6x600 ask=42.61x300)
2026-04-29T12:22:04.875191024 IREN order pending_new: pending_new sell 100 @ 42.68 pos=0 filled=0/100
2026-04-29T12:22:04.875206644 IREN order pending_new: pending_new buy 100 @ 42.52 pos=0 filled=0/100
2026-04-29T12:22:04.894748194 IREN order new: new sell 100 @ 42.68 pos=0 filled=0/100
2026-04-29T12:22:04.894765533 IREN order new: new buy 100 @ 42.52 pos=0 filled=0/100
2026-04-29T12:22:05.671276929 BALANCE long=$2109 (1) short=$33077 (3) expose=$-30968 | realize=-8.1136 fee=1.011794 net=-9.125394 unrealized=13.317112 equity=4.191718 liquidate=-8.573282 | fills=21 pending=8 | ofails=0/27
2026-04-29T12:22:05.671320399 SPREAD KO NYSE  [78.94]  79.02x200 | 79.03x900  [0]  ema=79.016167  pos=0  realized=2.5 fees=0.445443 net=2.054557 unrealized=0
2026-04-29T12:22:05.671332519 SPREAD WBD NASDAQ  [0]  27.03x5500 | 27.04x5000  [27.07]  ema=27.041236  pos=0  realized=0 fees=0 net=0 unrealized=0
2026-04-29T12:22:05.671339471 SPREAD AAL NASDAQ  [11.29]  11.29x4000 | 11.3x18100  [11.32]  ema=11.296024  pos=-300  realized=0 fees=0.189172 net=-0.189172 unrealized=-1.5
2026-04-29T12:22:05.671349059 SPREAD MARA NASDAQ  [0]  10.32x3700 | 10.33x9500  [10.36]  ema=10.327229  pos=0  realized=0 fees=0 net=0 unrealized=0
2026-04-29T12:22:05.671356985 SPREAD IREN NASDAQ  [42.52]  42.58x800 | 42.61x300  [42.68]  ema=42.609957  pos=-651  realized=-14.9136 fees=0.316279 net=-15.229879 unrealized=1.017112
2026-04-29T12:22:05.671367914 SPREAD VISN NASDAQ  [10.52]  10.54x700 | 10.55x1000  [10.57]  ema=10.54553  pos=200  realized=0 fees=0.0406 net=-0.0406 unrealized=5
2026-04-29T12:22:05.671374694 SPREAD BBIO NASDAQ  [70.63]  70.72x100 | 70.78x100  [0]  ema=70.74422  pos=0  realized=0 fees=0 net=0 unrealized=0
2026-04-29T12:22:05.671384324 SPREAD CORZ NASDAQ  [19.57]  19.59x100 | 19.6x1500  [19.64]  ema=19.594143  pos=-100  realized=4.3 fees=0.0203 net=4.2797 unrealized=8.8
2026-04-29T12:22:10.671660368 BALANCE long=$2107 (1) short=$33087 (3) expose=$-30980 | realize=-8.1136 fee=1.011794 net=-9.125394 unrealized=1.552112 equity=-7.573282 liquidate=-17.083282 | fills=21 pending=8 | ofails=0/27
2026-04-29T12:22:10.671745954 SPREAD KO NYSE  [78.94]  79.02x400 | 79.03x700  [0]  ema=79.019225  pos=0  realized=2.5 fees=0.445443 net=2.054557 unrealized=0
2026-04-29T12:22:10.671758908 SPREAD WBD NASDAQ  [0]  27.03x5400 | 27.04x5100  [27.07]  ema=27.041083  pos=0  realized=0 fees=0 net=0 unrealized=0
2026-04-29T12:22:10.671769613 SPREAD AAL NASDAQ  [11.29]  11.29x4600 | 11.3x15000  [11.32]  ema=11.295976  pos=-300  realized=0 fees=0.189172 net=-0.189172 unrealized=-1.5
2026-04-29T12:22:10.671779329 SPREAD MARA NASDAQ  [0]  10.32x3800 | 10.33x9500  [10.36]  ema=10.327201  pos=0  realized=0 fees=0 net=0 unrealized=0
2026-04-29T12:22:10.671786640 SPREAD IREN NASDAQ  [42.52]  42.6x100 | 42.62x300  [42.68]  ema=42.606141  pos=-651  realized=-14.9136 fees=0.316279 net=-15.229879 unrealized=-8.747888
2026-04-29T12:22:10.671794426 SPREAD VISN NASDAQ  [10.52]  10.53x1100 | 10.54x1100  [10.57]  ema=10.540932  pos=200  realized=0 fees=0.0406 net=-0.0406 unrealized=3
2026-04-29T12:22:10.671803681 SPREAD BBIO NASDAQ  [70.63]  70.72x100 | 70.78x100  [0]  ema=70.74422  pos=0  realized=0 fees=0 net=0 unrealized=0
2026-04-29T12:22:10.671811303 SPREAD CORZ NASDAQ  [19.57]  19.59x500 | 19.6x1500  [19.64]  ema=19.594334  pos=-100  realized=4.3 fees=0.0203 net=4.2797 unrealized=8.8
2026-04-29T12:22:16.671253169 BALANCE long=$2107 (1) short=$33087 (3) expose=$-30980 | realize=-8.1136 fee=1.011794 net=-9.125394 unrealized=1.552112 equity=-7.573282 liquidate=-17.083282 | fills=21 pending=8 | ofails=0/27
2026-04-29T12:22:16.671298272 SPREAD KO NYSE  [78.94]  79.01x800 | 79.02x100  [0]  ema=79.019173  pos=0  realized=2.5 fees=0.445443 net=2.054557 unrealized=0
2026-04-29T12:22:16.671308261 SPREAD WBD NASDAQ  [0]  27.03x5600 | 27.04x5100  [27.07]  ema=27.040503  pos=0  realized=0 fees=0 net=0 unrealized=0
2026-04-29T12:22:16.671314257 SPREAD AAL NASDAQ  [11.29]  11.29x5800 | 11.3x16500  [11.32]  ema=11.295732  pos=-300  realized=0 fees=0.189172 net=-0.189172 unrealized=-1.5
2026-04-29T12:22:16.671320582 SPREAD MARA NASDAQ  [0]  10.32x4900 | 10.33x7700  [10.36]  ema=10.326659  pos=0  realized=0 fees=0 net=0 unrealized=0
2026-04-29T12:22:16.671336404 SPREAD IREN NASDAQ  [42.52]  42.6x1000 | 42.62x300  [42.68]  ema=42.603884  pos=-651  realized=-14.9136 fees=0.316279 net=-15.229879 unrealized=-8.747888
2026-04-29T12:22:16.671362910 SPREAD VISN NASDAQ  [10.52]  10.53x1100 | 10.54x900  [10.57]  ema=10.540642  pos=200  realized=0 fees=0.0406 net=-0.0406 unrealized=3
2026-04-29T12:22:16.671373136 SPREAD BBIO NASDAQ  [70.63]  70.72x100 | 70.78x100  [0]  ema=70.74422  pos=0  realized=0 fees=0 net=0 unrealized=0
2026-04-29T12:22:16.671380257 SPREAD CORZ NASDAQ  [19.57]  19.59x500 | 19.6x1300  [19.64]  ema=19.594469  pos=-100  realized=4.3 fees=0.0203 net=4.2797 unrealized=8.8
2026-04-29T12:22:18.135015294 IREN replacing buy order: 42.52 -> 42.57 (pos=-651 spread=0.02 bid=42.6x800 ask=42.62x500)
2026-04-29T12:22:18.151676340 IREN replacing sell order: 42.68 -> 42.64 (pos=-651 spread=0.02 bid=42.6x800 ask=42.62x500)
2026-04-29T12:22:18.161570788 IREN order replaced: replaced buy 100 @ 42.52 pos=0 filled=0/100
2026-04-29T12:22:18.172856410 IREN order replaced: replaced sell 100 @ 42.68 pos=0 filled=0/100
2026-04-29T12:22:21.671980171 BALANCE long=$2107 (1) short=$33081 (3) expose=$-30974 | realize=-8.1136 fee=1.011794 net=-9.125394 unrealized=8.062112 equity=-1.063282 liquidate=-10.573282 | fills=21 pending=8 | ofails=0/27
2026-04-29T12:22:21.672047618 SPREAD KO NYSE  [78.94]  79x500 | 79.01x200  [0]  ema=79.014293  pos=0  realized=2.5 fees=0.445443 net=2.054557 unrealized=0
2026-04-29T12:22:21.672058681 SPREAD WBD NASDAQ  [0]  27.03x6500 | 27.04x4600  [27.07]  ema=27.039507  pos=0  realized=0 fees=0 net=0 unrealized=0
2026-04-29T12:22:21.672951379 SPREAD AAL NASDAQ  [11.29]  11.29x11000 | 11.3x15500  [11.32]  ema=11.295642  pos=-300  realized=0 fees=0.189172 net=-0.189172 unrealized=-1.5
2026-04-29T12:22:21.672970864 SPREAD MARA NASDAQ  [0]  10.32x4900 | 10.33x8800  [10.36]  ema=10.326068  pos=0  realized=0 fees=0 net=0 unrealized=0
2026-04-29T12:22:21.672979251 SPREAD IREN NASDAQ  [42.57]  42.59x100 | 42.61x300  [42.64]  ema=42.602433  pos=-651  realized=-14.9136 fees=0.316279 net=-15.229879 unrealized=-2.237888
2026-04-29T12:22:21.672993265 SPREAD VISN NASDAQ  [10.52]  10.53x1100 | 10.54x1000  [10.57]  ema=10.540435  pos=200  realized=0 fees=0.0406 net=-0.0406 unrealized=3
2026-04-29T12:22:21.673003334 SPREAD BBIO NASDAQ  [70.63]  70.72x100 | 70.78x100  [0]  ema=70.74422  pos=0  realized=0 fees=0 net=0 unrealized=0
2026-04-29T12:22:21.673016369 SPREAD CORZ NASDAQ  [19.57]  19.59x500 | 19.6x1300  [19.64]  ema=19.594543  pos=-100  realized=4.3 fees=0.0203 net=4.2797 unrealized=8.8
2026-04-29T12:22:27.671980854 BALANCE long=$2107 (1) short=$33081 (3) expose=$-30974 | realize=-8.1136 fee=1.011794 net=-9.125394 unrealized=8.062112 equity=-1.063282 liquidate=-10.573282 | fills=21 pending=8 | ofails=0/27
2026-04-29T12:22:27.672048381 SPREAD KO NYSE  [78.94]  79x100 | 79.01x900  [0]  ema=79.008904  pos=0  realized=2.5 fees=0.445443 net=2.054557 unrealized=0
2026-04-29T12:22:27.672061373 SPREAD WBD NASDAQ  [0]  27.03x6500 | 27.04x4600  [27.07]  ema=27.039396  pos=0  realized=0 fees=0 net=0 unrealized=0
2026-04-29T12:22:27.672072495 SPREAD AAL NASDAQ  [11.29]  11.29x4500 | 11.3x23100  [11.32]  ema=11.295533  pos=-300  realized=0 fees=0.189172 net=-0.189172 unrealized=-1.5
2026-04-29T12:22:27.672080480 SPREAD MARA NASDAQ  [0]  10.32x4400 | 10.33x8700  [10.36]  ema=10.3259  pos=0  realized=0 fees=0 net=0 unrealized=0
2026-04-29T12:22:27.672088480 SPREAD IREN NASDAQ  [42.57]  42.59x200 | 42.61x300  [42.64]  ema=42.601563  pos=-651  realized=-14.9136 fees=0.316279 net=-15.229879 unrealized=-2.237888
2026-04-29T12:22:27.672095703 SPREAD VISN NASDAQ  [10.52]  10.53x1600 | 10.54x900  [10.57]  ema=10.540301  pos=200  realized=0 fees=0.0406 net=-0.0406 unrealized=3
2026-04-29T12:22:27.672101708 SPREAD BBIO NASDAQ  [70.63]  70.72x100 | 70.78x100  [0]  ema=70.74422  pos=0  realized=0 fees=0 net=0 unrealized=0
2026-04-29T12:22:27.672108133 SPREAD CORZ NASDAQ  [19.57]  19.59x200 | 19.6x1500  [19.64]  ema=19.594585  pos=-100  realized=4.3 fees=0.0203 net=4.2797 unrealized=8.8
2026-04-29T12:22:33.671224784 BALANCE long=$2107 (1) short=$33076 (3) expose=$-30969 | realize=-8.1136 fee=1.011794 net=-9.125394 unrealized=12.317112 equity=3.191718 liquidate=-9.573282 | fills=21 pending=8 | ofails=0/27
2026-04-29T12:22:33.671286033 SPREAD KO NYSE  [78.94]  78.99x800 | 79x200  [0]  ema=79.001912  pos=0  realized=2.5 fees=0.445443 net=2.054557 unrealized=0
2026-04-29T12:22:33.671297681 SPREAD WBD NASDAQ  [0]  27.03x6500 | 27.04x3900  [27.07]  ema=27.038514  pos=0  realized=0 fees=0 net=0 unrealized=0
2026-04-29T12:22:33.671312139 SPREAD AAL NASDAQ  [11.29]  11.29x5500 | 11.3x21100  [11.32]  ema=11.295387  pos=-300  realized=0 fees=0.189172 net=-0.189172 unrealized=-1.5
2026-04-29T12:22:33.671321643 SPREAD MARA NASDAQ  [0]  10.32x5000 | 10.33x9300  [10.36]  ema=10.325789  pos=0  realized=0 fees=0 net=0 unrealized=0
2026-04-29T12:22:33.671329068 SPREAD IREN NASDAQ  [42.57]  42.58x1100 | 42.61x300  [42.64]  ema=42.601224  pos=-651  realized=-14.9136 fees=0.316279 net=-15.229879 unrealized=1.017112
2026-04-29T12:22:33.671336663 SPREAD VISN NASDAQ  [10.52]  10.53x1600 | 10.54x1100  [10.57]  ema=10.53998  pos=200  realized=0 fees=0.0406 net=-0.0406 unrealized=3
2026-04-29T12:22:33.671343639 SPREAD BBIO NASDAQ  [70.63]  70.72x100 | 70.78x100  [0]  ema=70.74422  pos=0  realized=0 fees=0 net=0 unrealized=0
2026-04-29T12:22:33.671357383 SPREAD CORZ NASDAQ  [19.57]  19.58x500 | 19.59x2300  [19.64]  ema=19.591354  pos=-100  realized=4.3 fees=0.0203 net=4.2797 unrealized=9.8
2026-04-29T12:22:36.969673958 CORZ replacing buy order: 19.57 -> 19.55 (pos=-100 spread=0 bid=19.58x100 ask=19.58x200)
2026-04-29T12:22:36.982787713 CORZ replacing sell order: 19.64 -> 19.62 (pos=-100 spread=0 bid=19.58x100 ask=19.58x200)
2026-04-29T12:22:36.996354681 CORZ order replaced: replaced buy 100 @ 19.57 pos=0 filled=0/100
2026-04-29T12:22:37.009768296 CORZ order replaced: replaced sell 100 @ 19.64 pos=0 filled=0/100
2026-04-29T12:22:39.671185013 BALANCE long=$2107 (1) short=$33079 (3) expose=$-30972 | realize=-8.1136 fee=1.011794 net=-9.125394 unrealized=10.062112 equity=0.936718 liquidate=-8.573282 | fills=21 pending=8 | ofails=0/27
2026-04-29T12:22:39.671242876 SPREAD KO NYSE  [78.94]  78.99x300 | 79x800  [0]  ema=78.99909  pos=0  realized=2.5 fees=0.445443 net=2.054557 unrealized=0
2026-04-29T12:22:39.671253088 SPREAD WBD NASDAQ  [0]  27.03x6500 | 27.04x3900  [27.07]  ema=27.038514  pos=0  realized=0 fees=0 net=0 unrealized=0
2026-04-29T12:22:39.671261906 SPREAD AAL NASDAQ  [11.29]  11.29x4700 | 11.3x25100  [11.32]  ema=11.295343  pos=-300  realized=0 fees=0.189172 net=-0.189172 unrealized=-1.5
2026-04-29T12:22:39.671268883 SPREAD MARA NASDAQ  [0]  10.32x4100 | 10.33x9300  [10.36]  ema=10.325606  pos=0  realized=0 fees=0 net=0 unrealized=0
2026-04-29T12:22:39.671275153 SPREAD IREN NASDAQ  [42.57]  42.59x200 | 42.61x300  [42.64]  ema=42.602403  pos=-651  realized=-14.9136 fees=0.316279 net=-15.229879 unrealized=-2.237888
2026-04-29T12:22:39.671285774 SPREAD VISN NASDAQ  [10.52]  10.53x1100 | 10.54x1000  [10.57]  ema=10.540727  pos=200  realized=0 fees=0.0406 net=-0.0406 unrealized=3
2026-04-29T12:22:39.671291926 SPREAD BBIO NASDAQ  [70.63]  70.72x100 | 70.78x100  [0]  ema=70.74422  pos=0  realized=0 fees=0 net=0 unrealized=0
2026-04-29T12:22:39.671302890 SPREAD CORZ NASDAQ  [19.55]  19.57x300 | 19.58x1500  [19.62]  ema=19.582851  pos=-100  realized=4.3 fees=0.0203 net=4.2797 unrealized=10.8
2026-04-29T12:22:44.671224089 BALANCE long=$2107 (1) short=$33079 (3) expose=$-30972 | realize=-8.1136 fee=1.011794 net=-9.125394 unrealized=10.062112 equity=0.936718 liquidate=-8.573282 | fills=21 pending=8 | ofails=0/27
2026-04-29T12:22:44.671276476 SPREAD KO NYSE  [78.94]  78.99x400 | 79x500  [0]  ema=78.997489  pos=0  realized=2.5 fees=0.445443 net=2.054557 unrealized=0
2026-04-29T12:22:44.672003703 SPREAD WBD NASDAQ  [0]  27.03x6500 | 27.04x3800  [27.07]  ema=27.038303  pos=0  realized=0 fees=0 net=0 unrealized=0
2026-04-29T12:22:44.672021698 SPREAD AAL NASDAQ  [11.29]  11.29x4700 | 11.3x25200  [11.32]  ema=11.295339  pos=-300  realized=0 fees=0.189172 net=-0.189172 unrealized=-1.5
2026-04-29T12:22:44.672027569 SPREAD MARA NASDAQ  [0]  10.32x2000 | 10.33x9300  [10.36]  ema=10.325488  pos=0  realized=0 fees=0 net=0 unrealized=0
2026-04-29T12:22:44.672047174 SPREAD IREN NASDAQ  [42.57]  42.59x200 | 42.61x300  [42.64]  ema=42.600939  pos=-651  realized=-14.9136 fees=0.316279 net=-15.229879 unrealized=-2.237888
2026-04-29T12:22:44.672058591 SPREAD VISN NASDAQ  [10.52]  10.53x1100 | 10.54x700  [10.57]  ema=10.540449  pos=200  realized=0 fees=0.0406 net=-0.0406 unrealized=3
2026-04-29T12:22:44.672065118 SPREAD BBIO NASDAQ  [70.63]  70.72x100 | 70.78x100  [0]  ema=70.74422  pos=0  realized=0 fees=0 net=0 unrealized=0
2026-04-29T12:22:44.672074732 SPREAD CORZ NASDAQ  [19.55]  19.57x300 | 19.58x1500  [19.62]  ema=19.58119  pos=-100  realized=4.3 fees=0.0203 net=4.2797 unrealized=10.8
2026-04-29T12:22:49.671633339 BALANCE long=$2107 (1) short=$33085 (3) expose=$-30978 | realize=-8.1136 fee=1.011794 net=-9.125394 unrealized=3.552112 equity=-5.573282 liquidate=-15.083282 | fills=21 pending=8 | ofails=0/27
2026-04-29T12:22:49.671711369 SPREAD KO NYSE  [78.94]  78.99x400 | 79x800  [0]  ema=78.99712  pos=0  realized=2.5 fees=0.445443 net=2.054557 unrealized=0
2026-04-29T12:22:49.672374993 SPREAD WBD NASDAQ  [0]  27.03x6500 | 27.04x3800  [27.07]  ema=27.038303  pos=0  realized=0 fees=0 net=0 unrealized=0
2026-04-29T12:22:49.672389272 SPREAD AAL NASDAQ  [11.29]  11.29x5000 | 11.3x25200  [11.32]  ema=11.295331  pos=-300  realized=0 fees=0.189172 net=-0.189172 unrealized=-1.5
2026-04-29T12:22:49.672396543 SPREAD MARA NASDAQ  [0]  10.32x2900 | 10.33x8600  [10.36]  ema=10.325336  pos=0  realized=0 fees=0 net=0 unrealized=0
2026-04-29T12:22:49.672404690 SPREAD IREN NASDAQ  [42.57]  42.6x200 | 42.62x300  [42.64]  ema=42.605786  pos=-651  realized=-14.9136 fees=0.316279 net=-15.229879 unrealized=-8.747888
2026-04-29T12:22:49.672415818 SPREAD VISN NASDAQ  [10.52]  10.53x1100 | 10.54x700  [10.57]  ema=10.540449  pos=200  realized=0 fees=0.0406 net=-0.0406 unrealized=3
2026-04-29T12:22:49.672423252 SPREAD BBIO NASDAQ  [70.63]  70.72x100 | 70.78x100  [0]  ema=70.74422  pos=0  realized=0 fees=0 net=0 unrealized=0
2026-04-29T12:22:49.672433984 SPREAD CORZ NASDAQ  [19.55]  19.57x500 | 19.58x600  [19.62]  ema=19.579364  pos=-100  realized=4.3 fees=0.0203 net=4.2797 unrealized=10.8
2026-04-29T12:22:54.672013736 BALANCE long=$2107 (1) short=$33085 (3) expose=$-30978 | realize=-8.1136 fee=1.011794 net=-9.125394 unrealized=3.552112 equity=-5.573282 liquidate=-15.083282 | fills=21 pending=8 | ofails=0/27
2026-04-29T12:22:54.672071589 SPREAD KO NYSE  [78.94]  79x1100 | 79.01x500  [0]  ema=78.99881  pos=0  realized=2.5 fees=0.445443 net=2.054557 unrealized=0
2026-04-29T12:22:54.672825391 SPREAD WBD NASDAQ  [0]  27.03x6500 | 27.04x3900  [27.07]  ema=27.038262  pos=0  realized=0 fees=0 net=0 unrealized=0
2026-04-29T12:22:54.672842526 SPREAD AAL NASDAQ  [11.29]  11.29x4900 | 11.3x25200  [11.32]  ema=11.295319  pos=-300  realized=0 fees=0.189172 net=-0.189172 unrealized=-1.5
2026-04-29T12:22:54.672850034 SPREAD MARA NASDAQ  [0]  10.32x2900 | 10.33x8700  [10.36]  ema=10.325296  pos=0  realized=0 fees=0 net=0 unrealized=0
2026-04-29T12:22:54.672858566 SPREAD IREN NASDAQ  [42.57]  42.6x300 | 42.62x300  [42.64]  ema=42.607045  pos=-651  realized=-14.9136 fees=0.316279 net=-15.229879 unrealized=-8.747888
2026-04-29T12:22:54.672884799 SPREAD VISN NASDAQ  [10.52]  10.53x1100 | 10.54x800  [10.57]  ema=10.540248  pos=200  realized=0 fees=0.0406 net=-0.0406 unrealized=3
2026-04-29T12:22:54.672892801 SPREAD BBIO NASDAQ  [70.63]  70.72x100 | 70.78x100  [0]  ema=70.74422  pos=0  realized=0 fees=0 net=0 unrealized=0
2026-04-29T12:22:54.672903628 SPREAD CORZ NASDAQ  [19.55]  19.57x700 | 19.58x500  [19.62]  ema=19.578237  pos=-100  realized=4.3 fees=0.0203 net=4.2797 unrealized=10.8
2026-04-29T12:22:55.563026544 AAL order fill: filled buy 100 @ 11.29 pos=-200 filled=100/100
2026-04-29T12:22:55.563051283 AAL filled 100 @ 11.29 | pos=-200 | fill_pnl=0 | fee=0.0203 | realized=0 | total_pnl=-8.1136 | total_fees=1.032094 | fills=22 shares=1600 | greed=0/0
2026-04-29T12:22:55.583985503 AAL replacing sell order: 11.32 -> 11.34 (pos=-200 spread=0.01 bid=11.29x4400 ask=11.3x25200)
2026-04-29T12:22:55.591872565 AAL placed buy 100 @ 11.22 -> NASDAQ (pos=-200 spread=0.01 bid=11.29x4400 ask=11.3x25200)
2026-04-29T12:22:55.598282595 AAL order pending_new: pending_new buy 100 @ 11.22 pos=0 filled=0/100
2026-04-29T12:22:55.613481784 AAL order replaced: replaced sell 100 @ 11.32 pos=0 filled=0/100
2026-04-29T12:22:55.613499622 AAL order new: new buy 100 @ 11.22 pos=0 filled=0/100
2026-04-29T12:23:00.671294875 BALANCE long=$2105 (1) short=$31934 (3) expose=$-29829 | realize=-8.1136 fee=1.032094 net=-9.145694 unrealized=23.582112 equity=14.436418 liquidate=5.426418 | fills=22 pending=8 | ofails=0/28
2026-04-29T12:23:00.671351603 SPREAD KO NYSE  [78.94]  79.03x1000 | 79.04x200  [0]  ema=79.021204  pos=0  realized=2.5 fees=0.445443 net=2.054557 unrealized=0
2026-04-29T12:23:00.671363203 SPREAD WBD NASDAQ  [0]  27.03x6500 | 27.04x4000  [27.07]  ema=27.037846  pos=0  realized=0 fees=0 net=0 unrealized=0
2026-04-29T12:23:00.671371507 SPREAD AAL NASDAQ  [11.22]  11.28x9300 | 11.29x27000  [11.34]  ema=11.290249  pos=-200  realized=0 fees=0.209472 net=-0.209472 unrealized=1
2026-04-29T12:23:00.671380685 SPREAD MARA NASDAQ  [0]  10.32x3000 | 10.33x8900  [10.36]  ema=10.325233  pos=0  realized=0 fees=0 net=0 unrealized=0
2026-04-29T12:23:00.671391073 SPREAD IREN NASDAQ  [42.57]  42.57x400 | 42.59x300  [42.64]  ema=42.596019  pos=-651  realized=-14.9136 fees=0.316279 net=-15.229879 unrealized=10.782112
2026-04-29T12:23:00.671399309 SPREAD VISN NASDAQ  [10.52]  10.52x700 | 10.53x1500  [10.57]  ema=10.533736  pos=200  realized=0 fees=0.0406 net=-0.0406 unrealized=1
2026-04-29T12:23:00.671405757 SPREAD BBIO NASDAQ  [70.63]  70.72x100 | 70.78x100  [0]  ema=70.744503  pos=0  realized=0 fees=0 net=0 unrealized=0
2026-04-29T12:23:00.671415479 SPREAD CORZ NASDAQ  [19.55]  19.57x600 | 19.58x1700  [19.62]  ema=19.577374  pos=-100  realized=4.3 fees=0.0203 net=4.2797 unrealized=10.8
2026-04-29T12:23:01.922109041 CORZ replacing sell order: 19.62 -> 19.6 (pos=-100 spread=0.01 bid=19.55x1200 ask=19.56x700)
2026-04-29T12:23:01.930029665 CORZ replacing buy order: 19.55 -> 19.53 (pos=-100 spread=0.01 bid=19.55x1200 ask=19.56x700)
2026-04-29T12:23:01.946908261 CORZ order replaced: replaced sell 100 @ 19.62 pos=0 filled=0/100
2026-04-29T12:23:01.946933870 CORZ order replaced: replaced buy 100 @ 19.55 pos=0 filled=0/100
2026-04-29T12:23:03.692756850 AAL replacing sell order: 11.34 -> 11.31 (pos=-200 spread=0.01 bid=11.28x9300 ask=11.29x27000)
2026-04-29T12:23:03.702381168 AAL replacing buy order: 11.22 -> 11.28 (pos=-200 spread=0.01 bid=11.28x9300 ask=11.29x27000)
2026-04-29T12:23:03.717313885 AAL order replaced: replaced sell 100 @ 11.34 pos=0 filled=0/100
2026-04-29T12:23:03.728013844 AAL order replaced: replaced buy 100 @ 11.22 pos=0 filled=0/100
2026-04-29T12:23:05.672065316 BALANCE long=$2105 (1) short=$31943 (3) expose=$-29838 | realize=-8.1136 fee=1.032094 net=-9.145694 unrealized=14.817112 equity=5.671418 liquidate=-0.083582 | fills=22 pending=8 | ofails=0/28
2026-04-29T12:23:05.672119226 SPREAD KO NYSE  [78.94]  79.03x400 | 79.04x400  [0]  ema=79.028201  pos=0  realized=2.5 fees=0.445443 net=2.054557 unrealized=0
2026-04-29T12:23:05.672887788 SPREAD WBD NASDAQ  [0]  27.03x6400 | 27.04x4200  [27.07]  ema=27.037392  pos=0  realized=0 fees=0 net=0 unrealized=0
2026-04-29T12:23:05.672898278 SPREAD AAL NASDAQ  [11.28]  11.28x9400 | 11.29x24600  [11.31]  ema=11.289566  pos=-200  realized=0 fees=0.209472 net=-0.209472 unrealized=1
2026-04-29T12:23:05.672909126 SPREAD MARA NASDAQ  [0]  10.32x3100 | 10.33x4300  [10.36]  ema=10.325182  pos=0  realized=0 fees=0 net=0 unrealized=0
2026-04-29T12:23:05.672920785 SPREAD IREN NASDAQ  [42.57]  42.59x100 | 42.6x300  [42.64]  ema=42.591034  pos=-651  realized=-14.9136 fees=0.316279 net=-15.229879 unrealized=1.017112
2026-04-29T12:23:05.672928405 SPREAD VISN NASDAQ  [10.52]  10.52x600 | 10.53x1500  [10.57]  ema=10.533411  pos=200  realized=0 fees=0.0406 net=-0.0406 unrealized=1
2026-04-29T12:23:05.672935592 SPREAD BBIO NASDAQ  [70.63]  70.72x100 | 70.78x100  [0]  ema=70.744503  pos=0  realized=0 fees=0 net=0 unrealized=0
2026-04-29T12:23:05.672953295 SPREAD CORZ NASDAQ  [19.53]  19.56x1300 | 19.57x1200  [19.6]  ema=19.565008  pos=-100  realized=4.3 fees=0.0203 net=4.2797 unrealized=11.8
2026-04-29T12:23:11.155925604 IREN order fill: filled sell 100 @ 42.64 pos=-751 filled=100/100
2026-04-29T12:23:11.156575178 IREN filled -100 @ 42.64 | pos=-751 | fill_pnl=0 | fee=0.127638 | realized=-14.9136 | total_pnl=-8.1136 | total_fees=1.159732 | fills=23 shares=1700 | greed=0/0
2026-04-29T12:23:11.671119787 BALANCE long=$2105 (1) short=$36239 (3) expose=$-34134 | realize=-8.1136 fee=1.159732 net=-9.273332 unrealized=-17.477888 equity=-26.75122 liquidate=-35.76122 | fills=23 pending=8 | ofails=0/28
2026-04-29T12:23:11.671165063 SPREAD KO NYSE  [78.94]  79.02x200 | 79.03x300  [0]  ema=79.027267  pos=0  realized=2.5 fees=0.445443 net=2.054557 unrealized=0
2026-04-29T12:23:11.671177651 SPREAD WBD NASDAQ  [0]  27.03x6400 | 27.04x2100  [27.07]  ema=27.036633  pos=0  realized=0 fees=0 net=0 unrealized=0
2026-04-29T12:23:11.671184210 SPREAD AAL NASDAQ  [11.28]  11.29x100 | 11.29x3400  [11.31]  ema=11.288849  pos=-200  realized=0 fees=0.209472 net=-0.209472 unrealized=0
2026-04-29T12:23:11.671193847 SPREAD MARA NASDAQ  [0]  10.33x10300 | 10.34x3400  [10.36]  ema=10.330651  pos=0  realized=0 fees=0 net=0 unrealized=0
2026-04-29T12:23:11.671205388 SPREAD IREN NASDAQ  [42.57]  42.63x300 | 42.65x100  [0]  ema=42.620814  pos=-751  realized=-14.9136 fees=0.443917 net=-15.357517 unrealized=-28.277888
2026-04-29T12:23:11.671216440 SPREAD VISN NASDAQ  [10.52]  10.52x600 | 10.53x1300  [10.57]  ema=10.532896  pos=200  realized=0 fees=0.0406 net=-0.0406 unrealized=1
2026-04-29T12:23:11.671223523 SPREAD BBIO NASDAQ  [70.63]  70.72x100 | 70.78x100  [0]  ema=70.744503  pos=0  realized=0 fees=0 net=0 unrealized=0
2026-04-29T12:23:11.671230947 SPREAD CORZ NASDAQ  [19.53]  19.58x600 | 19.59x900  [19.6]  ema=19.578018  pos=-100  realized=4.3 fees=0.0203 net=4.2797 unrealized=9.8
2026-04-29T12:23:15.657135178 CORZ replacing buy order: 19.53 -> 19.55 (pos=-100 spread=0.01 bid=19.58x300 ask=19.59x100)
2026-04-29T12:23:15.670380223 CORZ replacing sell order: 19.6 -> 19.62 (pos=-100 spread=0.01 bid=19.58x300 ask=19.59x100)
2026-04-29T12:23:15.682623649 CORZ order replaced: replaced buy 100 @ 19.53 pos=0 filled=0/100
2026-04-29T12:23:15.694311590 CORZ order replaced: replaced sell 100 @ 19.6 pos=0 filled=0/100
2026-04-29T12:23:16.671491803 BALANCE long=$2105 (1) short=$36246 (3) expose=$-34141 | realize=-8.1136 fee=1.159732 net=-9.273332 unrealized=-23.987888 equity=-33.26122 liquidate=-43.27122 | fills=23 pending=8 | ofails=0/28
2026-04-29T12:23:16.671543618 SPREAD KO NYSE  [78.94]  79.03x1000 | 79.04x300  [0]  ema=79.029126  pos=0  realized=2.5 fees=0.445443 net=2.054557 unrealized=0
2026-04-29T12:23:16.671559399 SPREAD WBD NASDAQ  [0]  27.03x6400 | 27.04x2200  [27.07]  ema=27.035945  pos=0  realized=0 fees=0 net=0 unrealized=0
2026-04-29T12:23:16.671571600 SPREAD AAL NASDAQ  [11.28]  11.28x10500 | 11.29x22600  [11.31]  ema=11.287794  pos=-200  realized=0 fees=0.209472 net=-0.209472 unrealized=1
2026-04-29T12:23:16.671580826 SPREAD MARA NASDAQ  [0]  10.34x3200 | 10.35x6900  [10.36]  ema=10.341656  pos=0  realized=0 fees=0 net=0 unrealized=0
2026-04-29T12:23:16.671592138 SPREAD IREN NASDAQ  [42.57]  42.64x200 | 42.66x100  [0]  ema=42.631902  pos=-751  realized=-14.9136 fees=0.443917 net=-15.357517 unrealized=-35.787888
2026-04-29T12:23:16.671603700 SPREAD VISN NASDAQ  [10.52]  10.52x600 | 10.53x1300  [10.57]  ema=10.532896  pos=200  realized=0 fees=0.0406 net=-0.0406 unrealized=1
2026-04-29T12:23:16.671613772 SPREAD BBIO NASDAQ  [70.63]  70.72x100 | 70.78x100  [0]  ema=70.744503  pos=0  realized=0 fees=0 net=0 unrealized=0
2026-04-29T12:23:16.671620069 SPREAD CORZ NASDAQ  [19.55]  19.58x300 | 19.59x1400  [19.62]  ema=19.580377  pos=-100  realized=4.3 fees=0.0203 net=4.2797 unrealized=9.8
2026-04-29T12:23:22.671600906 BALANCE long=$2105 (1) short=$36223 (3) expose=$-34118 | realize=-8.1136 fee=1.159732 net=-9.273332 unrealized=-1.457888 equity=-10.73122 liquidate=-20.74122 | fills=23 pending=8 | ofails=0/28
2026-04-29T12:23:22.671664964 SPREAD KO NYSE  [78.94]  79.03x400 | 79.04x500  [0]  ema=79.030981  pos=0  realized=2.5 fees=0.445443 net=2.054557 unrealized=0
2026-04-29T12:23:22.671677016 SPREAD WBD NASDAQ  [0]  27.03x6500 | 27.04x2300  [27.07]  ema=27.035617  pos=0  realized=0 fees=0 net=0 unrealized=0
2026-04-29T12:23:22.671684837 SPREAD AAL NASDAQ  [11.28]  11.28x10100 | 11.29x13100  [11.31]  ema=11.287109  pos=-200  realized=0 fees=0.209472 net=-0.209472 unrealized=1
2026-04-29T12:23:22.671691609 SPREAD MARA NASDAQ  [0]  10.33x9200 | 10.34x5300  [10.36]  ema=10.339429  pos=0  realized=0 fees=0 net=0 unrealized=0
2026-04-29T12:23:22.671701915 SPREAD IREN NASDAQ  [42.57]  42.61x100 | 42.63x100  [0]  ema=42.629417  pos=-751  realized=-14.9136 fees=0.443917 net=-15.357517 unrealized=-13.257888
2026-04-29T12:23:22.671715214 SPREAD VISN NASDAQ  [10.52]  10.52x700 | 10.53x1300  [10.57]  ema=10.532602  pos=200  realized=0 fees=0.0406 net=-0.0406 unrealized=1
2026-04-29T12:23:22.671723567 SPREAD BBIO NASDAQ  [70.63]  70.72x100 | 70.78x100  [0]  ema=70.744503  pos=0  realized=0 fees=0 net=0 unrealized=0
2026-04-29T12:23:22.671731094 SPREAD CORZ NASDAQ  [19.55]  19.58x100 | 19.59x1700  [19.62]  ema=19.581909  pos=-100  realized=4.3 fees=0.0203 net=4.2797 unrealized=9.8
2026-04-29T12:23:27.671834838 BALANCE long=$2105 (1) short=$36212 (3) expose=$-34107 | realize=-8.1136 fee=1.159732 net=-9.273332 unrealized=9.807112 equity=0.53378 liquidate=-13.23122 | fills=23 pending=8 | ofails=0/28
2026-04-29T12:23:27.671906821 SPREAD KO NYSE  [78.94]  79.03x100 | 79.04x1100  [0]  ema=79.032585  pos=0  realized=2.5 fees=0.445443 net=2.054557 unrealized=0
2026-04-29T12:23:27.672681498 SPREAD WBD NASDAQ  [0]  27.03x8400 | 27.04x2300  [27.07]  ema=27.035376  pos=0  realized=0 fees=0 net=0 unrealized=0
2026-04-29T12:23:27.672698253 SPREAD AAL NASDAQ  [11.28]  11.28x10000 | 11.29x13700  [11.31]  ema=11.286854  pos=-200  realized=0 fees=0.209472 net=-0.209472 unrealized=1
2026-04-29T12:23:27.672705803 SPREAD MARA NASDAQ  [0]  10.33x9300 | 10.34x5300  [10.36]  ema=10.338163  pos=0  realized=0 fees=0 net=0 unrealized=0
2026-04-29T12:23:27.672722938 SPREAD IREN NASDAQ  [42.57]  42.59x100 | 42.62x200  [0]  ema=42.618399  pos=-751  realized=-14.9136 fees=0.443917 net=-15.357517 unrealized=-1.992888
2026-04-29T12:23:27.672734635 SPREAD VISN NASDAQ  [10.52]  10.52x700 | 10.53x1300  [10.57]  ema=10.532602  pos=200  realized=0 fees=0.0406 net=-0.0406 unrealized=1
2026-04-29T12:23:27.672741010 SPREAD BBIO NASDAQ  [70.63]  70.72x100 | 70.78x100  [0]  ema=70.744503  pos=0  realized=0 fees=0 net=0 unrealized=0
2026-04-29T12:23:27.672749071 SPREAD CORZ NASDAQ  [19.55]  19.58x100 | 19.59x2200  [19.62]  ema=19.582868  pos=-100  realized=4.3 fees=0.0203 net=4.2797 unrealized=9.8
2026-04-29T12:23:33.671743435 BALANCE long=$2105 (1) short=$36211 (3) expose=$-34106 | realize=-8.1136 fee=1.159732 net=-9.273332 unrealized=10.807112 equity=1.53378 liquidate=-12.23122 | fills=23 pending=8 | ofails=0/28
2026-04-29T12:23:33.671800871 SPREAD KO NYSE  [78.94]  79.02x1100 | 79.03x200  [0]  ema=79.030755  pos=0  realized=2.5 fees=0.445443 net=2.054557 unrealized=0
2026-04-29T12:23:33.671812781 SPREAD WBD NASDAQ  [0]  27.03x8400 | 27.04x2200  [27.07]  ema=27.03531  pos=0  realized=0 fees=0 net=0 unrealized=0
2026-04-29T12:23:33.671820930 SPREAD AAL NASDAQ  [11.28]  11.28x9600 | 11.29x16200  [11.31]  ema=11.286651  pos=-200  realized=0 fees=0.209472 net=-0.209472 unrealized=1
2026-04-29T12:23:33.671831525 SPREAD MARA NASDAQ  [0]  10.33x9300 | 10.34x5900  [10.36]  ema=10.337291  pos=0  realized=0 fees=0 net=0 unrealized=0
2026-04-29T12:23:33.671846158 SPREAD IREN NASDAQ  [42.57]  42.59x300 | 42.62x300  [0]  ema=42.609175  pos=-751  realized=-14.9136 fees=0.443917 net=-15.357517 unrealized=-1.992888
2026-04-29T12:23:33.671854268 SPREAD VISN NASDAQ  [10.52]  10.52x700 | 10.53x1300  [10.57]  ema=10.532602  pos=200  realized=0 fees=0.0406 net=-0.0406 unrealized=1
2026-04-29T12:23:33.671877976 SPREAD BBIO NASDAQ  [70.63]  70.72x100 | 70.78x100  [0]  ema=70.744503  pos=0  realized=0 fees=0 net=0 unrealized=0
2026-04-29T12:23:33.671885495 SPREAD CORZ NASDAQ  [19.55]  19.57x800 | 19.58x1100  [19.62]  ema=19.574376  pos=-100  realized=4.3 fees=0.0203 net=4.2797 unrealized=10.8
2026-04-29T12:23:39.671903152 BALANCE long=$2105 (1) short=$36207 (3) expose=$-34102 | realize=-8.1136 fee=1.159732 net=-9.273332 unrealized=14.562112 equity=5.28878 liquidate=-4.72122 | fills=23 pending=8 | ofails=0/28
2026-04-29T12:23:39.671960297 SPREAD KO NYSE  [78.94]  79.02x900 | 79.03x100  [0]  ema=79.028982  pos=0  realized=2.5 fees=0.445443 net=2.054557 unrealized=0
2026-04-29T12:23:39.671971339 SPREAD WBD NASDAQ  [0]  27.03x8400 | 27.04x2200  [27.07]  ema=27.035298  pos=0  realized=0 fees=0 net=0 unrealized=0
2026-04-29T12:23:39.671979203 SPREAD AAL NASDAQ  [11.28]  11.28x9600 | 11.29x16200  [11.31]  ema=11.286568  pos=-200  realized=0 fees=0.209472 net=-0.209472 unrealized=1
2026-04-29T12:23:39.671988890 SPREAD MARA NASDAQ  [0]  10.33x9100 | 10.34x6100  [10.36]  ema=10.337181  pos=0  realized=0 fees=0 net=0 unrealized=0
2026-04-29T12:23:39.671998775 SPREAD IREN NASDAQ  [42.57]  42.59x100 | 42.61x200  [0]  ema=42.604678  pos=-751  realized=-14.9136 fees=0.443917 net=-15.357517 unrealized=1.762112
2026-04-29T12:23:39.672009138 SPREAD VISN NASDAQ  [10.52]  10.52x700 | 10.53x1400  [10.57]  ema=10.532136  pos=200  realized=0 fees=0.0406 net=-0.0406 unrealized=1
2026-04-29T12:23:39.672014646 SPREAD BBIO NASDAQ  [70.63]  70.72x100 | 70.78x100  [0]  ema=70.744503  pos=0  realized=0 fees=0 net=0 unrealized=0
2026-04-29T12:23:39.672024465 SPREAD CORZ NASDAQ  [19.55]  19.57x800 | 19.58x1200  [19.62]  ema=19.574504  pos=-100  realized=4.3 fees=0.0203 net=4.2797 unrealized=10.8
2026-04-29T12:23:45.671994602 BALANCE long=$2105 (1) short=$36207 (3) expose=$-34102 | realize=-8.1136 fee=1.159732 net=-9.273332 unrealized=14.562112 equity=5.28878 liquidate=-4.72122 | fills=23 pending=8 | ofails=0/28
2026-04-29T12:23:45.672066015 SPREAD KO NYSE  [78.94]  79.02x300 | 79.03x200  [0]  ema=79.027186  pos=0  realized=2.5 fees=0.445443 net=2.054557 unrealized=0
2026-04-29T12:23:45.672077746 SPREAD WBD NASDAQ  [0]  27.03x6100 | 27.04x2300  [27.07]  ema=27.035277  pos=0  realized=0 fees=0 net=0 unrealized=0
2026-04-29T12:23:45.672086036 SPREAD AAL NASDAQ  [11.28]  11.28x12500 | 11.29x11600  [11.31]  ema=11.286414  pos=-200  realized=0 fees=0.209472 net=-0.209472 unrealized=1
2026-04-29T12:23:45.672097036 SPREAD MARA NASDAQ  [0]  10.33x14400 | 10.34x1700  [10.36]  ema=10.336318  pos=0  realized=0 fees=0 net=0 unrealized=0
2026-04-29T12:23:45.672104695 SPREAD IREN NASDAQ  [42.57]  42.59x300 | 42.61x200  [0]  ema=42.602296  pos=-751  realized=-14.9136 fees=0.443917 net=-15.357517 unrealized=1.762112
2026-04-29T12:23:45.672112346 SPREAD VISN NASDAQ  [10.52]  10.52x700 | 10.53x1500  [10.57]  ema=10.53145  pos=200  realized=0 fees=0.0406 net=-0.0406 unrealized=1
2026-04-29T12:23:45.672120332 SPREAD BBIO NASDAQ  [70.63]  70.72x200 | 70.78x100  [0]  ema=70.744572  pos=0  realized=0 fees=0 net=0 unrealized=0
2026-04-29T12:23:45.672130060 SPREAD CORZ NASDAQ  [19.55]  19.57x800 | 19.58x900  [19.62]  ema=19.574703  pos=-100  realized=4.3 fees=0.0203 net=4.2797 unrealized=10.8
2026-04-29T12:23:51.671258046 BALANCE long=$2105 (1) short=$36207 (3) expose=$-34102 | realize=-8.1136 fee=1.159732 net=-9.273332 unrealized=14.562112 equity=5.28878 liquidate=-4.72122 | fills=23 pending=8 | ofails=0/28
2026-04-29T12:23:51.671323725 SPREAD KO NYSE  [78.94]  79.02x700 | 79.03x500  [0]  ema=79.026546  pos=0  realized=2.5 fees=0.445443 net=2.054557 unrealized=0
2026-04-29T12:23:51.671334601 SPREAD WBD NASDAQ  [0]  27.03x11300 | 27.04x2000  [27.07]  ema=27.035196  pos=0  realized=0 fees=0 net=0 unrealized=0
2026-04-29T12:23:51.671345728 SPREAD AAL NASDAQ  [11.28]  11.28x14800 | 11.29x11600  [11.31]  ema=11.286342  pos=-200  realized=0 fees=0.209472 net=-0.209472 unrealized=1
2026-04-29T12:23:51.671352968 SPREAD MARA NASDAQ  [0]  10.34x17900 | 10.35x2000  [10.36]  ema=10.34116  pos=0  realized=0 fees=0 net=0 unrealized=0
2026-04-29T12:23:51.671374769 SPREAD IREN NASDAQ  [42.57]  42.59x300 | 42.61x100  [0]  ema=42.60205  pos=-751  realized=-14.9136 fees=0.443917 net=-15.357517 unrealized=1.762112
2026-04-29T12:23:51.671384238 SPREAD VISN NASDAQ  [10.52]  10.52x700 | 10.53x1500  [10.57]  ema=10.53145  pos=200  realized=0 fees=0.0406 net=-0.0406 unrealized=1
2026-04-29T12:23:51.671393521 SPREAD BBIO NASDAQ  [70.63]  70.72x200 | 70.78x100  [0]  ema=70.744572  pos=0  realized=0 fees=0 net=0 unrealized=0
2026-04-29T12:23:51.671405511 SPREAD CORZ NASDAQ  [19.55]  19.57x1000 | 19.58x1200  [19.62]  ema=19.574747  pos=-100  realized=4.3 fees=0.0203 net=4.2797 unrealized=10.8
2026-04-29T12:23:56.671302839 BALANCE long=$2105 (1) short=$36207 (3) expose=$-34102 | realize=-8.1136 fee=1.159732 net=-9.273332 unrealized=14.562112 equity=5.28878 liquidate=-4.72122 | fills=23 pending=8 | ofails=0/28
2026-04-29T12:23:56.671413040 SPREAD KO NYSE  [78.94]  79.02x400 | 79.03x500  [0]  ema=79.026076  pos=0  realized=2.5 fees=0.445443 net=2.054557 unrealized=0
2026-04-29T12:23:56.671426289 SPREAD WBD NASDAQ  [0]  27.03x11300 | 27.04x2000  [27.07]  ema=27.035192  pos=0  realized=0 fees=0 net=0 unrealized=0
2026-04-29T12:23:56.671437208 SPREAD AAL NASDAQ  [11.28]  11.28x9600 | 11.29x12700  [11.31]  ema=11.286022  pos=-200  realized=0 fees=0.209472 net=-0.209472 unrealized=1
2026-04-29T12:23:56.671447379 SPREAD MARA NASDAQ  [0]  10.34x16100 | 10.35x3100  [10.36]  ema=10.341967  pos=0  realized=0 fees=0 net=0 unrealized=0
2026-04-29T12:23:56.671455402 SPREAD IREN NASDAQ  [42.57]  42.59x300 | 42.61x300  [0]  ema=42.601595  pos=-751  realized=-14.9136 fees=0.443917 net=-15.357517 unrealized=1.762112
2026-04-29T12:23:56.671463127 SPREAD VISN NASDAQ  [10.52]  10.52x700 | 10.53x1700  [10.57]  ema=10.531055  pos=200  realized=0 fees=0.0406 net=-0.0406 unrealized=1
2026-04-29T12:23:56.671472150 SPREAD BBIO NASDAQ  [70.63]  70.72x200 | 70.78x100  [0]  ema=70.744572  pos=0  realized=0 fees=0 net=0 unrealized=0
2026-04-29T12:23:56.671479936 SPREAD CORZ NASDAQ  [19.55]  19.57x1500 | 19.58x400  [19.62]  ema=19.574881  pos=-100  realized=4.3 fees=0.0203 net=4.2797 unrealized=10.8
2026-04-29T12:24:01.671574608 BALANCE long=$2105 (1) short=$36207 (3) expose=$-34102 | realize=-8.1136 fee=1.159732 net=-9.273332 unrealized=14.562112 equity=5.28878 liquidate=-4.72122 | fills=23 pending=8 | ofails=0/28
2026-04-29T12:24:01.671627813 SPREAD KO NYSE  [78.94]  79.02x700 | 79.03x500  [0]  ema=79.025872  pos=0  realized=2.5 fees=0.445443 net=2.054557 unrealized=0
2026-04-29T12:24:01.672368746 SPREAD WBD NASDAQ  [0]  27.03x10900 | 27.04x2000  [27.07]  ema=27.035178  pos=0  realized=0 fees=0 net=0 unrealized=0
2026-04-29T12:24:01.672381003 SPREAD AAL NASDAQ  [11.28]  11.28x9600 | 11.29x12700  [11.31]  ema=11.285921  pos=-200  realized=0 fees=0.209472 net=-0.209472 unrealized=1
2026-04-29T12:24:01.672386387 SPREAD MARA NASDAQ  [0]  10.34x16100 | 10.35x2400  [10.36]  ema=10.342287  pos=0  realized=0 fees=0 net=0 unrealized=0
2026-04-29T12:24:01.672391590 SPREAD IREN NASDAQ  [42.57]  42.59x400 | 42.61x400  [0]  ema=42.601407  pos=-751  realized=-14.9136 fees=0.443917 net=-15.357517 unrealized=1.762112
2026-04-29T12:24:01.672397125 SPREAD VISN NASDAQ  [10.52]  10.52x600 | 10.53x1800  [10.57]  ema=10.530685  pos=200  realized=0 fees=0.0406 net=-0.0406 unrealized=1
2026-04-29T12:24:01.672401432 SPREAD BBIO NASDAQ  [70.63]  70.72x100 | 70.78x100  [0]  ema=70.74464  pos=0  realized=0 fees=0 net=0 unrealized=0
2026-04-29T12:24:01.672406186 SPREAD CORZ NASDAQ  [19.55]  19.57x1500 | 19.58x400  [19.62]  ema=19.574881  pos=-100  realized=4.3 fees=0.0203 net=4.2797 unrealized=10.8
2026-04-29T12:24:07.671369845 BALANCE long=$2105 (1) short=$36207 (3) expose=$-34102 | realize=-8.1136 fee=1.159732 net=-9.273332 unrealized=14.562112 equity=5.28878 liquidate=-4.72122 | fills=23 pending=8 | ofails=0/28
2026-04-29T12:24:07.671438211 SPREAD KO NYSE  [78.94]  79.02x400 | 79.03x500  [0]  ema=79.025735  pos=0  realized=2.5 fees=0.445443 net=2.054557 unrealized=0
2026-04-29T12:24:07.671464059 SPREAD WBD NASDAQ  [0]  27.03x11200 | 27.04x1300  [27.07]  ema=27.035125  pos=0  realized=0 fees=0 net=0 unrealized=0
2026-04-29T12:24:07.671477218 SPREAD AAL NASDAQ  [11.28]  11.28x18300 | 11.29x11700  [11.31]  ema=11.285716  pos=-200  realized=0 fees=0.209472 net=-0.209472 unrealized=1
2026-04-29T12:24:07.671483670 SPREAD MARA NASDAQ  [0]  10.34x16000 | 10.35x2900  [10.36]  ema=10.342632  pos=0  realized=0 fees=0 net=0 unrealized=0
2026-04-29T12:24:07.671491094 SPREAD IREN NASDAQ  [42.57]  42.59x500 | 42.61x300  [0]  ema=42.601149  pos=-751  realized=-14.9136 fees=0.443917 net=-15.357517 unrealized=1.762112
2026-04-29T12:24:07.671499446 SPREAD VISN NASDAQ  [10.52]  10.52x600 | 10.53x1600  [10.57]  ema=10.530472  pos=200  realized=0 fees=0.0406 net=-0.0406 unrealized=1
2026-04-29T12:24:07.671512001 SPREAD BBIO NASDAQ  [70.63]  70.72x100 | 70.78x100  [0]  ema=70.74464  pos=0  realized=0 fees=0 net=0 unrealized=0
2026-04-29T12:24:07.671521525 SPREAD CORZ NASDAQ  [19.55]  19.57x1300 | 19.58x1100  [19.62]  ema=19.574891  pos=-100  realized=4.3 fees=0.0203 net=4.2797 unrealized=10.8
2026-04-29T12:24:12.671484677 BALANCE long=$2105 (1) short=$36218 (3) expose=$-34113 | realize=-8.1136 fee=1.159732 net=-9.273332 unrealized=3.297112 equity=-5.97622 liquidate=-12.23122 | fills=23 pending=8 | ofails=0/28
2026-04-29T12:24:12.671536382 SPREAD KO NYSE  [78.94]  79.02x200 | 79.03x1000  [0]  ema=79.025484  pos=0  realized=2.5 fees=0.445443 net=2.054557 unrealized=0
2026-04-29T12:24:12.671554543 SPREAD WBD NASDAQ  [0]  27.03x9300 | 27.04x2400  [27.07]  ema=27.035104  pos=0  realized=0 fees=0 net=0 unrealized=0
2026-04-29T12:24:12.671563947 SPREAD AAL NASDAQ  [11.28]  11.28x21900 | 11.29x9600  [11.31]  ema=11.285534  pos=-200  realized=0 fees=0.209472 net=-0.209472 unrealized=1
2026-04-29T12:24:12.671574733 SPREAD MARA NASDAQ  [0]  10.34x18100 | 10.35x2100  [10.36]  ema=10.343127  pos=0  realized=0 fees=0 net=0 unrealized=0
2026-04-29T12:24:12.671583146 SPREAD IREN NASDAQ  [42.57]  42.61x200 | 42.62x100  [0]  ema=42.602956  pos=-751  realized=-14.9136 fees=0.443917 net=-15.357517 unrealized=-9.502888
2026-04-29T12:24:12.671593462 SPREAD VISN NASDAQ  [10.52]  10.52x600 | 10.53x1600  [10.57]  ema=10.530472  pos=200  realized=0 fees=0.0406 net=-0.0406 unrealized=1
2026-04-29T12:24:12.671602779 SPREAD BBIO NASDAQ  [70.63]  70.72x100 | 70.78x100  [0]  ema=70.74464  pos=0  realized=0 fees=0 net=0 unrealized=0
2026-04-29T12:24:12.671610460 SPREAD CORZ NASDAQ  [19.55]  19.57x1400 | 19.58x400  [19.62]  ema=19.574946  pos=-100  realized=4.3 fees=0.0203 net=4.2797 unrealized=10.8
2026-04-29T12:24:17.386850636 MARA order fill: filled sell 100 @ 10.36 pos=-100 filled=100/100
2026-04-29T12:24:17.386873156 MARA filled -100 @ 10.36 | pos=-100 | fill_pnl=0 | fee=0.061142 | realized=0 | total_pnl=-8.1136 | total_fees=1.220874 | fills=24 shares=1800 | greed=0/0
2026-04-29T12:24:17.410337253 MARA placed buy 100 @ 10.29 -> NASDAQ (pos=-100 spread=0.01 bid=10.35x11700 ask=10.36x3900)
2026-04-29T12:24:17.422458884 MARA placed sell 100 @ 10.43 -> NASDAQ (pos=-100 spread=0.01 bid=10.35x11700 ask=10.36x3900)
2026-04-29T12:24:17.424356247 MARA order pending_new: pending_new buy 100 @ 10.29 pos=0 filled=0/100
2026-04-29T12:24:17.434193474 MARA order pending_new: pending_new sell 100 @ 10.43 pos=0 filled=0/100
2026-04-29T12:24:17.434211832 MARA order new: new buy 100 @ 10.29 pos=0 filled=0/100
2026-04-29T12:24:17.448513295 MARA order new: new sell 100 @ 10.43 pos=0 filled=0/100
2026-04-29T12:24:17.671930461 BALANCE long=$2105 (1) short=$37263 (4) expose=$-35158 | realize=-8.1136 fee=1.220874 net=-9.334474 unrealized=-5.712888 equity=-15.047362 liquidate=-21.802362 | fills=24 pending=8 | ofails=0/30
2026-04-29T12:24:17.671986985 SPREAD KO NYSE  [78.94]  79.02x600 | 79.03x900  [0]  ema=79.022385  pos=0  realized=2.5 fees=0.445443 net=2.054557 unrealized=0
2026-04-29T12:24:17.672714604 SPREAD WBD NASDAQ  [0]  27.03x8900 | 27.04x2500  [27.07]  ema=27.03508  pos=0  realized=0 fees=0 net=0 unrealized=0
2026-04-29T12:24:17.672740887 SPREAD AAL NASDAQ  [11.28]  11.28x20900 | 11.29x7100  [11.31]  ema=11.285412  pos=-200  realized=0 fees=0.209472 net=-0.209472 unrealized=1
2026-04-29T12:24:17.672751869 SPREAD MARA NASDAQ  [10.29]  10.36x7000 | 10.37x7700  [10.43]  ema=10.355984  pos=-100  realized=0 fees=0.061142 net=-0.061142 unrealized=-0.5
2026-04-29T12:24:17.672764583 SPREAD IREN NASDAQ  [42.57]  42.62x200 | 42.63x100  [0]  ema=42.61181  pos=-751  realized=-14.9136 fees=0.443917 net=-15.357517 unrealized=-17.012888
2026-04-29T12:24:17.672775114 SPREAD VISN NASDAQ  [10.52]  10.52x600 | 10.53x1600  [10.57]  ema=10.530472  pos=200  realized=0 fees=0.0406 net=-0.0406 unrealized=1
2026-04-29T12:24:17.672781303 SPREAD BBIO NASDAQ  [70.63]  70.72x100 | 70.78x100  [0]  ema=70.74464  pos=0  realized=0 fees=0 net=0 unrealized=0
2026-04-29T12:24:17.672792531 SPREAD CORZ NASDAQ  [19.55]  19.58x1200 | 19.59x1300  [19.62]  ema=19.577942  pos=-100  realized=4.3 fees=0.0203 net=4.2797 unrealized=9.8
2026-04-29T12:24:18.577664130 VISN order partial_fill: partially_filled buy 100 @ 10.52 pos=243 filled=43/100
2026-04-29T12:24:18.577698929 VISN filled 43 @ 10.52 | pos=243 | fill_pnl=0 | fee=0.0089 | realized=0 | total_pnl=-8.1136 | total_fees=1.229774 | fills=25 shares=1843 | greed=0/0
2026-04-29T12:24:18.603399004 VISN replacing buy order: 10.52 -> 10.45 (pos=243 spread=0.01 bid=10.52x600 ask=10.53x1700)
2026-04-29T12:24:18.605603260 VISN replacing sell order: 10.57 -> 10.59 (pos=243 spread=0.01 bid=10.52x600 ask=10.53x1700)
2026-04-29T12:24:18.627826254 VISN order replaced: replaced buy 100 @ 10.52 pos=0 filled=43/100
2026-04-29T12:24:18.627846049 VISN order replaced: replaced sell 100 @ 10.57 pos=0 filled=0/100
2026-04-29T12:24:23.671380452 BALANCE long=$2558 (1) short=$37261 (4) expose=$-34703 | realize=-8.1136 fee=1.229774 net=-9.343374 unrealized=-2.742888 equity=-12.086262 liquidate=-22.811262 | fills=25 pending=8 | ofails=0/30
2026-04-29T12:24:23.671429545 SPREAD KO NYSE  [78.94]  79.02x900 | 79.04x900  [0]  ema=79.028691  pos=0  realized=2.5 fees=0.445443 net=2.054557 unrealized=0
2026-04-29T12:24:23.671438826 SPREAD WBD NASDAQ  [0]  27.03x8900 | 27.04x2500  [27.07]  ema=27.03508  pos=0  realized=0 fees=0 net=0 unrealized=0
2026-04-29T12:24:23.671444018 SPREAD AAL NASDAQ  [11.28]  11.28x21900 | 11.29x4300  [11.31]  ema=11.285354  pos=-200  realized=0 fees=0.209472 net=-0.209472 unrealized=1
2026-04-29T12:24:23.671450329 SPREAD MARA NASDAQ  [10.29]  10.36x3200 | 10.37x7900  [10.43]  ema=10.359392  pos=-100  realized=0 fees=0.061142 net=-0.061142 unrealized=-0.5
2026-04-29T12:24:23.671458220 SPREAD IREN NASDAQ  [42.57]  42.61x400 | 42.63x200  [0]  ema=42.613837  pos=-751  realized=-14.9136 fees=0.443917 net=-15.357517 unrealized=-13.257888
2026-04-29T12:24:23.671465834 SPREAD VISN NASDAQ  [10.45]  10.52x600 | 10.53x1800  [10.59]  ema=10.530268  pos=243  realized=0 fees=0.0495 net=-0.0495 unrealized=1.215
2026-04-29T12:24:23.671470082 SPREAD BBIO NASDAQ  [70.63]  70.72x200 | 70.78x100  [0]  ema=70.744707  pos=0  realized=0 fees=0 net=0 unrealized=0
2026-04-29T12:24:23.671481975 SPREAD CORZ NASDAQ  [19.55]  19.59x900 | 19.6x900  [19.62]  ema=19.589905  pos=-100  realized=4.3 fees=0.0203 net=4.2797 unrealized=8.8
2026-04-29T12:24:24.088848574 MARA replacing buy order: 10.29 -> 10.33 (pos=-100 spread=0.01 bid=10.36x3200 ask=10.37x8300)
2026-04-29T12:24:24.102091692 MARA replacing sell order: 10.43 -> 10.38 (pos=-100 spread=0.01 bid=10.36x3200 ask=10.37x8300)
2026-04-29T12:24:24.115150222 MARA order replaced: replaced buy 100 @ 10.29 pos=0 filled=0/100
2026-04-29T12:24:24.132074095 MARA order replaced: replaced sell 100 @ 10.43 pos=0 filled=0/100
2026-04-29T12:24:28.671453317 BALANCE long=$2558 (1) short=$37241 (4) expose=$-34683 | realize=-8.1136 fee=1.229774 net=-9.343374 unrealized=17.032112 equity=7.688738 liquidate=0.718738 | fills=25 pending=8 | ofails=0/30
2026-04-29T12:24:28.671511993 SPREAD KO NYSE  [78.94]  79.02x400 | 79.03x500  [0]  ema=79.027332  pos=0  realized=2.5 fees=0.445443 net=2.054557 unrealized=0
2026-04-29T12:24:28.672358093 SPREAD WBD NASDAQ  [0]  27.03x8900 | 27.04x2400  [27.07]  ema=27.03508  pos=0  realized=0 fees=0 net=0 unrealized=0
2026-04-29T12:24:28.672386795 SPREAD AAL NASDAQ  [11.28]  11.28x17900 | 11.29x4600  [11.31]  ema=11.285299  pos=-200  realized=0 fees=0.209472 net=-0.209472 unrealized=1
2026-04-29T12:24:28.672394890 SPREAD MARA NASDAQ  [10.33]  10.35x9700 | 10.36x5500  [10.38]  ema=10.357916  pos=-100  realized=0 fees=0.061142 net=-0.061142 unrealized=0.5
2026-04-29T12:24:28.672402730 SPREAD IREN NASDAQ  [42.57]  42.59x600 | 42.6x100  [0]  ema=42.604743  pos=-751  realized=-14.9136 fees=0.443917 net=-15.357517 unrealized=5.517112
2026-04-29T12:24:28.672410294 SPREAD VISN NASDAQ  [10.45]  10.52x600 | 10.53x1800  [10.59]  ema=10.530268  pos=243  realized=0 fees=0.0495 net=-0.0495 unrealized=1.215
2026-04-29T12:24:28.672416154 SPREAD BBIO NASDAQ  [70.63]  70.72x200 | 70.78x100  [0]  ema=70.744707  pos=0  realized=0 fees=0 net=0 unrealized=0
2026-04-29T12:24:28.672427159 SPREAD CORZ NASDAQ  [19.55]  19.59x500 | 19.6x1600  [19.62]  ema=19.591146  pos=-100  realized=4.3 fees=0.0203 net=4.2797 unrealized=8.8
2026-04-29T12:24:33.671618198 BALANCE long=$2558 (1) short=$37252 (4) expose=$-34695 | realize=-8.1136 fee=1.229774 net=-9.343374 unrealized=5.767112 equity=-3.576262 liquidate=-14.301262 | fills=25 pending=8 | ofails=0/30
2026-04-29T12:24:33.671686863 SPREAD KO NYSE  [78.94]  79.02x400 | 79.03x600  [0]  ema=79.026468  pos=0  realized=2.5 fees=0.445443 net=2.054557 unrealized=0
2026-04-29T12:24:33.671705878 SPREAD WBD NASDAQ  [0]  27.03x8900 | 27.04x2400  [27.07]  ema=27.03508  pos=0  realized=0 fees=0 net=0 unrealized=0
2026-04-29T12:24:33.671713765 SPREAD AAL NASDAQ  [11.28]  11.28x21900 | 11.29x3400  [11.31]  ema=11.285243  pos=-200  realized=0 fees=0.209472 net=-0.209472 unrealized=1
2026-04-29T12:24:33.671724450 SPREAD MARA NASDAQ  [10.33]  10.35x9600 | 10.36x4300  [10.38]  ema=10.357276  pos=-100  realized=0 fees=0.061142 net=-0.061142 unrealized=0.5
2026-04-29T12:24:33.671735118 SPREAD IREN NASDAQ  [42.57]  42.6x200 | 42.62x300  [0]  ema=42.60383  pos=-751  realized=-14.9136 fees=0.443917 net=-15.357517 unrealized=-5.747888
2026-04-29T12:24:33.671745320 SPREAD VISN NASDAQ  [10.45]  10.52x600 | 10.53x1800  [10.59]  ema=10.530268  pos=243  realized=0 fees=0.0495 net=-0.0495 unrealized=1.215
2026-04-29T12:24:33.671752205 SPREAD BBIO NASDAQ  [70.63]  70.72x200 | 70.78x100  [0]  ema=70.744707  pos=0  realized=0 fees=0 net=0 unrealized=0
2026-04-29T12:24:33.671759668 SPREAD CORZ NASDAQ  [19.55]  19.59x500 | 19.6x1900  [19.62]  ema=19.592195  pos=-100  realized=4.3 fees=0.0203 net=4.2797 unrealized=8.8
2026-04-29T12:24:36.082970294 VISN replacing buy order: 10.45 -> 10.51 (pos=243 spread=0.01 bid=10.52x600 ask=10.53x1900)
2026-04-29T12:24:36.084847683 VISN replacing sell order: 10.59 -> 10.56 (pos=243 spread=0.01 bid=10.52x600 ask=10.53x1900)
2026-04-29T12:24:36.107242563 VISN order replaced: replaced buy 100 @ 10.45 pos=0 filled=43/100
2026-04-29T12:24:36.107268510 VISN order replaced: replaced sell 100 @ 10.59 pos=0 filled=0/100
2026-04-29T12:24:38.671785652 BALANCE long=$2558 (1) short=$37244 (4) expose=$-34686 | realize=-8.1136 fee=1.229774 net=-9.343374 unrealized=14.277112 equity=4.933738 liquidate=-5.791262 | fills=25 pending=8 | ofails=0/30
2026-04-29T12:24:38.671856015 SPREAD KO NYSE  [78.94]  79.02x800 | 79.03x200  [0]  ema=79.025995  pos=0  realized=2.5 fees=0.445443 net=2.054557 unrealized=0
2026-04-29T12:24:38.672574591 SPREAD WBD NASDAQ  [0]  27.03x8900 | 27.04x2400  [27.07]  ema=27.03508  pos=0  realized=0 fees=0 net=0 unrealized=0
2026-04-29T12:24:38.672589218 SPREAD AAL NASDAQ  [11.28]  11.28x21900 | 11.29x3400  [11.31]  ema=11.285215  pos=-200  realized=0 fees=0.209472 net=-0.209472 unrealized=1
2026-04-29T12:24:38.672597671 SPREAD MARA NASDAQ  [10.33]  10.35x8600 | 10.36x5400  [10.38]  ema=10.356672  pos=-100  realized=0 fees=0.061142 net=-0.061142 unrealized=0.5
2026-04-29T12:24:38.672608744 SPREAD IREN NASDAQ  [42.57]  42.59x600 | 42.61x100  [0]  ema=42.609574  pos=-751  realized=-14.9136 fees=0.443917 net=-15.357517 unrealized=1.762112
2026-04-29T12:24:38.672637029 SPREAD VISN NASDAQ  [10.51]  10.52x600 | 10.53x1700  [10.56]  ema=10.530136  pos=243  realized=0 fees=0.0495 net=-0.0495 unrealized=1.215
2026-04-29T12:24:38.672649584 SPREAD BBIO NASDAQ  [70.63]  70.72x100 | 70.78x100  [0]  ema=70.744773  pos=0  realized=0 fees=0 net=0 unrealized=0
2026-04-29T12:24:38.672660321 SPREAD CORZ NASDAQ  [19.55]  19.58x700 | 19.59x1500  [19.62]  ema=19.590929  pos=-100  realized=4.3 fees=0.0203 net=4.2797 unrealized=9.8
2026-04-29T12:24:43.120930713 IREN order partial_fill: partially_filled buy 100 @ 42.57 pos=-724 filled=27/100
2026-04-29T12:24:43.120975739 IREN filled 27 @ 42.57 | pos=-724 | fill_pnl=0.873342 | fee=0.0057 | realized=-14.040258 | total_pnl=-7.240258 | total_fees=1.235474 | fills=26 shares=1870 | greed=0/0
2026-04-29T12:24:43.120989537 IREN order partial_fill: partially_filled buy 100 @ 42.57 pos=-715 filled=36/100
2026-04-29T12:24:43.120998015 IREN filled 9 @ 42.57 | pos=-715 | fill_pnl=0.291114 | fee=0.0018 | realized=-13.749144 | total_pnl=-6.949144 | total_fees=1.237274 | fills=27 shares=1879 | greed=0.06/0.03
2026-04-29T12:24:43.121009841 IREN order partial_fill: partially_filled buy 100 @ 42.57 pos=-712 filled=39/100
2026-04-29T12:24:43.121017848 IREN filled 3 @ 42.57 | pos=-712 | fill_pnl=0.097038 | fee=0.0006 | realized=-13.652106 | total_pnl=-6.852106 | total_fees=1.237874 | fills=28 shares=1882 | greed=0.12/0.03
2026-04-29T12:24:43.121031565 IREN order partial_fill: partially_filled buy 100 @ 42.57 pos=-711 filled=40/100
2026-04-29T12:24:43.121041665 IREN filled 1 @ 42.57 | pos=-711 | fill_pnl=0.032346 | fee=0.0002 | realized=-13.61976 | total_pnl=-6.81976 | total_fees=1.238074 | fills=29 shares=1883 | greed=0.24/0.03
2026-04-29T12:24:43.121051199 IREN order fill: filled buy 100 @ 42.57 pos=-651 filled=100/100
2026-04-29T12:24:43.121058417 IREN filled 60 @ 42.57 | pos=-651 | fill_pnl=1.94076 | fee=0.012 | realized=-11.679 | total_pnl=-4.879 | total_fees=1.250074 | fills=30 shares=1943 | greed=0.48/0.03
2026-04-29T12:24:43.145899413 IREN placed sell 100 @ 42.66 -> NASDAQ (pos=-651 spread=0.01 bid=42.57x200 ask=42.58x200)
2026-04-29T12:24:43.147682682 IREN placed buy 100 @ 41.6 -> NASDAQ (pos=-651 spread=0.01 bid=42.57x200 ask=42.58x200)
2026-04-29T12:24:43.158377152 IREN order pending_new: pending_new sell 100 @ 42.66 pos=0 filled=0/100
2026-04-29T12:24:43.158393317 IREN order pending_new: pending_new buy 100 @ 41.6 pos=0 filled=0/100
2026-04-29T12:24:43.171023233 IREN order new: new sell 100 @ 42.66 pos=0 filled=0/100
2026-04-29T12:24:43.171033645 IREN order new: new buy 100 @ 41.6 pos=0 filled=0/100
2026-04-29T12:24:44.672033874 BALANCE long=$2558 (1) short=$32994 (4) expose=$-30437 | realize=-4.879 fee=1.250074 net=-6.129074 unrealized=3.277512 equity=-2.851562 liquidate=-15.831562 | fills=30 pending=8 | ofails=0/32
2026-04-29T12:24:44.672099567 SPREAD KO NYSE  [78.94]  79.03x900 | 79.04x600  [0]  ema=79.028644  pos=0  realized=2.5 fees=0.445443 net=2.054557 unrealized=0
2026-04-29T12:24:44.672110603 SPREAD WBD NASDAQ  [0]  27.03x8900 | 27.04x2300  [27.07]  ema=27.03508  pos=0  realized=0 fees=0 net=0 unrealized=0
2026-04-29T12:24:44.672120047 SPREAD AAL NASDAQ  [11.28]  11.28x21900 | 11.29x3400  [11.31]  ema=11.285215  pos=-200  realized=0 fees=0.209472 net=-0.209472 unrealized=1
2026-04-29T12:24:44.672133697 SPREAD MARA NASDAQ  [10.33]  10.35x4800 | 10.36x5800  [10.38]  ema=10.355809  pos=-100  realized=0 fees=0.061142 net=-0.061142 unrealized=0.5
2026-04-29T12:24:44.672144717 SPREAD IREN NASDAQ  [41.6]  42.6x500 | 42.63x200  [42.66]  ema=42.610707  pos=-651  realized=-11.679 fees=0.464217 net=-12.143217 unrealized=-8.237488
2026-04-29T12:24:44.672156687 SPREAD VISN NASDAQ  [10.51]  10.52x600 | 10.53x1500  [10.56]  ema=10.529759  pos=243  realized=0 fees=0.0495 net=-0.0495 unrealized=1.215
2026-04-29T12:24:44.672166091 SPREAD BBIO NASDAQ  [70.63]  70.72x100 | 70.78x100  [0]  ema=70.744773  pos=0  realized=0 fees=0 net=0 unrealized=0
2026-04-29T12:24:44.672173107 SPREAD CORZ NASDAQ  [19.55]  19.59x200 | 19.6x900  [19.62]  ema=19.587088  pos=-100  realized=4.3 fees=0.0203 net=4.2797 unrealized=8.8
2026-04-29T12:24:50.671098070 BALANCE long=$2558 (1) short=$32989 (4) expose=$-30432 | realize=-4.879 fee=1.250074 net=-6.129074 unrealized=8.287512 equity=2.158438 liquidate=-11.321562 | fills=30 pending=8 | ofails=0/32
2026-04-29T12:24:50.671149335 SPREAD KO NYSE  [78.94]  79.04x400 | 79.05x900  [0]  ema=79.037715  pos=0  realized=2.5 fees=0.445443 net=2.054557 unrealized=0
2026-04-29T12:24:50.671161142 SPREAD WBD NASDAQ  [0]  27.03x9300 | 27.04x3400  [27.07]  ema=27.03508  pos=0  realized=0 fees=0 net=0 unrealized=0
2026-04-29T12:24:50.671172953 SPREAD AAL NASDAQ  [11.28]  11.29x4300 | 11.3x17900  [11.31]  ema=11.290122  pos=-200  realized=0 fees=0.209472 net=-0.209472 unrealized=-1
2026-04-29T12:24:50.671186034 SPREAD MARA NASDAQ  [10.33]  10.35x4800 | 10.36x4100  [10.38]  ema=10.355506  pos=-100  realized=0 fees=0.061142 net=-0.061142 unrealized=0.5
2026-04-29T12:24:50.671194532 SPREAD IREN NASDAQ  [41.6]  42.59x300 | 42.62x100  [42.66]  ema=42.608754  pos=-651  realized=-11.679 fees=0.464217 net=-12.143217 unrealized=-1.727488
2026-04-29T12:24:50.671207698 SPREAD VISN NASDAQ  [10.51]  10.52x900 | 10.53x1500  [10.56]  ema=10.529582  pos=243  realized=0 fees=0.0495 net=-0.0495 unrealized=1.215
2026-04-29T12:24:50.671217311 SPREAD BBIO NASDAQ  [70.63]  70.72x100 | 70.78x100  [0]  ema=70.744773  pos=0  realized=0 fees=0 net=0 unrealized=0
2026-04-29T12:24:50.671224670 SPREAD CORZ NASDAQ  [19.55]  19.58x1300 | 19.6x1300  [19.62]  ema=19.591085  pos=-100  realized=4.3 fees=0.0203 net=4.2797 unrealized=9.3
2026-04-29T12:24:55.671862703 BALANCE long=$2558 (1) short=$32986 (4) expose=$-30428 | realize=-4.879 fee=1.250074 net=-6.129074 unrealized=12.042512 equity=5.913438 liquidate=-3.811562 | fills=30 pending=8 | ofails=0/32
2026-04-29T12:24:55.671925108 SPREAD KO NYSE  [78.94]  79.04x900 | 79.05x400  [0]  ema=79.039036  pos=0  realized=2.5 fees=0.445443 net=2.054557 unrealized=0
2026-04-29T12:24:55.671942704 SPREAD WBD NASDAQ  [0]  27.03x11200 | 27.04x1400  [27.07]  ema=27.03508  pos=0  realized=0 fees=0 net=0 unrealized=0
2026-04-29T12:24:55.671954911 SPREAD AAL NASDAQ  [11.28]  11.29x3000 | 11.3x17700  [11.31]  ema=11.291582  pos=-200  realized=0 fees=0.209472 net=-0.209472 unrealized=-1
2026-04-29T12:24:55.671963661 SPREAD MARA NASDAQ  [10.33]  10.35x6500 | 10.36x2200  [10.38]  ema=10.355364  pos=-100  realized=0 fees=0.061142 net=-0.061142 unrealized=0.5
2026-04-29T12:24:55.671973957 SPREAD IREN NASDAQ  [41.6]  42.59x300 | 42.61x200  [42.66]  ema=42.606421  pos=-651  realized=-11.679 fees=0.464217 net=-12.143217 unrealized=1.527512
2026-04-29T12:24:55.671984616 SPREAD VISN NASDAQ  [10.51]  10.52x1000 | 10.53x1500  [10.56]  ema=10.529411  pos=243  realized=0 fees=0.0495 net=-0.0495 unrealized=1.215
2026-04-29T12:24:55.671992183 SPREAD BBIO NASDAQ  [70.63]  70.72x100 | 70.78x100  [0]  ema=70.744838  pos=0  realized=0 fees=0 net=0 unrealized=0
2026-04-29T12:24:55.671999195 SPREAD CORZ NASDAQ  [19.55]  19.58x700 | 19.59x1000  [19.62]  ema=19.588745  pos=-100  realized=4.3 fees=0.0203 net=4.2797 unrealized=9.8
2026-04-29T12:24:55.731245832 IREN replacing buy order: 41.6 -> 42.09 (pos=-651 spread=0.02 bid=42.59x300 ask=42.61x200)
2026-04-29T12:24:55.756108836 IREN order replaced: replaced buy 100 @ 41.6 pos=0 filled=0/100
2026-04-29T12:25:01.671586474 BALANCE long=$2558 (1) short=$32999 (4) expose=$-30441 | realize=-4.879 fee=1.250074 net=-6.129074 unrealized=-0.977488 equity=-7.106562 liquidate=-16.831562 | fills=30 pending=8 | ofails=0/32
2026-04-29T12:25:01.671636901 SPREAD KO NYSE  [78.94]  79.04x800 | 79.05x400  [0]  ema=79.039183  pos=0  realized=2.5 fees=0.445443 net=2.054557 unrealized=0
2026-04-29T12:25:01.671652323 SPREAD WBD NASDAQ  [0]  27.03x8900 | 27.04x3600  [27.07]  ema=27.03508  pos=0  realized=0 fees=0 net=0 unrealized=0
2026-04-29T12:25:01.671663385 SPREAD AAL NASDAQ  [11.28]  11.29x3600 | 11.3x21100  [11.31]  ema=11.292249  pos=-200  realized=0 fees=0.209472 net=-0.209472 unrealized=-1
2026-04-29T12:25:01.671689517 SPREAD MARA NASDAQ  [10.33]  10.35x7200 | 10.36x600  [10.38]  ema=10.35889  pos=-100  realized=0 fees=0.061142 net=-0.061142 unrealized=0.5
2026-04-29T12:25:01.671697432 SPREAD IREN NASDAQ  [42.09]  42.61x300 | 42.63x200  [42.66]  ema=42.605062  pos=-651  realized=-11.679 fees=0.464217 net=-12.143217 unrealized=-11.492488
2026-04-29T12:25:01.671704551 SPREAD VISN NASDAQ  [10.51]  10.52x1100 | 10.53x1700  [10.56]  ema=10.528984  pos=243  realized=0 fees=0.0495 net=-0.0495 unrealized=1.215
2026-04-29T12:25:01.671711011 SPREAD BBIO NASDAQ  [70.63]  70.72x100 | 70.78x100  [0]  ema=70.744967  pos=0  realized=0 fees=0 net=0 unrealized=0
2026-04-29T12:25:01.671719098 SPREAD CORZ NASDAQ  [19.55]  19.58x1200 | 19.59x700  [19.62]  ema=19.58847  pos=-100  realized=4.3 fees=0.0203 net=4.2797 unrealized=9.8
2026-04-29T12:25:03.355051289 BBIO replacing buy order: 70.63 -> 70.68 (pos=0 spread=0.08 bid=70.76x100 ask=70.84x100)
2026-04-29T12:25:03.382118837 BBIO order replaced: replaced buy 100 @ 70.63 pos=0 filled=0/100
2026-04-29T12:25:05.633690211 IREN replacing sell order: 42.66 -> 42.7 (pos=-651 spread=0.01 bid=42.65x100 ask=42.66x200)
2026-04-29T12:25:05.661148214 IREN order replaced: replaced sell 100 @ 42.66 pos=0 filled=0/100
2026-04-29T12:25:06.470078548 IREN replacing buy order: 42.09 -> 42.13 (pos=-651 spread=0.02 bid=42.64x300 ask=42.66x100)
2026-04-29T12:25:06.498196550 IREN order replaced: replaced buy 100 @ 42.09 pos=0 filled=0/100
2026-04-29T12:25:07.671966909 BALANCE long=$2558 (1) short=$33004 (4) expose=$-30446 | realize=-4.879 fee=1.250074 net=-6.129074 unrealized=-6.232488 equity=-12.361562 liquidate=-25.341562 | fills=30 pending=8 | ofails=0/32
2026-04-29T12:25:07.672017412 SPREAD KO NYSE  [78.94]  79.04x1400 | 79.05x100  [0]  ema=79.04644  pos=0  realized=2.5 fees=0.445443 net=2.054557 unrealized=0
2026-04-29T12:25:07.672031054 SPREAD WBD NASDAQ  [0]  27.03x11000 | 27.04x2300  [27.07]  ema=27.03508  pos=0  realized=0 fees=0 net=0 unrealized=0
2026-04-29T12:25:07.672038935 SPREAD AAL NASDAQ  [11.28]  11.29x17500 | 11.3x17000  [11.31]  ema=11.292729  pos=-200  realized=0 fees=0.209472 net=-0.209472 unrealized=-1
2026-04-29T12:25:07.672049959 SPREAD MARA NASDAQ  [10.33]  10.36x7800 | 10.37x3300  [10.38]  ema=10.362046  pos=-100  realized=0 fees=0.061142 net=-0.061142 unrealized=-0.5
2026-04-29T12:25:07.672060053 SPREAD IREN NASDAQ  [42.13]  42.61x300 | 42.64x300  [42.7]  ema=42.6379  pos=-651  realized=-11.679 fees=0.464217 net=-12.143217 unrealized=-14.747488
2026-04-29T12:25:07.672067048 SPREAD VISN NASDAQ  [10.51]  10.52x1100 | 10.53x1500  [10.56]  ema=10.528934  pos=243  realized=0 fees=0.0495 net=-0.0495 unrealized=1.215
2026-04-29T12:25:07.672073178 SPREAD BBIO NASDAQ  [70.68]  70.76x100 | 70.84x100  [0]  ema=70.751286  pos=0  realized=0 fees=0 net=0 unrealized=0
2026-04-29T12:25:07.672080464 SPREAD CORZ NASDAQ  [19.55]  19.59x200 | 19.6x900  [19.62]  ema=19.591978  pos=-100  realized=4.3 fees=0.0203 net=4.2797 unrealized=8.8
2026-04-29T12:25:10.224538813 IREN replacing buy order: 42.13 -> 42.36 (pos=-651 spread=0.02 bid=42.63x100 ask=42.65x100)
2026-04-29T12:25:10.250161057 IREN order replaced: replaced buy 100 @ 42.13 pos=0 filled=0/100
2026-04-29T12:25:13.671251789 BALANCE long=$2555 (1) short=$33017 (4) expose=$-30462 | realize=-4.879 fee=1.250074 net=-6.129074 unrealized=-21.682488 equity=-27.811562 liquidate=-34.281562 | fills=30 pending=8 | ofails=0/32
2026-04-29T12:25:13.671315355 SPREAD KO NYSE  [78.94]  79.04x600 | 79.05x1100  [0]  ema=79.045865  pos=0  realized=2.5 fees=0.445443 net=2.054557 unrealized=0
2026-04-29T12:25:13.671338869 SPREAD WBD NASDAQ  [0]  27.03x11000 | 27.04x3900  [27.07]  ema=27.03508  pos=0  realized=0 fees=0 net=0 unrealized=0
2026-04-29T12:25:13.671350723 SPREAD AAL NASDAQ  [11.28]  11.29x17500 | 11.3x17000  [11.31]  ema=11.292729  pos=-200  realized=0 fees=0.209472 net=-0.209472 unrealized=-1
2026-04-29T12:25:13.671358514 SPREAD MARA NASDAQ  [10.33]  10.36x3000 | 10.37x7700  [10.38]  ema=10.363959  pos=-100  realized=0 fees=0.061142 net=-0.061142 unrealized=-0.5
2026-04-29T12:25:13.671381065 SPREAD IREN NASDAQ  [42.36]  42.64x100 | 42.65x100  [42.7]  ema=42.643723  pos=-651  realized=-11.679 fees=0.464217 net=-12.143217 unrealized=-27.767488
2026-04-29T12:25:13.671391373 SPREAD VISN NASDAQ  [10.51]  10.51x600 | 10.52x800  [10.56]  ema=10.52533  pos=243  realized=0 fees=0.0495 net=-0.0495 unrealized=-1.215
2026-04-29T12:25:13.671397715 SPREAD BBIO NASDAQ  [70.68]  70.76x100 | 70.84x100  [0]  ema=70.751286  pos=0  realized=0 fees=0 net=0 unrealized=0
2026-04-29T12:25:13.671405646 SPREAD CORZ NASDAQ  [19.55]  19.59x400 | 19.6x1300  [19.62]  ema=19.593564  pos=-100  realized=4.3 fees=0.0203 net=4.2797 unrealized=8.8
2026-04-29T12:25:18.671385511 BALANCE long=$2555 (1) short=$33010 (4) expose=$-30455 | realize=-4.879 fee=1.250074 net=-6.129074 unrealized=-15.172488 equity=-21.301562 liquidate=-34.281562 | fills=30 pending=8 | ofails=0/32
2026-04-29T12:25:18.671438036 SPREAD KO NYSE  [78.94]  79.04x1100 | 79.05x200  [0]  ema=79.04563  pos=0  realized=2.5 fees=0.445443 net=2.054557 unrealized=0
2026-04-29T12:25:18.671454283 SPREAD WBD NASDAQ  [0]  27.03x11000 | 27.04x2300  [27.07]  ema=27.03508  pos=0  realized=0 fees=0 net=0 unrealized=0
2026-04-29T12:25:18.671465412 SPREAD AAL NASDAQ  [11.28]  11.29x17500 | 11.3x12800  [11.31]  ema=11.292758  pos=-200  realized=0 fees=0.209472 net=-0.209472 unrealized=-1
2026-04-29T12:25:18.671476013 SPREAD MARA NASDAQ  [10.33]  10.36x3800 | 10.37x7100  [10.38]  ema=10.36411  pos=-100  realized=0 fees=0.061142 net=-0.061142 unrealized=-0.5
2026-04-29T12:25:18.671483586 SPREAD IREN NASDAQ  [42.36]  42.62x300 | 42.65x200  [42.7]  ema=42.642203  pos=-651  realized=-11.679 fees=0.464217 net=-12.143217 unrealized=-21.257488
2026-04-29T12:25:18.671491893 SPREAD VISN NASDAQ  [10.51]  10.51x700 | 10.52x900  [10.56]  ema=10.52192  pos=243  realized=0 fees=0.0495 net=-0.0495 unrealized=-1.215
2026-04-29T12:25:18.671503863 SPREAD BBIO NASDAQ  [70.68]  70.71x200 | 70.76x400  [0]  ema=70.753452  pos=0  realized=0 fees=0 net=0 unrealized=0
2026-04-29T12:25:18.671511884 SPREAD CORZ NASDAQ  [19.55]  19.59x500 | 19.6x1300  [19.62]  ema=19.594261  pos=-100  realized=4.3 fees=0.0203 net=4.2797 unrealized=8.8
2026-04-29T12:25:24.671358777 BALANCE long=$2555 (1) short=$33014 (4) expose=$-30458 | realize=-4.879 fee=1.250074 net=-6.129074 unrealized=-18.427488 equity=-24.556562 liquidate=-34.281562 | fills=30 pending=8 | ofails=0/32
2026-04-29T12:25:24.671413120 SPREAD KO NYSE  [78.94]  79.03x1200 | 79.04x200  [0]  ema=79.040988  pos=0  realized=2.5 fees=0.445443 net=2.054557 unrealized=0
2026-04-29T12:25:24.671425061 SPREAD WBD NASDAQ  [0]  27.03x11000 | 27.04x4000  [27.07]  ema=27.03508  pos=0  realized=0 fees=0 net=0 unrealized=0
2026-04-29T12:25:24.671437444 SPREAD AAL NASDAQ  [11.28]  11.29x16700 | 11.3x12800  [11.31]  ema=11.292815  pos=-200  realized=0 fees=0.209472 net=-0.209472 unrealized=-1
2026-04-29T12:25:24.671448962 SPREAD MARA NASDAQ  [10.33]  10.36x3200 | 10.37x7100  [10.38]  ema=10.364273  pos=-100  realized=0 fees=0.061142 net=-0.061142 unrealized=-0.5
2026-04-29T12:25:24.671455063 SPREAD IREN NASDAQ  [42.36]  42.63x100 | 42.65x300  [42.7]  ema=42.640097  pos=-651  realized=-11.679 fees=0.464217 net=-12.143217 unrealized=-24.512488
2026-04-29T12:25:24.671460261 SPREAD VISN NASDAQ  [10.51]  10.51x700 | 10.52x900  [10.56]  ema=10.521029  pos=243  realized=0 fees=0.0495 net=-0.0495 unrealized=-1.215
2026-04-29T12:25:24.671469344 SPREAD BBIO NASDAQ  [70.68]  70.74x100 | 70.81x100  [0]  ema=70.754477  pos=0  realized=0 fees=0 net=0 unrealized=0
2026-04-29T12:25:24.671479462 SPREAD CORZ NASDAQ  [19.55]  19.59x700 | 19.6x1000  [19.62]  ema=19.594556  pos=-100  realized=4.3 fees=0.0203 net=4.2797 unrealized=8.8
2026-04-29T12:25:27.448631787 IREN replacing buy order: 42.36 -> 42.48 (pos=-651 spread=0.02 bid=42.62x400 ask=42.64x200)
2026-04-29T12:25:27.477053048 IREN order replaced: replaced buy 100 @ 42.36 pos=0 filled=0/100
2026-04-29T12:25:30.671556351 BALANCE long=$2555 (1) short=$33001 (4) expose=$-30445 | realize=-4.879 fee=1.250074 net=-6.129074 unrealized=-5.407488 equity=-11.536562 liquidate=-21.261562 | fills=30 pending=8 | ofails=0/32
2026-04-29T12:25:30.671616622 SPREAD KO NYSE  [78.94]  79.03x1000 | 79.04x200  [0]  ema=79.039274  pos=0  realized=2.5 fees=0.445443 net=2.054557 unrealized=0
2026-04-29T12:25:30.671627252 SPREAD WBD NASDAQ  [0]  27.03x11000 | 27.04x3700  [27.07]  ema=27.03508  pos=0  realized=0 fees=0 net=0 unrealized=0
2026-04-29T12:25:30.671633660 SPREAD AAL NASDAQ  [11.28]  11.29x3100 | 11.3x25800  [11.31]  ema=11.293415  pos=-200  realized=0 fees=0.209472 net=-0.209472 unrealized=-1
2026-04-29T12:25:30.671640438 SPREAD MARA NASDAQ  [10.33]  10.36x3200 | 10.37x7100  [10.38]  ema=10.364397  pos=-100  realized=0 fees=0.061142 net=-0.061142 unrealized=-0.5
2026-04-29T12:25:30.671649407 SPREAD IREN NASDAQ  [42.48]  42.61x200 | 42.63x200  [42.7]  ema=42.628762  pos=-651  realized=-11.679 fees=0.464217 net=-12.143217 unrealized=-11.492488
2026-04-29T12:25:30.671655229 SPREAD VISN NASDAQ  [10.51]  10.51x600 | 10.52x900  [10.56]  ema=10.520954  pos=243  realized=0 fees=0.0495 net=-0.0495 unrealized=-1.215
2026-04-29T12:25:30.671661824 SPREAD BBIO NASDAQ  [70.68]  70.74x100 | 70.81x100  [0]  ema=70.754477  pos=0  realized=0 fees=0 net=0 unrealized=0
2026-04-29T12:25:30.671669250 SPREAD CORZ NASDAQ  [19.55]  19.59x500 | 19.6x1400  [19.62]  ema=19.59472  pos=-100  realized=4.3 fees=0.0203 net=4.2797 unrealized=8.8
2026-04-29T12:25:36.671343615 BALANCE long=$2555 (1) short=$32985 (4) expose=$-30429 | realize=-4.879 fee=1.250074 net=-6.129074 unrealized=10.612512 equity=4.483438 liquidate=-5.241562 | fills=30 pending=8 | ofails=0/32
2026-04-29T12:25:36.671408743 SPREAD KO NYSE  [78.94]  79.04x1000 | 79.05x700  [0]  ema=79.039629  pos=0  realized=2.5 fees=0.445443 net=2.054557 unrealized=0
2026-04-29T12:25:36.671418387 SPREAD WBD NASDAQ  [0]  27.03x11000 | 27.04x2600  [27.07]  ema=27.03508  pos=0  realized=0 fees=0 net=0 unrealized=0
2026-04-29T12:25:36.671423474 SPREAD AAL NASDAQ  [11.28]  11.28x9700 | 11.29x18900  [11.31]  ema=11.289119  pos=-200  realized=0 fees=0.209472 net=-0.209472 unrealized=1
2026-04-29T12:25:36.671429376 SPREAD MARA NASDAQ  [10.33]  10.36x3600 | 10.37x7100  [10.38]  ema=10.364446  pos=-100  realized=0 fees=0.061142 net=-0.061142 unrealized=-0.5
2026-04-29T12:25:36.671434821 SPREAD IREN NASDAQ  [42.48]  42.59x200 | 42.61x200  [42.7]  ema=42.614208  pos=-651  realized=-11.679 fees=0.464217 net=-12.143217 unrealized=1.527512
2026-04-29T12:25:36.671442938 SPREAD VISN NASDAQ  [10.51]  10.51x600 | 10.52x900  [10.56]  ema=10.520954  pos=243  realized=0 fees=0.0495 net=-0.0495 unrealized=-1.215
2026-04-29T12:25:36.671450734 SPREAD BBIO NASDAQ  [70.68]  70.74x100 | 70.81x100  [0]  ema=70.754477  pos=0  realized=0 fees=0 net=0 unrealized=0
2026-04-29T12:25:36.671455286 SPREAD CORZ NASDAQ  [19.55]  19.58x500 | 19.59x1100  [19.62]  ema=19.588942  pos=-100  realized=4.3 fees=0.0203 net=4.2797 unrealized=9.8
2026-04-29T12:25:41.686125689 IREN replacing buy order: 42.48 -> 42.52 (pos=-651 spread=0.02 bid=42.59x200 ask=42.61x200)
2026-04-29T12:25:41.712462114 IREN order replaced: replaced buy 100 @ 42.48 pos=0 filled=0/100
2026-04-29T12:25:42.671243455 BALANCE long=$2555 (1) short=$32985 (4) expose=$-30429 | realize=-4.879 fee=1.250074 net=-6.129074 unrealized=10.612512 equity=4.483438 liquidate=-5.241562 | fills=30 pending=8 | ofails=0/32
2026-04-29T12:25:42.671307175 SPREAD KO NYSE  [78.94]  79.04x1200 | 79.05x500  [0]  ema=79.040602  pos=0  realized=2.5 fees=0.445443 net=2.054557 unrealized=0
2026-04-29T12:25:42.671321733 SPREAD WBD NASDAQ  [0]  27.03x11000 | 27.04x2600  [27.07]  ema=27.03508  pos=0  realized=0 fees=0 net=0 unrealized=0
2026-04-29T12:25:42.671329161 SPREAD AAL NASDAQ  [11.28]  11.28x10600 | 11.29x16700  [11.31]  ema=11.288674  pos=-200  realized=0 fees=0.209472 net=-0.209472 unrealized=1
2026-04-29T12:25:42.671348853 SPREAD MARA NASDAQ  [10.33]  10.36x3600 | 10.37x9600  [10.38]  ema=10.364476  pos=-100  realized=0 fees=0.061142 net=-0.061142 unrealized=-0.5
2026-04-29T12:25:42.671362941 SPREAD IREN NASDAQ  [42.52]  42.59x200 | 42.61x200  [42.7]  ema=42.610503  pos=-651  realized=-11.679 fees=0.464217 net=-12.143217 unrealized=1.527512
2026-04-29T12:25:42.671384467 SPREAD VISN NASDAQ  [10.51]  10.51x500 | 10.52x1000  [10.56]  ema=10.520664  pos=243  realized=0 fees=0.0495 net=-0.0495 unrealized=-1.215
2026-04-29T12:25:42.671392157 SPREAD BBIO NASDAQ  [70.68]  70.74x100 | 70.81x100  [0]  ema=70.754734  pos=0  realized=0 fees=0 net=0 unrealized=0
2026-04-29T12:25:42.671400437 SPREAD CORZ NASDAQ  [19.55]  19.58x900 | 19.59x900  [19.62]  ema=19.587308  pos=-100  realized=4.3 fees=0.0203 net=4.2797 unrealized=9.8
2026-04-29T12:25:47.672024524 BALANCE long=$2555 (1) short=$33004 (4) expose=$-30449 | realize=-4.879 fee=1.250074 net=-6.129074 unrealized=-8.917488 equity=-15.046562 liquidate=-24.771562 | fills=30 pending=8 | ofails=0/32
2026-04-29T12:25:47.672080660 SPREAD KO NYSE  [78.94]  79.04x1200 | 79.05x400  [0]  ema=79.040656  pos=0  realized=2.5 fees=0.445443 net=2.054557 unrealized=0
2026-04-29T12:25:47.672098657 SPREAD WBD NASDAQ  [0]  27.03x10900 | 27.04x2600  [27.07]  ema=27.03508  pos=0  realized=0 fees=0 net=0 unrealized=0
2026-04-29T12:25:47.672105470 SPREAD AAL NASDAQ  [11.28]  11.28x11400 | 11.29x14700  [11.31]  ema=11.287812  pos=-200  realized=0 fees=0.209472 net=-0.209472 unrealized=1
2026-04-29T12:25:47.672116145 SPREAD MARA NASDAQ  [10.33]  10.36x8300 | 10.37x13000  [10.38]  ema=10.364564  pos=-100  realized=0 fees=0.061142 net=-0.061142 unrealized=-0.5
2026-04-29T12:25:47.672127740 SPREAD IREN NASDAQ  [42.52]  42.62x200 | 42.64x200  [42.7]  ema=42.618756  pos=-651  realized=-11.679 fees=0.464217 net=-12.143217 unrealized=-18.002488
2026-04-29T12:25:47.672136212 SPREAD VISN NASDAQ  [10.51]  10.51x600 | 10.52x1000  [10.56]  ema=10.520456  pos=243  realized=0 fees=0.0495 net=-0.0495 unrealized=-1.215
2026-04-29T12:25:47.672142903 SPREAD BBIO NASDAQ  [70.68]  70.74x100 | 70.81x100  [0]  ema=70.754734  pos=0  realized=0 fees=0 net=0 unrealized=0
2026-04-29T12:25:47.672150857 SPREAD CORZ NASDAQ  [19.55]  19.58x1500 | 19.59x300  [19.62]  ema=19.586785  pos=-100  realized=4.3 fees=0.0203 net=4.2797 unrealized=9.8
2026-04-29T12:25:53.671845292 BALANCE long=$2555 (1) short=$32994 (4) expose=$-30439 | realize=-4.879 fee=1.250074 net=-6.129074 unrealized=0.847512 equity=-5.281562 liquidate=-18.261562 | fills=30 pending=8 | ofails=0/32
2026-04-29T12:25:53.671902179 SPREAD KO NYSE  [78.94]  79.04x1200 | 79.05x400  [0]  ema=79.040969  pos=0  realized=2.5 fees=0.445443 net=2.054557 unrealized=0
2026-04-29T12:25:53.671912869 SPREAD WBD NASDAQ  [0]  27.03x11000 | 27.04x2600  [27.07]  ema=27.03508  pos=0  realized=0 fees=0 net=0 unrealized=0
2026-04-29T12:25:53.671924256 SPREAD AAL NASDAQ  [11.28]  11.28x11500 | 11.29x17100  [11.31]  ema=11.287382  pos=-200  realized=0 fees=0.209472 net=-0.209472 unrealized=1
2026-04-29T12:25:53.671931185 SPREAD MARA NASDAQ  [10.33]  10.36x8200 | 10.37x13800  [10.38]  ema=10.364628  pos=-100  realized=0 fees=0.061142 net=-0.061142 unrealized=-0.5
2026-04-29T12:25:53.671941169 SPREAD IREN NASDAQ  [42.52]  42.6x200 | 42.63x200  [42.7]  ema=42.615383  pos=-651  realized=-11.679 fees=0.464217 net=-12.143217 unrealized=-8.237488
2026-04-29T12:25:53.671951841 SPREAD VISN NASDAQ  [10.51]  10.51x600 | 10.52x1000  [10.56]  ema=10.520456  pos=243  realized=0 fees=0.0495 net=-0.0495 unrealized=-1.215
2026-04-29T12:25:53.671960917 SPREAD BBIO NASDAQ  [70.68]  70.74x100 | 70.81x100  [0]  ema=70.754734  pos=0  realized=0 fees=0 net=0 unrealized=0
2026-04-29T12:25:53.671976909 SPREAD CORZ NASDAQ  [19.55]  19.58x600 | 19.59x1000  [19.62]  ema=19.58601  pos=-100  realized=4.3 fees=0.0203 net=4.2797 unrealized=9.8
2026-04-29T12:25:56.998159706 IREN replacing sell order: 42.7 -> 42.65 (pos=-651 spread=0.02 bid=42.61x100 ask=42.63x200)
2026-04-29T12:25:57.000512604 IREN replacing buy order: 42.52 -> 42.58 (pos=-651 spread=0.02 bid=42.61x100 ask=42.63x200)
2026-04-29T12:25:57.027374275 IREN order replaced: replaced sell 100 @ 42.7 pos=0 filled=0/100
2026-04-29T12:25:57.027400643 IREN order replaced: replaced buy 100 @ 42.52 pos=0 filled=0/100
2026-04-29T12:25:59.671189932 BALANCE long=$2555 (1) short=$32994 (4) expose=$-30439 | realize=-4.879 fee=1.250074 net=-6.129074 unrealized=0.847512 equity=-5.281562 liquidate=-18.261562 | fills=30 pending=8 | ofails=0/32
2026-04-29T12:25:59.671243666 SPREAD KO NYSE  [78.94]  79.05x500 | 79.06x500  [0]  ema=79.052727  pos=0  realized=2.5 fees=0.445443 net=2.054557 unrealized=0
2026-04-29T12:25:59.671258042 SPREAD WBD NASDAQ  [0]  27.03x11000 | 27.04x2600  [27.07]  ema=27.03508  pos=0  realized=0 fees=0 net=0 unrealized=0
2026-04-29T12:25:59.671271489 SPREAD AAL NASDAQ  [11.28]  11.28x11300 | 11.29x15400  [11.31]  ema=11.28682  pos=-200  realized=0 fees=0.209472 net=-0.209472 unrealized=1
2026-04-29T12:25:59.671282489 SPREAD MARA NASDAQ  [10.33]  10.36x8200 | 10.37x13800  [10.38]  ema=10.364636  pos=-100  realized=0 fees=0.061142 net=-0.061142 unrealized=-0.5
2026-04-29T12:25:59.671294894 SPREAD IREN NASDAQ  [42.58]  42.6x300 | 42.63x300  [42.65]  ema=42.617458  pos=-651  realized=-11.679 fees=0.464217 net=-12.143217 unrealized=-8.237488
2026-04-29T12:25:59.671308614 SPREAD VISN NASDAQ  [10.51]  10.51x600 | 10.52x1000  [10.56]  ema=10.520321  pos=243  realized=0 fees=0.0495 net=-0.0495 unrealized=-1.215
2026-04-29T12:25:59.671316924 SPREAD BBIO NASDAQ  [70.68]  70.74x100 | 70.81x100  [0]  ema=70.754734  pos=0  realized=0 fees=0 net=0 unrealized=0
2026-04-29T12:25:59.671326352 SPREAD CORZ NASDAQ  [19.55]  19.58x700 | 19.59x900  [19.62]  ema=19.585549  pos=-100  realized=4.3 fees=0.0203 net=4.2797 unrealized=9.8
2026-04-29T12:26:00.985107523 VISN order fill: filled buy 100 @ 10.51 pos=300 filled=100/100
2026-04-29T12:26:00.985132415 VISN filled 57 @ 10.51 | pos=300 | fill_pnl=0 | fee=0.0114 | realized=0 | total_pnl=-4.879 | total_fees=1.261474 | fills=31 shares=2000 | greed=0/0
2026-04-29T12:26:00.995931969 VISN replacing sell order: 10.56 -> 10.58 (pos=300 spread=0.01 bid=10.51x600 ask=10.52x1000)
2026-04-29T12:26:01.010602788 VISN placed buy 100 @ 10.44 -> NASDAQ (pos=300 spread=0.01 bid=10.51x600 ask=10.52x1000)
2026-04-29T12:26:01.022894173 VISN order pending_new: pending_new buy 100 @ 10.44 pos=0 filled=0/100
2026-04-29T12:26:01.022914751 VISN order replaced: replaced sell 100 @ 10.56 pos=0 filled=0/100
2026-04-29T12:26:01.035804184 VISN order new: new buy 100 @ 10.44 pos=0 filled=0/100
2026-04-29T12:26:04.671409516 BALANCE long=$3155 (1) short=$32991 (4) expose=$-29837 | realize=-4.879 fee=1.261474 net=-6.140474 unrealized=4.387512 equity=-1.752962 liquidate=-11.762962 | fills=31 pending=8 | ofails=0/33
2026-04-29T12:26:04.671466560 SPREAD KO NYSE  [78.94]  79.05x200 | 79.06x400  [0]  ema=79.053427  pos=0  realized=2.5 fees=0.445443 net=2.054557 unrealized=0
2026-04-29T12:26:04.672250716 SPREAD WBD NASDAQ  [0]  27.03x11100 | 27.04x2500  [27.07]  ema=27.03508  pos=0  realized=0 fees=0 net=0 unrealized=0
2026-04-29T12:26:04.672265299 SPREAD AAL NASDAQ  [11.28]  11.28x11200 | 11.29x16400  [11.31]  ema=11.286481  pos=-200  realized=0 fees=0.209472 net=-0.209472 unrealized=1
2026-04-29T12:26:04.672276860 SPREAD MARA NASDAQ  [10.33]  10.36x3200 | 10.37x15100  [10.38]  ema=10.364676  pos=-100  realized=0 fees=0.061142 net=-0.061142 unrealized=-0.5
2026-04-29T12:26:04.672284713 SPREAD IREN NASDAQ  [42.58]  42.6x200 | 42.62x100  [42.65]  ema=42.620878  pos=-651  realized=-11.679 fees=0.464217 net=-12.143217 unrealized=-4.982488
2026-04-29T12:26:04.672305819 SPREAD VISN NASDAQ  [10.44]  10.51x600 | 10.52x1000  [10.58]  ema=10.519639  pos=300  realized=0 fees=0.0609 net=-0.0609 unrealized=-0.93
2026-04-29T12:26:04.672316493 SPREAD BBIO NASDAQ  [70.68]  70.74x100 | 70.81x100  [0]  ema=70.754988  pos=0  realized=0 fees=0 net=0 unrealized=0
2026-04-29T12:26:04.672324256 SPREAD CORZ NASDAQ  [19.55]  19.58x400 | 19.59x800  [19.62]  ema=19.585413  pos=-100  realized=4.3 fees=0.0203 net=4.2797 unrealized=9.8
2026-04-29T12:26:09.671491129 BALANCE long=$3155 (1) short=$32985 (4) expose=$-29830 | realize=-4.879 fee=1.261474 net=-6.140474 unrealized=10.897512 equity=4.757038 liquidate=-5.252962 | fills=31 pending=8 | ofails=0/33
2026-04-29T12:26:09.671568655 SPREAD KO NYSE  [78.94]  79.05x500 | 79.06x200  [0]  ema=79.053961  pos=0  realized=2.5 fees=0.445443 net=2.054557 unrealized=0
2026-04-29T12:26:09.671581439 SPREAD WBD NASDAQ  [0]  27.03x11100 | 27.04x2500  [27.07]  ema=27.03508  pos=0  realized=0 fees=0 net=0 unrealized=0
2026-04-29T12:26:09.671589123 SPREAD AAL NASDAQ  [11.28]  11.28x9700 | 11.29x15400  [11.31]  ema=11.286443  pos=-200  realized=0 fees=0.209472 net=-0.209472 unrealized=1
2026-04-29T12:26:09.671600437 SPREAD MARA NASDAQ  [10.33]  10.36x3600 | 10.37x14300  [10.38]  ema=10.364699  pos=-100  realized=0 fees=0.061142 net=-0.061142 unrealized=-0.5
2026-04-29T12:26:09.671608351 SPREAD IREN NASDAQ  [42.58]  42.59x700 | 42.61x200  [42.65]  ema=42.612852  pos=-651  realized=-11.679 fees=0.464217 net=-12.143217 unrealized=1.527512
2026-04-29T12:26:09.671620696 SPREAD VISN NASDAQ  [10.44]  10.51x500 | 10.52x1000  [10.58]  ema=10.519582  pos=300  realized=0 fees=0.0609 net=-0.0609 unrealized=-0.93
2026-04-29T12:26:09.671629846 SPREAD BBIO NASDAQ  [70.68]  70.74x100 | 70.81x100  [0]  ema=70.755239  pos=0  realized=0 fees=0 net=0 unrealized=0
2026-04-29T12:26:09.671638649 SPREAD CORZ NASDAQ  [19.55]  19.58x400 | 19.59x1200  [19.62]  ema=19.585308  pos=-100  realized=4.3 fees=0.0203 net=4.2797 unrealized=9.8
2026-04-29T12:26:12.848240078 VISN replacing buy order: 10.44 -> 10.49 (pos=300 spread=0.01 bid=10.51x500 ask=10.52x1200)
2026-04-29T12:26:12.850408541 VISN replacing sell order: 10.58 -> 10.54 (pos=300 spread=0.01 bid=10.51x500 ask=10.52x1200)
2026-04-29T12:26:12.875480260 VISN order replaced: replaced buy 100 @ 10.44 pos=0 filled=0/100
2026-04-29T12:26:12.875499511 VISN order replaced: replaced sell 100 @ 10.58 pos=0 filled=0/100
2026-04-29T12:26:15.671074941 BALANCE long=$3155 (1) short=$32998 (4) expose=$-29843 | realize=-4.879 fee=1.261474 net=-6.140474 unrealized=-2.122488 equity=-8.262962 liquidate=-18.272962 | fills=31 pending=8 | ofails=0/33
2026-04-29T12:26:15.671131331 SPREAD KO NYSE  [78.94]  79.04x700 | 79.05x300  [0]  ema=79.050114  pos=0  realized=2.5 fees=0.445443 net=2.054557 unrealized=0
2026-04-29T12:26:15.671143028 SPREAD WBD NASDAQ  [0]  27.03x11100 | 27.04x2500  [27.07]  ema=27.03508  pos=0  realized=0 fees=0 net=0 unrealized=0
2026-04-29T12:26:15.671150680 SPREAD AAL NASDAQ  [11.28]  11.28x12700 | 11.29x13900  [11.31]  ema=11.286028  pos=-200  realized=0 fees=0.209472 net=-0.209472 unrealized=1
2026-04-29T12:26:15.671161437 SPREAD MARA NASDAQ  [10.33]  10.36x9000 | 10.37x13800  [10.38]  ema=10.361827  pos=-100  realized=0 fees=0.061142 net=-0.061142 unrealized=-0.5
2026-04-29T12:26:15.671169285 SPREAD IREN NASDAQ  [42.58]  42.61x700 | 42.63x300  [42.65]  ema=42.613063  pos=-651  realized=-11.679 fees=0.464217 net=-12.143217 unrealized=-11.492488
2026-04-29T12:26:15.671176931 SPREAD VISN NASDAQ  [10.49]  10.51x600 | 10.52x1200  [10.54]  ema=10.518754  pos=300  realized=0 fees=0.0609 net=-0.0609 unrealized=-0.93
2026-04-29T12:26:15.671182798 SPREAD BBIO NASDAQ  [70.68]  70.74x100 | 70.81x100  [0]  ema=70.755239  pos=0  realized=0 fees=0 net=0 unrealized=0
2026-04-29T12:26:15.671189497 SPREAD CORZ NASDAQ  [19.55]  19.58x900 | 19.59x900  [19.62]  ema=19.585209  pos=-100  realized=4.3 fees=0.0203 net=4.2797 unrealized=9.8
2026-04-29T12:26:20.671291409 BALANCE long=$3155 (1) short=$33012 (4) expose=$-29857 | realize=-4.879 fee=1.261474 net=-6.140474 unrealized=-16.142488 equity=-22.282962 liquidate=-32.292962 | fills=31 pending=8 | ofails=0/33
2026-04-29T12:26:20.671354001 SPREAD KO NYSE  [78.94]  79.04x500 | 79.05x300  [0]  ema=79.046801  pos=0  realized=2.5 fees=0.445443 net=2.054557 unrealized=0
2026-04-29T12:26:20.671370928 SPREAD WBD NASDAQ  [0]  27.03x11100 | 27.04x2600  [27.07]  ema=27.03508  pos=0  realized=0 fees=0 net=0 unrealized=0
2026-04-29T12:26:20.671384041 SPREAD AAL NASDAQ  [11.28]  11.28x18400 | 11.29x9800  [11.31]  ema=11.28571  pos=-200  realized=0 fees=0.209472 net=-0.209472 unrealized=1
2026-04-29T12:26:20.671391956 SPREAD MARA NASDAQ  [10.33]  10.36x9200 | 10.37x13200  [10.38]  ema=10.36243  pos=-100  realized=0 fees=0.061142 net=-0.061142 unrealized=-0.5
2026-04-29T12:26:20.671409321 SPREAD IREN NASDAQ  [42.58]  42.63x100 | 42.65x500  [42.65]  ema=42.630362  pos=-651  realized=-11.679 fees=0.464217 net=-12.143217 unrealized=-24.512488
2026-04-29T12:26:20.671420669 SPREAD VISN NASDAQ  [10.49]  10.51x500 | 10.52x1200  [10.54]  ema=10.517928  pos=300  realized=0 fees=0.0609 net=-0.0609 unrealized=-0.93
2026-04-29T12:26:20.671430207 SPREAD BBIO NASDAQ  [70.68]  70.74x100 | 70.81x100  [0]  ema=70.755239  pos=0  realized=0 fees=0 net=0 unrealized=0
2026-04-29T12:26:20.671437093 SPREAD CORZ NASDAQ  [19.55]  19.59x400 | 19.6x1300  [19.62]  ema=19.589188  pos=-100  realized=4.3 fees=0.0203 net=4.2797 unrealized=8.8
2026-04-29T12:26:25.671483894 BALANCE long=$3155 (1) short=$33015 (4) expose=$-29860 | realize=-4.879 fee=1.261474 net=-6.140474 unrealized=-19.397488 equity=-25.537962 liquidate=-32.292962 | fills=31 pending=8 | ofails=0/33
2026-04-29T12:26:25.671550617 SPREAD KO NYSE  [78.94]  79.04x100 | 79.05x700  [0]  ema=79.044003  pos=0  realized=2.5 fees=0.445443 net=2.054557 unrealized=0
2026-04-29T12:26:25.671581041 SPREAD WBD NASDAQ  [0]  27.03x11100 | 27.04x2500  [27.07]  ema=27.03508  pos=0  realized=0 fees=0 net=0 unrealized=0
2026-04-29T12:26:25.671594391 SPREAD AAL NASDAQ  [11.28]  11.28x16200 | 11.29x8100  [11.31]  ema=11.285462  pos=-200  realized=0 fees=0.209472 net=-0.209472 unrealized=1
2026-04-29T12:26:25.671602379 SPREAD MARA NASDAQ  [10.33]  10.36x9200 | 10.37x12700  [10.38]  ema=10.362524  pos=-100  realized=0 fees=0.061142 net=-0.061142 unrealized=-0.5
2026-04-29T12:26:25.671610693 SPREAD IREN NASDAQ  [42.58]  42.64x200 | 42.65x400  [42.65]  ema=42.634615  pos=-651  realized=-11.679 fees=0.464217 net=-12.143217 unrealized=-27.767488
2026-04-29T12:26:25.671618164 SPREAD VISN NASDAQ  [10.49]  10.51x600 | 10.52x1300  [10.54]  ema=10.517493  pos=300  realized=0 fees=0.0609 net=-0.0609 unrealized=-0.93
2026-04-29T12:26:25.671624870 SPREAD BBIO NASDAQ  [70.68]  70.74x100 | 70.81x100  [0]  ema=70.755239  pos=0  realized=0 fees=0 net=0 unrealized=0
2026-04-29T12:26:25.671631801 SPREAD CORZ NASDAQ  [19.55]  19.59x400 | 19.6x1000  [19.62]  ema=19.590008  pos=-100  realized=4.3 fees=0.0203 net=4.2797 unrealized=8.8
2026-04-29T12:26:26.027960342 IREN order fill: filled sell 100 @ 42.65 pos=-751 filled=100/100
2026-04-29T12:26:26.027993941 IREN filled -100 @ 42.65 | pos=-751 | fill_pnl=0 | fee=0.127659 | realized=-11.679 | total_pnl=-4.879 | total_fees=1.389133 | fills=32 shares=2100 | greed=0/0
2026-04-29T12:26:30.671782886 BALANCE long=$3155 (1) short=$37289 (4) expose=$-34134 | realize=-4.879 fee=1.389133 net=-6.268133 unrealized=-28.407488 equity=-34.675621 liquidate=-41.930621 | fills=32 pending=8 | ofails=0/33
2026-04-29T12:26:30.671848496 SPREAD KO NYSE  [78.94]  79.04x800 | 79.05x600  [0]  ema=79.042456  pos=0  realized=2.5 fees=0.445443 net=2.054557 unrealized=0
2026-04-29T12:26:30.672484198 SPREAD WBD NASDAQ  [0]  27.03x11100 | 27.04x2500  [27.07]  ema=27.03508  pos=0  realized=0 fees=0 net=0 unrealized=0
2026-04-29T12:26:30.672497754 SPREAD AAL NASDAQ  [11.28]  11.28x16200 | 11.29x10300  [11.31]  ema=11.285351  pos=-200  realized=0 fees=0.209472 net=-0.209472 unrealized=1
2026-04-29T12:26:30.672505267 SPREAD MARA NASDAQ  [10.33]  10.37x8300 | 10.38x6500  [10.38]  ema=10.367919  pos=-100  realized=0 fees=0.061142 net=-0.061142 unrealized=-1.5
2026-04-29T12:26:30.672516876 SPREAD IREN NASDAQ  [42.58]  42.65x400 | 42.66x200  [0]  ema=42.641696  pos=-751  realized=-11.679 fees=0.591876 net=-12.270876 unrealized=-34.777488
2026-04-29T12:26:30.672528553 SPREAD VISN NASDAQ  [10.49]  10.51x600 | 10.52x1100  [10.54]  ema=10.517462  pos=300  realized=0 fees=0.0609 net=-0.0609 unrealized=-0.93
2026-04-29T12:26:30.672538397 SPREAD BBIO NASDAQ  [70.68]  70.74x100 | 70.81x100  [0]  ema=70.755239  pos=0  realized=0 fees=0 net=0 unrealized=0
2026-04-29T12:26:30.672549959 SPREAD CORZ NASDAQ  [19.55]  19.6x400 | 19.61x1300  [19.62]  ema=19.597515  pos=-100  realized=4.3 fees=0.0203 net=4.2797 unrealized=7.8
2026-04-29T12:26:31.526709100 CORZ replacing buy order: 19.55 -> 19.57 (pos=-100 spread=0.01 bid=19.61x400 ask=19.62x1700)
2026-04-29T12:26:31.538651616 CORZ replacing sell order: 19.62 -> 19.64 (pos=-100 spread=0.01 bid=19.61x400 ask=19.62x1700)
2026-04-29T12:26:31.550989336 CORZ order replaced: replaced buy 100 @ 19.55 pos=0 filled=0/100
2026-04-29T12:26:31.564732558 CORZ order replaced: replaced sell 100 @ 19.62 pos=0 filled=0/100
2026-04-29T12:26:33.835374832 MARA replacing sell order: 10.38 -> 10.4 (pos=-100 spread=0.01 bid=10.37x8000 ask=10.38x2500)
2026-04-29T12:26:33.836588008 MARA replacing buy order: 10.33 -> 10.35 (pos=-100 spread=0.01 bid=10.37x8000 ask=10.38x2500)
2026-04-29T12:26:33.858957667 MARA order replaced: replaced sell 100 @ 10.38 pos=0 filled=0/100
2026-04-29T12:26:33.858988173 MARA order replaced: replaced buy 100 @ 10.33 pos=0 filled=0/100
2026-04-29T12:26:34.197038903 IREN replacing buy order: 42.58 -> 42.62 (pos=-751 spread=0.01 bid=42.67x600 ask=42.68x200)
2026-04-29T12:26:34.222903434 IREN order replaced: replaced buy 100 @ 42.58 pos=0 filled=0/100
2026-04-29T12:26:35.671795597 BALANCE long=$3155 (1) short=$37301 (4) expose=$-34147 | realize=-4.879 fee=1.389133 net=-6.268133 unrealized=-40.672488 equity=-46.940621 liquidate=-57.950621 | fills=32 pending=8 | ofails=0/33
2026-04-29T12:26:35.671853890 SPREAD KO NYSE  [78.94]  79.04x100 | 79.05x1000  [0]  ema=79.042597  pos=0  realized=2.5 fees=0.445443 net=2.054557 unrealized=0
2026-04-29T12:26:35.672691664 SPREAD WBD NASDAQ  [0]  27.03x11500 | 27.04x2500  [27.07]  ema=27.03508  pos=0  realized=0 fees=0 net=0 unrealized=0
2026-04-29T12:26:35.672704628 SPREAD AAL NASDAQ  [11.28]  11.28x18000 | 11.29x2800  [11.31]  ema=11.285288  pos=-200  realized=0 fees=0.209472 net=-0.209472 unrealized=1
2026-04-29T12:26:35.672717021 SPREAD MARA NASDAQ  [10.35]  10.37x8000 | 10.38x4700  [10.4]  ema=10.370947  pos=-100  realized=0 fees=0.061142 net=-0.061142 unrealized=-1.5
2026-04-29T12:26:35.672733171 SPREAD IREN NASDAQ  [42.62]  42.66x800 | 42.68x200  [0]  ema=42.651653  pos=-751  realized=-11.679 fees=0.591876 net=-12.270876 unrealized=-46.042488
2026-04-29T12:26:35.672739954 SPREAD VISN NASDAQ  [10.49]  10.51x600 | 10.52x1100  [10.54]  ema=10.517462  pos=300  realized=0 fees=0.0609 net=-0.0609 unrealized=-0.93
2026-04-29T12:26:35.672744785 SPREAD BBIO NASDAQ  [70.68]  70.74x100 | 70.81x100  [0]  ema=70.755239  pos=0  realized=0 fees=0 net=0 unrealized=0
2026-04-29T12:26:35.672755021 SPREAD CORZ NASDAQ  [19.57]  19.61x400 | 19.62x1000  [19.64]  ema=19.605663  pos=-100  realized=4.3 fees=0.0203 net=4.2797 unrealized=6.8
2026-04-29T12:26:41.671252915 BALANCE long=$3155 (1) short=$37288 (4) expose=$-34133 | realize=-4.879 fee=1.389133 net=-6.268133 unrealized=-27.407488 equity=-33.675621 liquidate=-40.930621 | fills=32 pending=8 | ofails=0/33
2026-04-29T12:26:41.671311224 SPREAD KO NYSE  [78.94]  79.04x200 | 79.05x700  [0]  ema=79.043075  pos=0  realized=2.5 fees=0.445443 net=2.054557 unrealized=0
2026-04-29T12:26:41.671322537 SPREAD WBD NASDAQ  [0]  27.03x11200 | 27.04x2600  [27.07]  ema=27.03508  pos=0  realized=0 fees=0 net=0 unrealized=0
2026-04-29T12:26:41.671332565 SPREAD AAL NASDAQ  [11.28]  11.28x15900 | 11.29x5000  [11.31]  ema=11.285176  pos=-200  realized=0 fees=0.209472 net=-0.209472 unrealized=1
2026-04-29T12:26:41.671342669 SPREAD MARA NASDAQ  [10.35]  10.37x6300 | 10.38x4700  [10.4]  ema=10.372991  pos=-100  realized=0 fees=0.061142 net=-0.061142 unrealized=-1.5
2026-04-29T12:26:41.671352770 SPREAD IREN NASDAQ  [42.62]  42.65x100 | 42.66x100  [0]  ema=42.656687  pos=-751  realized=-11.679 fees=0.591876 net=-12.270876 unrealized=-34.777488
2026-04-29T12:26:41.671364694 SPREAD VISN NASDAQ  [10.49]  10.51x700 | 10.52x900  [10.54]  ema=10.516265  pos=300  realized=0 fees=0.0609 net=-0.0609 unrealized=-0.93
2026-04-29T12:26:41.671372375 SPREAD BBIO NASDAQ  [70.68]  70.74x100 | 70.81x200  [0]  ema=70.755487  pos=0  realized=0 fees=0 net=0 unrealized=0
2026-04-29T12:26:41.671379151 SPREAD CORZ NASDAQ  [19.57]  19.59x400 | 19.6x1200  [19.64]  ema=19.60199  pos=-100  realized=4.3 fees=0.0203 net=4.2797 unrealized=8.8
2026-04-29T12:26:46.671535155 BALANCE long=$3155 (1) short=$37292 (4) expose=$-34137 | realize=-4.879 fee=1.389133 net=-6.268133 unrealized=-31.162488 equity=-37.430621 liquidate=-48.440621 | fills=32 pending=8 | ofails=0/33
2026-04-29T12:26:46.671603482 SPREAD KO NYSE  [78.94]  79.04x900 | 79.05x400  [0]  ema=79.043256  pos=0  realized=2.5 fees=0.445443 net=2.054557 unrealized=0
2026-04-29T12:26:46.672419846 SPREAD WBD NASDAQ  [0]  27.03x11700 | 27.04x2500  [27.07]  ema=27.03508  pos=0  realized=0 fees=0 net=0 unrealized=0
2026-04-29T12:26:46.672438823 SPREAD AAL NASDAQ  [11.28]  11.28x18100 | 11.29x2900  [11.31]  ema=11.285152  pos=-200  realized=0 fees=0.209472 net=-0.209472 unrealized=1
2026-04-29T12:26:46.672447204 SPREAD MARA NASDAQ  [10.35]  10.37x6500 | 10.38x2800  [10.4]  ema=10.373343  pos=-100  realized=0 fees=0.061142 net=-0.061142 unrealized=-1.5
2026-04-29T12:26:46.672458074 SPREAD IREN NASDAQ  [42.62]  42.65x200 | 42.67x200  [0]  ema=42.652883  pos=-751  realized=-11.679 fees=0.591876 net=-12.270876 unrealized=-38.532488
2026-04-29T12:26:46.672468473 SPREAD VISN NASDAQ  [10.49]  10.51x900 | 10.52x900  [10.54]  ema=10.51625  pos=300  realized=0 fees=0.0609 net=-0.0609 unrealized=-0.93
2026-04-29T12:26:46.672475107 SPREAD BBIO NASDAQ  [70.68]  70.74x100 | 70.81x200  [0]  ema=70.755487  pos=0  realized=0 fees=0 net=0 unrealized=0
2026-04-29T12:26:46.672482174 SPREAD CORZ NASDAQ  [19.57]  19.59x600 | 19.6x800  [19.64]  ema=19.599399  pos=-100  realized=4.3 fees=0.0203 net=4.2797 unrealized=8.8
2026-04-29T12:26:52.671663903 BALANCE long=$3155 (1) short=$37299 (4) expose=$-34145 | realize=-4.879 fee=1.389133 net=-6.268133 unrealized=-38.672488 equity=-44.940621 liquidate=-55.950621 | fills=32 pending=8 | ofails=0/33
2026-04-29T12:26:52.671715885 SPREAD KO NYSE  [78.94]  79.06x700 | 79.07x300  [0]  ema=79.054224  pos=0  realized=2.5 fees=0.445443 net=2.054557 unrealized=0
2026-04-29T12:26:52.671725563 SPREAD WBD NASDAQ  [0]  27.03x11600 | 27.04x2500  [27.07]  ema=27.03508  pos=0  realized=0 fees=0 net=0 unrealized=0
2026-04-29T12:26:52.671731203 SPREAD AAL NASDAQ  [11.28]  11.28x18600 | 11.29x1300  [11.31]  ema=11.28514  pos=-200  realized=0 fees=0.209472 net=-0.209472 unrealized=1
2026-04-29T12:26:52.671738978 SPREAD MARA NASDAQ  [10.35]  10.37x5300 | 10.38x3100  [10.4]  ema=10.374064  pos=-100  realized=0 fees=0.061142 net=-0.061142 unrealized=-1.5
2026-04-29T12:26:52.671747671 SPREAD IREN NASDAQ  [42.62]  42.66x200 | 42.68x200  [0]  ema=42.659174  pos=-751  realized=-11.679 fees=0.591876 net=-12.270876 unrealized=-46.042488
2026-04-29T12:26:52.671755827 SPREAD VISN NASDAQ  [10.49]  10.51x1000 | 10.52x900  [10.54]  ema=10.516205  pos=300  realized=0 fees=0.0609 net=-0.0609 unrealized=-0.93
2026-04-29T12:26:52.671763198 SPREAD BBIO NASDAQ  [70.68]  70.74x100 | 70.81x200  [0]  ema=70.755487  pos=0  realized=0 fees=0 net=0 unrealized=0
2026-04-29T12:26:52.671768535 SPREAD CORZ NASDAQ  [19.57]  19.59x700 | 19.6x800  [19.64]  ema=19.598388  pos=-100  realized=4.3 fees=0.0203 net=4.2797 unrealized=8.8
2026-04-29T12:26:58.671649491 BALANCE long=$3155 (1) short=$37299 (4) expose=$-34145 | realize=-4.879 fee=1.389133 net=-6.268133 unrealized=-38.672488 equity=-44.940621 liquidate=-55.950621 | fills=32 pending=8 | ofails=0/33
2026-04-29T12:26:58.671715417 SPREAD KO NYSE  [78.94]  79.06x100 | 79.07x500  [0]  ema=79.059755  pos=0  realized=2.5 fees=0.445443 net=2.054557 unrealized=0
2026-04-29T12:26:58.671727759 SPREAD WBD NASDAQ  [0]  27.03x13500 | 27.04x1800  [27.07]  ema=27.03508  pos=0  realized=0 fees=0 net=0 unrealized=0
2026-04-29T12:26:58.671746683 SPREAD AAL NASDAQ  [11.28]  11.28x13700 | 11.29x11800  [11.31]  ema=11.285098  pos=-200  realized=0 fees=0.209472 net=-0.209472 unrealized=1
2026-04-29T12:26:58.671757481 SPREAD MARA NASDAQ  [10.35]  10.37x7500 | 10.38x2300  [10.4]  ema=10.374362  pos=-100  realized=0 fees=0.061142 net=-0.061142 unrealized=-1.5
2026-04-29T12:26:58.671764673 SPREAD IREN NASDAQ  [42.62]  42.66x100 | 42.68x300  [0]  ema=42.666156  pos=-751  realized=-11.679 fees=0.591876 net=-12.270876 unrealized=-46.042488
2026-04-29T12:26:58.671785473 SPREAD VISN NASDAQ  [10.49]  10.51x1000 | 10.52x900  [10.54]  ema=10.516148  pos=300  realized=0 fees=0.0609 net=-0.0609 unrealized=-0.93
2026-04-29T12:26:58.671792637 SPREAD BBIO NASDAQ  [70.68]  70.74x100 | 70.81x200  [0]  ema=70.755487  pos=0  realized=0 fees=0 net=0 unrealized=0
2026-04-29T12:26:58.671804437 SPREAD CORZ NASDAQ  [19.57]  19.59x400 | 19.6x1100  [19.64]  ema=19.597336  pos=-100  realized=4.3 fees=0.0203 net=4.2797 unrealized=8.8
2026-04-29T12:27:04.671622021 BALANCE long=$3155 (1) short=$37274 (4) expose=$-34119 | realize=-4.879 fee=1.389133 net=-6.268133 unrealized=-13.387488 equity=-19.655621 liquidate=-26.910621 | fills=32 pending=8 | ofails=0/33
2026-04-29T12:27:04.671674358 SPREAD KO NYSE  [78.94]  79.06x900 | 79.07x300  [0]  ema=79.060704  pos=0  realized=2.5 fees=0.445443 net=2.054557 unrealized=0
2026-04-29T12:27:04.671685637 SPREAD WBD NASDAQ  [0]  27.03x11200 | 27.04x3000  [27.07]  ema=27.03508  pos=0  realized=0 fees=0 net=0 unrealized=0
2026-04-29T12:27:04.671696734 SPREAD AAL NASDAQ  [11.28]  11.28x11500 | 11.29x11800  [11.31]  ema=11.285094  pos=-200  realized=0 fees=0.209472 net=-0.209472 unrealized=1
2026-04-29T12:27:04.671704556 SPREAD MARA NASDAQ  [10.35]  10.38x3300 | 10.39x7700  [10.4]  ema=10.380603  pos=-100  realized=0 fees=0.061142 net=-0.061142 unrealized=-2.5
2026-04-29T12:27:04.671712477 SPREAD IREN NASDAQ  [42.62]  42.63x100 | 42.64x300  [0]  ema=42.657894  pos=-751  realized=-11.679 fees=0.591876 net=-12.270876 unrealized=-19.757488
2026-04-29T12:27:04.671719694 SPREAD VISN NASDAQ  [10.49]  10.51x1000 | 10.52x900  [10.54]  ema=10.516148  pos=300  realized=0 fees=0.0609 net=-0.0609 unrealized=-0.93
2026-04-29T12:27:04.671726258 SPREAD BBIO NASDAQ  [70.68]  70.74x100 | 70.81x200  [0]  ema=70.755487  pos=0  realized=0 fees=0 net=0 unrealized=0
2026-04-29T12:27:04.671733243 SPREAD CORZ NASDAQ  [19.57]  19.59x100 | 19.6x1400  [19.64]  ema=19.596871  pos=-100  realized=4.3 fees=0.0203 net=4.2797 unrealized=8.8
2026-04-29T12:27:10.671322307 BALANCE long=$3155 (1) short=$37281 (4) expose=$-34127 | realize=-4.879 fee=1.389133 net=-6.268133 unrealized=-20.897488 equity=-27.165621 liquidate=-34.420621 | fills=32 pending=8 | ofails=0/33
2026-04-29T12:27:10.671376683 SPREAD KO NYSE  [78.94]  79.07x200 | 79.08x1000  [0]  ema=79.065896  pos=0  realized=2.5 fees=0.445443 net=2.054557 unrealized=0
2026-04-29T12:27:10.671395952 SPREAD WBD NASDAQ  [0]  27.03x13400 | 27.04x1800  [27.07]  ema=27.03508  pos=0  realized=0 fees=0 net=0 unrealized=0
2026-04-29T12:27:10.671418022 SPREAD AAL NASDAQ  [11.28]  11.28x14100 | 11.29x11800  [11.31]  ema=11.285071  pos=-200  realized=0 fees=0.209472 net=-0.209472 unrealized=1
2026-04-29T12:27:10.671425954 SPREAD MARA NASDAQ  [10.35]  10.38x4500 | 10.39x4700  [10.4]  ema=10.382988  pos=-100  realized=0 fees=0.061142 net=-0.061142 unrealized=-2.5
2026-04-29T12:27:10.671433772 SPREAD IREN NASDAQ  [42.62]  42.64x100 | 42.65x300  [0]  ema=42.644985  pos=-751  realized=-11.679 fees=0.591876 net=-12.270876 unrealized=-27.267488
2026-04-29T12:27:10.671442492 SPREAD VISN NASDAQ  [10.49]  10.51x1000 | 10.52x900  [10.54]  ema=10.516148  pos=300  realized=0 fees=0.0609 net=-0.0609 unrealized=-0.93
2026-04-29T12:27:10.671452601 SPREAD BBIO NASDAQ  [70.68]  70.74x100 | 70.81x200  [0]  ema=70.755487  pos=0  realized=0 fees=0 net=0 unrealized=0
2026-04-29T12:27:10.671459717 SPREAD CORZ NASDAQ  [19.57]  19.59x300 | 19.6x1200  [19.64]  ema=19.596106  pos=-100  realized=4.3 fees=0.0203 net=4.2797 unrealized=8.8
2026-04-29T12:27:15.671642924 BALANCE long=$3155 (1) short=$37293 (4) expose=$-34138 | realize=-4.879 fee=1.389133 net=-6.268133 unrealized=-32.162488 equity=-38.430621 liquidate=-49.440621 | fills=32 pending=8 | ofails=0/33
2026-04-29T12:27:15.671695785 SPREAD KO NYSE  [78.94]  79.06x900 | 79.07x200  [0]  ema=79.06669  pos=0  realized=2.5 fees=0.445443 net=2.054557 unrealized=0
2026-04-29T12:27:15.671713291 SPREAD WBD NASDAQ  [0]  27.03x13500 | 27.04x1800  [27.07]  ema=27.03508  pos=0  realized=0 fees=0 net=0 unrealized=0
2026-04-29T12:27:15.671735703 SPREAD AAL NASDAQ  [11.28]  11.28x13600 | 11.29x11800  [11.31]  ema=11.28507  pos=-200  realized=0 fees=0.209472 net=-0.209472 unrealized=1
2026-04-29T12:27:15.671743855 SPREAD MARA NASDAQ  [10.35]  10.38x5600 | 10.39x3100  [10.4]  ema=10.383327  pos=-100  realized=0 fees=0.061142 net=-0.061142 unrealized=-2.5
2026-04-29T12:27:15.671750885 SPREAD IREN NASDAQ  [42.62]  42.65x1100 | 42.67x300  [0]  ema=42.649871  pos=-751  realized=-11.679 fees=0.591876 net=-12.270876 unrealized=-38.532488
2026-04-29T12:27:15.671757846 SPREAD VISN NASDAQ  [10.49]  10.51x1000 | 10.52x900  [10.54]  ema=10.516148  pos=300  realized=0 fees=0.0609 net=-0.0609 unrealized=-0.93
2026-04-29T12:27:15.671767015 SPREAD BBIO NASDAQ  [70.68]  70.74x100 | 70.81x200  [0]  ema=70.755487  pos=0  realized=0 fees=0 net=0 unrealized=0
2026-04-29T12:27:15.671773895 SPREAD CORZ NASDAQ  [19.57]  19.59x700 | 19.6x700  [19.64]  ema=19.595859  pos=-100  realized=4.3 fees=0.0203 net=4.2797 unrealized=8.8
2026-04-29T12:27:21.671307227 BALANCE long=$3155 (1) short=$37293 (4) expose=$-34138 | realize=-4.879 fee=1.389133 net=-6.268133 unrealized=-32.162488 equity=-38.430621 liquidate=-49.440621 | fills=32 pending=8 | ofails=0/33
2026-04-29T12:27:21.671366908 SPREAD KO NYSE  [78.94]  79.06x400 | 79.07x1100  [0]  ema=79.067722  pos=0  realized=2.5 fees=0.445443 net=2.054557 unrealized=0
2026-04-29T12:27:21.671380160 SPREAD WBD NASDAQ  [0]  27.03x13500 | 27.04x1000  [27.07]  ema=27.03508  pos=0  realized=0 fees=0 net=0 unrealized=0
2026-04-29T12:27:21.671393235 SPREAD AAL NASDAQ  [11.28]  11.28x13600 | 11.29x11500  [11.31]  ema=11.28506  pos=-200  realized=0 fees=0.209472 net=-0.209472 unrealized=1
2026-04-29T12:27:21.671402492 SPREAD MARA NASDAQ  [10.35]  10.38x4600 | 10.39x2900  [10.4]  ema=10.383705  pos=-100  realized=0 fees=0.061142 net=-0.061142 unrealized=-2.5
2026-04-29T12:27:21.671410027 SPREAD IREN NASDAQ  [42.62]  42.65x1100 | 42.67x300  [0]  ema=42.654621  pos=-751  realized=-11.679 fees=0.591876 net=-12.270876 unrealized=-38.532488
2026-04-29T12:27:21.671417183 SPREAD VISN NASDAQ  [10.49]  10.51x1000 | 10.52x500  [10.54]  ema=10.516067  pos=300  realized=0 fees=0.0609 net=-0.0609 unrealized=-0.93
2026-04-29T12:27:21.671423697 SPREAD BBIO NASDAQ  [70.68]  70.74x100 | 70.81x200  [0]  ema=70.755487  pos=0  realized=0 fees=0 net=0 unrealized=0
2026-04-29T12:27:21.671431758 SPREAD CORZ NASDAQ  [19.57]  19.59x1000 | 19.6x700  [19.64]  ema=19.59567  pos=-100  realized=4.3 fees=0.0203 net=4.2797 unrealized=8.8
2026-04-29T12:27:26.671321286 BALANCE long=$3155 (1) short=$37293 (4) expose=$-34138 | realize=-4.879 fee=1.389133 net=-6.268133 unrealized=-32.162488 equity=-38.430621 liquidate=-49.440621 | fills=32 pending=8 | ofails=0/33
2026-04-29T12:27:26.671376565 SPREAD KO NYSE  [78.94]  79.05x1100 | 79.06x100  [0]  ema=79.063387  pos=0  realized=2.5 fees=0.445443 net=2.054557 unrealized=0
2026-04-29T12:27:26.672151265 SPREAD WBD NASDAQ  [0]  27.03x13400 | 27.04x1000  [27.07]  ema=27.03508  pos=0  realized=0 fees=0 net=0 unrealized=0
2026-04-29T12:27:26.672164712 SPREAD AAL NASDAQ  [11.28]  11.28x13600 | 11.29x11400  [11.31]  ema=11.285059  pos=-200  realized=0 fees=0.209472 net=-0.209472 unrealized=1
2026-04-29T12:27:26.672178249 SPREAD MARA NASDAQ  [10.35]  10.38x4900 | 10.39x3100  [10.4]  ema=10.383959  pos=-100  realized=0 fees=0.061142 net=-0.061142 unrealized=-2.5
2026-04-29T12:27:26.672189549 SPREAD IREN NASDAQ  [42.62]  42.65x1100 | 42.67x300  [0]  ema=42.654908  pos=-751  realized=-11.679 fees=0.591876 net=-12.270876 unrealized=-38.532488
2026-04-29T12:27:26.672200767 SPREAD VISN NASDAQ  [10.49]  10.51x1000 | 10.52x500  [10.54]  ema=10.516067  pos=300  realized=0 fees=0.0609 net=-0.0609 unrealized=-0.93
2026-04-29T12:27:26.672208185 SPREAD BBIO NASDAQ  [70.68]  70.74x100 | 70.81x200  [0]  ema=70.755487  pos=0  realized=0 fees=0 net=0 unrealized=0
2026-04-29T12:27:26.672213519 SPREAD CORZ NASDAQ  [19.57]  19.59x1000 | 19.6x900  [19.64]  ema=19.595631  pos=-100  realized=4.3 fees=0.0203 net=4.2797 unrealized=8.8
2026-04-29T12:27:31.671354892 BALANCE long=$3155 (1) short=$37289 (4) expose=$-34134 | realize=-4.879 fee=1.389133 net=-6.268133 unrealized=-28.407488 equity=-34.675621 liquidate=-41.930621 | fills=32 pending=8 | ofails=0/33
2026-04-29T12:27:31.671421356 SPREAD KO NYSE  [78.94]  79.06x900 | 79.07x300  [0]  ema=79.063972  pos=0  realized=2.5 fees=0.445443 net=2.054557 unrealized=0
2026-04-29T12:27:31.672171929 SPREAD WBD NASDAQ  [0]  27.03x13400 | 27.04x1000  [27.07]  ema=27.03508  pos=0  realized=0 fees=0 net=0 unrealized=0
2026-04-29T12:27:31.672185597 SPREAD AAL NASDAQ  [11.28]  11.28x13700 | 11.29x7300  [11.31]  ema=11.285048  pos=-200  realized=0 fees=0.209472 net=-0.209472 unrealized=1
2026-04-29T12:27:31.672197072 SPREAD MARA NASDAQ  [10.35]  10.38x4900 | 10.39x3100  [10.4]  ema=10.384161  pos=-100  realized=0 fees=0.061142 net=-0.061142 unrealized=-2.5
2026-04-29T12:27:31.672208864 SPREAD IREN NASDAQ  [42.62]  42.65x1000 | 42.66x200  [0]  ema=42.657722  pos=-751  realized=-11.679 fees=0.591876 net=-12.270876 unrealized=-34.777488
2026-04-29T12:27:31.672221310 SPREAD VISN NASDAQ  [10.49]  10.51x1000 | 10.52x500  [10.54]  ema=10.516067  pos=300  realized=0 fees=0.0609 net=-0.0609 unrealized=-0.93
2026-04-29T12:27:31.672229384 SPREAD BBIO NASDAQ  [70.68]  70.74x100 | 70.81x200  [0]  ema=70.755487  pos=0  realized=0 fees=0 net=0 unrealized=0
2026-04-29T12:27:31.672240455 SPREAD CORZ NASDAQ  [19.57]  19.59x500 | 19.6x1500  [19.64]  ema=19.599083  pos=-100  realized=4.3 fees=0.0203 net=4.2797 unrealized=8.8
2026-04-29T12:27:36.672039270 BALANCE long=$3155 (1) short=$37278 (4) expose=$-34123 | realize=-4.879 fee=1.389133 net=-6.268133 unrealized=-17.142488 equity=-23.410621 liquidate=-34.420621 | fills=32 pending=8 | ofails=0/33
2026-04-29T12:27:36.672111966 SPREAD KO NYSE  [78.94]  79.09x1100 | 79.1x500  [0]  ema=79.077386  pos=0  realized=2.5 fees=0.445443 net=2.054557 unrealized=0
2026-04-29T12:27:36.672129766 SPREAD WBD NASDAQ  [0]  27.03x11100 | 27.04x2200  [27.07]  ema=27.03508  pos=0  realized=0 fees=0 net=0 unrealized=0
2026-04-29T12:27:36.672139428 SPREAD AAL NASDAQ  [11.28]  11.28x13800 | 11.29x11800  [11.31]  ema=11.285024  pos=-200  realized=0 fees=0.209472 net=-0.209472 unrealized=1
2026-04-29T12:27:36.672150771 SPREAD MARA NASDAQ  [10.35]  10.38x2800 | 10.39x6100  [10.4]  ema=10.384354  pos=-100  realized=0 fees=0.061142 net=-0.061142 unrealized=-2.5
2026-04-29T12:27:36.672162048 SPREAD IREN NASDAQ  [42.62]  42.63x100 | 42.65x200  [0]  ema=42.654049  pos=-751  realized=-11.679 fees=0.591876 net=-12.270876 unrealized=-23.512488
2026-04-29T12:27:36.672170461 SPREAD VISN NASDAQ  [10.49]  10.51x1000 | 10.52x500  [10.54]  ema=10.516067  pos=300  realized=0 fees=0.0609 net=-0.0609 unrealized=-0.93
2026-04-29T12:27:36.672180740 SPREAD BBIO NASDAQ  [70.68]  70.74x100 | 70.81x200  [0]  ema=70.755487  pos=0  realized=0 fees=0 net=0 unrealized=0
2026-04-29T12:27:36.672189813 SPREAD CORZ NASDAQ  [19.57]  19.59x500 | 19.6x1700  [19.64]  ema=19.598789  pos=-100  realized=4.3 fees=0.0203 net=4.2797 unrealized=8.8
2026-04-29T12:27:42.671324271 BALANCE long=$3155 (1) short=$37270 (4) expose=$-34116 | realize=-4.879 fee=1.389133 net=-6.268133 unrealized=-9.632488 equity=-15.900621 liquidate=-26.910621 | fills=32 pending=8 | ofails=0/33
2026-04-29T12:27:42.671374746 SPREAD KO NYSE  [78.94]  79.1x200 | 79.11x500  [0]  ema=79.088205  pos=0  realized=2.5 fees=0.445443 net=2.054557 unrealized=0
2026-04-29T12:27:42.671386851 SPREAD WBD NASDAQ  [0]  27.03x11200 | 27.04x2200  [27.07]  ema=27.03508  pos=0  realized=0 fees=0 net=0 unrealized=0
2026-04-29T12:27:42.671392609 SPREAD AAL NASDAQ  [11.28]  11.28x13600 | 11.29x10900  [11.31]  ema=11.28501  pos=-200  realized=0 fees=0.209472 net=-0.209472 unrealized=1
2026-04-29T12:27:42.671405263 SPREAD MARA NASDAQ  [10.35]  10.38x3200 | 10.39x6400  [10.4]  ema=10.384458  pos=-100  realized=0 fees=0.061142 net=-0.061142 unrealized=-2.5
2026-04-29T12:27:42.671415184 SPREAD IREN NASDAQ  [42.62]  42.62x300 | 42.64x200  [0]  ema=42.645467  pos=-751  realized=-11.679 fees=0.591876 net=-12.270876 unrealized=-16.002488
2026-04-29T12:27:42.671437136 SPREAD VISN NASDAQ  [10.49]  10.51x1000 | 10.52x500  [10.54]  ema=10.516067  pos=300  realized=0 fees=0.0609 net=-0.0609 unrealized=-0.93
2026-04-29T12:27:42.671446963 SPREAD BBIO NASDAQ  [70.68]  70.74x100 | 70.81x200  [0]  ema=70.755487  pos=0  realized=0 fees=0 net=0 unrealized=0
2026-04-29T12:27:42.671453848 SPREAD CORZ NASDAQ  [19.57]  19.59x400 | 19.6x1500  [19.64]  ema=19.597778  pos=-100  realized=4.3 fees=0.0203 net=4.2797 unrealized=8.8
2026-04-29T12:27:45.806229909 IREN order fill: filled buy 100 @ 42.62 pos=-651 filled=100/100
2026-04-29T12:27:45.806255833 IREN filled 100 @ 42.62 | pos=-651 | fill_pnl=-1.1308 | fee=0.0203 | realized=-12.8098 | total_pnl=-6.0098 | total_fees=1.409433 | fills=33 shares=2200 | greed=0/0
2026-04-29T12:27:45.828379141 IREN placed buy 100 @ 42.55 -> NASDAQ (pos=-651 spread=0.02 bid=42.62x200 ask=42.64x200)
2026-04-29T12:27:45.840020734 IREN order pending_new: pending_new buy 100 @ 42.55 pos=0 filled=0/100
2026-04-29T12:27:45.841182898 IREN placed sell 100 @ 42.71 -> NASDAQ (pos=-651 spread=0.02 bid=42.62x200 ask=42.64x200)
2026-04-29T12:27:45.853260444 IREN order pending_new: pending_new sell 100 @ 42.71 pos=0 filled=0/100
2026-04-29T12:27:45.853274909 IREN order new: new buy 100 @ 42.55 pos=0 filled=0/100
2026-04-29T12:27:45.867334664 IREN order new: new sell 100 @ 42.71 pos=0 filled=0/100
2026-04-29T12:27:47.671663611 BALANCE long=$3155 (1) short=$32993 (4) expose=$-29839 | realize=-6.0098 fee=1.409433 net=-7.419233 unrealized=6.518312 equity=-0.900921 liquidate=-10.910921 | fills=33 pending=8 | ofails=0/35
2026-04-29T12:27:47.671720717 SPREAD KO NYSE  [78.94]  79.12x200 | 79.13x700  [0]  ema=79.106862  pos=0  realized=2.5 fees=0.445443 net=2.054557 unrealized=0
2026-04-29T12:27:47.672451731 SPREAD WBD NASDAQ  [0]  27.03x11200 | 27.04x2300  [27.07]  ema=27.03508  pos=0  realized=0 fees=0 net=0 unrealized=0
2026-04-29T12:27:47.672465976 SPREAD AAL NASDAQ  [11.28]  11.28x14100 | 11.29x10900  [11.31]  ema=11.285007  pos=-200  realized=0 fees=0.209472 net=-0.209472 unrealized=1
2026-04-29T12:27:47.672479245 SPREAD MARA NASDAQ  [10.35]  10.37x14200 | 10.38x800  [10.4]  ema=10.380139  pos=-100  realized=0 fees=0.061142 net=-0.061142 unrealized=-1.5
2026-04-29T12:27:47.672487854 SPREAD IREN NASDAQ  [42.55]  42.6x600 | 42.62x200  [42.71]  ema=42.635482  pos=-651  realized=-12.8098 fees=0.612176 net=-13.421976 unrealized=-0.851688
2026-04-29T12:27:47.672500729 SPREAD VISN NASDAQ  [10.49]  10.51x900 | 10.52x700  [10.54]  ema=10.516016  pos=300  realized=0 fees=0.0609 net=-0.0609 unrealized=-0.93
2026-04-29T12:27:47.672510616 SPREAD BBIO NASDAQ  [70.68]  70.75x100 | 70.8x100  [0]  ema=70.756272  pos=0  realized=0 fees=0 net=0 unrealized=0
2026-04-29T12:27:47.672520789 SPREAD CORZ NASDAQ  [19.57]  19.59x500 | 19.6x1600  [19.64]  ema=19.597142  pos=-100  realized=4.3 fees=0.0203 net=4.2797 unrealized=8.8
2026-04-29T12:27:52.671968529 BALANCE long=$3155 (1) short=$32993 (4) expose=$-29839 | realize=-6.0098 fee=1.409433 net=-7.419233 unrealized=6.518312 equity=-0.900921 liquidate=-10.910921 | fills=33 pending=8 | ofails=0/35
2026-04-29T12:27:52.672043258 SPREAD KO NYSE  [78.94]  79.12x300 | 79.13x200  [0]  ema=79.118087  pos=0  realized=2.5 fees=0.445443 net=2.054557 unrealized=0
2026-04-29T12:27:52.672061584 SPREAD WBD NASDAQ  [0]  27.03x11200 | 27.04x2300  [27.07]  ema=27.03508  pos=0  realized=0 fees=0 net=0 unrealized=0
2026-04-29T12:27:52.672073171 SPREAD AAL NASDAQ  [11.28]  11.28x13800 | 11.29x9900  [11.31]  ema=11.285  pos=-200  realized=0 fees=0.209472 net=-0.209472 unrealized=1
2026-04-29T12:27:52.672084175 SPREAD MARA NASDAQ  [10.35]  10.37x12400 | 10.38x2900  [10.4]  ema=10.378625  pos=-100  realized=0 fees=0.061142 net=-0.061142 unrealized=-1.5
2026-04-29T12:27:52.672095455 SPREAD IREN NASDAQ  [42.55]  42.6x500 | 42.62x300  [42.71]  ema=42.630479  pos=-651  realized=-12.8098 fees=0.612176 net=-13.421976 unrealized=-0.851688
2026-04-29T12:27:52.672105530 SPREAD VISN NASDAQ  [10.49]  10.51x700 | 10.52x600  [10.54]  ema=10.514039  pos=300  realized=0 fees=0.0609 net=-0.0609 unrealized=-0.93
2026-04-29T12:27:52.672122984 SPREAD BBIO NASDAQ  [70.68]  70.75x100 | 70.8x100  [0]  ema=70.756272  pos=0  realized=0 fees=0 net=0 unrealized=0
2026-04-29T12:27:52.672133580 SPREAD CORZ NASDAQ  [19.57]  19.59x500 | 19.6x1600  [19.64]  ema=19.597142  pos=-100  realized=4.3 fees=0.0203 net=4.2797 unrealized=8.8
2026-04-29T12:27:53.581650622 IREN replacing sell order: 42.71 -> 42.67 (pos=-651 spread=0.01 bid=42.58x400 ask=42.59x200)
2026-04-29T12:27:53.589854568 IREN replacing buy order: 42.55 -> 42.51 (pos=-651 spread=0.01 bid=42.58x400 ask=42.59x200)
2026-04-29T12:27:53.609089910 IREN order replaced: replaced sell 100 @ 42.71 pos=0 filled=0/100
2026-04-29T12:27:53.609117374 IREN order replaced: replaced buy 100 @ 42.55 pos=0 filled=0/100
2026-04-29T12:27:58.672023678 BALANCE long=$3155 (1) short=$32979 (4) expose=$-29825 | realize=-6.0098 fee=1.409433 net=-7.419233 unrealized=20.538312 equity=13.119079 liquidate=3.109079 | fills=33 pending=8 | ofails=0/35
2026-04-29T12:27:58.672086666 SPREAD KO NYSE  [78.94]  79.11x800 | 79.12x700  [0]  ema=79.118037  pos=0  realized=2.5 fees=0.445443 net=2.054557 unrealized=0
2026-04-29T12:27:58.672096886 SPREAD WBD NASDAQ  [0]  27.03x11200 | 27.04x2000  [27.07]  ema=27.03508  pos=0  realized=0 fees=0 net=0 unrealized=0
2026-04-29T12:27:58.672102257 SPREAD AAL NASDAQ  [11.28]  11.28x13900 | 11.29x12000  [11.31]  ema=11.285  pos=-200  realized=0 fees=0.209472 net=-0.209472 unrealized=1
2026-04-29T12:27:58.672108836 SPREAD MARA NASDAQ  [10.35]  10.37x12300 | 10.38x4900  [10.4]  ema=10.377558  pos=-100  realized=0 fees=0.061142 net=-0.061142 unrealized=-1.5
2026-04-29T12:27:58.672115882 SPREAD IREN NASDAQ  [42.51]  42.58x200 | 42.6x200  [42.67]  ema=42.595666  pos=-651  realized=-12.8098 fees=0.612176 net=-13.421976 unrealized=12.168312
2026-04-29T12:27:58.672122398 SPREAD VISN NASDAQ  [10.49]  10.51x1000 | 10.52x500  [10.54]  ema=10.5141  pos=300  realized=0 fees=0.0609 net=-0.0609 unrealized=-0.93
2026-04-29T12:27:58.672127421 SPREAD BBIO NASDAQ  [70.68]  70.75x100 | 70.8x100  [0]  ema=70.756507  pos=0  realized=0 fees=0 net=0 unrealized=0
2026-04-29T12:27:58.672132347 SPREAD CORZ NASDAQ  [19.57]  19.58x500 | 19.59x1400  [19.64]  ema=19.590756  pos=-100  realized=4.3 fees=0.0203 net=4.2797 unrealized=9.8
2026-04-29T12:28:01.422331171 CORZ replacing sell order: 19.64 -> 19.62 (pos=-100 spread=0.01 bid=19.58x400 ask=19.59x1700)
2026-04-29T12:28:01.425656394 CORZ replacing buy order: 19.57 -> 19.55 (pos=-100 spread=0.01 bid=19.58x400 ask=19.59x1700)
2026-04-29T12:28:01.427746241 IREN replacing buy order: 42.51 -> 42.56 (pos=-651 spread=0.03 bid=42.57x300 ask=42.6x200)
2026-04-29T12:28:01.441610297 IREN replacing sell order: 42.67 -> 42.63 (pos=-651 spread=0.03 bid=42.57x300 ask=42.6x200)
2026-04-29T12:28:01.454432644 CORZ order replaced: replaced sell 100 @ 19.64 pos=0 filled=0/100
2026-04-29T12:28:01.454455841 CORZ order replaced: replaced buy 100 @ 19.57 pos=0 filled=0/100
2026-04-29T12:28:01.454489003 IREN order replaced: replaced buy 100 @ 42.51 pos=0 filled=0/100
2026-04-29T12:28:01.466339712 IREN order replaced: replaced sell 100 @ 42.67 pos=0 filled=0/100
2026-04-29T12:28:04.671453432 BALANCE long=$3155 (1) short=$32969 (4) expose=$-29815 | realize=-6.0098 fee=1.409433 net=-7.419233 unrealized=30.303312 equity=22.884079 liquidate=16.129079 | fills=33 pending=8 | ofails=0/35
2026-04-29T12:28:04.671508162 SPREAD KO NYSE  [78.94]  79.13x200 | 79.14x700  [0]  ema=79.127013  pos=0  realized=2.5 fees=0.445443 net=2.054557 unrealized=0
2026-04-29T12:28:04.671521244 SPREAD WBD NASDAQ  [0]  27.03x11100 | 27.04x2000  [27.07]  ema=27.03508  pos=0  realized=0 fees=0 net=0 unrealized=0
2026-04-29T12:28:04.671529594 SPREAD AAL NASDAQ  [11.28]  11.28x13900 | 11.29x12100  [11.31]  ema=11.285  pos=-200  realized=0 fees=0.209472 net=-0.209472 unrealized=1
2026-04-29T12:28:04.671537786 SPREAD MARA NASDAQ  [10.35]  10.37x11900 | 10.38x2500  [10.4]  ema=10.376301  pos=-100  realized=0 fees=0.061142 net=-0.061142 unrealized=-1.5
2026-04-29T12:28:04.671561970 SPREAD IREN NASDAQ  [42.56]  42.57x300 | 42.58x100  [42.63]  ema=42.583941  pos=-651  realized=-12.8098 fees=0.612176 net=-13.421976 unrealized=21.933312
2026-04-29T12:28:04.671573035 SPREAD VISN NASDAQ  [10.49]  10.51x800 | 10.52x700  [10.54]  ema=10.514157  pos=300  realized=0 fees=0.0609 net=-0.0609 unrealized=-0.93
2026-04-29T12:28:04.671579940 SPREAD BBIO NASDAQ  [70.68]  70.77x100 | 70.84x100  [0]  ema=70.760716  pos=0  realized=0 fees=0 net=0 unrealized=0
2026-04-29T12:28:04.671590279 SPREAD CORZ NASDAQ  [19.55]  19.58x1400 | 19.59x1600  [19.62]  ema=19.589191  pos=-100  realized=4.3 fees=0.0203 net=4.2797 unrealized=9.8
2026-04-29T12:28:10.671576424 BALANCE long=$3155 (1) short=$32969 (4) expose=$-29815 | realize=-6.0098 fee=1.409433 net=-7.419233 unrealized=30.303312 equity=22.884079 liquidate=16.129079 | fills=33 pending=8 | ofails=0/35
2026-04-29T12:28:10.671628610 SPREAD KO NYSE  [78.94]  79.14x800 | 79.15x200  [0]  ema=79.14052  pos=0  realized=2.5 fees=0.445443 net=2.054557 unrealized=0
2026-04-29T12:28:10.671639957 SPREAD WBD NASDAQ  [0]  27.03x11100 | 27.04x2800  [27.07]  ema=27.03508  pos=0  realized=0 fees=0 net=0 unrealized=0
2026-04-29T12:28:10.671646798 SPREAD AAL NASDAQ  [11.28]  11.28x14000 | 11.29x12100  [11.31]  ema=11.285  pos=-200  realized=0 fees=0.209472 net=-0.209472 unrealized=1
2026-04-29T12:28:10.671657956 SPREAD MARA NASDAQ  [10.35]  10.37x3800 | 10.38x3500  [10.4]  ema=10.37596  pos=-100  realized=0 fees=0.061142 net=-0.061142 unrealized=-1.5
2026-04-29T12:28:10.671668002 SPREAD IREN NASDAQ  [42.56]  42.57x100 | 42.58x1200  [42.63]  ema=42.572392  pos=-651  realized=-12.8098 fees=0.612176 net=-13.421976 unrealized=21.933312
2026-04-29T12:28:10.671678442 SPREAD VISN NASDAQ  [10.49]  10.51x800 | 10.52x500  [10.54]  ema=10.514168  pos=300  realized=0 fees=0.0609 net=-0.0609 unrealized=-0.93
2026-04-29T12:28:10.671685221 SPREAD BBIO NASDAQ  [70.68]  70.82x100 | 70.88x200  [0]  ema=70.771922  pos=0  realized=0 fees=0 net=0 unrealized=0
2026-04-29T12:28:10.671692360 SPREAD CORZ NASDAQ  [19.55]  19.58x1500 | 19.59x1700  [19.62]  ema=19.588691  pos=-100  realized=4.3 fees=0.0203 net=4.2797 unrealized=9.8
2026-04-29T12:28:13.888373535 IREN order partial_fill: partially_filled buy 100 @ 42.56 pos=-628 filled=23/100
2026-04-29T12:28:13.888401830 IREN filled 23 @ 42.56 | pos=-628 | fill_pnl=1.119916 | fee=0.0049 | realized=-11.689884 | total_pnl=-4.889884 | total_fees=1.414333 | fills=34 shares=2223 | greed=0/0
2026-04-29T12:28:13.888414540 IREN order fill: filled buy 100 @ 42.56 pos=-551 filled=100/100
2026-04-29T12:28:13.888422506 IREN filled 77 @ 42.56 | pos=-551 | fill_pnl=3.749284 | fee=0.0154 | realized=-7.9406 | total_pnl=-1.1406 | total_fees=1.429733 | fills=35 shares=2300 | greed=0.06/0.03
2026-04-29T12:28:13.909194514 IREN placed buy 100 @ 42.42 -> NASDAQ (pos=-551 spread=0.02 bid=42.56x200 ask=42.58x1200)
2026-04-29T12:28:13.922972689 IREN order pending_new: pending_new buy 100 @ 42.42 pos=0 filled=0/100
2026-04-29T12:28:13.932339192 IREN order new: new buy 100 @ 42.42 pos=0 filled=0/100
2026-04-29T12:28:16.671396375 BALANCE long=$3155 (1) short=$28709 (4) expose=$-25555 | realize=-1.1406 fee=1.429733 net=-2.570333 unrealized=29.689112 equity=27.118779 liquidate=18.108779 | fills=35 pending=8 | ofails=0/36
2026-04-29T12:28:16.671476274 SPREAD KO NYSE  [78.94]  79.14x1000 | 79.15x300  [0]  ema=79.146096  pos=0  realized=2.5 fees=0.445443 net=2.054557 unrealized=0
2026-04-29T12:28:16.671490689 SPREAD WBD NASDAQ  [0]  27.03x11200 | 27.04x2800  [27.07]  ema=27.03508  pos=0  realized=0 fees=0 net=0 unrealized=0
2026-04-29T12:28:16.671498285 SPREAD AAL NASDAQ  [11.28]  11.28x13900 | 11.29x11600  [11.31]  ema=11.285  pos=-200  realized=0 fees=0.209472 net=-0.209472 unrealized=1
2026-04-29T12:28:16.671506014 SPREAD MARA NASDAQ  [10.35]  10.37x2200 | 10.38x3200  [10.4]  ema=10.375679  pos=-100  realized=0 fees=0.061142 net=-0.061142 unrealized=-1.5
2026-04-29T12:28:16.671515761 SPREAD IREN NASDAQ  [42.42]  42.56x200 | 42.58x1300  [42.63]  ema=42.566939  pos=-551  realized=-7.9406 fees=0.632476 net=-8.573076 unrealized=21.319112
2026-04-29T12:28:16.671539646 SPREAD VISN NASDAQ  [10.49]  10.51x800 | 10.52x700  [10.54]  ema=10.514221  pos=300  realized=0 fees=0.0609 net=-0.0609 unrealized=-0.93
2026-04-29T12:28:16.671549567 SPREAD BBIO NASDAQ  [70.68]  70.82x100 | 70.88x200  [0]  ema=70.771922  pos=0  realized=0 fees=0 net=0 unrealized=0
2026-04-29T12:28:16.671559738 SPREAD CORZ NASDAQ  [19.55]  19.58x1500 | 19.59x1400  [19.62]  ema=19.588598  pos=-100  realized=4.3 fees=0.0203 net=4.2797 unrealized=9.8
2026-04-29T12:28:16.970840662 IREN replacing buy order: 42.42 -> 42.47 (pos=-551 spread=0.01 bid=42.56x200 ask=42.57x100)
2026-04-29T12:28:17.002669676 IREN order replaced: replaced buy 100 @ 42.42 pos=0 filled=0/100
2026-04-29T12:28:22.671650053 BALANCE long=$3155 (1) short=$28723 (4) expose=$-25568 | realize=-1.1406 fee=1.429733 net=-2.570333 unrealized=15.914112 equity=13.343779 liquidate=1.578779 | fills=35 pending=8 | ofails=0/36
2026-04-29T12:28:22.671716866 SPREAD KO NYSE  [78.94]  79.14x200 | 79.15x900  [0]  ema=79.145544  pos=0  realized=2.5 fees=0.445443 net=2.054557 unrealized=0
2026-04-29T12:28:22.671739553 SPREAD WBD NASDAQ  [0]  27.03x11200 | 27.04x2800  [27.07]  ema=27.03508  pos=0  realized=0 fees=0 net=0 unrealized=0
2026-04-29T12:28:22.671756137 SPREAD AAL NASDAQ  [11.28]  11.28x14000 | 11.29x10700  [11.31]  ema=11.285  pos=-200  realized=0 fees=0.209472 net=-0.209472 unrealized=1
2026-04-29T12:28:22.671765212 SPREAD MARA NASDAQ  [10.35]  10.37x2200 | 10.38x4700  [10.4]  ema=10.375549  pos=-100  realized=0 fees=0.061142 net=-0.061142 unrealized=-1.5
2026-04-29T12:28:22.671772525 SPREAD IREN NASDAQ  [42.47]  42.58x200 | 42.61x200  [42.63]  ema=42.573903  pos=-551  realized=-7.9406 fees=0.632476 net=-8.573076 unrealized=7.544112
2026-04-29T12:28:22.671780445 SPREAD VISN NASDAQ  [10.49]  10.51x900 | 10.52x500  [10.54]  ema=10.514326  pos=300  realized=0 fees=0.0609 net=-0.0609 unrealized=-0.93
2026-04-29T12:28:22.671789715 SPREAD BBIO NASDAQ  [70.68]  70.82x100 | 70.88x100  [0]  ema=70.774814  pos=0  realized=0 fees=0 net=0 unrealized=0
2026-04-29T12:28:22.671799258 SPREAD CORZ NASDAQ  [19.55]  19.58x1500 | 19.59x1400  [19.62]  ema=19.588168  pos=-100  realized=4.3 fees=0.0203 net=4.2797 unrealized=9.8
2026-04-29T12:28:27.562708932 AAL order fill: filled buy 100 @ 11.28 pos=-100 filled=100/100
2026-04-29T12:28:27.562737977 AAL filled 100 @ 11.28 | pos=-100 | fill_pnl=1 | fee=0.0203 | realized=1 | total_pnl=-0.1406 | total_fees=1.450033 | fills=36 shares=2400 | greed=0/0
2026-04-29T12:28:27.581959053 AAL replacing sell order: 11.31 -> 11.33 (pos=-100 spread=0.01 bid=11.28x7100 ask=11.29x15100)
2026-04-29T12:28:27.584614164 AAL placed buy 100 @ 11.21 -> NASDAQ (pos=-100 spread=0.01 bid=11.28x7100 ask=11.29x15100)
2026-04-29T12:28:27.595626152 AAL order pending_new: pending_new buy 100 @ 11.21 pos=0 filled=0/100
2026-04-29T12:28:27.606417629 AAL order replaced: replaced sell 100 @ 11.31 pos=0 filled=0/100
2026-04-29T12:28:27.606436269 AAL order new: new buy 100 @ 11.21 pos=0 filled=0/100
2026-04-29T12:28:27.671956124 BALANCE long=$3161 (1) short=$27591 (4) expose=$-24430 | realize=-0.1406 fee=1.450033 net=-1.590633 unrealized=25.169112 equity=23.578479 liquidate=15.068479 | fills=36 pending=8 | ofails=0/37
2026-04-29T12:28:27.672003231 SPREAD KO NYSE  [78.94]  79.14x400 | 79.15x500  [0]  ema=79.145371  pos=0  realized=2.5 fees=0.445443 net=2.054557 unrealized=0
2026-04-29T12:28:27.672012811 SPREAD WBD NASDAQ  [0]  27.03x11200 | 27.04x2800  [27.07]  ema=27.03508  pos=0  realized=0 fees=0 net=0 unrealized=0
2026-04-29T12:28:27.672018747 SPREAD AAL NASDAQ  [11.21]  11.27x14000 | 11.28x12200  [11.33]  ema=11.280703  pos=-100  realized=1 fees=0.229772 net=0.770228 unrealized=1.5
2026-04-29T12:28:27.672030198 SPREAD MARA NASDAQ  [10.35]  10.37x3200 | 10.38x4700  [10.4]  ema=10.375495  pos=-100  realized=0 fees=0.061142 net=-0.061142 unrealized=-1.5
2026-04-29T12:28:27.672038550 SPREAD IREN NASDAQ  [42.47]  42.58x200 | 42.6x300  [42.63]  ema=42.583642  pos=-551  realized=-7.9406 fees=0.632476 net=-8.573076 unrealized=10.299112
2026-04-29T12:28:27.672074973 SPREAD VISN NASDAQ  [10.49]  10.53x700 | 10.54x500  [10.54]  ema=10.522717  pos=300  realized=0 fees=0.0609 net=-0.0609 unrealized=5.07
2026-04-29T12:28:27.672081760 SPREAD BBIO NASDAQ  [70.68]  70.82x100 | 70.88x100  [0]  ema=70.774814  pos=0  realized=0 fees=0 net=0 unrealized=0
2026-04-29T12:28:27.672088306 SPREAD CORZ NASDAQ  [19.55]  19.58x1500 | 19.59x1200  [19.62]  ema=19.587718  pos=-100  realized=4.3 fees=0.0203 net=4.2797 unrealized=9.8
2026-04-29T12:28:31.776538501 IREN replacing buy order: 42.47 -> 42.55 (pos=-551 spread=0.01 bid=42.58x100 ask=42.59x100)
2026-04-29T12:28:31.802831949 IREN order replaced: replaced buy 100 @ 42.47 pos=0 filled=0/100
2026-04-29T12:28:32.366073252 AAL replacing buy order: 11.21 -> 11.26 (pos=-100 spread=0.01 bid=11.27x13800 ask=11.28x14700)
2026-04-29T12:28:32.382869767 AAL replacing sell order: 11.33 -> 11.29 (pos=-100 spread=0.01 bid=11.27x13800 ask=11.28x14700)
2026-04-29T12:28:32.395370417 AAL order replaced: replaced buy 100 @ 11.21 pos=0 filled=0/100
2026-04-29T12:28:32.407373644 AAL order replaced: replaced sell 100 @ 11.33 pos=0 filled=0/100
2026-04-29T12:28:33.671305981 BALANCE long=$3161 (1) short=$27585 (4) expose=$-24425 | realize=-0.1406 fee=1.450033 net=-1.590633 unrealized=30.679112 equity=29.088479 liquidate=20.578479 | fills=36 pending=8 | ofails=0/37
2026-04-29T12:28:33.671364567 SPREAD KO NYSE  [78.94]  79.14x900 | 79.15x400  [0]  ema=79.145248  pos=0  realized=2.5 fees=0.445443 net=2.054557 unrealized=0
2026-04-29T12:28:33.671376539 SPREAD WBD NASDAQ  [0]  27.03x10500 | 27.04x2900  [27.07]  ema=27.03508  pos=0  realized=0 fees=0 net=0 unrealized=0
2026-04-29T12:28:33.671393825 SPREAD AAL NASDAQ  [11.26]  11.27x13700 | 11.28x14700  [11.29]  ema=11.278733  pos=-100  realized=1 fees=0.229772 net=0.770228 unrealized=1.5
2026-04-29T12:28:33.671402736 SPREAD MARA NASDAQ  [10.35]  10.37x3800 | 10.38x4000  [10.4]  ema=10.375467  pos=-100  realized=0 fees=0.061142 net=-0.061142 unrealized=-1.5
2026-04-29T12:28:33.671414245 SPREAD IREN NASDAQ  [42.55]  42.57x200 | 42.59x100  [42.63]  ema=42.583101  pos=-551  realized=-7.9406 fees=0.632476 net=-8.573076 unrealized=15.809112
2026-04-29T12:28:33.671421929 SPREAD VISN NASDAQ  [10.49]  10.53x800 | 10.54x500  [10.54]  ema=10.523173  pos=300  realized=0 fees=0.0609 net=-0.0609 unrealized=5.07
2026-04-29T12:28:33.671428764 SPREAD BBIO NASDAQ  [70.68]  70.82x100 | 70.88x100  [0]  ema=70.774814  pos=0  realized=0 fees=0 net=0 unrealized=0
2026-04-29T12:28:33.671436013 SPREAD CORZ NASDAQ  [19.55]  19.58x1500 | 19.59x1300  [19.62]  ema=19.587392  pos=-100  realized=4.3 fees=0.0203 net=4.2797 unrealized=9.8
2026-04-29T12:28:37.038823631 VISN order fill: filled sell 100 @ 10.54 pos=200 filled=100/100
2026-04-29T12:28:37.038850154 VISN filled -100 @ 10.54 | pos=200 | fill_pnl=2.19 | fee=0.061512 | realized=2.19 | total_pnl=2.0494 | total_fees=1.511545 | fills=37 shares=2500 | greed=0/0
2026-04-29T12:28:37.059105829 VISN replacing buy order: 10.49 -> 10.47 (pos=200 spread=0.01 bid=10.53x800 ask=10.54x300)
2026-04-29T12:28:37.060936400 VISN placed sell 100 @ 10.61 -> NASDAQ (pos=200 spread=0.01 bid=10.53x800 ask=10.54x300)
2026-04-29T12:28:37.073116033 VISN order pending_new: pending_new sell 100 @ 10.61 pos=0 filled=0/100
2026-04-29T12:28:37.083834584 VISN order replaced: replaced buy 100 @ 10.49 pos=0 filled=0/100
2026-04-29T12:28:37.083853073 VISN order new: new sell 100 @ 10.61 pos=0 filled=0/100
2026-04-29T12:28:39.671688089 BALANCE long=$2107 (1) short=$27582 (4) expose=$-25475 | realize=2.0494 fee=1.511545 net=0.537855 unrealized=31.744112 equity=32.281967 liquidate=27.026967 | fills=37 pending=8 | ofails=0/38
2026-04-29T12:28:39.671740778 SPREAD KO NYSE  [78.94]  79.14x1000 | 79.15x400  [0]  ema=79.145224  pos=0  realized=2.5 fees=0.445443 net=2.054557 unrealized=0
2026-04-29T12:28:39.671751919 SPREAD WBD NASDAQ  [0]  27.03x10500 | 27.04x2900  [27.07]  ema=27.03508  pos=0  realized=0 fees=0 net=0 unrealized=0
2026-04-29T12:28:39.671763461 SPREAD AAL NASDAQ  [11.26]  11.27x9600 | 11.28x15100  [11.29]  ema=11.278176  pos=-100  realized=1 fees=0.229772 net=0.770228 unrealized=1.5
2026-04-29T12:28:39.671788539 SPREAD MARA NASDAQ  [10.35]  10.37x3800 | 10.38x4600  [10.4]  ema=10.375447  pos=-100  realized=0 fees=0.061142 net=-0.061142 unrealized=-1.5
2026-04-29T12:28:39.671800261 SPREAD IREN NASDAQ  [42.55]  42.57x200 | 42.58x100  [42.63]  ema=42.579937  pos=-551  realized=-7.9406 fees=0.632476 net=-8.573076 unrealized=18.564112
2026-04-29T12:28:39.671807324 SPREAD VISN NASDAQ  [10.47]  10.53x800 | 10.54x300  [10.61]  ema=10.524575  pos=200  realized=2.19 fees=0.122412 net=2.067588 unrealized=3.38
2026-04-29T12:28:39.671814372 SPREAD BBIO NASDAQ  [70.68]  70.82x100 | 70.88x200  [0]  ema=70.775754  pos=0  realized=0 fees=0 net=0 unrealized=0
2026-04-29T12:28:39.671830370 SPREAD CORZ NASDAQ  [19.55]  19.58x1500 | 19.59x1400  [19.62]  ema=19.587105  pos=-100  realized=4.3 fees=0.0203 net=4.2797 unrealized=9.8
2026-04-29T12:28:44.671711808 BALANCE long=$2109 (1) short=$27593 (4) expose=$-25484 | realize=2.0494 fee=1.511545 net=0.537855 unrealized=22.724112 equity=23.261967 liquidate=18.006967 | fills=37 pending=8 | ofails=0/38
2026-04-29T12:28:44.671769907 SPREAD KO NYSE  [78.94]  79.14x1000 | 79.15x400  [0]  ema=79.145161  pos=0  realized=2.5 fees=0.445443 net=2.054557 unrealized=0
2026-04-29T12:28:44.672472449 SPREAD WBD NASDAQ  [0]  27.03x11300 | 27.04x2700  [27.07]  ema=27.03508  pos=0  realized=0 fees=0 net=0 unrealized=0
2026-04-29T12:28:44.672485899 SPREAD AAL NASDAQ  [11.26]  11.27x9500 | 11.28x15000  [11.29]  ema=11.27767  pos=-100  realized=1 fees=0.229772 net=0.770228 unrealized=1.5
2026-04-29T12:28:44.672494377 SPREAD MARA NASDAQ  [10.35]  10.37x3900 | 10.38x4100  [10.4]  ema=10.375353  pos=-100  realized=0 fees=0.061142 net=-0.061142 unrealized=-1.5
2026-04-29T12:28:44.672506577 SPREAD IREN NASDAQ  [42.55]  42.59x200 | 42.6x300  [42.63]  ema=42.583839  pos=-551  realized=-7.9406 fees=0.632476 net=-8.573076 unrealized=7.544112
2026-04-29T12:28:44.672514408 SPREAD VISN NASDAQ  [10.47]  10.54x700 | 10.55x1200  [10.61]  ema=10.532352  pos=200  realized=2.19 fees=0.122412 net=2.067588 unrealized=5.38
2026-04-29T12:28:44.672524064 SPREAD BBIO NASDAQ  [70.68]  70.82x100 | 70.88x200  [0]  ema=70.775754  pos=0  realized=0 fees=0 net=0 unrealized=0
2026-04-29T12:28:44.672531387 SPREAD CORZ NASDAQ  [19.55]  19.58x1700 | 19.59x500  [19.62]  ema=19.586736  pos=-100  realized=4.3 fees=0.0203 net=4.2797 unrealized=9.8
2026-04-29T12:28:46.849393650 VISN replacing buy order: 10.47 -> 10.51 (pos=200 spread=0.01 bid=10.54x700 ask=10.55x1000)
2026-04-29T12:28:46.851566345 VISN replacing sell order: 10.61 -> 10.56 (pos=200 spread=0.01 bid=10.54x700 ask=10.55x1000)
2026-04-29T12:28:46.874656066 VISN order replaced: replaced buy 100 @ 10.47 pos=0 filled=0/100
2026-04-29T12:28:46.874677177 VISN order replaced: replaced sell 100 @ 10.61 pos=0 filled=0/100
2026-04-29T12:28:50.671152300 BALANCE long=$2109 (1) short=$27602 (4) expose=$-25493 | realize=2.0494 fee=1.511545 net=0.537855 unrealized=14.459112 equity=14.996967 liquidate=6.986967 | fills=37 pending=8 | ofails=0/38
2026-04-29T12:28:50.671199995 SPREAD KO NYSE  [78.94]  79.14x200 | 79.15x1200  [0]  ema=79.143761  pos=0  realized=2.5 fees=0.445443 net=2.054557 unrealized=0
2026-04-29T12:28:50.671209921 SPREAD WBD NASDAQ  [0]  27.03x13600 | 27.04x1000  [27.07]  ema=27.03508  pos=0  realized=0 fees=0 net=0 unrealized=0
2026-04-29T12:28:50.671215614 SPREAD AAL NASDAQ  [11.26]  11.27x9500 | 11.28x15100  [11.29]  ema=11.277573  pos=-100  realized=1 fees=0.229772 net=0.770228 unrealized=1.5
2026-04-29T12:28:50.671230537 SPREAD MARA NASDAQ  [10.35]  10.37x4300 | 10.38x3800  [10.4]  ema=10.375314  pos=-100  realized=0 fees=0.061142 net=-0.061142 unrealized=-1.5
2026-04-29T12:28:50.671237289 SPREAD IREN NASDAQ  [42.55]  42.6x200 | 42.62x300  [42.63]  ema=42.588765  pos=-551  realized=-7.9406 fees=0.632476 net=-8.573076 unrealized=-0.720888
2026-04-29T12:28:50.671247731 SPREAD VISN NASDAQ  [10.51]  10.54x700 | 10.55x900  [10.56]  ema=10.532972  pos=200  realized=2.19 fees=0.122412 net=2.067588 unrealized=5.38
2026-04-29T12:28:50.671273788 SPREAD BBIO NASDAQ  [70.68]  70.82x100 | 70.88x200  [0]  ema=70.775754  pos=0  realized=0 fees=0 net=0 unrealized=0
2026-04-29T12:28:50.671281310 SPREAD CORZ NASDAQ  [19.55]  19.58x1600 | 19.59x400  [19.62]  ema=19.586324  pos=-100  realized=4.3 fees=0.0203 net=4.2797 unrealized=9.8
2026-04-29T12:28:53.618690224 CORZ order fill: filled buy 100 @ 19.55 pos=0 filled=100/100
2026-04-29T12:28:53.618717481 CORZ filled 100 @ 19.55 | pos=0 | fill_pnl=13.3 | fee=0.0203 | realized=17.6 | total_pnl=15.3494 | total_fees=1.531845 | fills=38 shares=2600 | greed=0/0
2026-04-29T12:28:53.638894725 CORZ replacing sell order: 19.62 -> 19.66 (pos=0 spread=0.01 bid=19.59x800 ask=19.6x1300)
2026-04-29T12:28:53.663524839 CORZ order replaced: replaced sell 100 @ 19.62 pos=0 filled=0/100
2026-04-29T12:28:53.793539767 CORZ replacing sell order: 19.66 -> 19.64 (pos=0 spread=0.01 bid=19.55x1300 ask=19.56x1000)
2026-04-29T12:28:53.818116688 CORZ order replaced: replaced sell 100 @ 19.66 pos=0 filled=0/100
2026-04-29T12:28:55.671412335 BALANCE long=$2109 (1) short=$25644 (3) expose=$-23535 | realize=15.3494 fee=1.531845 net=13.817555 unrealized=3.659112 equity=17.476667 liquidate=9.966667 | fills=38 pending=8 | ofails=0/38
2026-04-29T12:28:55.671473969 SPREAD KO NYSE  [78.94]  79.14x200 | 79.15x1300  [0]  ema=79.14389  pos=0  realized=2.5 fees=0.445443 net=2.054557 unrealized=0
2026-04-29T12:28:55.671485127 SPREAD WBD NASDAQ  [0]  27.03x11300 | 27.04x3900  [27.07]  ema=27.03508  pos=0  realized=0 fees=0 net=0 unrealized=0
2026-04-29T12:28:55.671492919 SPREAD AAL NASDAQ  [11.26]  11.27x9500 | 11.28x12400  [11.29]  ema=11.277419  pos=-100  realized=1 fees=0.229772 net=0.770228 unrealized=1.5
2026-04-29T12:28:55.671503571 SPREAD MARA NASDAQ  [10.35]  10.38x4900 | 10.39x7400  [10.4]  ema=10.37893  pos=-100  realized=0 fees=0.061142 net=-0.061142 unrealized=-2.5
2026-04-29T12:28:55.671514674 SPREAD IREN NASDAQ  [42.55]  42.6x300 | 42.62x300  [42.63]  ema=42.602282  pos=-551  realized=-7.9406 fees=0.632476 net=-8.573076 unrealized=-0.720888
2026-04-29T12:28:55.671525547 SPREAD VISN NASDAQ  [10.51]  10.54x700 | 10.55x800  [10.56]  ema=10.53528  pos=200  realized=2.19 fees=0.122412 net=2.067588 unrealized=5.38
2026-04-29T12:28:55.671530879 SPREAD BBIO NASDAQ  [70.68]  70.82x100 | 70.88x100  [0]  ema=70.776682  pos=0  realized=0 fees=0 net=0 unrealized=0
2026-04-29T12:28:55.671535614 SPREAD CORZ NASDAQ  [0]  19.56x800 | 19.57x1100  [19.64]  ema=19.557158  pos=0  realized=17.6 fees=0.0406 net=17.5594 unrealized=0
2026-04-29T12:29:00.671494928 BALANCE long=$2111 (1) short=$25647 (3) expose=$-23536 | realize=15.3494 fee=1.531845 net=13.817555 unrealized=2.904112 equity=16.721667 liquidate=11.966667 | fills=38 pending=8 | ofails=0/38
2026-04-29T12:29:00.671567896 SPREAD KO NYSE  [78.94]  79.15x300 | 79.16x900  [0]  ema=79.154409  pos=0  realized=2.5 fees=0.445443 net=2.054557 unrealized=0
2026-04-29T12:29:00.672358318 SPREAD WBD NASDAQ  [0]  27.03x11300 | 27.04x3900  [27.07]  ema=27.03508  pos=0  realized=0 fees=0 net=0 unrealized=0
2026-04-29T12:29:00.672377287 SPREAD AAL NASDAQ  [11.26]  11.27x9500 | 11.28x12800  [11.29]  ema=11.277274  pos=-100  realized=1 fees=0.229772 net=0.770228 unrealized=1.5
2026-04-29T12:29:00.672385654 SPREAD MARA NASDAQ  [10.35]  10.38x2900 | 10.39x6200  [10.4]  ema=10.380557  pos=-100  realized=0 fees=0.061142 net=-0.061142 unrealized=-2.5
2026-04-29T12:29:00.672396970 SPREAD IREN NASDAQ  [42.55]  42.61x100 | 42.62x200  [42.63]  ema=42.605958  pos=-551  realized=-7.9406 fees=0.632476 net=-8.573076 unrealized=-3.475888
2026-04-29T12:29:00.672405327 SPREAD VISN NASDAQ  [10.51]  10.55x600 | 10.56x300  [10.56]  ema=10.541904  pos=200  realized=2.19 fees=0.122412 net=2.067588 unrealized=7.38
2026-04-29T12:29:00.672414685 SPREAD BBIO NASDAQ  [70.68]  70.82x100 | 70.88x100  [0]  ema=70.776682  pos=0  realized=0 fees=0 net=0 unrealized=0
2026-04-29T12:29:00.672424781 SPREAD CORZ NASDAQ  [0]  19.56x500 | 19.57x1000  [19.64]  ema=19.558418  pos=0  realized=17.6 fees=0.0406 net=17.5594 unrealized=0
2026-04-29T12:29:01.722926821 CORZ replacing sell order: 19.64 -> 19.59 (pos=0 spread=0.01 bid=19.56x500 ask=19.57x1000)
2026-04-29T12:29:01.749580891 CORZ order replaced: replaced sell 100 @ 19.64 pos=0 filled=0/100
2026-04-29T12:29:02.513950760 VISN order partial_fill: partially_filled sell 100 @ 10.56 pos=115 filled=85/100
2026-04-29T12:29:02.513972453 VISN filled -85 @ 10.56 | pos=115 | fill_pnl=3.5615 | fee=0.052366 | realized=5.7515 | total_pnl=18.9109 | total_fees=1.584211 | fills=39 shares=2685 | greed=0/0
2026-04-29T12:29:02.804002609 VISN replacing buy order: 10.51 -> 10.49 (pos=115 spread=0.01 bid=10.55x700 ask=10.56x300)
2026-04-29T12:29:02.808219481 VISN replacing sell order: 10.56 -> 10.63 (pos=115 spread=0.01 bid=10.55x700 ask=10.56x300)
2026-04-29T12:29:02.829288636 VISN order replaced: replaced buy 100 @ 10.51 pos=0 filled=0/100
2026-04-29T12:29:02.829316823 VISN order replaced: replaced sell 100 @ 10.56 pos=0 filled=85/100
2026-04-29T12:29:06.671217833 BALANCE long=$1214 (1) short=$25644 (3) expose=$-24430 | realize=18.9109 fee=1.584211 net=17.326689 unrealized=2.522612 equity=19.849301 liquidate=12.764301 | fills=39 pending=8 | ofails=0/38
2026-04-29T12:29:06.671270339 SPREAD KO NYSE  [78.94]  79.15x300 | 79.16x200  [0]  ema=79.154845  pos=0  realized=2.5 fees=0.445443 net=2.054557 unrealized=0
2026-04-29T12:29:06.671279556 SPREAD WBD NASDAQ  [0]  27.03x11300 | 27.04x3400  [27.07]  ema=27.03508  pos=0  realized=0 fees=0 net=0 unrealized=0
2026-04-29T12:29:06.671288216 SPREAD AAL NASDAQ  [11.26]  11.27x9500 | 11.28x13300  [11.29]  ema=11.277191  pos=-100  realized=1 fees=0.229772 net=0.770228 unrealized=1.5
2026-04-29T12:29:06.671296498 SPREAD MARA NASDAQ  [10.35]  10.38x6100 | 10.39x3900  [10.4]  ema=10.381979  pos=-100  realized=0 fees=0.061142 net=-0.061142 unrealized=-2.5
2026-04-29T12:29:06.671304729 SPREAD IREN NASDAQ  [42.55]  42.6x300 | 42.62x300  [42.63]  ema=42.607713  pos=-551  realized=-7.9406 fees=0.632476 net=-8.573076 unrealized=-0.720888
2026-04-29T12:29:06.671310379 SPREAD VISN NASDAQ  [10.49]  10.55x700 | 10.56x200  [10.63]  ema=10.543455  pos=115  realized=5.7515 fees=0.174778 net=5.576722 unrealized=4.2435
2026-04-29T12:29:06.671315427 SPREAD BBIO NASDAQ  [70.68]  70.82x100 | 70.88x100  [0]  ema=70.776682  pos=0  realized=0 fees=0 net=0 unrealized=0
2026-04-29T12:29:06.671321943 SPREAD CORZ NASDAQ  [0]  19.56x500 | 19.57x1200  [19.59]  ema=19.560124  pos=0  realized=17.6 fees=0.0406 net=17.5594 unrealized=0
2026-04-29T12:29:11.671836050 BALANCE long=$1214 (1) short=$25628 (3) expose=$-24414 | realize=18.9109 fee=1.584211 net=17.326689 unrealized=19.052612 equity=36.379301 liquidate=29.294301 | fills=39 pending=8 | ofails=0/38
2026-04-29T12:29:11.671889943 SPREAD KO NYSE  [78.94]  79.16x500 | 79.17x400  [0]  ema=79.160918  pos=0  realized=2.5 fees=0.445443 net=2.054557 unrealized=0
2026-04-29T12:29:11.671903022 SPREAD WBD NASDAQ  [0]  27.03x11300 | 27.04x2600  [27.07]  ema=27.03508  pos=0  realized=0 fees=0 net=0 unrealized=0
2026-04-29T12:29:11.671914534 SPREAD AAL NASDAQ  [11.26]  11.27x9500 | 11.28x13300  [11.29]  ema=11.277191  pos=-100  realized=1 fees=0.229772 net=0.770228 unrealized=1.5
2026-04-29T12:29:11.671924244 SPREAD MARA NASDAQ  [10.35]  10.38x6800 | 10.39x3800  [10.4]  ema=10.382612  pos=-100  realized=0 fees=0.061142 net=-0.061142 unrealized=-2.5
2026-04-29T12:29:11.671932254 SPREAD IREN NASDAQ  [42.55]  42.57x500 | 42.59x200  [42.63]  ema=42.595646  pos=-551  realized=-7.9406 fees=0.632476 net=-8.573076 unrealized=15.809112
2026-04-29T12:29:11.671942905 SPREAD VISN NASDAQ  [10.49]  10.55x700 | 10.56x200  [10.63]  ema=10.543743  pos=115  realized=5.7515 fees=0.174778 net=5.576722 unrealized=4.2435
2026-04-29T12:29:11.671952026 SPREAD BBIO NASDAQ  [70.68]  70.82x100 | 70.88x100  [0]  ema=70.776682  pos=0  realized=0 fees=0 net=0 unrealized=0
2026-04-29T12:29:11.671959228 SPREAD CORZ NASDAQ  [0]  19.55x1700 | 19.56x1500  [19.59]  ema=19.560414  pos=0  realized=17.6 fees=0.0406 net=17.5594 unrealized=0
2026-04-29T12:29:17.671912776 BALANCE long=$1214 (1) short=$25644 (3) expose=$-24430 | realize=18.9109 fee=1.584211 net=17.326689 unrealized=2.522612 equity=19.849301 liquidate=12.764301 | fills=39 pending=8 | ofails=0/38
2026-04-29T12:29:17.671963932 SPREAD KO NYSE  [78.94]  79.17x1500 | 79.18x200  [0]  ema=79.165641  pos=0  realized=2.5 fees=0.445443 net=2.054557 unrealized=0
2026-04-29T12:29:17.671974044 SPREAD WBD NASDAQ  [0]  27.03x10600 | 27.04x2600  [27.07]  ema=27.03508  pos=0  realized=0 fees=0 net=0 unrealized=0
2026-04-29T12:29:17.671979491 SPREAD AAL NASDAQ  [11.26]  11.27x9500 | 11.28x13300  [11.29]  ema=11.277059  pos=-100  realized=1 fees=0.229772 net=0.770228 unrealized=1.5
2026-04-29T12:29:17.671985196 SPREAD MARA NASDAQ  [10.35]  10.38x3200 | 10.39x4800  [10.4]  ema=10.383828  pos=-100  realized=0 fees=0.061142 net=-0.061142 unrealized=-2.5
2026-04-29T12:29:17.671993229 SPREAD IREN NASDAQ  [42.55]  42.6x200 | 42.62x200  [42.63]  ema=42.594121  pos=-551  realized=-7.9406 fees=0.632476 net=-8.573076 unrealized=-0.720888
2026-04-29T12:29:17.672005721 SPREAD VISN NASDAQ  [10.49]  10.55x800 | 10.56x300  [10.63]  ema=10.544297  pos=115  realized=5.7515 fees=0.174778 net=5.576722 unrealized=4.2435
2026-04-29T12:29:17.672015794 SPREAD BBIO NASDAQ  [70.68]  70.82x100 | 70.88x100  [0]  ema=70.776682  pos=0  realized=0 fees=0 net=0 unrealized=0
2026-04-29T12:29:17.672023342 SPREAD CORZ NASDAQ  [0]  19.55x1800 | 19.56x900  [19.59]  ema=19.559218  pos=0  realized=17.6 fees=0.0406 net=17.5594 unrealized=0
2026-04-29T12:29:18.212199379 VISN replacing buy order: 10.49 -> 10.52 (pos=115 spread=0.01 bid=10.55x800 ask=10.56x400)
2026-04-29T12:29:18.214503402 VISN replacing sell order: 10.63 -> 10.57 (pos=115 spread=0.01 bid=10.55x800 ask=10.56x400)
2026-04-29T12:29:18.236513400 VISN order replaced: replaced buy 100 @ 10.49 pos=0 filled=0/100
2026-04-29T12:29:18.236532595 VISN order replaced: replaced sell 100 @ 10.63 pos=0 filled=85/100
2026-04-29T12:29:19.235442917 IREN order fill: filled sell 100 @ 42.63 pos=-651 filled=100/100
2026-04-29T12:29:19.235463940 IREN filled -100 @ 42.63 | pos=-651 | fill_pnl=0 | fee=0.127618 | realized=-7.9406 | total_pnl=18.9109 | total_fees=1.711829 | fills=40 shares=2785 | greed=0/0
2026-04-29T12:29:19.261775272 IREN placed sell 100 @ 42.69 -> NASDAQ (pos=-651 spread=0.01 bid=42.61x200 ask=42.62x100)
2026-04-29T12:29:19.273932853 IREN order pending_new: pending_new sell 100 @ 42.69 pos=0 filled=0/100
2026-04-29T12:29:19.285261934 IREN order new: new sell 100 @ 42.69 pos=0 filled=0/100
2026-04-29T12:29:19.594014746 IREN replacing sell order: 42.69 -> 42.73 (pos=-651 spread=0.01 bid=42.64x100 ask=42.65x200)
2026-04-29T12:29:19.618457328 IREN order replaced: replaced sell 100 @ 42.69 pos=0 filled=0/100
2026-04-29T12:29:23.671621559 BALANCE long=$1214 (1) short=$29913 (3) expose=$-28699 | realize=18.9109 fee=1.711829 net=17.199071 unrealized=-2.987388 equity=14.211683 liquidate=6.126683 | fills=40 pending=8 | ofails=0/39
2026-04-29T12:29:23.671687585 SPREAD KO NYSE  [78.94]  79.14x900 | 79.15x200  [0]  ema=79.156233  pos=0  realized=2.5 fees=0.445443 net=2.054557 unrealized=0
2026-04-29T12:29:23.671699107 SPREAD WBD NASDAQ  [0]  27.03x11700 | 27.04x2600  [27.07]  ema=27.03508  pos=0  realized=0 fees=0 net=0 unrealized=0
2026-04-29T12:29:23.671709296 SPREAD AAL NASDAQ  [11.26]  11.27x9600 | 11.28x12400  [11.29]  ema=11.276936  pos=-100  realized=1 fees=0.229772 net=0.770228 unrealized=1.5
2026-04-29T12:29:23.671720652 SPREAD MARA NASDAQ  [10.35]  10.39x3300 | 10.4x7400  [10.4]  ema=10.389428  pos=-100  realized=0 fees=0.061142 net=-0.061142 unrealized=-3.5
2026-04-29T12:29:23.671728207 SPREAD IREN NASDAQ  [42.55]  42.61x100 | 42.63x200  [42.73]  ema=42.630455  pos=-651  realized=-7.9406 fees=0.760094 net=-8.700694 unrealized=-5.230888
2026-04-29T12:29:23.671738761 SPREAD VISN NASDAQ  [10.52]  10.55x800 | 10.56x400  [10.57]  ema=10.545802  pos=115  realized=5.7515 fees=0.174778 net=5.576722 unrealized=4.2435
2026-04-29T12:29:23.671748008 SPREAD BBIO NASDAQ  [70.68]  70.82x100 | 70.88x200  [0]  ema=70.777598  pos=0  realized=0 fees=0 net=0 unrealized=0
2026-04-29T12:29:23.671767901 SPREAD CORZ NASDAQ  [0]  19.56x600 | 19.57x1100  [19.59]  ema=19.561534  pos=0  realized=17.6 fees=0.0406 net=17.5594 unrealized=0
2026-04-29T12:29:26.248534822 MARA replacing buy order: 10.35 -> 10.37 (pos=-100 spread=0.01 bid=10.39x3300 ask=10.4x8800)
2026-04-29T12:29:26.260034481 MARA replacing sell order: 10.4 -> 10.42 (pos=-100 spread=0.01 bid=10.39x3300 ask=10.4x8800)
2026-04-29T12:29:26.271999821 MARA order replaced: replaced buy 100 @ 10.35 pos=0 filled=0/100
2026-04-29T12:29:26.283418218 MARA order replaced: replaced sell 100 @ 10.4 pos=0 filled=0/100
2026-04-29T12:29:28.671812101 BALANCE long=$1214 (1) short=$29913 (3) expose=$-28699 | realize=18.9109 fee=1.711829 net=17.199071 unrealized=-2.987388 equity=14.211683 liquidate=6.126683 | fills=40 pending=8 | ofails=0/39
2026-04-29T12:29:28.671865428 SPREAD KO NYSE  [78.94]  79.15x1100 | 79.16x100  [0]  ema=79.154883  pos=0  realized=2.5 fees=0.445443 net=2.054557 unrealized=0
2026-04-29T12:29:28.671879093 SPREAD WBD NASDAQ  [0]  27.03x11700 | 27.04x2600  [27.07]  ema=27.03508  pos=0  realized=0 fees=0 net=0 unrealized=0
2026-04-29T12:29:28.671886750 SPREAD AAL NASDAQ  [11.26]  11.27x9600 | 11.28x13300  [11.29]  ema=11.276889  pos=-100  realized=1 fees=0.229772 net=0.770228 unrealized=1.5
2026-04-29T12:29:28.671898294 SPREAD MARA NASDAQ  [10.37]  10.39x3600 | 10.4x8100  [10.42]  ema=10.390621  pos=-100  realized=0 fees=0.061142 net=-0.061142 unrealized=-3.5
2026-04-29T12:29:28.671909095 SPREAD IREN NASDAQ  [42.55]  42.61x200 | 42.63x200  [42.73]  ema=42.627239  pos=-651  realized=-7.9406 fees=0.760094 net=-8.700694 unrealized=-5.230888
2026-04-29T12:29:28.671920520 SPREAD VISN NASDAQ  [10.52]  10.55x800 | 10.56x400  [10.57]  ema=10.545802  pos=115  realized=5.7515 fees=0.174778 net=5.576722 unrealized=4.2435
2026-04-29T12:29:28.671927728 SPREAD BBIO NASDAQ  [70.68]  70.82x100 | 70.88x200  [0]  ema=70.777598  pos=0  realized=0 fees=0 net=0 unrealized=0
2026-04-29T12:29:28.671934964 SPREAD CORZ NASDAQ  [0]  19.56x1000 | 19.57x1100  [19.59]  ema=19.562051  pos=0  realized=17.6 fees=0.0406 net=17.5594 unrealized=0
2026-04-29T12:29:33.763111059 IREN replacing sell order: 42.73 -> 42.65 (pos=-651 spread=0.02 bid=42.59x100 ask=42.61x100)
2026-04-29T12:29:33.787962989 IREN order replaced: replaced sell 100 @ 42.73 pos=0 filled=0/100
2026-04-29T12:29:34.671464233 BALANCE long=$1214 (1) short=$29900 (3) expose=$-28686 | realize=18.9109 fee=1.711829 net=17.199071 unrealized=10.032612 equity=27.231683 liquidate=19.146683 | fills=40 pending=8 | ofails=0/39
2026-04-29T12:29:34.671517477 SPREAD KO NYSE  [78.94]  79.17x500 | 79.18x500  [0]  ema=79.165515  pos=0  realized=2.5 fees=0.445443 net=2.054557 unrealized=0
2026-04-29T12:29:34.671529952 SPREAD WBD NASDAQ  [0]  27.03x11700 | 27.04x2600  [27.07]  ema=27.03508  pos=0  realized=0 fees=0 net=0 unrealized=0
2026-04-29T12:29:34.671538158 SPREAD AAL NASDAQ  [11.26]  11.27x9600 | 11.28x13300  [11.29]  ema=11.276843  pos=-100  realized=1 fees=0.229772 net=0.770228 unrealized=1.5
2026-04-29T12:29:34.671550540 SPREAD MARA NASDAQ  [10.37]  10.39x4500 | 10.4x4600  [10.42]  ema=10.392157  pos=-100  realized=0 fees=0.061142 net=-0.061142 unrealized=-3.5
2026-04-29T12:29:34.671561915 SPREAD IREN NASDAQ  [42.55]  42.59x200 | 42.61x200  [42.65]  ema=42.61199  pos=-651  realized=-7.9406 fees=0.760094 net=-8.700694 unrealized=7.789112
2026-04-29T12:29:34.671569575 SPREAD VISN NASDAQ  [10.52]  10.55x800 | 10.56x400  [10.57]  ema=10.545802  pos=115  realized=5.7515 fees=0.174778 net=5.576722 unrealized=4.2435
2026-04-29T12:29:34.671575795 SPREAD BBIO NASDAQ  [70.68]  70.82x100 | 70.88x200  [0]  ema=70.777598  pos=0  realized=0 fees=0 net=0 unrealized=0
2026-04-29T12:29:34.671587128 SPREAD CORZ NASDAQ  [0]  19.56x700 | 19.57x1000  [19.59]  ema=19.562808  pos=0  realized=17.6 fees=0.0406 net=17.5594 unrealized=0
2026-04-29T12:29:39.671675705 BALANCE long=$1214 (1) short=$29889 (3) expose=$-28675 | realize=18.9109 fee=1.711829 net=17.199071 unrealized=20.797612 equity=37.996683 liquidate=33.166683 | fills=40 pending=8 | ofails=0/39
2026-04-29T12:29:39.671749458 SPREAD KO NYSE  [78.94]  79.17x1000 | 79.18x100  [0]  ema=79.167634  pos=0  realized=2.5 fees=0.445443 net=2.054557 unrealized=0
2026-04-29T12:29:39.671762632 SPREAD WBD NASDAQ  [0]  27.03x10500 | 27.04x4500  [27.07]  ema=27.03508  pos=0  realized=0 fees=0 net=0 unrealized=0
2026-04-29T12:29:39.671770430 SPREAD AAL NASDAQ  [11.26]  11.27x9600 | 11.28x13300  [11.29]  ema=11.276798  pos=-100  realized=1 fees=0.229772 net=0.770228 unrealized=1.5
2026-04-29T12:29:39.671780820 SPREAD MARA NASDAQ  [10.37]  10.38x6200 | 10.39x4500  [10.42]  ema=10.390749  pos=-100  realized=0 fees=0.061142 net=-0.061142 unrealized=-2.5
2026-04-29T12:29:39.671791627 SPREAD IREN NASDAQ  [42.55]  42.58x600 | 42.59x200  [42.65]  ema=42.600551  pos=-651  realized=-7.9406 fees=0.760094 net=-8.700694 unrealized=17.554112
2026-04-29T12:29:39.671803620 SPREAD VISN NASDAQ  [10.52]  10.55x900 | 10.56x400  [10.57]  ema=10.546686  pos=115  realized=5.7515 fees=0.174778 net=5.576722 unrealized=4.2435
2026-04-29T12:29:39.671810642 SPREAD BBIO NASDAQ  [70.68]  70.82x100 | 70.88x200  [0]  ema=70.777598  pos=0  realized=0 fees=0 net=0 unrealized=0
2026-04-29T12:29:39.671824961 SPREAD CORZ NASDAQ  [0]  19.56x1000 | 19.57x1300  [19.59]  ema=19.563223  pos=0  realized=17.6 fees=0.0406 net=17.5594 unrealized=0
2026-04-29T12:29:44.672074653 BALANCE long=$1214 (1) short=$29876 (3) expose=$-28662 | realize=18.9109 fee=1.711829 net=17.199071 unrealized=33.817612 equity=51.016683 liquidate=46.186683 | fills=40 pending=8 | ofails=0/39
2026-04-29T12:29:44.672129364 SPREAD KO NYSE  [78.94]  79.18x700 | 79.19x500  [0]  ema=79.172564  pos=0  realized=2.5 fees=0.445443 net=2.054557 unrealized=0
2026-04-29T12:29:44.672142228 SPREAD WBD NASDAQ  [0]  27.03x3700 | 27.04x6300  [27.07]  ema=27.03508  pos=0  realized=0 fees=0 net=0 unrealized=0
2026-04-29T12:29:44.672157248 SPREAD AAL NASDAQ  [11.26]  11.27x9500 | 11.28x13300  [11.29]  ema=11.276776  pos=-100  realized=1 fees=0.229772 net=0.770228 unrealized=1.5
2026-04-29T12:29:44.672168878 SPREAD MARA NASDAQ  [10.37]  10.38x5800 | 10.39x5100  [10.42]  ema=10.389134  pos=-100  realized=0 fees=0.061142 net=-0.061142 unrealized=-2.5
2026-04-29T12:29:44.672179346 SPREAD IREN NASDAQ  [42.55]  42.56x200 | 42.57x200  [42.65]  ema=42.589187  pos=-651  realized=-7.9406 fees=0.760094 net=-8.700694 unrealized=30.574112
2026-04-29T12:29:44.672189952 SPREAD VISN NASDAQ  [10.52]  10.55x900 | 10.56x400  [10.57]  ema=10.547486  pos=115  realized=5.7515 fees=0.174778 net=5.576722 unrealized=4.2435
2026-04-29T12:29:44.672199521 SPREAD BBIO NASDAQ  [70.68]  70.82x100 | 70.88x200  [0]  ema=70.777598  pos=0  realized=0 fees=0 net=0 unrealized=0
2026-04-29T12:29:44.672209305 SPREAD CORZ NASDAQ  [0]  19.55x1600 | 19.56x1400  [19.59]  ema=19.562073  pos=0  realized=17.6 fees=0.0406 net=17.5594 unrealized=0
2026-04-29T12:29:50.671166049 BALANCE long=$1214 (1) short=$29876 (3) expose=$-28662 | realize=18.9109 fee=1.711829 net=17.199071 unrealized=33.817612 equity=51.016683 liquidate=46.186683 | fills=40 pending=8 | ofails=0/39
2026-04-29T12:29:50.671222979 SPREAD KO NYSE  [78.94]  79.17x1000 | 79.18x200  [0]  ema=79.176375  pos=0  realized=2.5 fees=0.445443 net=2.054557 unrealized=0
2026-04-29T12:29:50.671235576 SPREAD WBD NASDAQ  [0]  27.03x3800 | 27.04x6900  [27.07]  ema=27.03508  pos=0  realized=0 fees=0 net=0 unrealized=0
2026-04-29T12:29:50.671243371 SPREAD AAL NASDAQ  [11.26]  11.27x8900 | 11.28x23000  [11.29]  ema=11.276308  pos=-100  realized=1 fees=0.229772 net=0.770228 unrealized=1.5
2026-04-29T12:29:50.671254389 SPREAD MARA NASDAQ  [10.37]  10.38x5800 | 10.39x5700  [10.42]  ema=10.38833  pos=-100  realized=0 fees=0.061142 net=-0.061142 unrealized=-2.5
2026-04-29T12:29:50.671265355 SPREAD IREN NASDAQ  [42.55]  42.56x400 | 42.57x100  [42.65]  ema=42.584049  pos=-651  realized=-7.9406 fees=0.760094 net=-8.700694 unrealized=30.574112
2026-04-29T12:29:50.671273773 SPREAD VISN NASDAQ  [10.52]  10.55x900 | 10.56x400  [10.57]  ema=10.547486  pos=115  realized=5.7515 fees=0.174778 net=5.576722 unrealized=4.2435
2026-04-29T12:29:50.671292230 SPREAD BBIO NASDAQ  [70.68]  70.82x100 | 70.88x200  [0]  ema=70.777598  pos=0  realized=0 fees=0 net=0 unrealized=0
2026-04-29T12:29:50.671299679 SPREAD CORZ NASDAQ  [0]  19.55x1700 | 19.56x1300  [19.59]  ema=19.56156  pos=0  realized=17.6 fees=0.0406 net=17.5594 unrealized=0
2026-04-29T12:29:52.484062340 IREN replacing sell order: 42.65 -> 42.61 (pos=-651 spread=0.01 bid=42.56x300 ask=42.57x300)
2026-04-29T12:29:52.510408814 IREN order replaced: replaced sell 100 @ 42.65 pos=0 filled=0/100
2026-04-29T12:29:54.022620183 IREN order fill: filled buy 100 @ 42.55 pos=-551 filled=100/100
2026-04-29T12:29:54.022647632 IREN filled 100 @ 42.55 | pos=-551 | fill_pnl=6.1965 | fee=0.0203 | realized=-1.7441 | total_pnl=25.1074 | total_fees=1.732129 | fills=41 shares=2885 | greed=0/0
2026-04-29T12:29:54.035065060 IREN placed buy 100 @ 42.47 -> NASDAQ (pos=-551 spread=0.02 bid=42.55x400 ask=42.57x200)
2026-04-29T12:29:54.046428523 IREN order pending_new: pending_new buy 100 @ 42.47 pos=0 filled=0/100
2026-04-29T12:29:54.059358712 IREN order new: new buy 100 @ 42.47 pos=0 filled=0/100
2026-04-29T12:29:55.671989883 BALANCE long=$1214 (1) short=$25610 (3) expose=$-24396 | realize=25.1074 fee=1.732129 net=23.375271 unrealized=38.386112 equity=61.761383 liquidate=54.676383 | fills=41 pending=8 | ofails=0/40
2026-04-29T12:29:55.672065202 SPREAD KO NYSE  [78.94]  79.17x200 | 79.18x200  [0]  ema=79.175542  pos=0  realized=2.5 fees=0.445443 net=2.054557 unrealized=0
2026-04-29T12:29:55.672088847 SPREAD WBD NASDAQ  [0]  27.02x3600 | 27.03x7400  [27.07]  ema=27.031907  pos=0  realized=0 fees=0 net=0 unrealized=0
2026-04-29T12:29:55.672100167 SPREAD AAL NASDAQ  [11.26]  11.26x12100 | 11.27x7800  [11.29]  ema=11.268483  pos=-100  realized=1 fees=0.229772 net=0.770228 unrealized=2.5
2026-04-29T12:29:55.672111428 SPREAD MARA NASDAQ  [10.37]  10.38x4300 | 10.39x10800  [10.42]  ema=10.387129  pos=-100  realized=0 fees=0.061142 net=-0.061142 unrealized=-2.5
2026-04-29T12:29:55.672119091 SPREAD IREN NASDAQ  [42.47]  42.54x400 | 42.56x200  [42.61]  ema=42.555885  pos=-551  realized=-1.7441 fees=0.780394 net=-2.524494 unrealized=34.142612
2026-04-29T12:29:55.672130220 SPREAD VISN NASDAQ  [10.52]  10.55x900 | 10.56x600  [10.57]  ema=10.548543  pos=115  realized=5.7515 fees=0.174778 net=5.576722 unrealized=4.2435
2026-04-29T12:29:55.672139172 SPREAD BBIO NASDAQ  [70.68]  70.78x100 | 70.9x100  [0]  ema=70.794118  pos=0  realized=0 fees=0 net=0 unrealized=0
2026-04-29T12:29:55.672154506 SPREAD CORZ NASDAQ  [0]  19.54x700 | 19.55x1100  [19.59]  ema=19.550736  pos=0  realized=17.6 fees=0.0406 net=17.5594 unrealized=0
2026-04-29T12:29:59.171535147 synchronizing alpaca assets...
2026-04-29T12:29:59.813393229 VISN order fill: filled buy 100 @ 10.52 pos=215 filled=100/100
2026-04-29T12:29:59.813417595 VISN filled 100 @ 10.52 | pos=215 | fill_pnl=0 | fee=0.0203 | realized=5.7515 | total_pnl=25.1074 | total_fees=1.752429 | fills=42 shares=2985 | greed=0/0
2026-04-29T12:29:59.822090626 VISN replacing sell order: 10.57 -> 10.6 (pos=215 spread=0.01 bid=10.54x1100 ask=10.55x500)
2026-04-29T12:29:59.837759613 VISN placed buy 100 @ 10.46 -> NASDAQ (pos=215 spread=0.01 bid=10.54x1100 ask=10.55x500)
2026-04-29T12:29:59.849580836 VISN order pending_new: pending_new buy 100 @ 10.46 pos=0 filled=0/100
2026-04-29T12:29:59.849600465 VISN order replaced: replaced sell 100 @ 10.57 pos=0 filled=85/100
2026-04-29T12:29:59.861296526 VISN order new: new buy 100 @ 10.46 pos=0 filled=0/100
2026-04-29T12:30:00.552049306 VISN replacing buy order: 10.46 -> 10.44 (pos=215 spread=0.01 bid=10.51x400 ask=10.52x1400)
2026-04-29T12:30:00.559270374 VISN replacing sell order: 10.6 -> 10.58 (pos=215 spread=0.01 bid=10.51x400 ask=10.52x1400)
2026-04-29T12:30:00.576472908 VISN order replaced: replaced buy 100 @ 10.46 pos=0 filled=0/100
2026-04-29T12:30:00.576491650 VISN order replaced: replaced sell 100 @ 10.6 pos=0 filled=85/100
2026-04-29T12:30:01.671106991 BALANCE long=$2259 (1) short=$25598 (3) expose=$-23339 | realize=25.1074 fee=1.752429 net=23.354971 unrealized=43.156112 equity=66.511083 liquidate=58.926083 | fills=42 pending=8 | ofails=0/41
2026-04-29T12:30:01.671183419 SPREAD KO NYSE  [78.94]  79.17x900 | 79.18x200  [0]  ema=79.177672  pos=0  realized=2.5 fees=0.445443 net=2.054557 unrealized=0
2026-04-29T12:30:01.671194409 SPREAD WBD NASDAQ  [0]  27.02x3600 | 27.03x7500  [27.07]  ema=27.031649  pos=0  realized=0 fees=0 net=0 unrealized=0
2026-04-29T12:30:01.671204922 SPREAD AAL NASDAQ  [11.26]  11.26x9700 | 11.27x19900  [11.29]  ema=11.267667  pos=-100  realized=1 fees=0.229772 net=0.770228 unrealized=2.5
2026-04-29T12:30:01.671217138 SPREAD MARA NASDAQ  [10.37]  10.37x4100 | 10.38x10200  [10.42]  ema=10.380335  pos=-100  realized=0 fees=0.061142 net=-0.061142 unrealized=-1.5
2026-04-29T12:30:01.671224146 SPREAD IREN NASDAQ  [42.47]  42.52x200 | 42.54x200  [42.61]  ema=42.538328  pos=-551  realized=-1.7441 fees=0.780394 net=-2.524494 unrealized=45.162612
2026-04-29T12:30:01.671234757 SPREAD VISN NASDAQ  [10.44]  10.5x300 | 10.51x100  [10.58]  ema=10.518697  pos=215  realized=5.7515 fees=0.195078 net=5.556422 unrealized=-3.0065
2026-04-29T12:30:01.671244926 SPREAD BBIO NASDAQ  [70.68]  70.78x100 | 70.89x100  [0]  ema=70.79463  pos=0  realized=0 fees=0 net=0 unrealized=0
2026-04-29T12:30:01.671252072 SPREAD CORZ NASDAQ  [0]  19.53x100 | 19.54x1400  [19.59]  ema=19.542199  pos=0  realized=17.6 fees=0.0406 net=17.5594 unrealized=0
2026-04-29T12:30:01.908751319 MARA replacing sell order: 10.42 -> 10.4 (pos=-100 spread=0.01 bid=10.37x3100 ask=10.38x8100)
2026-04-29T12:30:01.911147894 VISN replacing sell order: 10.58 -> 10.56 (pos=215 spread=0.01 bid=10.49x400 ask=10.5x200)
2026-04-29T12:30:01.914232219 MARA replacing buy order: 10.37 -> 10.35 (pos=-100 spread=0.01 bid=10.37x3100 ask=10.38x8100)
2026-04-29T12:30:01.925091980 VISN replacing buy order: 10.44 -> 10.42 (pos=215 spread=0.01 bid=10.49x400 ask=10.5x200)
2026-04-29T12:30:01.937108201 MARA order replaced: replaced sell 100 @ 10.42 pos=0 filled=0/100
2026-04-29T12:30:01.937128244 MARA order replaced: replaced buy 100 @ 10.37 pos=0 filled=0/100
2026-04-29T12:30:01.937140652 VISN order replaced: replaced sell 100 @ 10.58 pos=0 filled=85/100
2026-04-29T12:30:01.948175925 VISN order replaced: replaced buy 100 @ 10.44 pos=0 filled=0/100
2026-04-29T12:30:03.161323075 IREN replacing buy order: 42.47 -> 42.43 (pos=-551 spread=0.02 bid=42.51x200 ask=42.53x300)
2026-04-29T12:30:03.187099024 IREN order replaced: replaced buy 100 @ 42.47 pos=0 filled=0/100
2026-04-29T12:30:03.400157881 CORZ replacing sell order: 19.59 -> 19.57 (pos=0 spread=0.01 bid=19.52x1000 ask=19.53x200)
2026-04-29T12:30:03.429265874 CORZ order replaced: replaced sell 100 @ 19.59 pos=0 filled=0/100
2026-04-29T12:30:06.419425482 IREN replacing buy order: 42.43 -> 42.48 (pos=-551 spread=0.02 bid=42.51x500 ask=42.53x200)
2026-04-29T12:30:06.444858377 IREN replacing sell order: 42.61 -> 42.55 (pos=-551 spread=0.02 bid=42.51x500 ask=42.53x200)
2026-04-29T12:30:06.457372986 IREN order replaced: replaced buy 100 @ 42.43 pos=0 filled=0/100
2026-04-29T12:30:06.464146176 VISN replacing buy order: 10.42 -> 10.48 (pos=215 spread=0.01 bid=10.49x200 ask=10.5x200)
2026-04-29T12:30:06.472169007 VISN replacing sell order: 10.56 -> 10.53 (pos=215 spread=0.01 bid=10.49x200 ask=10.5x200)
2026-04-29T12:30:06.477771363 IREN order replaced: replaced sell 100 @ 42.61 pos=0 filled=0/100
2026-04-29T12:30:06.488371788 VISN order replaced: replaced buy 100 @ 10.42 pos=0 filled=0/100
2026-04-29T12:30:06.488396105 VISN order replaced: replaced sell 100 @ 10.56 pos=0 filled=85/100
2026-04-29T12:30:06.672022950 BALANCE long=$2256 (1) short=$25604 (3) expose=$-23347 | realize=25.1074 fee=1.752429 net=23.354971 unrealized=35.496112 equity=58.851083 liquidate=51.266083 | fills=42 pending=8 | ofails=0/41
2026-04-29T12:30:06.672068951 SPREAD KO NYSE  [78.94]  79.19x200 | 79.2x1500  [0]  ema=79.18741  pos=0  realized=2.5 fees=0.445443 net=2.054557 unrealized=0
2026-04-29T12:30:06.672079963 SPREAD WBD NASDAQ  [0]  27.02x4000 | 27.03x7500  [27.07]  ema=27.031162  pos=0  realized=0 fees=0 net=0 unrealized=0
2026-04-29T12:30:06.672104148 SPREAD AAL NASDAQ  [11.26]  11.26x9500 | 11.27x20000  [11.29]  ema=11.26723  pos=-100  realized=1 fees=0.229772 net=0.770228 unrealized=2.5
2026-04-29T12:30:06.672115326 SPREAD MARA NASDAQ  [10.35]  10.37x4300 | 10.38x3200  [10.4]  ema=10.378528  pos=-100  realized=0 fees=0.061142 net=-0.061142 unrealized=-1.5
2026-04-29T12:30:06.672122705 SPREAD IREN NASDAQ  [42.48]  42.53x100 | 42.55x300  [42.55]  ema=42.519317  pos=-551  realized=-1.7441 fees=0.780394 net=-2.524494 unrealized=39.652612
2026-04-29T12:30:06.672133011 SPREAD VISN NASDAQ  [10.48]  10.49x300 | 10.5x300  [10.53]  ema=10.507927  pos=215  realized=5.7515 fees=0.195078 net=5.556422 unrealized=-5.1565
2026-04-29T12:30:06.672142173 SPREAD BBIO NASDAQ  [70.68]  70.78x300 | 70.9x100  [0]  ema=70.795696  pos=0  realized=0 fees=0 net=0 unrealized=0
2026-04-29T12:30:06.672148361 SPREAD CORZ NASDAQ  [0]  19.52x700 | 19.53x200  [19.57]  ema=19.525876  pos=0  realized=17.6 fees=0.0406 net=17.5594 unrealized=0
2026-04-29T12:30:07.978493280 BBIO replacing buy order: 70.68 -> 70.73 (pos=0 spread=0.09 bid=70.81x100 ask=70.9x100)
2026-04-29T12:30:08.003452776 BBIO order replaced: replaced buy 100 @ 70.68 pos=0 filled=0/100
2026-04-29T12:30:12.671911826 BALANCE long=$2256 (1) short=$25598 (3) expose=$-23342 | realize=25.1074 fee=1.752429 net=23.354971 unrealized=41.006112 equity=64.361083 liquidate=56.776083 | fills=42 pending=8 | ofails=0/41
2026-04-29T12:30:12.671975072 SPREAD KO NYSE  [78.94]  79.18x1000 | 79.2x1500  [0]  ema=79.188311  pos=0  realized=2.5 fees=0.445443 net=2.054557 unrealized=0
2026-04-29T12:30:12.671985216 SPREAD WBD NASDAQ  [0]  27.02x4000 | 27.03x7500  [27.07]  ema=27.031162  pos=0  realized=0 fees=0 net=0 unrealized=0
2026-04-29T12:30:12.671993499 SPREAD AAL NASDAQ  [11.26]  11.26x9000 | 11.27x25000  [11.29]  ema=11.267013  pos=-100  realized=1 fees=0.229772 net=0.770228 unrealized=2.5
2026-04-29T12:30:12.671999592 SPREAD MARA NASDAQ  [10.35]  10.37x6300 | 10.38x2800  [10.4]  ema=10.377343  pos=-100  realized=0 fees=0.061142 net=-0.061142 unrealized=-1.5
2026-04-29T12:30:12.672004900 SPREAD IREN NASDAQ  [42.48]  42.52x200 | 42.54x200  [42.55]  ema=42.523897  pos=-551  realized=-1.7441 fees=0.780394 net=-2.524494 unrealized=45.162612
2026-04-29T12:30:12.672013589 SPREAD VISN NASDAQ  [10.48]  10.49x400 | 10.5x300  [10.53]  ema=10.505983  pos=215  realized=5.7515 fees=0.195078 net=5.556422 unrealized=-5.1565
2026-04-29T12:30:12.672020714 SPREAD BBIO NASDAQ  [70.73]  70.81x100 | 70.9x100  [0]  ema=70.803315  pos=0  realized=0 fees=0 net=0 unrealized=0
2026-04-29T12:30:12.672025159 SPREAD CORZ NASDAQ  [0]  19.52x1100 | 19.53x700  [19.57]  ema=19.526345  pos=0  realized=17.6 fees=0.0406 net=17.5594 unrealized=0
2026-04-29T12:30:18.672008209 BALANCE long=$2256 (1) short=$25601 (3) expose=$-23344 | realize=25.1074 fee=1.752429 net=23.354971 unrealized=38.251112 equity=61.606083 liquidate=56.776083 | fills=42 pending=8 | ofails=0/41
2026-04-29T12:30:18.672086356 SPREAD KO NYSE  [78.94]  79.19x200 | 79.2x1300  [0]  ema=79.190736  pos=0  realized=2.5 fees=0.445443 net=2.054557 unrealized=0
2026-04-29T12:30:18.672114411 SPREAD WBD NASDAQ  [0]  27.02x2600 | 27.03x7500  [27.07]  ema=27.031084  pos=0  realized=0 fees=0 net=0 unrealized=0
2026-04-29T12:30:18.672123001 SPREAD AAL NASDAQ  [11.26]  11.26x9000 | 11.27x25000  [11.29]  ema=11.266596  pos=-100  realized=1 fees=0.229772 net=0.770228 unrealized=2.5
2026-04-29T12:30:18.672131344 SPREAD MARA NASDAQ  [10.35]  10.37x6200 | 10.38x4800  [10.4]  ema=10.37645  pos=-100  realized=0 fees=0.061142 net=-0.061142 unrealized=-1.5
2026-04-29T12:30:18.672139598 SPREAD IREN NASDAQ  [42.48]  42.53x300 | 42.54x100  [42.55]  ema=42.533959  pos=-551  realized=-1.7441 fees=0.780394 net=-2.524494 unrealized=42.407612
2026-04-29T12:30:18.672151251 SPREAD VISN NASDAQ  [10.48]  10.49x1100 | 10.5x300  [10.53]  ema=10.504101  pos=215  realized=5.7515 fees=0.195078 net=5.556422 unrealized=-5.1565
2026-04-29T12:30:18.672162094 SPREAD BBIO NASDAQ  [70.73]  70.81x100 | 70.9x100  [0]  ema=70.803962  pos=0  realized=0 fees=0 net=0 unrealized=0
2026-04-29T12:30:18.672181976 SPREAD CORZ NASDAQ  [0]  19.52x200 | 19.53x1400  [19.57]  ema=19.525673  pos=0  realized=17.6 fees=0.0406 net=17.5594 unrealized=0
2026-04-29T12:30:24.397359159 AAL order fill: filled buy 100 @ 11.26 pos=0 filled=100/100
2026-04-29T12:30:24.397386232 AAL filled 100 @ 11.26 | pos=0 | fill_pnl=3 | fee=0.0203 | realized=4 | total_pnl=28.1074 | total_fees=1.772729 | fills=43 shares=3085 | greed=0/0
2026-04-29T12:30:24.433052569 AAL replacing sell order: 11.29 -> 11.31 (pos=0 spread=0.01 bid=11.26x9000 ask=11.27x25000)
2026-04-29T12:30:24.461206747 AAL order replaced: replaced sell 100 @ 11.29 pos=0 filled=0/100
2026-04-29T12:30:24.671343969 BALANCE long=$2256 (1) short=$24474 (2) expose=$-22218 | realize=28.1074 fee=1.772729 net=26.334671 unrealized=35.751112 equity=62.085783 liquidate=57.755783 | fills=43 pending=8 | ofails=0/41
2026-04-29T12:30:24.671383896 SPREAD KO NYSE  [78.94]  79.18x200 | 79.19x800  [0]  ema=79.187966  pos=0  realized=2.5 fees=0.445443 net=2.054557 unrealized=0
2026-04-29T12:30:24.671397674 SPREAD WBD NASDAQ  [0]  27.02x4400 | 27.03x7400  [27.07]  ema=27.030709  pos=0  realized=0 fees=0 net=0 unrealized=0
2026-04-29T12:30:24.671413502 SPREAD AAL NASDAQ  [0]  11.25x46300 | 11.26x26800  [11.31]  ema=11.261097  pos=0  realized=4 fees=0.250072 net=3.749928 unrealized=0
2026-04-29T12:30:24.671424228 SPREAD MARA NASDAQ  [10.35]  10.37x4000 | 10.38x5200  [10.4]  ema=10.376222  pos=-100  realized=0 fees=0.061142 net=-0.061142 unrealized=-1.5
2026-04-29T12:30:24.671434777 SPREAD IREN NASDAQ  [42.48]  42.53x200 | 42.54x100  [42.55]  ema=42.534382  pos=-551  realized=-1.7441 fees=0.780394 net=-2.524494 unrealized=42.407612
2026-04-29T12:30:24.671442856 SPREAD VISN NASDAQ  [10.48]  10.49x700 | 10.5x700  [10.53]  ema=10.503338  pos=215  realized=5.7515 fees=0.195078 net=5.556422 unrealized=-5.1565
2026-04-29T12:30:24.671449445 SPREAD BBIO NASDAQ  [70.73]  70.81x100 | 70.95x100  [0]  ema=70.806655  pos=0  realized=0 fees=0 net=0 unrealized=0
2026-04-29T12:30:24.671457128 SPREAD CORZ NASDAQ  [0]  19.52x100 | 19.53x1600  [19.57]  ema=19.525408  pos=0  realized=17.6 fees=0.0406 net=17.5594 unrealized=0
2026-04-29T12:30:25.939569670 IREN order fill: filled sell 100 @ 42.55 pos=-651 filled=100/100
2026-04-29T12:30:25.939594144 IREN filled -100 @ 42.55 | pos=-651 | fill_pnl=0 | fee=0.127453 | realized=-1.7441 | total_pnl=28.1074 | total_fees=1.900182 | fills=44 shares=3185 | greed=0/0
2026-04-29T12:30:25.973876662 IREN placed sell 100 @ 42.63 -> NASDAQ (pos=-651 spread=0.01 bid=42.54x100 ask=42.55x300)
2026-04-29T12:30:25.985261680 IREN order pending_new: pending_new sell 100 @ 42.63 pos=0 filled=0/100
2026-04-29T12:30:25.999765422 IREN order new: new sell 100 @ 42.63 pos=0 filled=0/100
2026-04-29T12:30:30.671203015 BALANCE long=$2256 (1) short=$28744 (2) expose=$-26488 | realize=28.1074 fee=1.900182 net=26.207218 unrealized=20.976112 equity=47.18333 liquidate=39.09833 | fills=44 pending=8 | ofails=0/42
2026-04-29T12:30:30.671264442 SPREAD KO NYSE  [78.94]  79.18x200 | 79.19x1100  [0]  ema=79.187127  pos=0  realized=2.5 fees=0.445443 net=2.054557 unrealized=0
2026-04-29T12:30:30.671278947 SPREAD WBD NASDAQ  [0]  27.02x4300 | 27.03x7500  [27.07]  ema=27.030566  pos=0  realized=0 fees=0 net=0 unrealized=0
2026-04-29T12:30:30.671286229 SPREAD AAL NASDAQ  [0]  11.25x46100 | 11.26x22700  [11.31]  ema=11.25987  pos=0  realized=4 fees=0.250072 net=3.749928 unrealized=0
2026-04-29T12:30:30.671298676 SPREAD MARA NASDAQ  [10.35]  10.37x4300 | 10.38x5200  [10.4]  ema=10.376006  pos=-100  realized=0 fees=0.061142 net=-0.061142 unrealized=-1.5
2026-04-29T12:30:30.671306996 SPREAD IREN NASDAQ  [42.48]  42.55x200 | 42.57x200  [42.63]  ema=42.553443  pos=-651  realized=-1.7441 fees=0.907847 net=-2.651947 unrealized=27.632612
2026-04-29T12:30:30.671317546 SPREAD VISN NASDAQ  [10.48]  10.49x600 | 10.5x600  [10.53]  ema=10.502832  pos=215  realized=5.7515 fees=0.195078 net=5.556422 unrealized=-5.1565
2026-04-29T12:30:30.671326284 SPREAD BBIO NASDAQ  [70.73]  70.81x100 | 70.95x100  [0]  ema=70.806655  pos=0  realized=0 fees=0 net=0 unrealized=0
2026-04-29T12:30:30.671348961 SPREAD CORZ NASDAQ  [0]  19.52x400 | 19.53x1500  [19.57]  ema=19.525252  pos=0  realized=17.6 fees=0.0406 net=17.5594 unrealized=0
2026-04-29T12:30:35.671341526 BALANCE long=$2256 (1) short=$28752 (2) expose=$-26495 | realize=28.1074 fee=1.900182 net=26.207218 unrealized=13.466112 equity=39.67333 liquidate=31.58833 | fills=44 pending=8 | ofails=0/42
2026-04-29T12:30:35.671397258 SPREAD KO NYSE  [78.94]  79.18x300 | 79.19x300  [0]  ema=79.186427  pos=0  realized=2.5 fees=0.445443 net=2.054557 unrealized=0
2026-04-29T12:30:35.671413930 SPREAD WBD NASDAQ  [0]  27.02x4300 | 27.03x7500  [27.07]  ema=27.030566  pos=0  realized=0 fees=0 net=0 unrealized=0
2026-04-29T12:30:35.671422772 SPREAD AAL NASDAQ  [0]  11.25x46100 | 11.26x24900  [11.31]  ema=11.259633  pos=0  realized=4 fees=0.250072 net=3.749928 unrealized=0
2026-04-29T12:30:35.671433641 SPREAD MARA NASDAQ  [10.35]  10.38x4400 | 10.39x5800  [10.4]  ema=10.379183  pos=-100  realized=0 fees=0.061142 net=-0.061142 unrealized=-2.5
2026-04-29T12:30:35.671440797 SPREAD IREN NASDAQ  [42.48]  42.56x100 | 42.58x2500  [42.63]  ema=42.559035  pos=-651  realized=-1.7441 fees=0.907847 net=-2.651947 unrealized=21.122612
2026-04-29T12:30:35.671448446 SPREAD VISN NASDAQ  [10.48]  10.49x500 | 10.5x800  [10.53]  ema=10.502544  pos=215  realized=5.7515 fees=0.195078 net=5.556422 unrealized=-5.1565
2026-04-29T12:30:35.671458064 SPREAD BBIO NASDAQ  [70.73]  70.81x200 | 70.95x100  [0]  ema=70.807572  pos=0  realized=0 fees=0 net=0 unrealized=0
2026-04-29T12:30:35.671466170 SPREAD CORZ NASDAQ  [0]  19.52x600 | 19.53x100  [19.57]  ema=19.525102  pos=0  realized=17.6 fees=0.0406 net=17.5594 unrealized=0
2026-04-29T12:30:36.930660213 IREN replacing buy order: 42.48 -> 42.53 (pos=-651 spread=0.01 bid=42.56x100 ask=42.57x100)
2026-04-29T12:30:36.955551268 IREN order replaced: replaced buy 100 @ 42.48 pos=0 filled=0/100
2026-04-29T12:30:38.053413993 IREN replacing sell order: 42.63 -> 42.59 (pos=-651 spread=0.02 bid=42.54x500 ask=42.56x100)
2026-04-29T12:30:38.080691766 IREN order replaced: replaced sell 100 @ 42.63 pos=0 filled=0/100
2026-04-29T12:30:38.309095474 AAL replacing sell order: 11.31 -> 11.27 (pos=0 spread=0.01 bid=11.25x46100 ask=11.26x24800)
2026-04-29T12:30:38.335753374 AAL order replaced: replaced sell 100 @ 11.31 pos=0 filled=0/100
2026-04-29T12:30:40.671630624 BALANCE long=$2259 (1) short=$28739 (2) expose=$-26480 | realize=28.1074 fee=1.900182 net=26.207218 unrealized=28.636112 equity=54.84333 liquidate=46.75833 | fills=44 pending=8 | ofails=0/42
2026-04-29T12:30:40.671681753 SPREAD KO NYSE  [78.94]  79.18x300 | 79.19x700  [0]  ema=79.186018  pos=0  realized=2.5 fees=0.445443 net=2.054557 unrealized=0
2026-04-29T12:30:40.671698180 SPREAD WBD NASDAQ  [0]  27.02x5300 | 27.03x7500  [27.07]  ema=27.030496  pos=0  realized=0 fees=0 net=0 unrealized=0
2026-04-29T12:30:40.671709034 SPREAD AAL NASDAQ  [0]  11.25x46200 | 11.26x24700  [11.27]  ema=11.259353  pos=0  realized=4 fees=0.250072 net=3.749928 unrealized=0
2026-04-29T12:30:40.671719993 SPREAD MARA NASDAQ  [10.35]  10.38x2200 | 10.39x6000  [10.4]  ema=10.380353  pos=-100  realized=0 fees=0.061142 net=-0.061142 unrealized=-2.5
2026-04-29T12:30:40.671730948 SPREAD IREN NASDAQ  [42.53]  42.54x200 | 42.56x200  [42.59]  ema=42.556685  pos=-651  realized=-1.7441 fees=0.907847 net=-2.651947 unrealized=34.142612
2026-04-29T12:30:40.671738827 SPREAD VISN NASDAQ  [10.48]  10.5x100 | 10.51x600  [10.53]  ema=10.501857  pos=215  realized=5.7515 fees=0.195078 net=5.556422 unrealized=-3.0065
2026-04-29T12:30:40.671745428 SPREAD BBIO NASDAQ  [70.73]  70.81x200 | 70.94x100  [0]  ema=70.808415  pos=0  realized=0 fees=0 net=0 unrealized=0
2026-04-29T12:30:40.671755662 SPREAD CORZ NASDAQ  [0]  19.53x200 | 19.54x1300  [19.57]  ema=19.527892  pos=0  realized=17.6 fees=0.0406 net=17.5594 unrealized=0
2026-04-29T12:30:46.671192581 BALANCE long=$2259 (1) short=$28755 (2) expose=$-26496 | realize=28.1074 fee=1.900182 net=26.207218 unrealized=12.361112 equity=38.56833 liquidate=33.73833 | fills=44 pending=8 | ofails=0/42
2026-04-29T12:30:46.671287590 SPREAD KO NYSE  [78.94]  79.2x200 | 79.21x800  [0]  ema=79.192546  pos=0  realized=2.5 fees=0.445443 net=2.054557 unrealized=0
2026-04-29T12:30:46.671299987 SPREAD WBD NASDAQ  [0]  27.02x5600 | 27.03x5300  [27.07]  ema=27.030159  pos=0  realized=0 fees=0 net=0 unrealized=0
2026-04-29T12:30:46.671314364 SPREAD AAL NASDAQ  [0]  11.25x47400 | 11.26x21400  [11.27]  ema=11.258748  pos=0  realized=4 fees=0.250072 net=3.749928 unrealized=0
2026-04-29T12:30:46.671326168 SPREAD MARA NASDAQ  [10.35]  10.38x7900 | 10.39x4800  [10.4]  ema=10.38151  pos=-100  realized=0 fees=0.061142 net=-0.061142 unrealized=-2.5
2026-04-29T12:30:46.671332889 SPREAD IREN NASDAQ  [42.53]  42.57x100 | 42.58x1000  [42.59]  ema=42.566645  pos=-651  realized=-1.7441 fees=0.907847 net=-2.651947 unrealized=17.867612
2026-04-29T12:30:46.671340582 SPREAD VISN NASDAQ  [10.48]  10.5x700 | 10.51x400  [10.53]  ema=10.501755  pos=215  realized=5.7515 fees=0.195078 net=5.556422 unrealized=-3.0065
2026-04-29T12:30:46.671350919 SPREAD BBIO NASDAQ  [70.73]  70.81x200 | 70.94x100  [0]  ema=70.808415  pos=0  realized=0 fees=0 net=0 unrealized=0
2026-04-29T12:30:46.671358294 SPREAD CORZ NASDAQ  [0]  19.53x400 | 19.54x1300  [19.57]  ema=19.531369  pos=0  realized=17.6 fees=0.0406 net=17.5594 unrealized=0
2026-04-29T12:30:51.671337724 BALANCE long=$2259 (1) short=$28742 (2) expose=$-26483 | realize=28.1074 fee=1.900182 net=26.207218 unrealized=25.381112 equity=51.58833 liquidate=46.75833 | fills=44 pending=8 | ofails=0/42
2026-04-29T12:30:51.671414772 SPREAD KO NYSE  [78.94]  79.2x100 | 79.21x900  [0]  ema=79.193154  pos=0  realized=2.5 fees=0.445443 net=2.054557 unrealized=0
2026-04-29T12:30:51.671432150 SPREAD WBD NASDAQ  [0]  27.02x5100 | 27.03x5400  [27.07]  ema=27.03003  pos=0  realized=0 fees=0 net=0 unrealized=0
2026-04-29T12:30:51.671438908 SPREAD AAL NASDAQ  [0]  11.25x46900 | 11.26x22200  [11.27]  ema=11.258478  pos=0  realized=4 fees=0.250072 net=3.749928 unrealized=0
2026-04-29T12:30:51.671447598 SPREAD MARA NASDAQ  [10.35]  10.38x7000 | 10.39x3800  [10.4]  ema=10.382595  pos=-100  realized=0 fees=0.061142 net=-0.061142 unrealized=-2.5
2026-04-29T12:30:51.671453626 SPREAD IREN NASDAQ  [42.53]  42.55x100 | 42.56x200  [42.59]  ema=42.561266  pos=-651  realized=-1.7441 fees=0.907847 net=-2.651947 unrealized=30.887612
2026-04-29T12:30:51.671470386 SPREAD VISN NASDAQ  [10.48]  10.5x700 | 10.51x400  [10.53]  ema=10.501755  pos=215  realized=5.7515 fees=0.195078 net=5.556422 unrealized=-3.0065
2026-04-29T12:30:51.671480288 SPREAD BBIO NASDAQ  [70.73]  70.81x100 | 70.94x100  [0]  ema=70.809248  pos=0  realized=0 fees=0 net=0 unrealized=0
2026-04-29T12:30:51.671490394 SPREAD CORZ NASDAQ  [0]  19.53x600 | 19.54x1200  [19.57]  ema=19.536688  pos=0  realized=17.6 fees=0.0406 net=17.5594 unrealized=0
2026-04-29T12:30:52.075828836 WBD replacing sell order: 27.07 -> 27.05 (pos=0 spread=0.01 bid=27.02x5100 ask=27.03x5500)
2026-04-29T12:30:52.100834305 WBD order replaced: replaced sell 100 @ 27.07 pos=0 filled=0/100
2026-04-29T12:30:56.671712560 BALANCE long=$2259 (1) short=$28733 (2) expose=$-26474 | realize=28.1074 fee=1.900182 net=26.207218 unrealized=34.146112 equity=60.35333 liquidate=52.26833 | fills=44 pending=8 | ofails=0/42
2026-04-29T12:30:56.671767143 SPREAD KO NYSE  [78.94]  79.19x200 | 79.2x900  [0]  ema=79.197693  pos=0  realized=2.5 fees=0.445443 net=2.054557 unrealized=0
2026-04-29T12:30:56.672628389 SPREAD WBD NASDAQ  [0]  27.02x5100 | 27.03x5500  [27.05]  ema=27.029842  pos=0  realized=0 fees=0 net=0 unrealized=0
2026-04-29T12:30:56.672640402 SPREAD AAL NASDAQ  [0]  11.25x46900 | 11.26x22300  [11.27]  ema=11.257852  pos=0  realized=4 fees=0.250072 net=3.749928 unrealized=0
2026-04-29T12:30:56.672649256 SPREAD MARA NASDAQ  [10.35]  10.39x8700 | 10.4x6800  [10.4]  ema=10.386537  pos=-100  realized=0 fees=0.061142 net=-0.061142 unrealized=-3.5
2026-04-29T12:30:56.672663848 SPREAD IREN NASDAQ  [42.53]  42.53x200 | 42.55x100  [42.59]  ema=42.541773  pos=-651  realized=-1.7441 fees=0.907847 net=-2.651947 unrealized=40.652612
2026-04-29T12:30:56.672688886 SPREAD VISN NASDAQ  [10.48]  10.5x600 | 10.51x400  [10.53]  ema=10.501795  pos=215  realized=5.7515 fees=0.195078 net=5.556422 unrealized=-3.0065
2026-04-29T12:30:56.672698948 SPREAD BBIO NASDAQ  [70.73]  70.81x100 | 70.94x100  [0]  ema=70.809248  pos=0  realized=0 fees=0 net=0 unrealized=0
2026-04-29T12:30:56.672705806 SPREAD CORZ NASDAQ  [0]  19.53x600 | 19.54x800  [19.57]  ema=19.535887  pos=0  realized=17.6 fees=0.0406 net=17.5594 unrealized=0
2026-04-29T12:31:01.231955917 MARA replacing sell order: 10.4 -> 10.42 (pos=-100 spread=0.01 bid=10.39x2600 ask=10.4x6700)
2026-04-29T12:31:01.234184567 MARA replacing buy order: 10.35 -> 10.37 (pos=-100 spread=0.01 bid=10.39x2600 ask=10.4x6700)
2026-04-29T12:31:01.258601253 MARA order replaced: replaced sell 100 @ 10.4 pos=0 filled=0/100
2026-04-29T12:31:01.258623301 MARA order replaced: replaced buy 100 @ 10.35 pos=0 filled=0/100
2026-04-29T12:31:02.671575100 BALANCE long=$2259 (1) short=$28733 (2) expose=$-26474 | realize=28.1074 fee=1.900182 net=26.207218 unrealized=34.146112 equity=60.35333 liquidate=52.26833 | fills=44 pending=8 | ofails=0/42
2026-04-29T12:31:02.671628464 SPREAD KO NYSE  [78.94]  79.18x800 | 79.19x700  [0]  ema=79.191176  pos=0  realized=2.5 fees=0.445443 net=2.054557 unrealized=0
2026-04-29T12:31:02.671637635 SPREAD WBD NASDAQ  [0]  27.02x9300 | 27.03x2700  [27.05]  ema=27.028026  pos=0  realized=0 fees=0 net=0 unrealized=0
2026-04-29T12:31:02.671642684 SPREAD AAL NASDAQ  [0]  11.25x48200 | 11.26x22200  [11.27]  ema=11.257551  pos=0  realized=4 fees=0.250072 net=3.749928 unrealized=0
2026-04-29T12:31:02.671649021 SPREAD MARA NASDAQ  [10.37]  10.39x8000 | 10.4x4900  [10.42]  ema=10.39031  pos=-100  realized=0 fees=0.061142 net=-0.061142 unrealized=-3.5
2026-04-29T12:31:02.671661441 SPREAD IREN NASDAQ  [42.53]  42.53x200 | 42.55x300  [42.59]  ema=42.542499  pos=-651  realized=-1.7441 fees=0.907847 net=-2.651947 unrealized=40.652612
2026-04-29T12:31:02.671672068 SPREAD VISN NASDAQ  [10.48]  10.5x700 | 10.51x300  [10.53]  ema=10.502135  pos=215  realized=5.7515 fees=0.195078 net=5.556422 unrealized=-3.0065
2026-04-29T12:31:02.671678358 SPREAD BBIO NASDAQ  [70.73]  70.81x100 | 70.94x100  [0]  ema=70.809248  pos=0  realized=0 fees=0 net=0 unrealized=0
2026-04-29T12:31:02.671687401 SPREAD CORZ NASDAQ  [0]  19.53x300 | 19.54x1200  [19.57]  ema=19.53508  pos=0  realized=17.6 fees=0.0406 net=17.5594 unrealized=0
2026-04-29T12:31:07.672026465 BALANCE long=$2259 (1) short=$28746 (2) expose=$-26487 | realize=28.1074 fee=1.900182 net=26.207218 unrealized=21.126112 equity=47.33333 liquidate=39.24833 | fills=44 pending=8 | ofails=0/42
2026-04-29T12:31:07.673024383 SPREAD KO NYSE  [78.94]  79.18x400 | 79.19x400  [0]  ema=79.188624  pos=0  realized=2.5 fees=0.445443 net=2.054557 unrealized=0
2026-04-29T12:31:07.673039694 SPREAD WBD NASDAQ  [0]  27.03x10000 | 27.04x4500  [27.05]  ema=27.03012  pos=0  realized=0 fees=0 net=0 unrealized=0
2026-04-29T12:31:07.673045193 SPREAD AAL NASDAQ  [0]  11.25x48400 | 11.26x22200  [11.27]  ema=11.257489  pos=0  realized=4 fees=0.250072 net=3.749928 unrealized=0
2026-04-29T12:31:07.673058946 SPREAD MARA NASDAQ  [10.37]  10.39x9800 | 10.4x3800  [10.42]  ema=10.391756  pos=-100  realized=0 fees=0.061142 net=-0.061142 unrealized=-3.5
2026-04-29T12:31:07.673066513 SPREAD IREN NASDAQ  [42.53]  42.55x700 | 42.57x300  [42.59]  ema=42.558302  pos=-651  realized=-1.7441 fees=0.907847 net=-2.651947 unrealized=27.632612
2026-04-29T12:31:07.673077336 SPREAD VISN NASDAQ  [10.48]  10.5x800 | 10.51x400  [10.53]  ema=10.502469  pos=215  realized=5.7515 fees=0.195078 net=5.556422 unrealized=-3.0065
2026-04-29T12:31:07.673082041 SPREAD BBIO NASDAQ  [70.73]  70.81x200 | 70.94x100  [0]  ema=70.81007  pos=0  realized=0 fees=0 net=0 unrealized=0
2026-04-29T12:31:07.673090256 SPREAD CORZ NASDAQ  [0]  19.53x800 | 19.54x700  [19.57]  ema=19.53508  pos=0  realized=17.6 fees=0.0406 net=17.5594 unrealized=0
2026-04-29T12:31:09.424058574 IREN order fill: filled buy 100 @ 42.53 pos=-551 filled=100/100
2026-04-29T12:31:09.424110294 IREN filled 100 @ 42.53 | pos=-551 | fill_pnl=7.2446 | fee=0.0203 | realized=5.5005 | total_pnl=35.352 | total_fees=1.920482 | fills=45 shares=3285 | greed=0/0
2026-04-29T12:31:09.436590183 IREN placed buy 100 @ 42.46 -> NASDAQ (pos=-551 spread=0.01 bid=42.53x800 ask=42.54x100)
2026-04-29T12:31:09.448925498 IREN order pending_new: pending_new buy 100 @ 42.46 pos=0 filled=0/100
2026-04-29T12:31:09.460419162 IREN order new: new buy 100 @ 42.46 pos=0 filled=0/100
2026-04-29T12:31:13.671427111 BALANCE long=$2259 (1) short=$24476 (2) expose=$-22218 | realize=35.352 fee=1.920482 net=33.431518 unrealized=30.656512 equity=64.08803 liquidate=59.75803 | fills=45 pending=8 | ofails=0/43
2026-04-29T12:31:13.671477955 SPREAD KO NYSE  [78.94]  79.18x400 | 79.19x1100  [0]  ema=79.187261  pos=0  realized=2.5 fees=0.445443 net=2.054557 unrealized=0
2026-04-29T12:31:13.671486974 SPREAD WBD NASDAQ  [0]  27.03x7900 | 27.04x5100  [27.05]  ema=27.030756  pos=0  realized=0 fees=0 net=0 unrealized=0
2026-04-29T12:31:13.671497042 SPREAD AAL NASDAQ  [0]  11.24x11200 | 11.25x14700  [11.27]  ema=11.249967  pos=0  realized=4 fees=0.250072 net=3.749928 unrealized=0
2026-04-29T12:31:13.671505298 SPREAD MARA NASDAQ  [10.37]  10.39x3600 | 10.4x4200  [10.42]  ema=10.393516  pos=-100  realized=0 fees=0.061142 net=-0.061142 unrealized=-3.5
2026-04-29T12:31:13.671512914 SPREAD IREN NASDAQ  [42.46]  42.53x200 | 42.54x200  [42.59]  ema=42.537004  pos=-551  realized=5.5005 fees=0.928147 net=4.572353 unrealized=37.163012
2026-04-29T12:31:13.671523802 SPREAD VISN NASDAQ  [10.48]  10.5x400 | 10.51x800  [10.53]  ema=10.50265  pos=215  realized=5.7515 fees=0.195078 net=5.556422 unrealized=-3.0065
2026-04-29T12:31:13.671532574 SPREAD BBIO NASDAQ  [70.73]  70.81x200 | 70.94x100  [0]  ema=70.81007  pos=0  realized=0 fees=0 net=0 unrealized=0
2026-04-29T12:31:13.671538747 SPREAD CORZ NASDAQ  [0]  19.52x600 | 19.53x1300  [19.57]  ema=19.530404  pos=0  realized=17.6 fees=0.0406 net=17.5594 unrealized=0
2026-04-29T12:31:18.671766192 BALANCE long=$2259 (1) short=$24468 (2) expose=$-22209 | realize=35.352 fee=1.920482 net=33.431518 unrealized=38.921512 equity=72.35303 liquidate=65.26803 | fills=45 pending=8 | ofails=0/43
2026-04-29T12:31:18.671810048 SPREAD KO NYSE  [78.94]  79.17x1000 | 79.18x100  [0]  ema=79.173439  pos=0  realized=2.5 fees=0.445443 net=2.054557 unrealized=0
2026-04-29T12:31:18.671819627 SPREAD WBD NASDAQ  [0]  27.03x8000 | 27.04x4000  [27.05]  ema=27.030863  pos=0  realized=0 fees=0 net=0 unrealized=0
2026-04-29T12:31:18.671827794 SPREAD AAL NASDAQ  [0]  11.24x11700 | 11.25x14500  [11.27]  ema=11.249721  pos=0  realized=4 fees=0.250072 net=3.749928 unrealized=0
2026-04-29T12:31:18.671833554 SPREAD MARA NASDAQ  [10.37]  10.39x4100 | 10.4x4100  [10.42]  ema=10.39373  pos=-100  realized=0 fees=0.061142 net=-0.061142 unrealized=-3.5
2026-04-29T12:31:18.671841602 SPREAD IREN NASDAQ  [42.46]  42.51x300 | 42.53x200  [42.59]  ema=42.522219  pos=-551  realized=5.5005 fees=0.928147 net=4.572353 unrealized=45.428012
2026-04-29T12:31:18.671848065 SPREAD VISN NASDAQ  [10.48]  10.5x400 | 10.51x800  [10.53]  ema=10.502764  pos=215  realized=5.7515 fees=0.195078 net=5.556422 unrealized=-3.0065
2026-04-29T12:31:18.671862766 SPREAD BBIO NASDAQ  [70.73]  70.73x100 | 70.84x100  [0]  ema=70.812706  pos=0  realized=0 fees=0 net=0 unrealized=0
2026-04-29T12:31:18.671872732 SPREAD CORZ NASDAQ  [0]  19.52x500 | 19.53x1300  [19.57]  ema=19.5297  pos=0  realized=17.6 fees=0.0406 net=17.5594 unrealized=0
2026-04-29T12:31:21.468641274 IREN replacing buy order: 42.46 -> 42.42 (pos=-551 spread=0.01 bid=42.5x3400 ask=42.51x100)
2026-04-29T12:31:21.492979222 IREN order replaced: replaced buy 100 @ 42.46 pos=0 filled=0/100
2026-04-29T12:31:23.672037586 BALANCE long=$2256 (1) short=$24474 (2) expose=$-22217 | realize=35.352 fee=1.920482 net=33.431518 unrealized=31.261512 equity=64.69303 liquidate=57.60803 | fills=45 pending=8 | ofails=0/43
2026-04-29T12:31:23.672110871 SPREAD KO NYSE  [78.94]  79.18x600 | 79.19x1400  [0]  ema=79.178921  pos=0  realized=2.5 fees=0.445443 net=2.054557 unrealized=0
2026-04-29T12:31:23.672141759 SPREAD WBD NASDAQ  [0]  27.03x8100 | 27.04x4000  [27.05]  ema=27.031215  pos=0  realized=0 fees=0 net=0 unrealized=0
2026-04-29T12:31:23.672151337 SPREAD AAL NASDAQ  [0]  11.24x11800 | 11.25x21300  [11.27]  ema=11.248662  pos=0  realized=4 fees=0.250072 net=3.749928 unrealized=0
2026-04-29T12:31:23.672159311 SPREAD MARA NASDAQ  [10.37]  10.39x4000 | 10.4x3500  [10.42]  ema=10.394021  pos=-100  realized=0 fees=0.061142 net=-0.061142 unrealized=-3.5
2026-04-29T12:31:23.672169811 SPREAD IREN NASDAQ  [42.42]  42.52x100 | 42.54x400  [42.59]  ema=42.520597  pos=-551  realized=5.5005 fees=0.928147 net=4.572353 unrealized=39.918012
2026-04-29T12:31:23.672176979 SPREAD VISN NASDAQ  [10.48]  10.49x600 | 10.5x300  [10.53]  ema=10.502014  pos=215  realized=5.7515 fees=0.195078 net=5.556422 unrealized=-5.1565
2026-04-29T12:31:23.672188915 SPREAD BBIO NASDAQ  [70.73]  70.73x100 | 70.84x100  [0]  ema=70.810192  pos=0  realized=0 fees=0 net=0 unrealized=0
2026-04-29T12:31:23.672197825 SPREAD CORZ NASDAQ  [0]  19.52x600 | 19.53x1400  [19.57]  ema=19.528465  pos=0  realized=17.6 fees=0.0406 net=17.5594 unrealized=0
2026-04-29T12:31:23.965398775 IREN replacing buy order: 42.42 -> 42.49 (pos=-551 spread=0.02 bid=42.52x100 ask=42.54x400)
2026-04-29T12:31:23.992022629 IREN order replaced: replaced buy 100 @ 42.42 pos=0 filled=0/100
2026-04-29T12:31:28.122975446 VISN order partial_fill: partially_filled buy 100 @ 10.48 pos=239 filled=24/100
2026-04-29T12:31:28.122997645 VISN filled 24 @ 10.48 | pos=239 | fill_pnl=0 | fee=0.0051 | realized=5.7515 | total_pnl=35.352 | total_fees=1.925582 | fills=46 shares=3309 | greed=0/0
2026-04-29T12:31:28.191260579 VISN replacing sell order: 10.53 -> 10.56 (pos=239 spread=0.01 bid=10.49x800 ask=10.5x500)
2026-04-29T12:31:28.204140810 VISN replacing buy order: 10.48 -> 10.42 (pos=239 spread=0.01 bid=10.49x800 ask=10.5x500)
2026-04-29T12:31:28.216002038 VISN order replaced: replaced sell 100 @ 10.53 pos=0 filled=85/100
2026-04-29T12:31:28.229044951 VISN order replaced: replaced buy 100 @ 10.48 pos=0 filled=24/100
2026-04-29T12:31:29.671375713 BALANCE long=$2504 (1) short=$24471 (2) expose=$-21967 | realize=35.352 fee=1.925582 net=33.426418 unrealized=29.596512 equity=63.02293 liquidate=53.06293 | fills=46 pending=8 | ofails=0/43
2026-04-29T12:31:29.671434895 SPREAD KO NYSE  [78.94]  79.19x600 | 79.2x500  [0]  ema=79.186417  pos=0  realized=2.5 fees=0.445443 net=2.054557 unrealized=0
2026-04-29T12:31:29.671447219 SPREAD WBD NASDAQ  [0]  27.03x9900 | 27.04x4000  [27.05]  ema=27.03131  pos=0  realized=0 fees=0 net=0 unrealized=0
2026-04-29T12:31:29.671454480 SPREAD AAL NASDAQ  [0]  11.23x14600 | 11.24x22800  [11.27]  ema=11.240109  pos=0  realized=4 fees=0.250072 net=3.749928 unrealized=0
2026-04-29T12:31:29.671465534 SPREAD MARA NASDAQ  [10.37]  10.39x4300 | 10.4x3500  [10.42]  ema=10.394228  pos=-100  realized=0 fees=0.061142 net=-0.061142 unrealized=-3.5
2026-04-29T12:31:29.671473203 SPREAD IREN NASDAQ  [42.49]  42.51x200 | 42.54x400  [42.59]  ema=42.523522  pos=-551  realized=5.5005 fees=0.928147 net=4.572353 unrealized=42.673012
2026-04-29T12:31:29.671480609 SPREAD VISN NASDAQ  [10.42]  10.47x100 | 10.48x200  [10.56]  ema=10.49051  pos=239  realized=5.7515 fees=0.200178 net=5.551322 unrealized=-9.5765
2026-04-29T12:31:29.671490232 SPREAD BBIO NASDAQ  [70.73]  70.73x200 | 70.84x100  [0]  ema=70.805254  pos=0  realized=0 fees=0 net=0 unrealized=0
2026-04-29T12:31:29.671499934 SPREAD CORZ NASDAQ  [0]  19.52x600 | 19.53x1500  [19.57]  ema=19.527584  pos=0  realized=17.6 fees=0.0406 net=17.5594 unrealized=0
2026-04-29T12:31:30.170089696 VISN replacing buy order: 10.42 -> 10.4 (pos=239 spread=0.01 bid=10.47x400 ask=10.48x200)
2026-04-29T12:31:30.172090741 VISN replacing sell order: 10.56 -> 10.54 (pos=239 spread=0.01 bid=10.47x400 ask=10.48x200)
2026-04-29T12:31:30.194533937 VISN order replaced: replaced buy 100 @ 10.42 pos=0 filled=24/100
2026-04-29T12:31:30.194554527 VISN order replaced: replaced sell 100 @ 10.56 pos=0 filled=85/100
2026-04-29T12:31:35.671924417 BALANCE long=$2505 (1) short=$24475 (2) expose=$-21970 | realize=35.352 fee=1.925582 net=33.426418 unrealized=27.036512 equity=60.46293 liquidate=52.06293 | fills=46 pending=8 | ofails=0/43
2026-04-29T12:31:35.671973899 SPREAD KO NYSE  [78.94]  79.2x100 | 79.21x1100  [0]  ema=79.196505  pos=0  realized=2.5 fees=0.445443 net=2.054557 unrealized=0
2026-04-29T12:31:35.671982693 SPREAD WBD NASDAQ  [0]  27.03x8100 | 27.04x5200  [27.05]  ema=27.031537  pos=0  realized=0 fees=0 net=0 unrealized=0
2026-04-29T12:31:35.671991674 SPREAD AAL NASDAQ  [0]  11.23x18600 | 11.24x15100  [11.27]  ema=11.239523  pos=0  realized=4 fees=0.250072 net=3.749928 unrealized=0
2026-04-29T12:31:35.671997567 SPREAD MARA NASDAQ  [10.37]  10.4x3300 | 10.41x8500  [10.42]  ema=10.400822  pos=-100  realized=0 fees=0.061142 net=-0.061142 unrealized=-4.5
2026-04-29T12:31:35.672006867 SPREAD IREN NASDAQ  [42.49]  42.52x200 | 42.54x300  [42.59]  ema=42.539322  pos=-551  realized=5.5005 fees=0.928147 net=4.572353 unrealized=39.918012
2026-04-29T12:31:35.672017955 SPREAD VISN NASDAQ  [10.4]  10.47x800 | 10.49x600  [10.54]  ema=10.483865  pos=239  realized=5.7515 fees=0.200178 net=5.551322 unrealized=-8.3815
2026-04-29T12:31:35.672026399 SPREAD BBIO NASDAQ  [70.73]  70.73x200 | 70.79x100  [0]  ema=70.802677  pos=0  realized=0 fees=0 net=0 unrealized=0
2026-04-29T12:31:35.672033378 SPREAD CORZ NASDAQ  [0]  19.52x600 | 19.53x1400  [19.57]  ema=19.522654  pos=0  realized=17.6 fees=0.0406 net=17.5594 unrealized=0
2026-04-29T12:31:41.671796790 BALANCE long=$2505 (1) short=$24480 (2) expose=$-21975 | realize=35.352 fee=1.925582 net=33.426418 unrealized=21.526512 equity=54.95293 liquidate=46.55293 | fills=46 pending=8 | ofails=0/43
2026-04-29T12:31:41.671854254 SPREAD KO NYSE  [78.94]  79.2x900 | 79.21x200  [0]  ema=79.206233  pos=0  realized=2.5 fees=0.445443 net=2.054557 unrealized=0
2026-04-29T12:31:41.671866550 SPREAD WBD NASDAQ  [0]  27.03x8400 | 27.04x4000  [27.05]  ema=27.031913  pos=0  realized=0 fees=0 net=0 unrealized=0
2026-04-29T12:31:41.671873936 SPREAD AAL NASDAQ  [0]  11.24x14800 | 11.25x17300  [11.27]  ema=11.242894  pos=0  realized=4 fees=0.250072 net=3.749928 unrealized=0
2026-04-29T12:31:41.671885555 SPREAD MARA NASDAQ  [10.37]  10.4x3400 | 10.41x9500  [10.42]  ema=10.401576  pos=-100  realized=0 fees=0.061142 net=-0.061142 unrealized=-4.5
2026-04-29T12:31:41.671893496 SPREAD IREN NASDAQ  [42.49]  42.53x100 | 42.55x300  [42.59]  ema=42.541798  pos=-551  realized=5.5005 fees=0.928147 net=4.572353 unrealized=34.408012
2026-04-29T12:31:41.671900569 SPREAD VISN NASDAQ  [10.4]  10.47x800 | 10.49x500  [10.54]  ema=10.483817  pos=239  realized=5.7515 fees=0.200178 net=5.551322 unrealized=-8.3815
2026-04-29T12:31:41.671907356 SPREAD BBIO NASDAQ  [70.73]  70.73x200 | 70.79x100  [0]  ema=70.802677  pos=0  realized=0 fees=0 net=0 unrealized=0
2026-04-29T12:31:41.671918485 SPREAD CORZ NASDAQ  [0]  19.52x1000 | 19.53x1000  [19.57]  ema=19.523683  pos=0  realized=17.6 fees=0.0406 net=17.5594 unrealized=0
2026-04-29T12:31:41.771117144 VISN replacing buy order: 10.4 -> 10.46 (pos=239 spread=0.02 bid=10.47x800 ask=10.49x700)
2026-04-29T12:31:41.773145761 VISN replacing sell order: 10.54 -> 10.51 (pos=239 spread=0.02 bid=10.47x800 ask=10.49x700)
2026-04-29T12:31:41.796308839 VISN order replaced: replaced buy 100 @ 10.4 pos=0 filled=24/100
2026-04-29T12:31:41.796329243 VISN order replaced: replaced sell 100 @ 10.54 pos=0 filled=85/100
2026-04-29T12:31:45.297651609 BBIO order partial_fill: partially_filled buy 100 @ 70.73 pos=45 filled=45/100
2026-04-29T12:31:45.297673133 BBIO filled 45 @ 70.73 | pos=45 | fill_pnl=0 | fee=0.0093 | realized=0 | total_pnl=35.352 | total_fees=1.934882 | fills=47 shares=3354 | greed=0/0
2026-04-29T12:31:45.305615357 BBIO order partial_fill: partially_filled buy 100 @ 70.73 pos=77 filled=77/100
2026-04-29T12:31:45.305630511 BBIO filled 32 @ 70.73 | pos=77 | fill_pnl=0 | fee=0.0064 | realized=0 | total_pnl=35.352 | total_fees=1.941282 | fills=48 shares=3386 | greed=0.14/0.07
2026-04-29T12:31:45.305649563 BBIO order fill: filled buy 100 @ 70.73 pos=100 filled=100/100
2026-04-29T12:31:45.305661713 BBIO filled 23 @ 70.73 | pos=100 | fill_pnl=0 | fee=0.0046 | realized=0 | total_pnl=35.352 | total_fees=1.945882 | fills=49 shares=3409 | greed=0.28/0.07
2026-04-29T12:31:45.329748238 BBIO placed buy 100 @ 70.17 -> NASDAQ (pos=100 spread=0.06 bid=70.73x100 ask=70.79x100)
2026-04-29T12:31:45.332731685 BBIO placed sell 100 @ 70.95 -> NASDAQ (pos=100 spread=0.06 bid=70.73x100 ask=70.79x100)
2026-04-29T12:31:45.341369155 BBIO order pending_new: pending_new buy 100 @ 70.17 pos=0 filled=0/100
2026-04-29T12:31:45.341395785 BBIO order pending_new: pending_new sell 100 @ 70.95 pos=0 filled=0/100
2026-04-29T12:31:45.357491898 BBIO order new: new sell 100 @ 70.95 pos=0 filled=0/100
2026-04-29T12:31:45.357506682 BBIO order new: new buy 100 @ 70.17 pos=0 filled=0/100
2026-04-29T12:31:45.943633331 IREN replacing sell order: 42.59 -> 42.55 (pos=-551 spread=0.02 bid=42.49x200 ask=42.51x100)
2026-04-29T12:31:45.968438853 IREN order replaced: replaced sell 100 @ 42.59 pos=0 filled=0/100
2026-04-29T12:31:46.671824688 BALANCE long=$9572 (2) short=$24468 (2) expose=$-14896 | realize=35.352 fee=1.945882 net=33.406118 unrealized=27.546512 equity=60.95263 liquidate=48.55263 | fills=49 pending=8 | ofails=0/45
2026-04-29T12:31:46.671897402 SPREAD KO NYSE  [78.94]  79.21x900 | 79.22x500  [0]  ema=79.20787  pos=0  realized=2.5 fees=0.445443 net=2.054557 unrealized=0
2026-04-29T12:31:46.672605524 SPREAD WBD NASDAQ  [0]  27.03x3800 | 27.04x10000  [27.05]  ema=27.032842  pos=0  realized=0 fees=0 net=0 unrealized=0
2026-04-29T12:31:46.672617036 SPREAD AAL NASDAQ  [0]  11.24x6100 | 11.25x18400  [11.27]  ema=11.243313  pos=0  realized=4 fees=0.250072 net=3.749928 unrealized=0
2026-04-29T12:31:46.672627728 SPREAD MARA NASDAQ  [10.37]  10.39x5400 | 10.4x3300  [10.42]  ema=10.397851  pos=-100  realized=0 fees=0.061142 net=-0.061142 unrealized=-3.5
2026-04-29T12:31:46.672637803 SPREAD IREN NASDAQ  [42.49]  42.51x300 | 42.53x400  [42.55]  ema=42.517771  pos=-551  realized=5.5005 fees=0.928147 net=4.572353 unrealized=45.428012
2026-04-29T12:31:46.672647634 SPREAD VISN NASDAQ  [10.46]  10.47x900 | 10.49x700  [10.51]  ema=10.483365  pos=239  realized=5.7515 fees=0.200178 net=5.551322 unrealized=-8.3815
2026-04-29T12:31:46.672657300 SPREAD BBIO NASDAQ  [70.17]  70.63x200 | 70.71x100  [70.95]  ema=70.779685  pos=100  realized=0 fees=0.0203 net=-0.0203 unrealized=-6
2026-04-29T12:31:46.672666602 SPREAD CORZ NASDAQ  [0]  19.52x200 | 19.53x1500  [19.57]  ema=19.520623  pos=0  realized=17.6 fees=0.0406 net=17.5594 unrealized=0
2026-04-29T12:31:52.671721587 BALANCE long=$9572 (2) short=$24468 (2) expose=$-14896 | realize=35.352 fee=1.945882 net=33.406118 unrealized=27.546512 equity=60.95263 liquidate=48.55263 | fills=49 pending=8 | ofails=0/45
2026-04-29T12:31:52.671787172 SPREAD KO NYSE  [78.94]  79.2x100 | 79.21x900  [0]  ema=79.205307  pos=0  realized=2.5 fees=0.445443 net=2.054557 unrealized=0
2026-04-29T12:31:52.671799866 SPREAD WBD NASDAQ  [0]  27.02x3800 | 27.03x5100  [27.05]  ema=27.029496  pos=0  realized=0 fees=0 net=0 unrealized=0
2026-04-29T12:31:52.671806964 SPREAD AAL NASDAQ  [0]  11.24x9100 | 11.25x14500  [11.27]  ema=11.243471  pos=0  realized=4 fees=0.250072 net=3.749928 unrealized=0
2026-04-29T12:31:52.671818455 SPREAD MARA NASDAQ  [10.37]  10.39x6000 | 10.4x2900  [10.42]  ema=10.395992  pos=-100  realized=0 fees=0.061142 net=-0.061142 unrealized=-3.5
2026-04-29T12:31:52.671829180 SPREAD IREN NASDAQ  [42.49]  42.51x300 | 42.53x300  [42.55]  ema=42.520316  pos=-551  realized=5.5005 fees=0.928147 net=4.572353 unrealized=45.428012
2026-04-29T12:31:52.671836058 SPREAD VISN NASDAQ  [10.46]  10.47x1000 | 10.49x700  [10.51]  ema=10.48324  pos=239  realized=5.7515 fees=0.200178 net=5.551322 unrealized=-8.3815
2026-04-29T12:31:52.671848792 SPREAD BBIO NASDAQ  [70.17]  70.63x200 | 70.71x100  [70.95]  ema=70.779685  pos=100  realized=0 fees=0.0203 net=-0.0203 unrealized=-6
2026-04-29T12:31:52.671864234 SPREAD CORZ NASDAQ  [0]  19.52x200 | 19.53x1500  [19.57]  ema=19.521672  pos=0  realized=17.6 fees=0.0406 net=17.5594 unrealized=0
2026-04-29T12:31:58.671221991 BALANCE long=$9572 (2) short=$24465 (2) expose=$-14894 | realize=35.352 fee=1.945882 net=33.406118 unrealized=30.301512 equity=63.70763 liquidate=54.06263 | fills=49 pending=8 | ofails=0/45
2026-04-29T12:31:58.671283818 SPREAD KO NYSE  [78.94]  79.22x400 | 79.23x500  [0]  ema=79.22126  pos=0  realized=2.5 fees=0.445443 net=2.054557 unrealized=0
2026-04-29T12:31:58.671295878 SPREAD WBD NASDAQ  [0]  27.02x3800 | 27.03x3900  [27.05]  ema=27.029383  pos=0  realized=0 fees=0 net=0 unrealized=0
2026-04-29T12:31:58.671302444 SPREAD AAL NASDAQ  [0]  11.24x8800 | 11.25x14500  [11.27]  ema=11.243596  pos=0  realized=4 fees=0.250072 net=3.749928 unrealized=0
2026-04-29T12:31:58.671312804 SPREAD MARA NASDAQ  [10.37]  10.39x5400 | 10.4x3900  [10.42]  ema=10.395686  pos=-100  realized=0 fees=0.061142 net=-0.061142 unrealized=-3.5
2026-04-29T12:31:58.671323384 SPREAD IREN NASDAQ  [42.49]  42.51x100 | 42.52x200  [42.55]  ema=42.511442  pos=-551  realized=5.5005 fees=0.928147 net=4.572353 unrealized=48.183012
2026-04-29T12:31:58.671333632 SPREAD VISN NASDAQ  [10.46]  10.47x1100 | 10.49x700  [10.51]  ema=10.48312  pos=239  realized=5.7515 fees=0.200178 net=5.551322 unrealized=-8.3815
2026-04-29T12:31:58.671343842 SPREAD BBIO NASDAQ  [70.17]  70.63x200 | 70.71x100  [70.95]  ema=70.779685  pos=100  realized=0 fees=0.0203 net=-0.0203 unrealized=-6
2026-04-29T12:31:58.671350571 SPREAD CORZ NASDAQ  [0]  19.51x1200 | 19.52x1000  [19.57]  ema=19.518956  pos=0  realized=17.6 fees=0.0406 net=17.5594 unrealized=0
2026-04-29T12:32:02.667245248 BBIO replacing buy order: 70.17 -> 70.42 (pos=100 spread=0.08 bid=70.63x300 ask=70.71x100)
2026-04-29T12:32:02.693997897 BBIO order replaced: replaced buy 100 @ 70.17 pos=0 filled=0/100
2026-04-29T12:32:03.943176976 IREN order partial_fill: partially_filled buy 100 @ 42.49 pos=-481 filled=70/100
2026-04-29T12:32:03.943200778 IREN filled 70 @ 42.49 | pos=-481 | fill_pnl=7.87122 | fee=0.0143 | realized=13.37172 | total_pnl=43.22322 | total_fees=1.960182 | fills=50 shares=3479 | greed=0/0
2026-04-29T12:32:04.005250959 IREN replacing buy order: 42.49 -> 42.42 (pos=-481 spread=0.02 bid=42.51x100 ask=42.53x300)
2026-04-29T12:32:04.030187883 IREN order replaced: replaced buy 100 @ 42.49 pos=0 filled=70/100
2026-04-29T12:32:04.671940506 BALANCE long=$9571 (2) short=$21477 (2) expose=$-11906 | realize=43.22322 fee=1.960182 net=41.263038 unrealized=35.705292 equity=76.96833 liquidate=65.76833 | fills=50 pending=8 | ofails=0/45
2026-04-29T12:32:04.671986324 SPREAD KO NYSE  [78.94]  79.23x800 | 79.24x100  [0]  ema=79.233478  pos=0  realized=2.5 fees=0.445443 net=2.054557 unrealized=0
2026-04-29T12:32:04.671997246 SPREAD WBD NASDAQ  [0]  27.02x4800 | 27.03x3500  [27.05]  ema=27.029113  pos=0  realized=0 fees=0 net=0 unrealized=0
2026-04-29T12:32:04.672008891 SPREAD AAL NASDAQ  [0]  11.24x11900 | 11.25x14400  [11.27]  ema=11.243951  pos=0  realized=4 fees=0.250072 net=3.749928 unrealized=0
2026-04-29T12:32:04.672021352 SPREAD MARA NASDAQ  [10.37]  10.39x5000 | 10.4x4300  [10.42]  ema=10.395446  pos=-100  realized=0 fees=0.061142 net=-0.061142 unrealized=-3.5
2026-04-29T12:32:04.672032171 SPREAD IREN NASDAQ  [42.42]  42.48x600 | 42.5x300  [42.55]  ema=42.503664  pos=-481  realized=13.37172 fees=0.942447 net=12.429273 unrealized=54.086792
2026-04-29T12:32:04.672040834 SPREAD VISN NASDAQ  [10.46]  10.47x900 | 10.49x700  [10.51]  ema=10.481845  pos=239  realized=5.7515 fees=0.200178 net=5.551322 unrealized=-8.3815
2026-04-29T12:32:04.672046957 SPREAD BBIO NASDAQ  [70.42]  70.63x200 | 70.7x200  [70.95]  ema=70.772813  pos=100  realized=0 fees=0.0203 net=-0.0203 unrealized=-6.5
2026-04-29T12:32:04.672052062 SPREAD CORZ NASDAQ  [0]  19.5x1100 | 19.51x1100  [19.57]  ema=19.514033  pos=0  realized=17.6 fees=0.0406 net=17.5594 unrealized=0
2026-04-29T12:32:10.419644836 IREN replacing sell order: 42.55 -> 42.51 (pos=-481 spread=0.01 bid=42.43x100 ask=42.44x100)
2026-04-29T12:32:10.434295296 IREN replacing buy order: 42.42 -> 42.38 (pos=-481 spread=0.02 bid=42.45x3000 ask=42.47x500)
2026-04-29T12:32:10.444971631 IREN order replaced: replaced sell 100 @ 42.55 pos=0 filled=0/100
2026-04-29T12:32:10.445001737 IREN order replaced: replaced buy 100 @ 42.42 pos=0 filled=70/100
2026-04-29T12:32:10.671062443 BALANCE long=$9569 (2) short=$21456 (2) expose=$-11887 | realize=43.22322 fee=1.960182 net=41.263038 unrealized=54.850292 equity=96.11333 liquidate=89.81833 | fills=50 pending=8 | ofails=0/45
2026-04-29T12:32:10.671132036 SPREAD KO NYSE  [78.94]  79.24x200 | 79.25x800  [0]  ema=79.238075  pos=0  realized=2.5 fees=0.445443 net=2.054557 unrealized=0
2026-04-29T12:32:10.671146889 SPREAD WBD NASDAQ  [0]  27.02x5200 | 27.03x3300  [27.05]  ema=27.027471  pos=0  realized=0 fees=0 net=0 unrealized=0
2026-04-29T12:32:10.671158536 SPREAD AAL NASDAQ  [0]  11.24x8300 | 11.25x15100  [11.27]  ema=11.244175  pos=0  realized=4 fees=0.250072 net=3.749928 unrealized=0
2026-04-29T12:32:10.671170639 SPREAD MARA NASDAQ  [10.37]  10.39x2800 | 10.4x6400  [10.42]  ema=10.395216  pos=-100  realized=0 fees=0.061142 net=-0.061142 unrealized=-3.5
2026-04-29T12:32:10.671182298 SPREAD IREN NASDAQ  [42.38]  42.44x100 | 42.45x200  [42.51]  ema=42.447947  pos=-481  realized=13.37172 fees=0.942447 net=12.429273 unrealized=75.731792
2026-04-29T12:32:10.671193411 SPREAD VISN NASDAQ  [10.46]  10.47x1300 | 10.49x1000  [10.51]  ema=10.481547  pos=239  realized=5.7515 fees=0.200178 net=5.551322 unrealized=-8.3815
2026-04-29T12:32:10.671200123 SPREAD BBIO NASDAQ  [70.42]  70.63x200 | 70.65x200  [70.95]  ema=70.766901  pos=100  realized=0 fees=0.0203 net=-0.0203 unrealized=-9
2026-04-29T12:32:10.671207073 SPREAD CORZ NASDAQ  [0]  19.5x400 | 19.51x1400  [19.57]  ema=19.511927  pos=0  realized=17.6 fees=0.0406 net=17.5594 unrealized=0
2026-04-29T12:32:11.980277102 BBIO replacing buy order: 70.42 -> 70.55 (pos=100 spread=0.02 bid=70.63x200 ask=70.65x100)
2026-04-29T12:32:12.005199954 BBIO order replaced: replaced buy 100 @ 70.42 pos=0 filled=0/100
2026-04-29T12:32:12.481346040 IREN replacing buy order: 42.38 -> 42.42 (pos=-481 spread=0.03 bid=42.44x100 ask=42.47x400)
2026-04-29T12:32:12.508343010 IREN order replaced: replaced buy 100 @ 42.38 pos=0 filled=70/100
2026-04-29T12:32:15.671202420 BALANCE long=$9569 (2) short=$21470 (2) expose=$-11901 | realize=43.22322 fee=1.960182 net=41.263038 unrealized=40.420292 equity=81.68333 liquidate=70.57833 | fills=50 pending=8 | ofails=0/45
2026-04-29T12:32:15.671255395 SPREAD KO NYSE  [78.94]  79.24x200 | 79.25x800  [0]  ema=79.240848  pos=0  realized=2.5 fees=0.445443 net=2.054557 unrealized=0
2026-04-29T12:32:15.671267824 SPREAD WBD NASDAQ  [0]  27.02x5200 | 27.03x3300  [27.05]  ema=27.027409  pos=0  realized=0 fees=0 net=0 unrealized=0
2026-04-29T12:32:15.671275532 SPREAD AAL NASDAQ  [0]  11.24x11000 | 11.25x12600  [11.27]  ema=11.244286  pos=0  realized=4 fees=0.250072 net=3.749928 unrealized=0
2026-04-29T12:32:15.671286604 SPREAD MARA NASDAQ  [10.37]  10.39x2500 | 10.4x9500  [10.42]  ema=10.390345  pos=-100  realized=0 fees=0.061142 net=-0.061142 unrealized=-3.5
2026-04-29T12:32:15.671297575 SPREAD IREN NASDAQ  [42.42]  42.46x100 | 42.49x300  [42.51]  ema=42.46115  pos=-481  realized=13.37172 fees=0.942447 net=12.429273 unrealized=61.301792
2026-04-29T12:32:15.671308511 SPREAD VISN NASDAQ  [10.46]  10.47x1400 | 10.49x600  [10.51]  ema=10.481435  pos=239  realized=5.7515 fees=0.200178 net=5.551322 unrealized=-8.3815
2026-04-29T12:32:15.671315874 SPREAD BBIO NASDAQ  [70.55]  70.63x200 | 70.65x100  [70.95]  ema=70.762202  pos=100  realized=0 fees=0.0203 net=-0.0203 unrealized=-9
2026-04-29T12:32:15.671322822 SPREAD CORZ NASDAQ  [0]  19.51x1200 | 19.52x1000  [19.57]  ema=19.512504  pos=0  realized=17.6 fees=0.0406 net=17.5594 unrealized=0
2026-04-29T12:32:18.381295044 BBIO replacing sell order: 70.95 -> 70.9 (pos=100 spread=0.01 bid=70.63x100 ask=70.64x100)
2026-04-29T12:32:18.405117194 BBIO order replaced: replaced sell 100 @ 70.95 pos=0 filled=0/100
2026-04-29T12:32:20.671605158 BALANCE long=$9565 (2) short=$21453 (2) expose=$-11888 | realize=43.22322 fee=1.960182 net=41.263038 unrealized=53.255292 equity=94.51833 liquidate=82.81833 | fills=50 pending=8 | ofails=0/45
2026-04-29T12:32:20.671697146 SPREAD KO NYSE  [78.94]  79.24x200 | 79.25x600  [0]  ema=79.241157  pos=0  realized=2.5 fees=0.445443 net=2.054557 unrealized=0
2026-04-29T12:32:20.671708970 SPREAD WBD NASDAQ  [0]  27.02x5200 | 27.03x3300  [27.05]  ema=27.027231  pos=0  realized=0 fees=0 net=0 unrealized=0
2026-04-29T12:32:20.671716231 SPREAD AAL NASDAQ  [0]  11.24x10800 | 11.25x12500  [11.27]  ema=11.244318  pos=0  realized=4 fees=0.250072 net=3.749928 unrealized=0
2026-04-29T12:32:20.671724058 SPREAD MARA NASDAQ  [10.37]  10.39x1800 | 10.4x8200  [10.42]  ema=10.391389  pos=-100  realized=0 fees=0.061142 net=-0.061142 unrealized=-3.5
2026-04-29T12:32:20.671731123 SPREAD IREN NASDAQ  [42.42]  42.43x100 | 42.45x200  [42.51]  ema=42.45271  pos=-481  realized=13.37172 fees=0.942447 net=12.429273 unrealized=78.136792
2026-04-29T12:32:20.671744428 SPREAD VISN NASDAQ  [10.46]  10.47x1400 | 10.49x600  [10.51]  ema=10.481435  pos=239  realized=5.7515 fees=0.200178 net=5.551322 unrealized=-8.3815
2026-04-29T12:32:20.671754758 SPREAD BBIO NASDAQ  [70.55]  70.56x100 | 70.64x100  [70.9]  ema=70.746639  pos=100  realized=0 fees=0.0203 net=-0.0203 unrealized=-13
2026-04-29T12:32:20.671763913 SPREAD CORZ NASDAQ  [0]  19.51x300 | 19.52x1300  [19.57]  ema=19.513044  pos=0  realized=17.6 fees=0.0406 net=17.5594 unrealized=0
2026-04-29T12:32:25.671762935 BALANCE long=$9564 (2) short=$21465 (2) expose=$-11902 | realize=43.22322 fee=1.960182 net=41.263038 unrealized=40.035292 equity=81.29833 liquidate=68.38833 | fills=50 pending=8 | ofails=0/45
2026-04-29T12:32:25.671827474 SPREAD KO NYSE  [78.94]  79.25x500 | 79.26x300  [0]  ema=79.251974  pos=0  realized=2.5 fees=0.445443 net=2.054557 unrealized=0
2026-04-29T12:32:25.672638506 SPREAD WBD NASDAQ  [0]  27.02x5200 | 27.03x3300  [27.05]  ema=27.02712  pos=0  realized=0 fees=0 net=0 unrealized=0
2026-04-29T12:32:25.672651686 SPREAD AAL NASDAQ  [0]  11.24x16200 | 11.25x9500  [11.27]  ema=11.244491  pos=0  realized=4 fees=0.250072 net=3.749928 unrealized=0
2026-04-29T12:32:25.672660943 SPREAD MARA NASDAQ  [10.37]  10.39x2500 | 10.4x9300  [10.42]  ema=10.392236  pos=-100  realized=0 fees=0.061142 net=-0.061142 unrealized=-3.5
2026-04-29T12:32:25.672668018 SPREAD IREN NASDAQ  [42.42]  42.45x200 | 42.48x200  [42.51]  ema=42.460229  pos=-481  realized=13.37172 fees=0.942447 net=12.429273 unrealized=66.111792
2026-04-29T12:32:25.672675670 SPREAD VISN NASDAQ  [10.46]  10.47x900 | 10.48x100  [10.51]  ema=10.479821  pos=239  realized=5.7515 fees=0.200178 net=5.551322 unrealized=-9.5765
2026-04-29T12:32:25.672684677 SPREAD BBIO NASDAQ  [70.55]  70.56x200 | 70.64x100  [70.9]  ema=70.744806  pos=100  realized=0 fees=0.0203 net=-0.0203 unrealized=-13
2026-04-29T12:32:25.672689291 SPREAD CORZ NASDAQ  [0]  19.51x800 | 19.52x1000  [19.57]  ema=19.513564  pos=0  realized=17.6 fees=0.0406 net=17.5594 unrealized=0
2026-04-29T12:32:30.671887282 BALANCE long=$9563 (2) short=$21470 (2) expose=$-11907 | realize=43.22322 fee=1.960182 net=41.263038 unrealized=34.725292 equity=75.98833 liquidate=68.38833 | fills=50 pending=8 | ofails=0/45
2026-04-29T12:32:30.671940562 SPREAD KO NYSE  [78.94]  79.26x200 | 79.27x2200  [0]  ema=79.258912  pos=0  realized=2.5 fees=0.445443 net=2.054557 unrealized=0
2026-04-29T12:32:30.672804649 SPREAD WBD NASDAQ  [0]  27.02x5700 | 27.03x2900  [27.05]  ema=27.026726  pos=0  realized=0 fees=0 net=0 unrealized=0
2026-04-29T12:32:30.672822997 SPREAD AAL NASDAQ  [0]  11.24x10900 | 11.25x9500  [11.27]  ema=11.244673  pos=0  realized=4 fees=0.250072 net=3.749928 unrealized=0
2026-04-29T12:32:30.672831879 SPREAD MARA NASDAQ  [10.37]  10.39x5400 | 10.4x8700  [10.42]  ema=10.392804  pos=-100  realized=0 fees=0.061142 net=-0.061142 unrealized=-3.5
2026-04-29T12:32:30.672840082 SPREAD IREN NASDAQ  [42.42]  42.47x200 | 42.48x200  [42.51]  ema=42.469205  pos=-481  realized=13.37172 fees=0.942447 net=12.429273 unrealized=61.301792
2026-04-29T12:32:30.672848827 SPREAD VISN NASDAQ  [10.46]  10.47x800 | 10.48x700  [10.51]  ema=10.479151  pos=239  realized=5.7515 fees=0.200178 net=5.551322 unrealized=-9.5765
2026-04-29T12:32:30.672894195 SPREAD BBIO NASDAQ  [70.55]  70.56x200 | 70.63x100  [70.9]  ema=70.742934  pos=100  realized=0 fees=0.0203 net=-0.0203 unrealized=-13.5
2026-04-29T12:32:30.672904797 SPREAD CORZ NASDAQ  [0]  19.51x500 | 19.52x1200  [19.57]  ema=19.513906  pos=0  realized=17.6 fees=0.0406 net=17.5594 unrealized=0
2026-04-29T12:32:36.671582701 BALANCE long=$9563 (2) short=$21477 (2) expose=$-11914 | realize=43.22322 fee=1.960182 net=41.263038 unrealized=27.510292 equity=68.77333 liquidate=58.76833 | fills=50 pending=8 | ofails=0/45
2026-04-29T12:32:36.671648237 SPREAD KO NYSE  [78.94]  79.24x1100 | 79.25x900  [0]  ema=79.251276  pos=0  realized=2.5 fees=0.445443 net=2.054557 unrealized=0
2026-04-29T12:32:36.671659490 SPREAD WBD NASDAQ  [0]  27.02x5700 | 27.03x3000  [27.05]  ema=27.026026  pos=0  realized=0 fees=0 net=0 unrealized=0
2026-04-29T12:32:36.671669118 SPREAD AAL NASDAQ  [0]  11.24x15200 | 11.25x9600  [11.27]  ema=11.244714  pos=0  realized=4 fees=0.250072 net=3.749928 unrealized=0
2026-04-29T12:32:36.671681365 SPREAD MARA NASDAQ  [10.37]  10.39x5100 | 10.4x7900  [10.42]  ema=10.393468  pos=-100  realized=0 fees=0.061142 net=-0.061142 unrealized=-3.5
2026-04-29T12:32:36.671689001 SPREAD IREN NASDAQ  [42.42]  42.48x100 | 42.5x800  [42.51]  ema=42.478853  pos=-481  realized=13.37172 fees=0.942447 net=12.429273 unrealized=54.086792
2026-04-29T12:32:36.671700045 SPREAD VISN NASDAQ  [10.46]  10.47x800 | 10.48x600  [10.51]  ema=10.478853  pos=239  realized=5.7515 fees=0.200178 net=5.551322 unrealized=-9.5765
2026-04-29T12:32:36.671707365 SPREAD BBIO NASDAQ  [70.55]  70.56x200 | 70.63x100  [70.9]  ema=70.742934  pos=100  realized=0 fees=0.0203 net=-0.0203 unrealized=-13.5
2026-04-29T12:32:36.671716965 SPREAD CORZ NASDAQ  [0]  19.51x700 | 19.52x1000  [19.57]  ema=19.514135  pos=0  realized=17.6 fees=0.0406 net=17.5594 unrealized=0
2026-04-29T12:32:42.671457899 BALANCE long=$9563 (2) short=$21458 (2) expose=$-11895 | realize=43.22322 fee=1.960182 net=41.263038 unrealized=46.750292 equity=88.01333 liquidate=78.00833 | fills=50 pending=8 | ofails=0/45
2026-04-29T12:32:42.671507209 SPREAD KO NYSE  [78.94]  79.25x900 | 79.26x100  [0]  ema=79.253081  pos=0  realized=2.5 fees=0.445443 net=2.054557 unrealized=0
2026-04-29T12:32:42.671519625 SPREAD WBD NASDAQ  [0]  27.02x5200 | 27.03x3000  [27.05]  ema=27.025924  pos=0  realized=0 fees=0 net=0 unrealized=0
2026-04-29T12:32:42.671525485 SPREAD AAL NASDAQ  [0]  11.24x12300 | 11.25x9600  [11.27]  ema=11.244726  pos=0  realized=4 fees=0.250072 net=3.749928 unrealized=0
2026-04-29T12:32:42.671533657 SPREAD MARA NASDAQ  [10.37]  10.39x7100 | 10.4x8400  [10.42]  ema=10.394146  pos=-100  realized=0 fees=0.061142 net=-0.061142 unrealized=-3.5
2026-04-29T12:32:42.671544043 SPREAD IREN NASDAQ  [42.42]  42.44x300 | 42.46x200  [42.51]  ema=42.454049  pos=-481  realized=13.37172 fees=0.942447 net=12.429273 unrealized=73.326792
2026-04-29T12:32:42.671552182 SPREAD VISN NASDAQ  [10.46]  10.47x1000 | 10.48x500  [10.51]  ema=10.478532  pos=239  realized=5.7515 fees=0.200178 net=5.551322 unrealized=-9.5765
2026-04-29T12:32:42.671558893 SPREAD BBIO NASDAQ  [70.55]  70.56x200 | 70.63x100  [70.9]  ema=70.742934  pos=100  realized=0 fees=0.0203 net=-0.0203 unrealized=-13.5
2026-04-29T12:32:42.671566458 SPREAD CORZ NASDAQ  [0]  19.51x600 | 19.52x1400  [19.57]  ema=19.514463  pos=0  realized=17.6 fees=0.0406 net=17.5594 unrealized=0
2026-04-29T12:32:45.291315562 BBIO replacing sell order: 70.9 -> 70.82 (pos=100 spread=0.07 bid=70.56x200 ask=70.63x100)
2026-04-29T12:32:45.314953303 BBIO order replaced: replaced sell 100 @ 70.9 pos=0 filled=0/100
2026-04-29T12:32:47.671761188 BALANCE long=$9562 (2) short=$21448 (2) expose=$-11886 | realize=43.22322 fee=1.960182 net=41.263038 unrealized=55.370292 equity=96.63333 liquidate=87.62833 | fills=50 pending=8 | ofails=0/45
2026-04-29T12:32:47.671823290 SPREAD KO NYSE  [78.94]  79.25x800 | 79.26x400  [0]  ema=79.252553  pos=0  realized=2.5 fees=0.445443 net=2.054557 unrealized=0
2026-04-29T12:32:47.671857665 SPREAD WBD NASDAQ  [0]  27.02x7500 | 27.03x3000  [27.05]  ema=27.025739  pos=0  realized=0 fees=0 net=0 unrealized=0
2026-04-29T12:32:47.671869548 SPREAD AAL NASDAQ  [0]  11.24x12000 | 11.25x11600  [11.27]  ema=11.24475  pos=0  realized=4 fees=0.250072 net=3.749928 unrealized=0
2026-04-29T12:32:47.671878054 SPREAD MARA NASDAQ  [10.37]  10.39x7100 | 10.4x8400  [10.42]  ema=10.394168  pos=-100  realized=0 fees=0.061142 net=-0.061142 unrealized=-3.5
2026-04-29T12:32:47.671886210 SPREAD IREN NASDAQ  [42.42]  42.42x200 | 42.44x200  [42.51]  ema=42.444011  pos=-481  realized=13.37172 fees=0.942447 net=12.429273 unrealized=82.946792
2026-04-29T12:32:47.671897036 SPREAD VISN NASDAQ  [10.46]  10.47x1000 | 10.48x700  [10.51]  ema=10.478277  pos=239  realized=5.7515 fees=0.200178 net=5.551322 unrealized=-9.5765
2026-04-29T12:32:47.671904367 SPREAD BBIO NASDAQ  [70.55]  70.56x100 | 70.61x100  [70.82]  ema=70.733669  pos=100  realized=0 fees=0.0203 net=-0.0203 unrealized=-14.5
2026-04-29T12:32:47.671911528 SPREAD CORZ NASDAQ  [0]  19.51x600 | 19.52x1400  [19.57]  ema=19.514634  pos=0  realized=17.6 fees=0.0406 net=17.5594 unrealized=0
2026-04-29T12:32:51.414943116 BBIO replacing buy order: 70.55 -> 70.6 (pos=100 spread=0.01 bid=70.6x100 ask=70.61x100)
2026-04-29T12:32:51.444849029 BBIO order replaced: replaced buy 100 @ 70.55 pos=0 filled=0/100
2026-04-29T12:32:51.454266483 BBIO replacing sell order: 70.82 -> 70.77 (pos=100 spread=0.11 bid=70.55x200 ask=70.66x100)
2026-04-29T12:32:51.478406009 BBIO order replaced: replaced sell 100 @ 70.82 pos=0 filled=0/100
2026-04-29T12:32:53.671103194 BALANCE long=$9569 (2) short=$21456 (2) expose=$-11887 | realize=43.22322 fee=1.960182 net=41.263038 unrealized=55.045292 equity=96.30833 liquidate=84.39833 | fills=50 pending=8 | ofails=0/45
2026-04-29T12:32:53.671159112 SPREAD KO NYSE  [78.94]  79.25x900 | 79.26x500  [0]  ema=79.253312  pos=0  realized=2.5 fees=0.445443 net=2.054557 unrealized=0
2026-04-29T12:32:53.671171028 SPREAD WBD NASDAQ  [0]  27.03x7900 | 27.04x5800  [27.05]  ema=27.029633  pos=0  realized=0 fees=0 net=0 unrealized=0
2026-04-29T12:32:53.671178640 SPREAD AAL NASDAQ  [0]  11.24x12100 | 11.25x13900  [11.27]  ema=11.24479  pos=0  realized=4 fees=0.250072 net=3.749928 unrealized=0
2026-04-29T12:32:53.671190864 SPREAD MARA NASDAQ  [10.37]  10.39x7200 | 10.4x8100  [10.42]  ema=10.394544  pos=-100  realized=0 fees=0.061142 net=-0.061142 unrealized=-3.5
2026-04-29T12:32:53.671202327 SPREAD IREN NASDAQ  [42.42]  42.43x200 | 42.46x300  [42.51]  ema=42.447797  pos=-481  realized=13.37172 fees=0.942447 net=12.429273 unrealized=75.731792
2026-04-29T12:32:53.671213776 SPREAD VISN NASDAQ  [10.46]  10.48x900 | 10.49x200  [10.51]  ema=10.478845  pos=239  realized=5.7515 fees=0.200178 net=5.551322 unrealized=-7.1865
2026-04-29T12:32:53.671220732 SPREAD BBIO NASDAQ  [70.6]  70.6x100 | 70.66x100  [70.77]  ema=70.688558  pos=100  realized=0 fees=0.0203 net=-0.0203 unrealized=-10
2026-04-29T12:32:53.671227554 SPREAD CORZ NASDAQ  [0]  19.51x700 | 19.52x900  [19.57]  ema=19.51477  pos=0  realized=17.6 fees=0.0406 net=17.5594 unrealized=0
2026-04-29T12:32:58.671530779 BALANCE long=$9572 (2) short=$21453 (2) expose=$-11881 | realize=43.22322 fee=1.960182 net=41.263038 unrealized=60.950292 equity=102.21333 liquidate=89.20833 | fills=50 pending=8 | ofails=0/45
2026-04-29T12:32:58.671591202 SPREAD KO NYSE  [78.94]  79.27x300 | 79.28x600  [0]  ema=79.266967  pos=0  realized=2.5 fees=0.445443 net=2.054557 unrealized=0
2026-04-29T12:32:58.672407527 SPREAD WBD NASDAQ  [0]  27.03x8000 | 27.04x3800  [27.05]  ema=27.030212  pos=0  realized=0 fees=0 net=0 unrealized=0
2026-04-29T12:32:58.672416437 SPREAD AAL NASDAQ  [0]  11.24x11200 | 11.25x15500  [11.27]  ema=11.244818  pos=0  realized=4 fees=0.250072 net=3.749928 unrealized=0
2026-04-29T12:32:58.672428986 SPREAD MARA NASDAQ  [10.37]  10.39x7200 | 10.4x8000  [10.42]  ema=10.394619  pos=-100  realized=0 fees=0.061142 net=-0.061142 unrealized=-3.5
2026-04-29T12:32:58.672439810 SPREAD IREN NASDAQ  [42.42]  42.43x200 | 42.45x200  [42.51]  ema=42.442403  pos=-481  realized=13.37172 fees=0.942447 net=12.429273 unrealized=78.136792
2026-04-29T12:32:58.672464047 SPREAD VISN NASDAQ  [10.46]  10.48x900 | 10.49x300  [10.51]  ema=10.479071  pos=239  realized=5.7515 fees=0.200178 net=5.551322 unrealized=-7.1865
2026-04-29T12:32:58.672471727 SPREAD BBIO NASDAQ  [70.6]  70.6x100 | 70.73x100  [70.77]  ema=70.688263  pos=100  realized=0 fees=0.0203 net=-0.0203 unrealized=-6.5
2026-04-29T12:32:58.672478449 SPREAD CORZ NASDAQ  [0]  19.52x900 | 19.53x1100  [19.57]  ema=19.520145  pos=0  realized=17.6 fees=0.0406 net=17.5594 unrealized=0
2026-04-29T12:33:03.671783810 BALANCE long=$9572 (2) short=$21453 (2) expose=$-11881 | realize=43.22322 fee=1.960182 net=41.263038 unrealized=60.950292 equity=102.21333 liquidate=89.20833 | fills=50 pending=8 | ofails=0/45
2026-04-29T12:33:03.671845375 SPREAD KO NYSE  [78.94]  79.26x100 | 79.27x800  [0]  ema=79.268307  pos=0  realized=2.5 fees=0.445443 net=2.054557 unrealized=0
2026-04-29T12:33:03.672564909 SPREAD WBD NASDAQ  [0]  27.03x8000 | 27.04x3300  [27.05]  ema=27.030272  pos=0  realized=0 fees=0 net=0 unrealized=0
2026-04-29T12:33:03.672573511 SPREAD AAL NASDAQ  [0]  11.24x11200 | 11.25x15700  [11.27]  ema=11.244836  pos=0  realized=4 fees=0.250072 net=3.749928 unrealized=0
2026-04-29T12:33:03.672585336 SPREAD MARA NASDAQ  [10.37]  10.39x9200 | 10.4x6900  [10.42]  ema=10.394785  pos=-100  realized=0 fees=0.061142 net=-0.061142 unrealized=-3.5
2026-04-29T12:33:03.672595629 SPREAD IREN NASDAQ  [42.42]  42.43x300 | 42.45x200  [42.51]  ema=42.441229  pos=-481  realized=13.37172 fees=0.942447 net=12.429273 unrealized=78.136792
2026-04-29T12:33:03.672603706 SPREAD VISN NASDAQ  [10.46]  10.48x1000 | 10.49x300  [10.51]  ema=10.479145  pos=239  realized=5.7515 fees=0.200178 net=5.551322 unrealized=-7.1865
2026-04-29T12:33:03.672610144 SPREAD BBIO NASDAQ  [70.6]  70.6x100 | 70.73x100  [70.77]  ema=70.688263  pos=100  realized=0 fees=0.0203 net=-0.0203 unrealized=-6.5
2026-04-29T12:33:03.672615054 SPREAD CORZ NASDAQ  [0]  19.51x900 | 19.52x1000  [19.57]  ema=19.519078  pos=0  realized=17.6 fees=0.0406 net=17.5594 unrealized=0
2026-04-29T12:33:09.671372535 BALANCE long=$9572 (2) short=$21473 (2) expose=$-11901 | realize=43.22322 fee=1.960182 net=41.263038 unrealized=40.710292 equity=81.97333 liquidate=68.96833 | fills=50 pending=8 | ofails=0/45
2026-04-29T12:33:09.671426990 SPREAD KO NYSE  [78.94]  79.24x600 | 79.25x700  [0]  ema=79.249642  pos=0  realized=2.5 fees=0.445443 net=2.054557 unrealized=0
2026-04-29T12:33:09.671438377 SPREAD WBD NASDAQ  [0]  27.03x8000 | 27.04x3100  [27.05]  ema=27.030836  pos=0  realized=0 fees=0 net=0 unrealized=0
2026-04-29T12:33:09.671445516 SPREAD AAL NASDAQ  [0]  11.24x11200 | 11.25x15600  [11.27]  ema=11.244843  pos=0  realized=4 fees=0.250072 net=3.749928 unrealized=0
2026-04-29T12:33:09.671456179 SPREAD MARA NASDAQ  [10.37]  10.4x3500 | 10.41x8900  [10.42]  ema=10.397666  pos=-100  realized=0 fees=0.061142 net=-0.061142 unrealized=-4.5
2026-04-29T12:33:09.671472406 SPREAD IREN NASDAQ  [42.42]  42.47x100 | 42.49x200  [42.51]  ema=42.472315  pos=-481  realized=13.37172 fees=0.942447 net=12.429273 unrealized=58.896792
2026-04-29T12:33:09.671493321 SPREAD VISN NASDAQ  [10.46]  10.48x1000 | 10.49x400  [10.51]  ema=10.479768  pos=239  realized=5.7515 fees=0.200178 net=5.551322 unrealized=-7.1865
2026-04-29T12:33:09.671502311 SPREAD BBIO NASDAQ  [70.6]  70.6x100 | 70.73x100  [70.77]  ema=70.688263  pos=100  realized=0 fees=0.0203 net=-0.0203 unrealized=-6.5
2026-04-29T12:33:09.671511961 SPREAD CORZ NASDAQ  [0]  19.52x1300 | 19.53x800  [19.57]  ema=19.520398  pos=0  realized=17.6 fees=0.0406 net=17.5594 unrealized=0
2026-04-29T12:33:15.671468080 BALANCE long=$9575 (2) short=$21464 (2) expose=$-11889 | realize=43.22322 fee=1.960182 net=41.263038 unrealized=52.720292 equity=93.98333 liquidate=80.97833 | fills=50 pending=8 | ofails=0/45
2026-04-29T12:33:15.671519370 SPREAD KO NYSE  [78.94]  79.25x500 | 79.26x500  [0]  ema=79.250924  pos=0  realized=2.5 fees=0.445443 net=2.054557 unrealized=0
2026-04-29T12:33:15.671544849 SPREAD WBD NASDAQ  [0]  27.03x8000 | 27.04x3200  [27.05]  ema=27.030992  pos=0  realized=0 fees=0 net=0 unrealized=0
2026-04-29T12:33:15.671554411 SPREAD AAL NASDAQ  [0]  11.24x11500 | 11.25x15900  [11.27]  ema=11.244849  pos=0  realized=4 fees=0.250072 net=3.749928 unrealized=0
2026-04-29T12:33:15.671567429 SPREAD MARA NASDAQ  [10.37]  10.4x2900 | 10.41x8200  [10.42]  ema=10.399429  pos=-100  realized=0 fees=0.061142 net=-0.061142 unrealized=-4.5
2026-04-29T12:33:15.671581061 SPREAD IREN NASDAQ  [42.42]  42.45x100 | 42.47x200  [42.51]  ema=42.468332  pos=-481  realized=13.37172 fees=0.942447 net=12.429273 unrealized=68.516792
2026-04-29T12:33:15.671588825 SPREAD VISN NASDAQ  [10.46]  10.49x900 | 10.5x300  [10.51]  ema=10.483529  pos=239  realized=5.7515 fees=0.200178 net=5.551322 unrealized=-4.7965
2026-04-29T12:33:15.671597127 SPREAD BBIO NASDAQ  [70.6]  70.6x100 | 70.73x100  [70.77]  ema=70.688263  pos=100  realized=0 fees=0.0203 net=-0.0203 unrealized=-6.5
2026-04-29T12:33:15.671607239 SPREAD CORZ NASDAQ  [0]  19.52x200 | 19.53x1000  [19.57]  ema=19.522305  pos=0  realized=17.6 fees=0.0406 net=17.5594 unrealized=0
2026-04-29T12:33:20.671934739 BALANCE long=$9575 (2) short=$21478 (2) expose=$-11903 | realize=43.22322 fee=1.960182 net=41.263038 unrealized=38.290292 equity=79.55333 liquidate=66.54833 | fills=50 pending=8 | ofails=0/45
2026-04-29T12:33:20.671985049 SPREAD KO NYSE  [78.94]  79.24x1000 | 79.25x200  [0]  ema=79.251455  pos=0  realized=2.5 fees=0.445443 net=2.054557 unrealized=0
2026-04-29T12:33:20.672820267 SPREAD WBD NASDAQ  [0]  27.03x8000 | 27.04x3100  [27.05]  ema=27.031239  pos=0  realized=0 fees=0 net=0 unrealized=0
2026-04-29T12:33:20.672835515 SPREAD AAL NASDAQ  [0]  11.25x3600 | 11.26x29800  [11.27]  ema=11.251173  pos=0  realized=4 fees=0.250072 net=3.749928 unrealized=0
2026-04-29T12:33:20.672848829 SPREAD MARA NASDAQ  [10.37]  10.4x5500 | 10.41x8100  [10.42]  ema=10.401897  pos=-100  realized=0 fees=0.061142 net=-0.061142 unrealized=-4.5
2026-04-29T12:33:20.672856815 SPREAD IREN NASDAQ  [42.42]  42.48x100 | 42.5x300  [42.51]  ema=42.477896  pos=-481  realized=13.37172 fees=0.942447 net=12.429273 unrealized=54.086792
2026-04-29T12:33:20.672887403 SPREAD VISN NASDAQ  [10.46]  10.49x900 | 10.5x300  [10.51]  ema=10.483815  pos=239  realized=5.7515 fees=0.200178 net=5.551322 unrealized=-4.7965
2026-04-29T12:33:20.672897681 SPREAD BBIO NASDAQ  [70.6]  70.6x200 | 70.73x100  [70.77]  ema=70.6874  pos=100  realized=0 fees=0.0203 net=-0.0203 unrealized=-6.5
2026-04-29T12:33:20.672907812 SPREAD CORZ NASDAQ  [0]  19.52x800 | 19.53x700  [19.57]  ema=19.523526  pos=0  realized=17.6 fees=0.0406 net=17.5594 unrealized=0
2026-04-29T12:33:24.783416706 MARA replacing buy order: 10.37 -> 10.39 (pos=-100 spread=0.01 bid=10.41x200 ask=10.42x14900)
2026-04-29T12:33:24.805040210 MARA replacing sell order: 10.42 -> 10.44 (pos=-100 spread=0.01 bid=10.41x200 ask=10.42x14900)
2026-04-29T12:33:24.818018526 MARA order replaced: replaced buy 100 @ 10.37 pos=0 filled=0/100
2026-04-29T12:33:24.832506229 MARA order replaced: replaced sell 100 @ 10.42 pos=0 filled=0/100
2026-04-29T12:33:26.671233623 BALANCE long=$9575 (2) short=$21471 (2) expose=$-11896 | realize=43.22322 fee=1.960182 net=41.263038 unrealized=45.505292 equity=86.76833 liquidate=76.16833 | fills=50 pending=8 | ofails=0/45
2026-04-29T12:33:26.671286569 SPREAD KO NYSE  [78.94]  79.22x500 | 79.23x300  [0]  ema=79.227935  pos=0  realized=2.5 fees=0.445443 net=2.054557 unrealized=0
2026-04-29T12:33:26.671298653 SPREAD WBD NASDAQ  [0]  27.03x5800 | 27.04x3200  [27.05]  ema=27.031689  pos=0  realized=0 fees=0 net=0 unrealized=0
2026-04-29T12:33:26.671305620 SPREAD AAL NASDAQ  [0]  11.24x11600 | 11.25x13100  [11.27]  ema=11.248229  pos=0  realized=4 fees=0.250072 net=3.749928 unrealized=0
2026-04-29T12:33:26.671314407 SPREAD MARA NASDAQ  [10.39]  10.4x6500 | 10.41x8300  [10.44]  ema=10.407683  pos=-100  realized=0 fees=0.061142 net=-0.061142 unrealized=-4.5
2026-04-29T12:33:26.671325511 SPREAD IREN NASDAQ  [42.42]  42.47x200 | 42.48x200  [42.51]  ema=42.475586  pos=-481  realized=13.37172 fees=0.942447 net=12.429273 unrealized=61.301792
2026-04-29T12:33:26.671348177 SPREAD VISN NASDAQ  [10.46]  10.49x900 | 10.5x200  [10.51]  ema=10.485387  pos=239  realized=5.7515 fees=0.200178 net=5.551322 unrealized=-4.7965
2026-04-29T12:33:26.671355353 SPREAD BBIO NASDAQ  [70.6]  70.6x200 | 70.73x100  [70.77]  ema=70.68712  pos=100  realized=0 fees=0.0203 net=-0.0203 unrealized=-6.5
2026-04-29T12:33:26.671367853 SPREAD CORZ NASDAQ  [0]  19.52x700 | 19.53x800  [19.57]  ema=19.523951  pos=0  realized=17.6 fees=0.0406 net=17.5594 unrealized=0
2026-04-29T12:33:26.850504713 shutting down... canceling all orders
2026-04-29T12:33:26.859424631 flushing tape...
2026-04-29T12:33:27.101825612 tape: recorded 98246 messages to gs://dropbear-sip/2026-04-29T12:15:01.631963429.sip.zst
2026-04-29T12:33:27.101858830 === P&L SUMMARY ===
2026-04-29T12:33:27.101879836         KO: pos=0        equity=2.05       realized=2.50     unrealized=0.00     fees=0.45       bought=200      sold=200     
2026-04-29T12:33:27.101889599        AAL: pos=0        equity=3.75       realized=4.00     unrealized=0.00     fees=0.25       bought=300      sold=300     
2026-04-29T12:33:27.101899523       MARA: pos=-100     equity=-4.56      realized=0.00     unrealized=-4.50    fees=0.06       bought=0        sold=100     
2026-04-29T12:33:27.101908736       IREN: pos=-481     equity=73.73      realized=13.37    unrealized=61.30    fees=0.94       bought=870      sold=600     
2026-04-29T12:33:27.101915160       VISN: pos=239      equity=0.75       realized=5.75     unrealized=-4.80    fees=0.20       bought=424      sold=185     
2026-04-29T12:33:27.101921586       BBIO: pos=100      equity=-6.52      realized=0.00     unrealized=-6.50    fees=0.02       bought=100      sold=0       
2026-04-29T12:33:27.101930823       CORZ: pos=0        equity=17.56      realized=17.60    unrealized=0.00     fees=0.04       bought=200      sold=0       
2026-04-29T12:33:27.101939233   TOTAL equity: 86.76833  realized: 43.22322  unrealized: 45.505292  fees: 1.960182  net: 41.263038
2026-04-29T12:33:27.101947922   total fills: 50  symbols tracked: 8
