2026-04-28T15:41:38.865880774 prepare to make markets
2026-04-28T15:41:38.865979622   SOFI: target=400 qty=100 spread=0.02 drift=0.02 venue=NASDAQ
2026-04-28T15:41:38.865989329   HOOD: target=-300 qty=100 spread=0.02 drift=0.02 venue=NASDAQ
2026-04-28T15:41:38.865998302   XLE: target=300 qty=100 spread=0.02 drift=0.02 venue=ARCA
2026-04-28T15:41:38.866006364   FXI: target=-500 qty=100 spread=0.02 drift=0.02 venue=ARCA
2026-04-28T15:41:38.866014790   VZ: target=400 qty=100 spread=0.02 drift=0.02 venue=NYSE
2026-04-28T15:41:38.866021057   INTC: target=300 qty=100 spread=0.02 drift=0.02 venue=NASDAQ
2026-04-28T15:41:38.866029747   PYPL: target=200 qty=100 spread=0.02 drift=0.02 venue=NASDAQ
2026-04-28T15:41:38.866037960   CMCSA: target=300 qty=100 spread=0.02 drift=0.02 venue=NASDAQ
2026-04-28T15:41:38.866043367   DKNG: target=-400 qty=100 spread=0.02 drift=0.02 venue=NASDAQ
2026-04-28T15:41:38.866051462   RIVN: target=-500 qty=100 spread=0.02 drift=0.02 venue=NASDAQ
2026-04-28T15:41:38.866059808   AAL: target=-700 qty=100 spread=0.02 drift=0.02 venue=NASDAQ
2026-04-28T15:41:38.866068070   NKE: target=-400 qty=100 spread=0.02 drift=0.02 venue=NYSE
2026-04-28T15:41:38.866083302 canceling lingering orders...
2026-04-28T15:41:38.866118537 synchronizing alpaca assets...
2026-04-28T15:41:38.888408321 warning: error canceling orders: unexpected 207 response from /v2/orders
2026-04-28T15:41:38.888443091 loading positions...
2026-04-28T15:41:38.893666269 subscribing to order updates...
2026-04-28T15:41:38.909616698 subscribing to sip stock updates for 12 symbols...
2026-04-28T15:41:39.621942107 subscribing to boats stock updates for 12 symbols...
2026-04-28T15:41:40.531851014 BALANCE long=$0 (0) short=$0 (0) expose=$0 | realize=0 fee=0 net=0 unrealized=0 equity=0 liquidate=0 | fills=0 pending=1 | ofails=0/1
2026-04-28T15:41:40.531879476 SPREAD HOOD NASDAQ  [0]  82.27x400 | 82.28x7300  [82.3]  pos=0  realized=0 fees=0 net=0 unrealized=0
2026-04-28T15:41:40.549828245 HOOD placed sell 100 @ 82.3 -> NASDAQ (pos=0 spread=0.01 bid=82.27x400 ask=82.28x7300)
2026-04-28T15:41:40.554543770 SOFI placed buy 100 @ 18.54 -> NASDAQ (pos=0 spread=0.01 bid=18.56x6600 ask=18.57x7400)
2026-04-28T15:41:40.558395836 PYPL placed buy 100 @ 49.53 -> NASDAQ (pos=0 spread=0.01 bid=49.55x700 ask=49.56x1000)
2026-04-28T15:41:40.560530521 HOOD order pending_new: pending_new sell 100 @ 82.3 pos=0 filled=0/100
2026-04-28T15:41:40.560545566 SOFI order pending_new: pending_new buy 100 @ 18.54 pos=0 filled=0/100
2026-04-28T15:41:40.560555704 PYPL order pending_new: pending_new buy 100 @ 49.53 pos=0 filled=0/100
2026-04-28T15:41:40.562269497 INTC placed buy 100 @ 83.94 -> NASDAQ (pos=0 spread=0.01 bid=83.96x500 ask=83.97x100)
2026-04-28T15:41:40.568461995 AAL placed sell 100 @ 11.65 -> NASDAQ (pos=0 spread=0.01 bid=11.62x31200 ask=11.63x15500)
2026-04-28T15:41:40.574877991 FXI placed sell 100 @ 36.33 -> ARCA (pos=0 spread=0.01 bid=36.3x50900 ask=36.31x27200)
2026-04-28T15:41:40.576213905 INTC order pending_new: pending_new buy 100 @ 83.94 pos=0 filled=0/100
2026-04-28T15:41:40.576264812 HOOD order new: new sell 100 @ 82.3 pos=0 filled=0/100
2026-04-28T15:41:40.576277579 AAL order pending_new: pending_new sell 100 @ 11.65 pos=0 filled=0/100
2026-04-28T15:41:40.576306930 SOFI order new: new buy 100 @ 18.54 pos=0 filled=0/100
2026-04-28T15:41:40.576336822 PYPL order new: new buy 100 @ 49.53 pos=0 filled=0/100
2026-04-28T15:41:40.583170820 CMCSA placed buy 100 @ 27.58 -> NASDAQ (pos=0 spread=0.01 bid=27.6x2600 ask=27.61x2900)
2026-04-28T15:41:40.586019603 FXI order pending_new: pending_new sell 100 @ 36.33 pos=0 filled=0/100
2026-04-28T15:41:40.586033648 INTC order new: new buy 100 @ 83.94 pos=0 filled=0/100
2026-04-28T15:41:40.586083603 CMCSA order pending_new: pending_new buy 100 @ 27.58 pos=0 filled=0/100
2026-04-28T15:41:40.586093468 AAL order new: new sell 100 @ 11.65 pos=0 filled=0/100
2026-04-28T15:41:40.588906851 VZ placed buy 100 @ 47.04 -> NYSE (pos=0 spread=0.01 bid=47.06x3200 ask=47.07x1200)
2026-04-28T15:41:40.593917466 tape: recording to gs://dropbear-sip/2026-04-28T15:41:40.531844838.sip.zst
2026-04-28T15:41:40.595673078 XLE placed buy 100 @ 57.73 -> ARCA (pos=0 spread=0.01 bid=57.75x26400 ask=57.76x9700)
2026-04-28T15:41:40.603177006 VZ order pending_new: pending_new buy 100 @ 47.04 pos=0 filled=0/100
2026-04-28T15:41:40.603198211 FXI order new: new sell 100 @ 36.33 pos=0 filled=0/100
2026-04-28T15:41:40.603210051 XLE order pending_new: pending_new buy 100 @ 57.73 pos=0 filled=0/100
2026-04-28T15:41:40.603220871 CMCSA order new: new buy 100 @ 27.58 pos=0 filled=0/100
2026-04-28T15:41:40.608129821 RIVN placed sell 100 @ 16.14 -> NASDAQ (pos=0 spread=0.01 bid=16.11x2500 ask=16.12x3200)
2026-04-28T15:41:40.614561778 DKNG placed sell 100 @ 23.41 -> NASDAQ (pos=0 spread=0.01 bid=23.38x800 ask=23.39x400)
2026-04-28T15:41:40.619710672 RIVN order pending_new: pending_new sell 100 @ 16.14 pos=0 filled=0/100
2026-04-28T15:41:40.619727566 VZ order new: new buy 100 @ 47.04 pos=0 filled=0/100
2026-04-28T15:41:40.619775148 XLE order new: new buy 100 @ 57.73 pos=0 filled=0/100
2026-04-28T15:41:40.619782488 DKNG order pending_new: pending_new sell 100 @ 23.41 pos=0 filled=0/100
2026-04-28T15:41:40.632237089 RIVN order new: new sell 100 @ 16.14 pos=0 filled=0/100
2026-04-28T15:41:40.632255367 DKNG order new: new sell 100 @ 23.41 pos=0 filled=0/100
2026-04-28T15:41:40.640282901 NKE placed sell 100 @ 45.01 -> NYSE (pos=0 spread=0.01 bid=44.98x700 ask=44.99x2100)
2026-04-28T15:41:40.652163889 NKE order pending_new: pending_new sell 100 @ 45.01 pos=0 filled=0/100
2026-04-28T15:41:40.663441014 NKE order new: new sell 100 @ 45.01 pos=0 filled=0/100
2026-04-28T15:41:43.372467158 INTC order fill: filled buy 100 @ 83.94 pos=100 filled=100/100
2026-04-28T15:41:43.372495375 INTC filled 100 @ 83.94 | pos=100 | fill_pnl=0 | fee=-0.1772 | realized=0 | total_pnl=0 | total_fees=-0.1772 | fills=1 shares=100
2026-04-28T15:41:43.386065544 INTC placed sell 100 @ 83.98 -> NASDAQ (pos=100 spread=0.01 bid=83.95x1700 ask=83.96x200)
2026-04-28T15:41:43.393944366 INTC placed buy 100 @ 83.93 -> NASDAQ (pos=100 spread=0.01 bid=83.95x1700 ask=83.96x200)
2026-04-28T15:41:43.396417007 INTC order pending_new: pending_new sell 100 @ 83.98 pos=0 filled=0/100
2026-04-28T15:41:43.396429820 INTC order pending_new: pending_new buy 100 @ 83.93 pos=0 filled=0/100
2026-04-28T15:41:43.408271489 INTC order new: new sell 100 @ 83.98 pos=0 filled=0/100
2026-04-28T15:41:43.420053819 INTC order new: new buy 100 @ 83.93 pos=0 filled=0/100
2026-04-28T15:41:45.893795404 BALANCE long=$8396 (1) short=$0 (0) expose=$8396 | realize=0 fee=-0.1772 net=0.1772 unrealized=1.5 equity=1.6772 liquidate=1.1772 | fills=1 pending=12 | ofails=0/14
2026-04-28T15:41:45.893843754 SPREAD RIVN NASDAQ  [0]  16.11x2600 | 16.12x3100  [16.14]  pos=0  realized=0 fees=0 net=0 unrealized=0
2026-04-28T15:41:45.893853890 SPREAD AAL NASDAQ  [0]  11.62x31200 | 11.63x14000  [11.65]  pos=0  realized=0 fees=0 net=0 unrealized=0
2026-04-28T15:41:45.893858682 SPREAD NKE NYSE  [0]  44.98x500 | 44.99x2000  [45.01]  pos=0  realized=0 fees=0 net=0 unrealized=0
2026-04-28T15:41:45.893862862 SPREAD SOFI NASDAQ  [18.54]  18.56x6600 | 18.57x7200  [0]  pos=0  realized=0 fees=0 net=0 unrealized=0
2026-04-28T15:41:45.893867862 SPREAD HOOD NASDAQ  [0]  82.29x200 | 82.3x700  [82.3]  pos=0  realized=0 fees=0 net=0 unrealized=0
2026-04-28T15:41:45.893872085 SPREAD XLE ARCA  [57.73]  57.75x35600 | 57.76x7800  [0]  pos=0  realized=0 fees=0 net=0 unrealized=0
2026-04-28T15:41:45.893878997 SPREAD FXI ARCA  [0]  36.3x50900 | 36.31x23300  [36.33]  pos=0  realized=0 fees=0 net=0 unrealized=0
2026-04-28T15:41:45.893900474 SPREAD VZ NYSE  [47.04]  47.06x3200 | 47.07x1400  [0]  pos=0  realized=0 fees=0 net=0 unrealized=0
2026-04-28T15:41:45.893909230 SPREAD INTC NASDAQ  [83.93]  83.95x200 | 83.96x100  [83.98]  pos=100  realized=0 fees=-0.1772 net=0.1772 unrealized=1.5
2026-04-28T15:41:45.893914082 SPREAD PYPL NASDAQ  [49.53]  49.54x800 | 49.55x500  [0]  pos=0  realized=0 fees=0 net=0 unrealized=0
2026-04-28T15:41:45.893926585 SPREAD CMCSA NASDAQ  [27.58]  27.6x2600 | 27.61x3700  [0]  pos=0  realized=0 fees=0 net=0 unrealized=0
2026-04-28T15:41:45.893935401 SPREAD DKNG NASDAQ  [0]  23.38x1100 | 23.39x100  [23.41]  pos=0  realized=0 fees=0 net=0 unrealized=0
2026-04-28T15:41:46.522907293 HOOD order fill: filled sell 100 @ 82.3 pos=-100 filled=100/100
2026-04-28T15:41:46.522926513 HOOD filled -100 @ 82.3 | pos=-100 | fill_pnl=0 | fee=0.391838 | realized=0 | total_pnl=0 | total_fees=0.214638 | fills=2 shares=200
2026-04-28T15:41:46.526972157 failed to replace order: 42210000: order is not open
2026-04-28T15:41:46.540610685 HOOD placed sell 100 @ 82.33 -> NASDAQ (pos=-100 spread=0.01 bid=82.3x400 ask=82.31x300)
2026-04-28T15:41:46.543047957 HOOD placed buy 100 @ 82.28 -> NASDAQ (pos=-100 spread=0.01 bid=82.3x400 ask=82.31x300)
2026-04-28T15:41:46.552280339 HOOD order pending_new: pending_new sell 100 @ 82.33 pos=0 filled=0/100
2026-04-28T15:41:46.552296907 HOOD order pending_new: pending_new buy 100 @ 82.28 pos=0 filled=0/100
2026-04-28T15:41:46.566278785 HOOD order new: new sell 100 @ 82.33 pos=0 filled=0/100
2026-04-28T15:41:46.566295297 HOOD order new: new buy 100 @ 82.28 pos=0 filled=0/100
2026-04-28T15:41:50.894353882 BALANCE long=$8395 (1) short=$8232 (1) expose=$163 | realize=0 fee=0.214638 net=-0.214638 unrealized=-1.5 equity=-1.714638 liquidate=-3.214638 | fills=2 pending=12 | ofails=0/16
2026-04-28T15:41:50.894401037 SPREAD DKNG NASDAQ  [0]  23.38x1100 | 23.39x500  [23.41]  pos=0  realized=0 fees=0 net=0 unrealized=0
2026-04-28T15:41:50.895229328 SPREAD RIVN NASDAQ  [0]  16.11x2600 | 16.12x3200  [16.14]  pos=0  realized=0 fees=0 net=0 unrealized=0
2026-04-28T15:41:50.895238252 SPREAD AAL NASDAQ  [0]  11.62x31200 | 11.63x12500  [11.65]  pos=0  realized=0 fees=0 net=0 unrealized=0
2026-04-28T15:41:50.895247450 SPREAD NKE NYSE  [0]  44.97x1900 | 44.98x300  [45.01]  pos=0  realized=0 fees=0 net=0 unrealized=0
2026-04-28T15:41:50.895257814 SPREAD SOFI NASDAQ  [18.54]  18.56x6400 | 18.57x7700  [0]  pos=0  realized=0 fees=0 net=0 unrealized=0
2026-04-28T15:41:50.895267942 SPREAD HOOD NASDAQ  [82.28]  82.31x300 | 82.33x800  [82.33]  pos=-100  realized=0 fees=0.391838 net=-0.391838 unrealized=-2
2026-04-28T15:41:50.895277353 SPREAD XLE ARCA  [57.73]  57.75x24500 | 57.76x8100  [0]  pos=0  realized=0 fees=0 net=0 unrealized=0
2026-04-28T15:41:50.895283701 SPREAD FXI ARCA  [0]  36.3x50900 | 36.31x23400  [36.33]  pos=0  realized=0 fees=0 net=0 unrealized=0
2026-04-28T15:41:50.895293142 SPREAD VZ NYSE  [47.04]  47.06x3000 | 47.07x1200  [0]  pos=0  realized=0 fees=0 net=0 unrealized=0
2026-04-28T15:41:50.895303876 SPREAD INTC NASDAQ  [83.93]  83.94x200 | 83.95x400  [83.98]  pos=100  realized=0 fees=-0.1772 net=0.1772 unrealized=0.5
2026-04-28T15:41:50.895310000 SPREAD PYPL NASDAQ  [49.53]  49.54x900 | 49.55x500  [0]  pos=0  realized=0 fees=0 net=0 unrealized=0
2026-04-28T15:41:50.895318852 SPREAD CMCSA NASDAQ  [27.58]  27.6x3300 | 27.61x3700  [0]  pos=0  realized=0 fees=0 net=0 unrealized=0
2026-04-28T15:41:52.800670128 INTC order fill: filled buy 100 @ 83.93 pos=200 filled=100/100
2026-04-28T15:41:52.800691876 INTC filled 100 @ 83.93 | pos=200 | fill_pnl=0 | fee=-0.1772 | realized=0 | total_pnl=0 | total_fees=0.037438 | fills=3 shares=300
2026-04-28T15:41:52.816830924 INTC placed buy 100 @ 83.91 -> NASDAQ (pos=200 spread=0.01 bid=83.93x1700 ask=83.94x300)
2026-04-28T15:41:52.828849183 INTC order pending_new: pending_new buy 100 @ 83.91 pos=0 filled=0/100
2026-04-28T15:41:52.841821268 INTC order new: new buy 100 @ 83.91 pos=0 filled=0/100
2026-04-28T15:41:52.916704892 INTC replacing sell order: 83.98 -> 83.95 (pos=200 spread=0.02 bid=83.92x800 ask=83.94x1400)
2026-04-28T15:41:52.940011175 INTC order replaced: replaced sell 100 @ 83.98 pos=0 filled=0/100
2026-04-28T15:41:55.894371160 BALANCE long=$16785 (1) short=$8232 (1) expose=$8554 | realize=0 fee=0.037438 net=-0.037438 unrealized=-3.5 equity=-3.537438 liquidate=-5.037438 | fills=3 pending=12 | ofails=0/17
2026-04-28T15:41:55.894428564 SPREAD CMCSA NASDAQ  [27.58]  27.6x3100 | 27.61x4600  [0]  pos=0  realized=0 fees=0 net=0 unrealized=0
2026-04-28T15:41:55.894443332 SPREAD DKNG NASDAQ  [0]  23.38x600 | 23.39x500  [23.41]  pos=0  realized=0 fees=0 net=0 unrealized=0
2026-04-28T15:41:55.894452074 SPREAD RIVN NASDAQ  [0]  16.11x2600 | 16.12x3200  [16.14]  pos=0  realized=0 fees=0 net=0 unrealized=0
2026-04-28T15:41:55.894460430 SPREAD AAL NASDAQ  [0]  11.62x30300 | 11.63x13200  [11.65]  pos=0  realized=0 fees=0 net=0 unrealized=0
2026-04-28T15:41:55.894465830 SPREAD NKE NYSE  [0]  44.97x500 | 44.98x800  [45.01]  pos=0  realized=0 fees=0 net=0 unrealized=0
2026-04-28T15:41:55.894472460 SPREAD SOFI NASDAQ  [18.54]  18.56x6100 | 18.57x8000  [0]  pos=0  realized=0 fees=0 net=0 unrealized=0
2026-04-28T15:41:55.894481354 SPREAD HOOD NASDAQ  [82.28]  82.31x300 | 82.32x700  [82.33]  pos=-100  realized=0 fees=0.391838 net=-0.391838 unrealized=-1.5
2026-04-28T15:41:55.894490498 SPREAD XLE ARCA  [57.73]  57.75x35900 | 57.76x2900  [0]  pos=0  realized=0 fees=0 net=0 unrealized=0
2026-04-28T15:41:55.894502637 SPREAD FXI ARCA  [0]  36.3x50200 | 36.31x26600  [36.33]  pos=0  realized=0 fees=0 net=0 unrealized=0
2026-04-28T15:41:55.894511702 SPREAD VZ NYSE  [47.04]  47.06x2300 | 47.07x2100  [0]  pos=0  realized=0 fees=0 net=0 unrealized=0
2026-04-28T15:41:55.894519439 SPREAD INTC NASDAQ  [83.91]  83.92x400 | 83.93x700  [83.95]  pos=200  realized=0 fees=-0.3544 net=0.3544 unrealized=-2
2026-04-28T15:41:55.894525578 SPREAD PYPL NASDAQ  [49.53]  49.54x900 | 49.55x500  [0]  pos=0  realized=0 fees=0 net=0 unrealized=0
2026-04-28T15:42:00.460775655 INTC order fill: filled sell 100 @ 83.95 pos=100 filled=100/100
2026-04-28T15:42:00.460801162 INTC filled -100 @ 83.95 | pos=100 | fill_pnl=1.5 | fee=0.015237 | realized=1.5 | total_pnl=1.5 | total_fees=0.052675 | fills=4 shares=400
2026-04-28T15:42:00.482449010 INTC placed sell 100 @ 83.97 -> NASDAQ (pos=100 spread=0.01 bid=83.94x400 ask=83.95x1000)
2026-04-28T15:42:00.494652020 INTC order pending_new: pending_new sell 100 @ 83.97 pos=0 filled=0/100
2026-04-28T15:42:00.507036072 INTC order new: new sell 100 @ 83.97 pos=0 filled=0/100
2026-04-28T15:42:00.599288527 INTC replacing buy order: 83.91 -> 83.94 (pos=100 spread=0 bid=83.96x100 ask=83.96x100)
2026-04-28T15:42:00.624060242 INTC order replaced: replaced buy 100 @ 83.91 pos=0 filled=0/100
2026-04-28T15:42:00.894541023 BALANCE long=$8397 (1) short=$8232 (1) expose=$165 | realize=1.5 fee=0.052675 net=1.447325 unrealized=1.5 equity=2.947325 liquidate=1.947325 | fills=4 pending=12 | ofails=0/18
2026-04-28T15:42:00.894591842 SPREAD HOOD NASDAQ  [82.28]  82.31x300 | 82.32x200  [82.33]  pos=-100  realized=0 fees=0.391838 net=-0.391838 unrealized=-1.5
2026-04-28T15:42:00.894610030 SPREAD XLE ARCA  [57.73]  57.76x24600 | 57.77x12900  [0]  pos=0  realized=0 fees=0 net=0 unrealized=0
2026-04-28T15:42:00.894618170 SPREAD FXI ARCA  [0]  36.3x50200 | 36.31x27800  [36.33]  pos=0  realized=0 fees=0 net=0 unrealized=0
2026-04-28T15:42:00.894625318 SPREAD VZ NYSE  [47.04]  47.06x3600 | 47.07x1000  [0]  pos=0  realized=0 fees=0 net=0 unrealized=0
2026-04-28T15:42:00.894635795 SPREAD INTC NASDAQ  [83.94]  83.96x100 | 83.97x800  [83.97]  pos=100  realized=1.5 fees=-0.339163 net=1.839163 unrealized=3
2026-04-28T15:42:00.894645830 SPREAD PYPL NASDAQ  [49.53]  49.54x700 | 49.55x600  [0]  pos=0  realized=0 fees=0 net=0 unrealized=0
2026-04-28T15:42:00.894651812 SPREAD CMCSA NASDAQ  [27.58]  27.6x3000 | 27.61x4200  [0]  pos=0  realized=0 fees=0 net=0 unrealized=0
2026-04-28T15:42:00.894662174 SPREAD DKNG NASDAQ  [0]  23.38x600 | 23.39x500  [23.41]  pos=0  realized=0 fees=0 net=0 unrealized=0
2026-04-28T15:42:00.894680178 SPREAD RIVN NASDAQ  [0]  16.11x2600 | 16.12x3400  [16.14]  pos=0  realized=0 fees=0 net=0 unrealized=0
2026-04-28T15:42:00.894688248 SPREAD AAL NASDAQ  [0]  11.62x30300 | 11.63x11100  [11.65]  pos=0  realized=0 fees=0 net=0 unrealized=0
2026-04-28T15:42:00.894694698 SPREAD NKE NYSE  [0]  44.96x800 | 44.97x1000  [45.01]  pos=0  realized=0 fees=0 net=0 unrealized=0
2026-04-28T15:42:00.894701170 SPREAD SOFI NASDAQ  [18.54]  18.56x6900 | 18.57x7600  [0]  pos=0  realized=0 fees=0 net=0 unrealized=0
2026-04-28T15:42:03.727293077 INTC order fill: filled sell 100 @ 83.97 pos=0 filled=100/100
2026-04-28T15:42:03.727317069 INTC filled -100 @ 83.97 | pos=0 | fill_pnl=3.5 | fee=0.015278 | realized=5 | total_pnl=5 | total_fees=0.067953 | fills=5 shares=500
2026-04-28T15:42:06.647614096 HOOD order fill: filled buy 100 @ 82.28 pos=0 filled=100/100
2026-04-28T15:42:06.647634836 HOOD filled 100 @ 82.28 | pos=0 | fill_pnl=2 | fee=-0.1772 | realized=2 | total_pnl=7 | total_fees=-0.109247 | fills=6 shares=600
2026-04-28T15:42:06.707708945 HOOD replacing sell order: 82.33 -> 82.3 (pos=0 spread=0.02 bid=82.27x200 ask=82.29x200)
2026-04-28T15:42:06.731837162 HOOD order replaced: replaced sell 100 @ 82.33 pos=0 filled=0/100
2026-04-28T15:42:06.893983600 BALANCE long=$0 (0) short=$0 (0) expose=$0 | realize=7 fee=-0.109247 net=7.109247 unrealized=0 equity=7.109247 liquidate=7.109247 | fills=6 pending=12 | ofails=0/18
2026-04-28T15:42:06.894036103 SPREAD CMCSA NASDAQ  [27.58]  27.6x3000 | 27.61x4200  [0]  pos=0  realized=0 fees=0 net=0 unrealized=0
2026-04-28T15:42:06.894047468 SPREAD DKNG NASDAQ  [0]  23.38x900 | 23.39x400  [23.41]  pos=0  realized=0 fees=0 net=0 unrealized=0
2026-04-28T15:42:06.894053915 SPREAD RIVN NASDAQ  [0]  16.11x4200 | 16.12x3200  [16.14]  pos=0  realized=0 fees=0 net=0 unrealized=0
2026-04-28T15:42:06.894060184 SPREAD AAL NASDAQ  [0]  11.62x31300 | 11.63x10300  [11.65]  pos=0  realized=0 fees=0 net=0 unrealized=0
2026-04-28T15:42:06.894070438 SPREAD NKE NYSE  [0]  44.96x200 | 44.97x1000  [45.01]  pos=0  realized=0 fees=0 net=0 unrealized=0
2026-04-28T15:42:06.894079613 SPREAD SOFI NASDAQ  [18.54]  18.56x6800 | 18.57x8000  [0]  pos=0  realized=0 fees=0 net=0 unrealized=0
2026-04-28T15:42:06.894085723 SPREAD HOOD NASDAQ  [0]  82.26x300 | 82.27x200  [82.3]  pos=0  realized=2 fees=0.214638 net=1.785362 unrealized=0
2026-04-28T15:42:06.894090773 SPREAD XLE ARCA  [57.73]  57.76x18900 | 57.77x12800  [0]  pos=0  realized=0 fees=0 net=0 unrealized=0
2026-04-28T15:42:06.894095866 SPREAD FXI ARCA  [0]  36.3x40000 | 36.31x30500  [36.33]  pos=0  realized=0 fees=0 net=0 unrealized=0
2026-04-28T15:42:06.894102388 SPREAD VZ NYSE  [47.04]  47.06x300 | 47.07x2200  [0]  pos=0  realized=0 fees=0 net=0 unrealized=0
2026-04-28T15:42:06.894109952 SPREAD INTC NASDAQ  [83.94]  83.97x700 | 83.98x300  [0]  pos=0  realized=5 fees=-0.323885 net=5.323885 unrealized=0
2026-04-28T15:42:06.894121096 SPREAD PYPL NASDAQ  [49.53]  49.53x1200 | 49.55x800  [0]  pos=0  realized=0 fees=0 net=0 unrealized=0
2026-04-28T15:42:07.260323811 HOOD replacing sell order: 82.3 -> 82.27 (pos=0 spread=0.02 bid=82.24x300 ask=82.26x600)
2026-04-28T15:42:07.282353740 HOOD order replaced: replaced sell 100 @ 82.3 pos=0 filled=0/100
2026-04-28T15:42:07.404164556 INTC order fill: filled buy 100 @ 83.94 pos=100 filled=100/100
2026-04-28T15:42:07.404189284 INTC filled 100 @ 83.94 | pos=100 | fill_pnl=0 | fee=-0.1772 | realized=5 | total_pnl=7 | total_fees=-0.286447 | fills=7 shares=700
2026-04-28T15:42:07.418962291 INTC placed buy 100 @ 83.92 -> NASDAQ (pos=100 spread=0.01 bid=83.94x400 ask=83.95x200)
2026-04-28T15:42:07.421396608 INTC placed sell 100 @ 83.97 -> NASDAQ (pos=100 spread=0.01 bid=83.94x400 ask=83.95x200)
2026-04-28T15:42:07.430824247 INTC order pending_new: pending_new buy 100 @ 83.92 pos=0 filled=0/100
2026-04-28T15:42:07.430836190 INTC order pending_new: pending_new sell 100 @ 83.97 pos=0 filled=0/100
2026-04-28T15:42:07.445068724 INTC order new: new buy 100 @ 83.92 pos=0 filled=0/100
2026-04-28T15:42:07.445095471 INTC order new: new sell 100 @ 83.97 pos=0 filled=0/100
2026-04-28T15:42:09.341539200 HOOD order fill: filled sell 100 @ 82.27 pos=-100 filled=100/100
2026-04-28T15:42:09.341566831 HOOD filled -100 @ 82.27 | pos=-100 | fill_pnl=0 | fee=0.011776 | realized=2 | total_pnl=7 | total_fees=-0.274671 | fills=8 shares=800
2026-04-28T15:42:09.357932091 HOOD placed buy 100 @ 82.23 -> NASDAQ (pos=-100 spread=0.01 bid=82.25x500 ask=82.26x200)
2026-04-28T15:42:09.363342696 HOOD placed sell 100 @ 82.28 -> NASDAQ (pos=-100 spread=0.01 bid=82.25x500 ask=82.26x200)
2026-04-28T15:42:09.370741866 HOOD order pending_new: pending_new buy 100 @ 82.23 pos=0 filled=0/100
2026-04-28T15:42:09.370759311 HOOD order pending_new: pending_new sell 100 @ 82.28 pos=0 filled=0/100
2026-04-28T15:42:09.380665713 HOOD order new: new buy 100 @ 82.23 pos=0 filled=0/100
2026-04-28T15:42:09.380683208 HOOD order new: new sell 100 @ 82.28 pos=0 filled=0/100
2026-04-28T15:42:09.987694249 INTC order fill: filled buy 100 @ 83.92 pos=200 filled=100/100
2026-04-28T15:42:09.987722903 INTC filled 100 @ 83.92 | pos=200 | fill_pnl=0 | fee=-0.1772 | realized=5 | total_pnl=7 | total_fees=-0.451871 | fills=9 shares=900
2026-04-28T15:42:10.005992183 INTC placed buy 100 @ 83.9 -> NASDAQ (pos=200 spread=0.01 bid=83.92x100 ask=83.93x400)
2026-04-28T15:42:10.019362217 INTC order pending_new: pending_new buy 100 @ 83.9 pos=0 filled=0/100
2026-04-28T15:42:10.029939139 INTC order new: new buy 100 @ 83.9 pos=0 filled=0/100
2026-04-28T15:42:10.082575314 INTC replacing sell order: 83.97 -> 83.94 (pos=200 spread=0.02 bid=83.91x900 ask=83.93x700)
2026-04-28T15:42:10.106982452 INTC order replaced: replaced sell 100 @ 83.97 pos=0 filled=0/100
2026-04-28T15:42:11.894637434 BALANCE long=$16785 (1) short=$8227 (1) expose=$8559 | realize=7 fee=-0.451871 net=7.451871 unrealized=-0.5 equity=6.951871 liquidate=5.451871 | fills=9 pending=12 | ofails=0/23
2026-04-28T15:42:11.894681640 SPREAD HOOD NASDAQ  [82.23]  82.26x300 | 82.27x300  [82.28]  pos=-100  realized=2 fees=0.226414 net=1.773586 unrealized=0.5
2026-04-28T15:42:11.894690644 SPREAD XLE ARCA  [57.73]  57.76x18600 | 57.77x22500  [0]  pos=0  realized=0 fees=0 net=0 unrealized=0
2026-04-28T15:42:11.894699269 SPREAD FXI ARCA  [0]  36.3x40400 | 36.31x30500  [36.33]  pos=0  realized=0 fees=0 net=0 unrealized=0
2026-04-28T15:42:11.894703394 SPREAD VZ NYSE  [47.04]  47.06x1000 | 47.07x1200  [0]  pos=0  realized=0 fees=0 net=0 unrealized=0
2026-04-28T15:42:11.894708350 SPREAD INTC NASDAQ  [83.9]  83.92x1100 | 83.93x100  [83.94]  pos=200  realized=5 fees=-0.678285 net=5.678285 unrealized=-1
2026-04-28T15:42:11.894717616 SPREAD PYPL NASDAQ  [49.53]  49.53x1000 | 49.54x300  [0]  pos=0  realized=0 fees=0 net=0 unrealized=0
2026-04-28T15:42:11.894724220 SPREAD CMCSA NASDAQ  [27.58]  27.6x3300 | 27.61x3700  [0]  pos=0  realized=0 fees=0 net=0 unrealized=0
2026-04-28T15:42:11.894731107 SPREAD DKNG NASDAQ  [0]  23.38x700 | 23.39x400  [23.41]  pos=0  realized=0 fees=0 net=0 unrealized=0
2026-04-28T15:42:11.894735042 SPREAD RIVN NASDAQ  [0]  16.11x2300 | 16.12x3400  [16.14]  pos=0  realized=0 fees=0 net=0 unrealized=0
2026-04-28T15:42:11.894738647 SPREAD AAL NASDAQ  [0]  11.62x33100 | 11.63x12300  [11.65]  pos=0  realized=0 fees=0 net=0 unrealized=0
2026-04-28T15:42:11.894742471 SPREAD NKE NYSE  [0]  44.96x300 | 44.97x1000  [45.01]  pos=0  realized=0 fees=0 net=0 unrealized=0
2026-04-28T15:42:11.894753052 SPREAD SOFI NASDAQ  [18.54]  18.55x9000 | 18.56x9800  [0]  pos=0  realized=0 fees=0 net=0 unrealized=0
2026-04-28T15:42:15.879158399 failed to replace order: 42210000: order is not open
2026-04-28T15:42:15.884264859 INTC order fill: filled sell 100 @ 83.94 pos=100 filled=100/100
2026-04-28T15:42:15.884284761 INTC filled -100 @ 83.94 | pos=100 | fill_pnl=1 | fee=0.395216 | realized=6 | total_pnl=8 | total_fees=-0.056655 | fills=10 shares=1000
2026-04-28T15:42:15.896910590 INTC placed sell 100 @ 83.97 -> NASDAQ (pos=100 spread=0.01 bid=83.94x700 ask=83.95x200)
2026-04-28T15:42:15.908374805 INTC order pending_new: pending_new sell 100 @ 83.97 pos=0 filled=0/100
2026-04-28T15:42:15.920787768 INTC replacing buy order: 83.9 -> 83.93 (pos=100 spread=0.02 bid=83.94x700 ask=83.96x1300)
2026-04-28T15:42:15.934769612 INTC order new: new sell 100 @ 83.97 pos=0 filled=0/100
2026-04-28T15:42:15.950062166 INTC order replaced: replaced buy 100 @ 83.9 pos=0 filled=0/100
2026-04-28T15:42:16.951640625 HOOD order fill: filled sell 100 @ 82.28 pos=-200 filled=100/100
2026-04-28T15:42:16.951666830 HOOD filled -100 @ 82.28 | pos=-200 | fill_pnl=0 | fee=0.011797 | realized=2 | total_pnl=8 | total_fees=-0.044858 | fills=11 shares=1100
2026-04-28T15:42:16.969963538 HOOD placed sell 100 @ 82.29 -> NASDAQ (pos=-200 spread=0.02 bid=82.26x300 ask=82.28x1500)
2026-04-28T15:42:16.981026394 HOOD order pending_new: pending_new sell 100 @ 82.29 pos=0 filled=0/100
2026-04-28T15:42:16.996072689 HOOD order new: new sell 100 @ 82.29 pos=0 filled=0/100
2026-04-28T15:42:16.996094037 HOOD order partial_fill: partially_filled sell 100 @ 82.29 pos=-250 filled=50/100
2026-04-28T15:42:16.996106947 HOOD filled -50 @ 82.295 | pos=-250 | fill_pnl=0 | fee=0.007314 | realized=2 | total_pnl=8 | total_fees=-0.037544 | fills=12 shares=1150
2026-04-28T15:42:16.996120360 HOOD order fill: filled sell 100 @ 82.29 pos=-300 filled=100/100
2026-04-28T15:42:16.996127957 HOOD filled -50 @ 82.29 | pos=-300 | fill_pnl=0 | fee=0.004509 | realized=2 | total_pnl=8 | total_fees=-0.033035 | fills=13 shares=1200
2026-04-28T15:42:17.012056271 HOOD placed sell 100 @ 82.29 -> NASDAQ (pos=-300 spread=0.02 bid=82.26x300 ask=82.28x1500)
2026-04-28T15:42:17.024013489 HOOD order pending_new: pending_new sell 100 @ 82.29 pos=0 filled=0/100
2026-04-28T15:42:17.037045290 HOOD order new: new sell 100 @ 82.29 pos=0 filled=0/100
2026-04-28T15:42:17.037086536 HOOD order partial_fill: partially_filled sell 100 @ 82.29 pos=-301 filled=1/100
2026-04-28T15:42:17.037096290 HOOD filled -1 @ 82.29 | pos=-301 | fill_pnl=0 | fee=0.00289 | realized=2 | total_pnl=8 | total_fees=-0.030145 | fills=14 shares=1201
2026-04-28T15:42:17.037104793 HOOD order partial_fill: partially_filled sell 100 @ 82.29 pos=-311 filled=11/100
2026-04-28T15:42:17.037111996 HOOD filled -10 @ 82.29 | pos=-311 | fill_pnl=0 | fee=0.000902 | realized=2 | total_pnl=8 | total_fees=-0.029243 | fills=15 shares=1211
2026-04-28T15:42:17.037149606 HOOD order partial_fill: partially_filled sell 100 @ 82.29 pos=-361 filled=61/100
2026-04-28T15:42:17.037160085 HOOD filled -50 @ 82.29 | pos=-361 | fill_pnl=0 | fee=0.004509 | realized=2 | total_pnl=8 | total_fees=-0.024734 | fills=16 shares=1261
2026-04-28T15:42:17.037179546 HOOD order fill: filled sell 100 @ 82.29 pos=-400 filled=100/100
2026-04-28T15:42:17.037187786 HOOD filled -39 @ 82.29 | pos=-400 | fill_pnl=0 | fee=0.003517 | realized=2 | total_pnl=8 | total_fees=-0.021217 | fills=17 shares=1300
2026-04-28T15:42:17.052040100 HOOD placed sell 100 @ 82.29 -> NASDAQ (pos=-400 spread=0.02 bid=82.26x300 ask=82.28x1500)
2026-04-28T15:42:17.063435481 HOOD order pending_new: pending_new sell 100 @ 82.29 pos=0 filled=0/100
2026-04-28T15:42:17.077451981 HOOD order new: new sell 100 @ 82.29 pos=0 filled=0/100
2026-04-28T15:42:17.077496939 HOOD order partial_fill: partially_filled sell 100 @ 82.29 pos=-414 filled=14/100
2026-04-28T15:42:17.077508849 HOOD filled -14 @ 82.29 | pos=-414 | fill_pnl=0 | fee=0.004062 | realized=2 | total_pnl=8 | total_fees=-0.017155 | fills=18 shares=1314
2026-04-28T15:42:17.077518959 HOOD order fill: filled sell 100 @ 82.29 pos=-500 filled=100/100
2026-04-28T15:42:17.077534658 HOOD filled -86 @ 82.29 | pos=-500 | fill_pnl=0 | fee=0.007755 | realized=2 | total_pnl=8 | total_fees=-0.0094 | fills=19 shares=1400
2026-04-28T15:42:17.102199872 HOOD replacing buy order: 82.23 -> 82.26 (pos=-500 spread=0.02 bid=82.27x900 ask=82.29x500)
2026-04-28T15:42:17.111871450 HOOD placed sell 100 @ 82.29 -> NASDAQ (pos=-500 spread=0.02 bid=82.26x300 ask=82.28x1500)
2026-04-28T15:42:17.120470175 HOOD order pending_new: pending_new sell 100 @ 82.29 pos=0 filled=0/100
2026-04-28T15:42:17.120483519 HOOD order replaced: replaced buy 100 @ 82.23 pos=0 filled=0/100
2026-04-28T15:42:17.132050393 HOOD order new: new sell 100 @ 82.29 pos=0 filled=0/100
2026-04-28T15:42:17.132065959 HOOD order fill: filled sell 100 @ 82.29 pos=-600 filled=100/100
2026-04-28T15:42:17.132074421 HOOD filled -100 @ 82.29 | pos=-600 | fill_pnl=0 | fee=0.011817 | realized=2 | total_pnl=8 | total_fees=0.002417 | fills=20 shares=1500
2026-04-28T15:42:17.894723517 BALANCE long=$8395 (1) short=$49374 (1) expose=$-40980 | realize=8 fee=0.002417 net=7.997583 unrealized=-1.25 equity=6.747583 liquidate=0.247583 | fills=20 pending=12 | ofails=0/28
2026-04-28T15:42:17.894793010 SPREAD INTC NASDAQ  [83.93]  83.94x300 | 83.95x500  [83.97]  pos=100  realized=6 fees=-0.283069 net=6.283069 unrealized=1.5
2026-04-28T15:42:17.894807992 SPREAD PYPL NASDAQ  [49.53]  49.53x900 | 49.54x600  [0]  pos=0  realized=0 fees=0 net=0 unrealized=0
2026-04-28T15:42:17.894815556 SPREAD CMCSA NASDAQ  [27.58]  27.6x3400 | 27.61x3000  [0]  pos=0  realized=0 fees=0 net=0 unrealized=0
2026-04-28T15:42:17.894825490 SPREAD DKNG NASDAQ  [0]  23.38x800 | 23.39x400  [23.41]  pos=0  realized=0 fees=0 net=0 unrealized=0
2026-04-28T15:42:17.894832309 SPREAD RIVN NASDAQ  [0]  16.11x2500 | 16.12x3400  [16.14]  pos=0  realized=0 fees=0 net=0 unrealized=0
2026-04-28T15:42:17.894848372 SPREAD AAL NASDAQ  [0]  11.62x34800 | 11.63x9700  [11.65]  pos=0  realized=0 fees=0 net=0 unrealized=0
2026-04-28T15:42:17.894857425 SPREAD NKE NYSE  [0]  44.96x1900 | 44.97x600  [45.01]  pos=0  realized=0 fees=0 net=0 unrealized=0
2026-04-28T15:42:17.894863419 SPREAD SOFI NASDAQ  [18.54]  18.56x5300 | 18.57x7600  [0]  pos=0  realized=0 fees=0 net=0 unrealized=0
2026-04-28T15:42:17.894877088 SPREAD HOOD NASDAQ  [82.26]  82.28x300 | 82.3x100  [0]  pos=-600  realized=2 fees=0.285486 net=1.714514 unrealized=-2.75
2026-04-28T15:42:17.894892839 SPREAD XLE ARCA  [57.73]  57.76x13600 | 57.77x24600  [0]  pos=0  realized=0 fees=0 net=0 unrealized=0
2026-04-28T15:42:17.894901212 SPREAD FXI ARCA  [0]  36.3x53000 | 36.31x29800  [36.33]  pos=0  realized=0 fees=0 net=0 unrealized=0
2026-04-28T15:42:17.894907042 SPREAD VZ NYSE  [47.04]  47.06x2000 | 47.07x1200  [0]  pos=0  realized=0 fees=0 net=0 unrealized=0
2026-04-28T15:42:22.619640729 INTC order partial_fill: partially_filled buy 100 @ 83.93 pos=115 filled=15/100
2026-04-28T15:42:22.619667987 INTC filled 15 @ 83.93 | pos=115 | fill_pnl=0 | fee=-0.0242 | realized=6 | total_pnl=8 | total_fees=-0.021783 | fills=21 shares=1515
2026-04-28T15:42:22.619682306 INTC order partial_fill: partially_filled buy 100 @ 83.93 pos=116 filled=16/100
2026-04-28T15:42:22.619692590 INTC filled 1 @ 83.93 | pos=116 | fill_pnl=0 | fee=-0.0018 | realized=6 | total_pnl=8 | total_fees=-0.023583 | fills=22 shares=1516
2026-04-28T15:42:22.619701452 INTC order fill: filled buy 100 @ 83.93 pos=200 filled=100/100
2026-04-28T15:42:22.619706030 INTC filled 84 @ 83.93 | pos=200 | fill_pnl=0 | fee=-0.1512 | realized=6 | total_pnl=8 | total_fees=-0.174783 | fills=23 shares=1600
2026-04-28T15:42:22.659500863 INTC placed buy 100 @ 83.91 -> NASDAQ (pos=200 spread=0.01 bid=83.93x100 ask=83.94x500)
2026-04-28T15:42:22.670079265 INTC order pending_new: pending_new buy 100 @ 83.91 pos=0 filled=0/100
2026-04-28T15:42:22.688579868 INTC order new: new buy 100 @ 83.91 pos=0 filled=0/100
2026-04-28T15:42:23.894317653 BALANCE long=$16786 (1) short=$49383 (1) expose=$-32597 | realize=8 fee=-0.174783 net=8.174783 unrealized=-11.75 equity=-3.575217 liquidate=-8.575217 | fills=23 pending=12 | ofails=0/29
2026-04-28T15:42:23.894375896 SPREAD XLE ARCA  [57.73]  57.76x9300 | 57.77x36200  [0]  pos=0  realized=0 fees=0 net=0 unrealized=0
2026-04-28T15:42:23.894386240 SPREAD FXI ARCA  [0]  36.3x52300 | 36.31x30100  [36.33]  pos=0  realized=0 fees=0 net=0 unrealized=0
2026-04-28T15:42:23.894392506 SPREAD VZ NYSE  [47.04]  47.07x1000 | 47.08x1600  [0]  pos=0  realized=0 fees=0 net=0 unrealized=0
2026-04-28T15:42:23.894401887 SPREAD INTC NASDAQ  [83.91]  83.92x500 | 83.94x900  [83.97]  pos=200  realized=6 fees=-0.460269 net=6.460269 unrealized=0
2026-04-28T15:42:23.894425728 SPREAD PYPL NASDAQ  [49.53]  49.53x700 | 49.54x700  [0]  pos=0  realized=0 fees=0 net=0 unrealized=0
2026-04-28T15:42:23.894435897 SPREAD CMCSA NASDAQ  [27.58]  27.6x4100 | 27.61x3500  [0]  pos=0  realized=0 fees=0 net=0 unrealized=0
2026-04-28T15:42:23.894443890 SPREAD DKNG NASDAQ  [0]  23.38x800 | 23.39x400  [23.41]  pos=0  realized=0 fees=0 net=0 unrealized=0
2026-04-28T15:42:23.894449440 SPREAD RIVN NASDAQ  [0]  16.11x2500 | 16.12x3300  [16.14]  pos=0  realized=0 fees=0 net=0 unrealized=0
2026-04-28T15:42:23.894463550 SPREAD AAL NASDAQ  [0]  11.62x33500 | 11.63x9600  [11.65]  pos=0  realized=0 fees=0 net=0 unrealized=0
2026-04-28T15:42:23.894472435 SPREAD NKE NYSE  [0]  44.96x1900 | 44.97x900  [45.01]  pos=0  realized=0 fees=0 net=0 unrealized=0
2026-04-28T15:42:23.894481618 SPREAD SOFI NASDAQ  [18.54]  18.56x4700 | 18.57x7700  [0]  pos=0  realized=0 fees=0 net=0 unrealized=0
2026-04-28T15:42:23.894489089 SPREAD HOOD NASDAQ  [82.26]  82.3x300 | 82.31x300  [0]  pos=-600  realized=2 fees=0.285486 net=1.714514 unrealized=-11.75
2026-04-28T15:42:25.401763531 HOOD replacing buy order: 82.26 -> 82.29 (pos=-600 spread=0.02 bid=82.3x700 ask=82.32x900)
2026-04-28T15:42:25.425455465 HOOD order replaced: replaced buy 100 @ 82.26 pos=0 filled=0/100
2026-04-28T15:42:27.321014710 NKE replacing sell order: 45.01 -> 44.98 (pos=0 spread=0 bid=44.96x500 ask=44.96x700)
2026-04-28T15:42:27.341335649 NKE order replaced: replaced sell 100 @ 45.01 pos=0 filled=0/100
2026-04-28T15:42:28.812786046 PYPL order partial_fill: partially_filled buy 100 @ 49.53 pos=68 filled=68/100
2026-04-28T15:42:28.812812646 PYPL filled 68 @ 49.53 | pos=68 | fill_pnl=0 | fee=-0.1196 | realized=0 | total_pnl=8 | total_fees=-0.294383 | fills=24 shares=1668
2026-04-28T15:42:29.894219563 BALANCE long=$20157 (2) short=$49383 (1) expose=$-29226 | realize=8 fee=-0.294383 net=8.294383 unrealized=-8.41 equity=-0.115617 liquidate=-4.455617 | fills=24 pending=12 | ofails=0/29
2026-04-28T15:42:29.894267161 SPREAD HOOD NASDAQ  [82.29]  82.3x300 | 82.31x200  [0]  pos=-600  realized=2 fees=0.285486 net=1.714514 unrealized=-11.75
2026-04-28T15:42:29.894278293 SPREAD XLE ARCA  [57.73]  57.75x500 | 57.76x47300  [0]  pos=0  realized=0 fees=0 net=0 unrealized=0
2026-04-28T15:42:29.894284916 SPREAD FXI ARCA  [0]  36.3x48400 | 36.31x29100  [36.33]  pos=0  realized=0 fees=0 net=0 unrealized=0
2026-04-28T15:42:29.894293867 SPREAD VZ NYSE  [47.04]  47.07x1500 | 47.08x1700  [0]  pos=0  realized=0 fees=0 net=0 unrealized=0
2026-04-28T15:42:29.894301143 SPREAD INTC NASDAQ  [83.91]  83.94x600 | 83.95x400  [83.97]  pos=200  realized=6 fees=-0.460269 net=6.460269 unrealized=3
2026-04-28T15:42:29.894310236 SPREAD PYPL NASDAQ  [49.53]  49.53x500 | 49.54x700  [0]  pos=68  realized=0 fees=-0.1196 net=0.1196 unrealized=0.34
2026-04-28T15:42:29.894318970 SPREAD CMCSA NASDAQ  [27.58]  27.6x4500 | 27.61x3600  [0]  pos=0  realized=0 fees=0 net=0 unrealized=0
2026-04-28T15:42:29.894327570 SPREAD DKNG NASDAQ  [0]  23.38x800 | 23.39x500  [23.41]  pos=0  realized=0 fees=0 net=0 unrealized=0
2026-04-28T15:42:29.894332800 SPREAD RIVN NASDAQ  [0]  16.11x2500 | 16.12x5300  [16.14]  pos=0  realized=0 fees=0 net=0 unrealized=0
2026-04-28T15:42:29.894338296 SPREAD AAL NASDAQ  [0]  11.62x33100 | 11.63x15400  [11.65]  pos=0  realized=0 fees=0 net=0 unrealized=0
2026-04-28T15:42:29.894347995 SPREAD NKE NYSE  [0]  44.95x500 | 44.96x900  [44.98]  pos=0  realized=0 fees=0 net=0 unrealized=0
2026-04-28T15:42:29.894357078 SPREAD SOFI NASDAQ  [18.54]  18.56x3800 | 18.57x7900  [0]  pos=0  realized=0 fees=0 net=0 unrealized=0
2026-04-28T15:42:33.059632159 PYPL order fill: filled buy 100 @ 49.53 pos=100 filled=100/100
2026-04-28T15:42:33.059660166 PYPL filled 32 @ 49.53 | pos=100 | fill_pnl=0 | fee=-0.0576 | realized=0 | total_pnl=8 | total_fees=-0.351983 | fills=25 shares=1700
2026-04-28T15:42:33.073034103 PYPL placed sell 100 @ 49.56 -> NASDAQ (pos=100 spread=0.01 bid=49.53x500 ask=49.54x700)
2026-04-28T15:42:33.078820819 PYPL placed buy 100 @ 49.51 -> NASDAQ (pos=100 spread=0.01 bid=49.53x500 ask=49.54x700)
2026-04-28T15:42:33.083905010 PYPL order pending_new: pending_new sell 100 @ 49.56 pos=0 filled=0/100
2026-04-28T15:42:33.083921418 PYPL order pending_new: pending_new buy 100 @ 49.51 pos=0 filled=0/100
2026-04-28T15:42:33.097625250 PYPL order new: new sell 100 @ 49.56 pos=0 filled=0/100
2026-04-28T15:42:33.097636652 PYPL order new: new buy 100 @ 49.51 pos=0 filled=0/100
2026-04-28T15:42:35.894261670 BALANCE long=$21739 (2) short=$49395 (1) expose=$-27657 | realize=8 fee=-0.351983 net=8.351983 unrealized=-24.25 equity=-15.898017 liquidate=-20.398017 | fills=25 pending=12 | ofails=0/31
2026-04-28T15:42:35.894308796 SPREAD DKNG NASDAQ  [0]  23.38x1100 | 23.39x600  [23.41]  pos=0  realized=0 fees=0 net=0 unrealized=0
2026-04-28T15:42:35.894319276 SPREAD RIVN NASDAQ  [0]  16.11x2500 | 16.12x3600  [16.14]  pos=0  realized=0 fees=0 net=0 unrealized=0
2026-04-28T15:42:35.894325936 SPREAD AAL NASDAQ  [0]  11.62x33100 | 11.63x11700  [11.65]  pos=0  realized=0 fees=0 net=0 unrealized=0
2026-04-28T15:42:35.894334529 SPREAD NKE NYSE  [0]  44.94x800 | 44.95x700  [44.98]  pos=0  realized=0 fees=0 net=0 unrealized=0
2026-04-28T15:42:35.894343364 SPREAD SOFI NASDAQ  [18.54]  18.56x4700 | 18.57x8200  [0]  pos=0  realized=0 fees=0 net=0 unrealized=0
2026-04-28T15:42:35.894350158 SPREAD HOOD NASDAQ  [82.29]  82.32x200 | 82.33x800  [0]  pos=-600  realized=2 fees=0.285486 net=1.714514 unrealized=-23.75
2026-04-28T15:42:35.894357188 SPREAD XLE ARCA  [57.73]  57.74x12600 | 57.75x18500  [0]  pos=0  realized=0 fees=0 net=0 unrealized=0
2026-04-28T15:42:35.894362474 SPREAD FXI ARCA  [0]  36.3x40300 | 36.31x29000  [36.33]  pos=0  realized=0 fees=0 net=0 unrealized=0
2026-04-28T15:42:35.894367898 SPREAD VZ NYSE  [47.04]  47.07x1300 | 47.08x1300  [0]  pos=0  realized=0 fees=0 net=0 unrealized=0
2026-04-28T15:42:35.894375289 SPREAD INTC NASDAQ  [83.91]  83.92x300 | 83.93x300  [83.97]  pos=200  realized=6 fees=-0.460269 net=6.460269 unrealized=-1
2026-04-28T15:42:35.894411899 SPREAD PYPL NASDAQ  [49.51]  49.53x500 | 49.54x900  [49.56]  pos=100  realized=0 fees=-0.1772 net=0.1772 unrealized=0.5
2026-04-28T15:42:35.894445471 SPREAD CMCSA NASDAQ  [27.58]  27.6x4500 | 27.61x3600  [0]  pos=0  realized=0 fees=0 net=0 unrealized=0
2026-04-28T15:42:41.893746406 BALANCE long=$21739 (2) short=$49395 (1) expose=$-27657 | realize=8 fee=-0.351983 net=8.351983 unrealized=-24.25 equity=-15.898017 liquidate=-20.398017 | fills=25 pending=12 | ofails=0/31
2026-04-28T15:42:41.893804241 SPREAD INTC NASDAQ  [83.91]  83.92x200 | 83.93x700  [83.97]  pos=200  realized=6 fees=-0.460269 net=6.460269 unrealized=-1
2026-04-28T15:42:41.893817064 SPREAD PYPL NASDAQ  [49.51]  49.53x300 | 49.54x1000  [49.56]  pos=100  realized=0 fees=-0.1772 net=0.1772 unrealized=0.5
2026-04-28T15:42:41.893826524 SPREAD CMCSA NASDAQ  [27.58]  27.6x4500 | 27.61x3700  [0]  pos=0  realized=0 fees=0 net=0 unrealized=0
2026-04-28T15:42:41.893835740 SPREAD DKNG NASDAQ  [0]  23.38x1000 | 23.39x600  [23.41]  pos=0  realized=0 fees=0 net=0 unrealized=0
2026-04-28T15:42:41.893844744 SPREAD RIVN NASDAQ  [0]  16.11x3400 | 16.12x3400  [16.14]  pos=0  realized=0 fees=0 net=0 unrealized=0
2026-04-28T15:42:41.893855095 SPREAD AAL NASDAQ  [0]  11.62x31900 | 11.63x11800  [11.65]  pos=0  realized=0 fees=0 net=0 unrealized=0
2026-04-28T15:42:41.893863666 SPREAD NKE NYSE  [0]  44.95x700 | 44.96x900  [44.98]  pos=0  realized=0 fees=0 net=0 unrealized=0
2026-04-28T15:42:41.893870329 SPREAD SOFI NASDAQ  [18.54]  18.56x5100 | 18.57x8200  [0]  pos=0  realized=0 fees=0 net=0 unrealized=0
2026-04-28T15:42:41.893883686 SPREAD HOOD NASDAQ  [82.29]  82.32x400 | 82.33x700  [0]  pos=-600  realized=2 fees=0.285486 net=1.714514 unrealized=-23.75
2026-04-28T15:42:41.893897118 SPREAD XLE ARCA  [57.73]  57.74x13300 | 57.75x15200  [0]  pos=0  realized=0 fees=0 net=0 unrealized=0
2026-04-28T15:42:41.893902200 SPREAD FXI ARCA  [0]  36.3x47600 | 36.31x29900  [36.33]  pos=0  realized=0 fees=0 net=0 unrealized=0
2026-04-28T15:42:41.893906289 SPREAD VZ NYSE  [47.04]  47.07x1500 | 47.08x1700  [0]  pos=0  realized=0 fees=0 net=0 unrealized=0
2026-04-28T15:42:41.926153162 INTC replacing sell order: 83.97 -> 83.94 (pos=200 spread=0 bid=83.92x200 ask=83.92x100)
2026-04-28T15:42:41.949110043 INTC order replaced: replaced sell 100 @ 83.97 pos=0 filled=0/100
2026-04-28T15:42:44.352590104 DKNG replacing sell order: 23.41 -> 23.38 (pos=0 spread=0 bid=23.36x200 ask=23.36x100)
2026-04-28T15:42:44.377261539 DKNG order replaced: replaced sell 100 @ 23.41 pos=0 filled=0/100
2026-04-28T15:42:44.495404081 DKNG replacing sell order: 23.38 -> 23.35 (pos=0 spread=0 bid=23.33x500 ask=23.33x100)
2026-04-28T15:42:44.521165270 DKNG order replaced: replaced sell 100 @ 23.38 pos=0 filled=0/100
2026-04-28T15:42:46.894004886 BALANCE long=$21739 (2) short=$49401 (1) expose=$-27663 | realize=8 fee=-0.351983 net=8.351983 unrealized=-30.25 equity=-21.898017 liquidate=-26.398017 | fills=25 pending=12 | ofails=0/31
2026-04-28T15:42:46.894073578 SPREAD SOFI NASDAQ  [18.54]  18.56x4400 | 18.57x8200  [0]  pos=0  realized=0 fees=0 net=0 unrealized=0
2026-04-28T15:42:46.894915223 SPREAD HOOD NASDAQ  [82.29]  82.33x100 | 82.34x1000  [0]  pos=-600  realized=2 fees=0.285486 net=1.714514 unrealized=-29.75
2026-04-28T15:42:46.894928271 SPREAD XLE ARCA  [57.73]  57.74x23400 | 57.75x11900  [0]  pos=0  realized=0 fees=0 net=0 unrealized=0
2026-04-28T15:42:46.894935086 SPREAD FXI ARCA  [0]  36.3x2500 | 36.31x77200  [36.33]  pos=0  realized=0 fees=0 net=0 unrealized=0
2026-04-28T15:42:46.894948814 SPREAD VZ NYSE  [47.04]  47.08x1900 | 47.09x200  [0]  pos=0  realized=0 fees=0 net=0 unrealized=0
2026-04-28T15:42:46.894957116 SPREAD INTC NASDAQ  [83.91]  83.92x300 | 83.93x300  [83.94]  pos=200  realized=6 fees=-0.460269 net=6.460269 unrealized=-1
2026-04-28T15:42:46.894968414 SPREAD PYPL NASDAQ  [49.51]  49.53x700 | 49.54x1000  [49.56]  pos=100  realized=0 fees=-0.1772 net=0.1772 unrealized=0.5
2026-04-28T15:42:46.894975100 SPREAD CMCSA NASDAQ  [27.58]  27.6x4000 | 27.61x3500  [0]  pos=0  realized=0 fees=0 net=0 unrealized=0
2026-04-28T15:42:46.894982182 SPREAD DKNG NASDAQ  [0]  23.32x200 | 23.33x300  [23.35]  pos=0  realized=0 fees=0 net=0 unrealized=0
2026-04-28T15:42:46.894991563 SPREAD RIVN NASDAQ  [0]  16.12x3000 | 16.13x4500  [16.14]  pos=0  realized=0 fees=0 net=0 unrealized=0
2026-04-28T15:42:46.895001632 SPREAD AAL NASDAQ  [0]  11.62x31900 | 11.63x11200  [11.65]  pos=0  realized=0 fees=0 net=0 unrealized=0
2026-04-28T15:42:46.895009004 SPREAD NKE NYSE  [0]  44.95x2100 | 44.96x600  [44.98]  pos=0  realized=0 fees=0 net=0 unrealized=0
2026-04-28T15:42:49.831825377 HOOD replacing buy order: 82.29 -> 82.32 (pos=-600 spread=0.02 bid=82.33x400 ask=82.35x1400)
2026-04-28T15:42:49.856695297 HOOD order replaced: replaced buy 100 @ 82.29 pos=0 filled=0/100
2026-04-28T15:42:52.894392399 BALANCE long=$21737 (2) short=$49407 (1) expose=$-27671 | realize=8 fee=-0.351983 net=8.351983 unrealized=-38.25 equity=-29.898017 liquidate=-34.398017 | fills=25 pending=12 | ofails=0/31
2026-04-28T15:42:52.894458699 SPREAD INTC NASDAQ  [83.91]  83.91x1900 | 83.92x500  [83.94]  pos=200  realized=6 fees=-0.460269 net=6.460269 unrealized=-3
2026-04-28T15:42:52.894471977 SPREAD PYPL NASDAQ  [49.51]  49.53x100 | 49.54x1000  [49.56]  pos=100  realized=0 fees=-0.1772 net=0.1772 unrealized=0.5
2026-04-28T15:42:52.894477631 SPREAD CMCSA NASDAQ  [27.58]  27.6x3900 | 27.61x3600  [0]  pos=0  realized=0 fees=0 net=0 unrealized=0
2026-04-28T15:42:52.894486642 SPREAD DKNG NASDAQ  [0]  23.31x200 | 23.32x300  [23.35]  pos=0  realized=0 fees=0 net=0 unrealized=0
2026-04-28T15:42:52.894495757 SPREAD RIVN NASDAQ  [0]  16.12x6300 | 16.13x3300  [16.14]  pos=0  realized=0 fees=0 net=0 unrealized=0
2026-04-28T15:42:52.894504298 SPREAD AAL NASDAQ  [0]  11.62x32900 | 11.63x13300  [11.65]  pos=0  realized=0 fees=0 net=0 unrealized=0
2026-04-28T15:42:52.894512747 SPREAD NKE NYSE  [0]  44.95x1700 | 44.96x600  [44.98]  pos=0  realized=0 fees=0 net=0 unrealized=0
2026-04-28T15:42:52.894518784 SPREAD SOFI NASDAQ  [18.54]  18.56x6400 | 18.57x8300  [0]  pos=0  realized=0 fees=0 net=0 unrealized=0
2026-04-28T15:42:52.894525938 SPREAD HOOD NASDAQ  [82.32]  82.34x100 | 82.35x1200  [0]  pos=-600  realized=2 fees=0.285486 net=1.714514 unrealized=-35.75
2026-04-28T15:42:52.894549793 SPREAD XLE ARCA  [57.73]  57.74x13700 | 57.75x15000  [0]  pos=0  realized=0 fees=0 net=0 unrealized=0
2026-04-28T15:42:52.894559099 SPREAD FXI ARCA  [0]  36.29x65400 | 36.3x61900  [36.33]  pos=0  realized=0 fees=0 net=0 unrealized=0
2026-04-28T15:42:52.894569534 SPREAD VZ NYSE  [47.04]  47.08x1200 | 47.09x2300  [0]  pos=0  realized=0 fees=0 net=0 unrealized=0
2026-04-28T15:42:54.383148624 INTC order fill: filled buy 100 @ 83.91 pos=300 filled=100/100
2026-04-28T15:42:54.383172680 INTC filled 100 @ 83.91 | pos=300 | fill_pnl=0 | fee=-0.1772 | realized=6 | total_pnl=8 | total_fees=-0.529183 | fills=26 shares=1800
2026-04-28T15:42:54.398138767 INTC placed buy 100 @ 83.89 -> NASDAQ (pos=300 spread=0.01 bid=83.91x1700 ask=83.92x1100)
2026-04-28T15:42:54.409691329 INTC order pending_new: pending_new buy 100 @ 83.89 pos=0 filled=0/100
2026-04-28T15:42:54.422379363 INTC order new: new buy 100 @ 83.89 pos=0 filled=0/100
2026-04-28T15:42:58.893751583 BALANCE long=$30127 (2) short=$49413 (1) expose=$-19286 | realize=8 fee=-0.529183 net=8.529183 unrealized=-44.75 equity=-36.220817 liquidate=-41.220817 | fills=26 pending=12 | ofails=0/32
2026-04-28T15:42:58.893815712 SPREAD FXI ARCA  [0]  36.29x58900 | 36.3x69100  [36.33]  pos=0  realized=0 fees=0 net=0 unrealized=0
2026-04-28T15:42:58.893829170 SPREAD VZ NYSE  [47.04]  47.08x1400 | 47.09x2200  [0]  pos=0  realized=0 fees=0 net=0 unrealized=0
2026-04-28T15:42:58.893836328 SPREAD INTC NASDAQ  [83.89]  83.91x200 | 83.92x600  [83.94]  pos=300  realized=6 fees=-0.637469 net=6.637469 unrealized=-2.5
2026-04-28T15:42:58.893846219 SPREAD PYPL NASDAQ  [49.51]  49.52x700 | 49.53x600  [49.56]  pos=100  realized=0 fees=-0.1772 net=0.1772 unrealized=-0.5
2026-04-28T15:42:58.893855856 SPREAD CMCSA NASDAQ  [27.58]  27.6x3800 | 27.61x3800  [0]  pos=0  realized=0 fees=0 net=0 unrealized=0
2026-04-28T15:42:58.893862047 SPREAD DKNG NASDAQ  [0]  23.31x200 | 23.32x300  [23.35]  pos=0  realized=0 fees=0 net=0 unrealized=0
2026-04-28T15:42:58.893871559 SPREAD RIVN NASDAQ  [0]  16.12x6500 | 16.13x4100  [16.14]  pos=0  realized=0 fees=0 net=0 unrealized=0
2026-04-28T15:42:58.893880010 SPREAD AAL NASDAQ  [0]  11.62x33900 | 11.63x11700  [11.65]  pos=0  realized=0 fees=0 net=0 unrealized=0
2026-04-28T15:42:58.893888903 SPREAD NKE NYSE  [0]  44.94x800 | 44.95x1400  [44.98]  pos=0  realized=0 fees=0 net=0 unrealized=0
2026-04-28T15:42:58.893897202 SPREAD SOFI NASDAQ  [18.54]  18.56x7300 | 18.57x8500  [0]  pos=0  realized=0 fees=0 net=0 unrealized=0
2026-04-28T15:42:58.893905589 SPREAD HOOD NASDAQ  [82.32]  82.35x1200 | 82.36x100  [0]  pos=-600  realized=2 fees=0.285486 net=1.714514 unrealized=-41.75
2026-04-28T15:42:58.893911707 SPREAD XLE ARCA  [57.73]  57.74x2200 | 57.75x38300  [0]  pos=0  realized=0 fees=0 net=0 unrealized=0
2026-04-28T15:43:02.108905289 INTC order partial_fill: partially_filled buy 100 @ 83.89 pos=370 filled=70/100
2026-04-28T15:43:02.108940567 INTC filled 70 @ 83.89 | pos=370 | fill_pnl=0 | fee=-0.1232 | realized=6 | total_pnl=8 | total_fees=-0.652383 | fills=27 shares=1870
2026-04-28T15:43:02.108955043 INTC order fill: filled buy 100 @ 83.89 pos=400 filled=100/100
2026-04-28T15:43:02.108965232 INTC filled 30 @ 83.89 | pos=400 | fill_pnl=0 | fee=-0.054 | realized=6 | total_pnl=8 | total_fees=-0.706383 | fills=28 shares=1900
2026-04-28T15:43:02.125429199 INTC placed buy 100 @ 83.88 -> NASDAQ (pos=400 spread=0.01 bid=83.9x6300 ask=83.91x400)
2026-04-28T15:43:02.136728589 INTC order pending_new: pending_new buy 100 @ 83.88 pos=0 filled=0/100
2026-04-28T15:43:02.150708255 INTC order new: new buy 100 @ 83.88 pos=0 filled=0/100
2026-04-28T15:43:02.150730599 INTC order fill: filled buy 100 @ 83.88 pos=500 filled=100/100
2026-04-28T15:43:02.150740517 INTC filled 100 @ 83.875 | pos=500 | fill_pnl=0 | fee=-0.1772 | realized=6 | total_pnl=8 | total_fees=-0.883583 | fills=29 shares=2000
2026-04-28T15:43:02.167526456 INTC placed buy 100 @ 83.88 -> NASDAQ (pos=500 spread=0.01 bid=83.9x6300 ask=83.91x400)
2026-04-28T15:43:02.178330749 INTC order pending_new: pending_new buy 100 @ 83.88 pos=0 filled=0/100
2026-04-28T15:43:02.192011258 INTC order new: new buy 100 @ 83.88 pos=0 filled=0/100
2026-04-28T15:43:02.192031773 INTC order partial_fill: partially_filled buy 100 @ 83.88 pos=515 filled=15/100
2026-04-28T15:43:02.192041261 INTC filled 15 @ 83.87 | pos=515 | fill_pnl=0 | fee=-0.0242 | realized=6 | total_pnl=8 | total_fees=-0.907783 | fills=30 shares=2015
2026-04-28T15:43:02.192067752 INTC order partial_fill: partially_filled buy 100 @ 83.88 pos=541 filled=41/100
2026-04-28T15:43:02.192074737 INTC filled 26 @ 83.87 | pos=541 | fill_pnl=0 | fee=-0.0468 | realized=6 | total_pnl=8 | total_fees=-0.954583 | fills=31 shares=2041
2026-04-28T15:43:02.192092953 INTC order fill: filled buy 100 @ 83.88 pos=600 filled=100/100
2026-04-28T15:43:02.192106808 INTC filled 59 @ 83.87 | pos=600 | fill_pnl=0 | fee=-0.1062 | realized=6 | total_pnl=8 | total_fees=-1.060783 | fills=32 shares=2100
2026-04-28T15:43:02.288520123 INTC replacing sell order: 83.94 -> 83.91 (pos=600 spread=0.02 bid=83.88x1300 ask=83.9x1600)
2026-04-28T15:43:02.312760587 INTC order replaced: replaced sell 100 @ 83.94 pos=0 filled=0/100
2026-04-28T15:43:03.664440897 INTC replacing sell order: 83.91 -> 83.88 (pos=600 spread=0.02 bid=83.85x1000 ask=83.87x1000)
2026-04-28T15:43:03.688561097 INTC order replaced: replaced sell 100 @ 83.91 pos=0 filled=0/100
2026-04-28T15:43:03.894692848 BALANCE long=$55263 (2) short=$49413 (1) expose=$5850 | realize=8 fee=-1.060783 net=9.060783 unrealized=-72.75 equity=-63.689217 liquidate=-73.189217 | fills=32 pending=12 | ofails=0/34
2026-04-28T15:43:03.894745023 SPREAD DKNG NASDAQ  [0]  23.32x400 | 23.33x400  [23.35]  pos=0  realized=0 fees=0 net=0 unrealized=0
2026-04-28T15:43:03.894761450 SPREAD RIVN NASDAQ  [0]  16.12x6600 | 16.13x4400  [16.14]  pos=0  realized=0 fees=0 net=0 unrealized=0
2026-04-28T15:43:03.894768938 SPREAD AAL NASDAQ  [0]  11.62x33500 | 11.63x13400  [11.65]  pos=0  realized=0 fees=0 net=0 unrealized=0
2026-04-28T15:43:03.894791092 SPREAD NKE NYSE  [0]  44.94x1700 | 44.95x1400  [44.98]  pos=0  realized=0 fees=0 net=0 unrealized=0
2026-04-28T15:43:03.894798354 SPREAD SOFI NASDAQ  [18.54]  18.56x5300 | 18.57x8700  [0]  pos=0  realized=0 fees=0 net=0 unrealized=0
2026-04-28T15:43:03.894806280 SPREAD HOOD NASDAQ  [82.32]  82.35x100 | 82.36x400  [0]  pos=-600  realized=2 fees=0.285486 net=1.714514 unrealized=-41.75
2026-04-28T15:43:03.894812598 SPREAD XLE ARCA  [57.73]  57.74x17500 | 57.75x19400  [0]  pos=0  realized=0 fees=0 net=0 unrealized=0
2026-04-28T15:43:03.894824593 SPREAD FXI ARCA  [0]  36.29x32000 | 36.3x64700  [36.33]  pos=0  realized=0 fees=0 net=0 unrealized=0
2026-04-28T15:43:03.894834346 SPREAD VZ NYSE  [47.04]  47.08x1800 | 47.09x600  [0]  pos=0  realized=0 fees=0 net=0 unrealized=0
2026-04-28T15:43:03.894845080 SPREAD INTC NASDAQ  [0]  83.84x1100 | 83.86x600  [83.88]  pos=600  realized=6 fees=-1.169069 net=7.169069 unrealized=-30.5
2026-04-28T15:43:03.894856346 SPREAD PYPL NASDAQ  [49.51]  49.52x700 | 49.53x700  [49.56]  pos=100  realized=0 fees=-0.1772 net=0.1772 unrealized=-0.5
2026-04-28T15:43:03.894866666 SPREAD CMCSA NASDAQ  [27.58]  27.6x4200 | 27.61x4100  [0]  pos=0  realized=0 fees=0 net=0 unrealized=0
2026-04-28T15:43:09.894504491 BALANCE long=$55276 (2) short=$49413 (1) expose=$5863 | realize=8 fee=-1.060783 net=9.060783 unrealized=-59.75 equity=-50.689217 liquidate=-60.189217 | fills=32 pending=12 | ofails=0/34
2026-04-28T15:43:09.894565306 SPREAD DKNG NASDAQ  [0]  23.32x400 | 23.33x300  [23.35]  pos=0  realized=0 fees=0 net=0 unrealized=0
2026-04-28T15:43:09.894576631 SPREAD RIVN NASDAQ  [0]  16.12x6600 | 16.13x4200  [16.14]  pos=0  realized=0 fees=0 net=0 unrealized=0
2026-04-28T15:43:09.894583361 SPREAD AAL NASDAQ  [0]  11.62x30400 | 11.63x6800  [11.65]  pos=0  realized=0 fees=0 net=0 unrealized=0
2026-04-28T15:43:09.894591526 SPREAD NKE NYSE  [0]  44.94x1700 | 44.95x1400  [44.98]  pos=0  realized=0 fees=0 net=0 unrealized=0
2026-04-28T15:43:09.894600640 SPREAD SOFI NASDAQ  [18.54]  18.56x5600 | 18.57x8700  [0]  pos=0  realized=0 fees=0 net=0 unrealized=0
2026-04-28T15:43:09.894623213 SPREAD HOOD NASDAQ  [82.32]  82.35x400 | 82.36x1100  [0]  pos=-600  realized=2 fees=0.285486 net=1.714514 unrealized=-41.75
2026-04-28T15:43:09.894630379 SPREAD XLE ARCA  [57.73]  57.74x18500 | 57.75x15600  [0]  pos=0  realized=0 fees=0 net=0 unrealized=0
2026-04-28T15:43:09.894635906 SPREAD FXI ARCA  [0]  36.29x41400 | 36.3x72000  [36.33]  pos=0  realized=0 fees=0 net=0 unrealized=0
2026-04-28T15:43:09.894642278 SPREAD VZ NYSE  [47.04]  47.08x1700 | 47.09x1300  [0]  pos=0  realized=0 fees=0 net=0 unrealized=0
2026-04-28T15:43:09.894653965 SPREAD INTC NASDAQ  [0]  83.86x300 | 83.88x1600  [83.88]  pos=600  realized=6 fees=-1.169069 net=7.169069 unrealized=-18.5
2026-04-28T15:43:09.894660183 SPREAD PYPL NASDAQ  [49.51]  49.53x700 | 49.54x500  [49.56]  pos=100  realized=0 fees=-0.1772 net=0.1772 unrealized=0.5
2026-04-28T15:43:09.894665459 SPREAD CMCSA NASDAQ  [27.58]  27.6x4100 | 27.61x3100  [0]  pos=0  realized=0 fees=0 net=0 unrealized=0
2026-04-28T15:43:15.894562497 BALANCE long=$55278 (2) short=$49398 (1) expose=$5880 | realize=8 fee=-1.060783 net=9.060783 unrealized=-42.25 equity=-33.189217 liquidate=-43.189217 | fills=32 pending=12 | ofails=0/34
2026-04-28T15:43:15.894609353 SPREAD XLE ARCA  [57.73]  57.74x19300 | 57.75x11500  [0]  pos=0  realized=0 fees=0 net=0 unrealized=0
2026-04-28T15:43:15.894639612 SPREAD FXI ARCA  [0]  36.29x33500 | 36.3x64200  [36.33]  pos=0  realized=0 fees=0 net=0 unrealized=0
2026-04-28T15:43:15.894650372 SPREAD VZ NYSE  [47.04]  47.08x2400 | 47.09x1100  [0]  pos=0  realized=0 fees=0 net=0 unrealized=0
2026-04-28T15:43:15.894657385 SPREAD INTC NASDAQ  [0]  83.87x500 | 83.88x700  [83.88]  pos=600  realized=6 fees=-1.169069 net=7.169069 unrealized=-15.5
2026-04-28T15:43:15.894663511 SPREAD PYPL NASDAQ  [49.51]  49.52x900 | 49.54x900  [49.56]  pos=100  realized=0 fees=-0.1772 net=0.1772 unrealized=0
2026-04-28T15:43:15.894668857 SPREAD CMCSA NASDAQ  [27.58]  27.6x3700 | 27.61x3300  [0]  pos=0  realized=0 fees=0 net=0 unrealized=0
2026-04-28T15:43:15.894672925 SPREAD DKNG NASDAQ  [0]  23.32x300 | 23.33x400  [23.35]  pos=0  realized=0 fees=0 net=0 unrealized=0
2026-04-28T15:43:15.894679855 SPREAD RIVN NASDAQ  [0]  16.12x6600 | 16.13x4400  [16.14]  pos=0  realized=0 fees=0 net=0 unrealized=0
2026-04-28T15:43:15.894697197 SPREAD AAL NASDAQ  [0]  11.62x32000 | 11.63x7000  [11.65]  pos=0  realized=0 fees=0 net=0 unrealized=0
2026-04-28T15:43:15.894702697 SPREAD NKE NYSE  [0]  44.94x1800 | 44.95x1100  [44.98]  pos=0  realized=0 fees=0 net=0 unrealized=0
2026-04-28T15:43:15.894708551 SPREAD SOFI NASDAQ  [18.54]  18.56x4000 | 18.57x8700  [0]  pos=0  realized=0 fees=0 net=0 unrealized=0
2026-04-28T15:43:15.894724647 SPREAD HOOD NASDAQ  [82.32]  82.32x900 | 82.34x1000  [0]  pos=-600  realized=2 fees=0.285486 net=1.714514 unrealized=-26.75
2026-04-28T15:43:16.939732464 INTC order fill: filled sell 100 @ 83.88 pos=500 filled=100/100
2026-04-28T15:43:16.939753637 INTC filled -100 @ 83.88 | pos=500 | fill_pnl=-2.0833 | fee=0.015093 | realized=3.9167 | total_pnl=5.9167 | total_fees=-1.04569 | fills=33 shares=2200
2026-04-28T15:43:16.952204470 INTC placed sell 100 @ 83.9 -> NASDAQ (pos=500 spread=0.01 bid=83.87x800 ask=83.88x700)
2026-04-28T15:43:16.957414438 INTC placed buy 100 @ 83.85 -> NASDAQ (pos=500 spread=0.01 bid=83.87x800 ask=83.88x700)
2026-04-28T15:43:16.963074129 INTC order pending_new: pending_new sell 100 @ 83.9 pos=0 filled=0/100
2026-04-28T15:43:16.963089882 INTC order pending_new: pending_new buy 100 @ 83.85 pos=0 filled=0/100
2026-04-28T15:43:16.977846446 INTC order new: new sell 100 @ 83.9 pos=0 filled=0/100
2026-04-28T15:43:16.977863032 INTC order new: new buy 100 @ 83.85 pos=0 filled=0/100
2026-04-28T15:43:21.893922333 BALANCE long=$46896 (2) short=$49410 (1) expose=$-2514 | realize=5.9167 fee=-1.04569 net=6.96239 unrealized=-46.1667 equity=-39.20431 liquidate=-48.20431 | fills=33 pending=12 | ofails=0/36
2026-04-28T15:43:21.893971469 SPREAD INTC NASDAQ  [83.85]  83.88x400 | 83.89x600  [83.9]  pos=500  realized=3.9167 fees=-1.153976 net=5.070676 unrealized=-7.9167
2026-04-28T15:43:21.893991603 SPREAD PYPL NASDAQ  [49.51]  49.53x300 | 49.54x900  [49.56]  pos=100  realized=0 fees=-0.1772 net=0.1772 unrealized=0.5
2026-04-28T15:43:21.893999425 SPREAD CMCSA NASDAQ  [27.58]  27.6x3300 | 27.61x3300  [0]  pos=0  realized=0 fees=0 net=0 unrealized=0
2026-04-28T15:43:21.894006840 SPREAD DKNG NASDAQ  [0]  23.31x200 | 23.32x500  [23.35]  pos=0  realized=0 fees=0 net=0 unrealized=0
2026-04-28T15:43:21.894010786 SPREAD RIVN NASDAQ  [0]  16.12x7400 | 16.13x1800  [16.14]  pos=0  realized=0 fees=0 net=0 unrealized=0
2026-04-28T15:43:21.894015503 SPREAD AAL NASDAQ  [0]  11.62x40300 | 11.63x5200  [11.65]  pos=0  realized=0 fees=0 net=0 unrealized=0
2026-04-28T15:43:21.894020189 SPREAD NKE NYSE  [0]  44.95x1600 | 44.96x1000  [44.98]  pos=0  realized=0 fees=0 net=0 unrealized=0
2026-04-28T15:43:21.894027077 SPREAD SOFI NASDAQ  [18.54]  18.56x4200 | 18.57x8900  [0]  pos=0  realized=0 fees=0 net=0 unrealized=0
2026-04-28T15:43:21.894033617 SPREAD HOOD NASDAQ  [82.32]  82.34x500 | 82.36x800  [0]  pos=-600  realized=2 fees=0.285486 net=1.714514 unrealized=-38.75
2026-04-28T15:43:21.894043186 SPREAD XLE ARCA  [57.73]  57.75x22900 | 57.76x18600  [0]  pos=0  realized=0 fees=0 net=0 unrealized=0
2026-04-28T15:43:21.894048613 SPREAD FXI ARCA  [0]  36.29x41900 | 36.3x49500  [36.33]  pos=0  realized=0 fees=0 net=0 unrealized=0
2026-04-28T15:43:21.894054968 SPREAD VZ NYSE  [47.04]  47.08x1800 | 47.09x400  [0]  pos=0  realized=0 fees=0 net=0 unrealized=0
2026-04-28T15:43:25.692586524 HOOD order fill: filled buy 100 @ 82.32 pos=-500 filled=100/100
2026-04-28T15:43:25.692616045 HOOD filled 100 @ 82.32 | pos=-500 | fill_pnl=-3.4583 | fee=-0.1772 | realized=-1.4583 | total_pnl=2.4584 | total_fees=-1.22289 | fills=34 shares=2300
2026-04-28T15:43:25.705821365 HOOD placed buy 100 @ 82.31 -> NASDAQ (pos=-500 spread=0.02 bid=82.32x1000 ask=82.34x400)
2026-04-28T15:43:25.712098815 HOOD placed sell 100 @ 82.35 -> NASDAQ (pos=-500 spread=0.02 bid=82.32x1000 ask=82.34x400)
2026-04-28T15:43:25.718909652 HOOD order pending_new: pending_new buy 100 @ 82.31 pos=0 filled=0/100
2026-04-28T15:43:25.718924804 HOOD order pending_new: pending_new sell 100 @ 82.35 pos=0 filled=0/100
2026-04-28T15:43:25.730686887 HOOD order new: new buy 100 @ 82.31 pos=0 filled=0/100
2026-04-28T15:43:25.730719011 HOOD order new: new sell 100 @ 82.35 pos=0 filled=0/100
2026-04-28T15:43:25.942330520 HOOD order partial_fill: partially_filled buy 100 @ 82.31 pos=-490 filled=10/100
2026-04-28T15:43:25.942353251 HOOD filled 10 @ 82.31 | pos=-490 | fill_pnl=-0.24583 | fee=-0.0152 | realized=-1.70413 | total_pnl=2.21257 | total_fees=-1.23809 | fills=35 shares=2310
2026-04-28T15:43:25.956197797 HOOD order partial_fill: partially_filled buy 100 @ 82.31 pos=-480 filled=20/100
2026-04-28T15:43:25.956211085 HOOD filled 10 @ 82.31 | pos=-480 | fill_pnl=-0.24583 | fee=-0.018 | realized=-1.94996 | total_pnl=1.96674 | total_fees=-1.25609 | fills=36 shares=2320
2026-04-28T15:43:26.105577691 HOOD order fill: filled buy 100 @ 82.31 pos=-400 filled=100/100
2026-04-28T15:43:26.105601696 HOOD filled 80 @ 82.31 | pos=-400 | fill_pnl=-1.96664 | fee=-0.144 | realized=-3.9166 | total_pnl=0.0001 | total_fees=-1.40009 | fills=37 shares=2400
2026-04-28T15:43:26.118158366 HOOD placed buy 100 @ 82.29 -> NASDAQ (pos=-400 spread=0.01 bid=82.31x100 ask=82.32x300)
2026-04-28T15:43:26.131096887 HOOD order pending_new: pending_new buy 100 @ 82.29 pos=0 filled=0/100
2026-04-28T15:43:26.142752008 HOOD order new: new buy 100 @ 82.29 pos=0 filled=0/100
2026-04-28T15:43:26.326726404 VZ replacing buy order: 47.04 -> 47.07 (pos=0 spread=0.02 bid=47.08x2800 ask=47.1x1900)
2026-04-28T15:43:26.351151800 VZ order replaced: replaced buy 100 @ 47.04 pos=0 filled=0/100
2026-04-28T15:43:26.894136681 BALANCE long=$46888 (2) short=$32926 (1) expose=$13962 | realize=0.0001 fee=-1.40009 net=1.40019 unrealized=-27.7501 equity=-26.34991 liquidate=-33.84991 | fills=37 pending=12 | ofails=0/39
2026-04-28T15:43:26.894196782 SPREAD RIVN NASDAQ  [0]  16.12x6900 | 16.13x2500  [16.14]  pos=0  realized=0 fees=0 net=0 unrealized=0
2026-04-28T15:43:26.894225561 SPREAD AAL NASDAQ  [0]  11.62x40300 | 11.63x6500  [11.65]  pos=0  realized=0 fees=0 net=0 unrealized=0
2026-04-28T15:43:26.894235205 SPREAD NKE NYSE  [0]  44.95x100 | 44.96x1400  [44.98]  pos=0  realized=0 fees=0 net=0 unrealized=0
2026-04-28T15:43:26.894243348 SPREAD SOFI NASDAQ  [18.54]  18.56x3500 | 18.57x9100  [0]  pos=0  realized=0 fees=0 net=0 unrealized=0
2026-04-28T15:43:26.894253521 SPREAD HOOD NASDAQ  [82.29]  82.31x100 | 82.32x300  [82.35]  pos=-400  realized=-3.9166 fees=-0.068914 net=-3.847686 unrealized=-11.8334
2026-04-28T15:43:26.894262984 SPREAD XLE ARCA  [57.73]  57.75x17200 | 57.76x19900  [0]  pos=0  realized=0 fees=0 net=0 unrealized=0
2026-04-28T15:43:26.894269732 SPREAD FXI ARCA  [0]  36.29x41900 | 36.3x49500  [36.33]  pos=0  realized=0 fees=0 net=0 unrealized=0
2026-04-28T15:43:26.894276648 SPREAD VZ NYSE  [47.07]  47.08x1600 | 47.09x1800  [0]  pos=0  realized=0 fees=0 net=0 unrealized=0
2026-04-28T15:43:26.894286868 SPREAD INTC NASDAQ  [83.85]  83.86x600 | 83.88x1100  [83.9]  pos=500  realized=3.9167 fees=-1.153976 net=5.070676 unrealized=-15.4167
2026-04-28T15:43:26.894295144 SPREAD PYPL NASDAQ  [49.51]  49.52x400 | 49.53x600  [49.56]  pos=100  realized=0 fees=-0.1772 net=0.1772 unrealized=-0.5
2026-04-28T15:43:26.894304884 SPREAD CMCSA NASDAQ  [27.58]  27.6x3300 | 27.61x3300  [0]  pos=0  realized=0 fees=0 net=0 unrealized=0
2026-04-28T15:43:26.894314961 SPREAD DKNG NASDAQ  [0]  23.31x200 | 23.32x700  [23.35]  pos=0  realized=0 fees=0 net=0 unrealized=0
2026-04-28T15:43:31.894505428 BALANCE long=$46891 (2) short=$32924 (1) expose=$13967 | realize=0.0001 fee=-1.40009 net=1.40019 unrealized=-22.2501 equity=-20.84991 liquidate=-27.84991 | fills=37 pending=12 | ofails=0/39
2026-04-28T15:43:31.894554529 SPREAD INTC NASDAQ  [83.85]  83.87x300 | 83.88x1000  [83.9]  pos=500  realized=3.9167 fees=-1.153976 net=5.070676 unrealized=-12.9167
2026-04-28T15:43:31.895261544 SPREAD PYPL NASDAQ  [49.51]  49.53x700 | 49.54x200  [49.56]  pos=100  realized=0 fees=-0.1772 net=0.1772 unrealized=0.5
2026-04-28T15:43:31.895275382 SPREAD CMCSA NASDAQ  [27.58]  27.6x3300 | 27.61x3200  [0]  pos=0  realized=0 fees=0 net=0 unrealized=0
2026-04-28T15:43:31.895282049 SPREAD DKNG NASDAQ  [0]  23.31x200 | 23.32x600  [23.35]  pos=0  realized=0 fees=0 net=0 unrealized=0
2026-04-28T15:43:31.895304776 SPREAD RIVN NASDAQ  [0]  16.12x6700 | 16.13x2300  [16.14]  pos=0  realized=0 fees=0 net=0 unrealized=0
2026-04-28T15:43:31.895313158 SPREAD AAL NASDAQ  [0]  11.62x40300 | 11.63x6800  [11.65]  pos=0  realized=0 fees=0 net=0 unrealized=0
2026-04-28T15:43:31.895317455 SPREAD NKE NYSE  [0]  44.95x1000 | 44.96x1000  [44.98]  pos=0  realized=0 fees=0 net=0 unrealized=0
2026-04-28T15:43:31.895321529 SPREAD SOFI NASDAQ  [18.54]  18.56x4200 | 18.57x8900  [0]  pos=0  realized=0 fees=0 net=0 unrealized=0
2026-04-28T15:43:31.895327419 SPREAD HOOD NASDAQ  [82.29]  82.3x2300 | 82.32x300  [82.35]  pos=-400  realized=-3.9166 fees=-0.068914 net=-3.847686 unrealized=-9.8334
2026-04-28T15:43:31.895332069 SPREAD XLE ARCA  [57.73]  57.75x23600 | 57.76x19000  [0]  pos=0  realized=0 fees=0 net=0 unrealized=0
2026-04-28T15:43:31.895339486 SPREAD FXI ARCA  [0]  36.29x51600 | 36.3x37400  [36.33]  pos=0  realized=0 fees=0 net=0 unrealized=0
2026-04-28T15:43:31.895343754 SPREAD VZ NYSE  [47.07]  47.08x2100 | 47.09x600  [0]  pos=0  realized=0 fees=0 net=0 unrealized=0
2026-04-28T15:43:36.894562188 BALANCE long=$46891 (2) short=$32932 (1) expose=$13959 | realize=0.0001 fee=-1.40009 net=1.40019 unrealized=-30.2501 equity=-28.84991 liquidate=-35.84991 | fills=37 pending=12 | ofails=0/39
2026-04-28T15:43:36.894641920 SPREAD SOFI NASDAQ  [18.54]  18.56x4000 | 18.57x8900  [0]  pos=0  realized=0 fees=0 net=0 unrealized=0
2026-04-28T15:43:36.894654737 SPREAD HOOD NASDAQ  [82.29]  82.32x100 | 82.34x500  [82.35]  pos=-400  realized=-3.9166 fees=-0.068914 net=-3.847686 unrealized=-17.8334
2026-04-28T15:43:36.894663867 SPREAD XLE ARCA  [57.73]  57.75x35400 | 57.76x6500  [0]  pos=0  realized=0 fees=0 net=0 unrealized=0
2026-04-28T15:43:36.894680328 SPREAD FXI ARCA  [0]  36.29x57100 | 36.3x25100  [36.33]  pos=0  realized=0 fees=0 net=0 unrealized=0
2026-04-28T15:43:36.894688994 SPREAD VZ NYSE  [47.07]  47.08x1900 | 47.09x900  [0]  pos=0  realized=0 fees=0 net=0 unrealized=0
2026-04-28T15:43:36.894696140 SPREAD INTC NASDAQ  [83.85]  83.87x400 | 83.88x100  [83.9]  pos=500  realized=3.9167 fees=-1.153976 net=5.070676 unrealized=-12.9167
2026-04-28T15:43:36.894702825 SPREAD PYPL NASDAQ  [49.51]  49.53x100 | 49.54x400  [49.56]  pos=100  realized=0 fees=-0.1772 net=0.1772 unrealized=0.5
2026-04-28T15:43:36.894709413 SPREAD CMCSA NASDAQ  [27.58]  27.6x4200 | 27.61x3200  [0]  pos=0  realized=0 fees=0 net=0 unrealized=0
2026-04-28T15:43:36.894719355 SPREAD DKNG NASDAQ  [0]  23.31x200 | 23.32x800  [23.35]  pos=0  realized=0 fees=0 net=0 unrealized=0
2026-04-28T15:43:36.894725599 SPREAD RIVN NASDAQ  [0]  16.12x6700 | 16.13x2300  [16.14]  pos=0  realized=0 fees=0 net=0 unrealized=0
2026-04-28T15:43:36.894730606 SPREAD AAL NASDAQ  [0]  11.62x40300 | 11.63x6800  [11.65]  pos=0  realized=0 fees=0 net=0 unrealized=0
2026-04-28T15:43:36.894744612 SPREAD NKE NYSE  [0]  44.95x1400 | 44.96x1000  [44.98]  pos=0  realized=0 fees=0 net=0 unrealized=0
2026-04-28T15:43:38.208596555 HOOD replacing buy order: 82.29 -> 82.32 (pos=-400 spread=0.02 bid=82.33x600 ask=82.35x1000)
2026-04-28T15:43:38.233663284 HOOD order replaced: replaced buy 100 @ 82.29 pos=0 filled=0/100
2026-04-28T15:43:42.894738365 BALANCE long=$46894 (2) short=$32934 (1) expose=$13960 | realize=0.0001 fee=-1.40009 net=1.40019 unrealized=-29.7501 equity=-28.34991 liquidate=-35.84991 | fills=37 pending=12 | ofails=0/39
2026-04-28T15:43:42.894810112 SPREAD INTC NASDAQ  [83.85]  83.87x400 | 83.89x1300  [83.9]  pos=500  realized=3.9167 fees=-1.153976 net=5.070676 unrealized=-10.4167
2026-04-28T15:43:42.894824214 SPREAD PYPL NASDAQ  [49.51]  49.53x200 | 49.54x300  [49.56]  pos=100  realized=0 fees=-0.1772 net=0.1772 unrealized=0.5
2026-04-28T15:43:42.894831332 SPREAD CMCSA NASDAQ  [27.58]  27.6x4100 | 27.61x3300  [0]  pos=0  realized=0 fees=0 net=0 unrealized=0
2026-04-28T15:43:42.894838157 SPREAD DKNG NASDAQ  [0]  23.31x200 | 23.32x700  [23.35]  pos=0  realized=0 fees=0 net=0 unrealized=0
2026-04-28T15:43:42.894848154 SPREAD RIVN NASDAQ  [0]  16.12x6700 | 16.13x2300  [16.14]  pos=0  realized=0 fees=0 net=0 unrealized=0
2026-04-28T15:43:42.894855420 SPREAD AAL NASDAQ  [0]  11.62x41700 | 11.63x6000  [11.65]  pos=0  realized=0 fees=0 net=0 unrealized=0
2026-04-28T15:43:42.894861100 SPREAD NKE NYSE  [0]  44.95x1000 | 44.96x1000  [44.98]  pos=0  realized=0 fees=0 net=0 unrealized=0
2026-04-28T15:43:42.894867479 SPREAD SOFI NASDAQ  [18.54]  18.56x5800 | 18.57x9000  [0]  pos=0  realized=0 fees=0 net=0 unrealized=0
2026-04-28T15:43:42.894874382 SPREAD HOOD NASDAQ  [82.32]  82.33x200 | 82.34x200  [82.35]  pos=-400  realized=-3.9166 fees=-0.068914 net=-3.847686 unrealized=-19.8334
2026-04-28T15:43:42.894883854 SPREAD XLE ARCA  [57.73]  57.75x25300 | 57.76x11000  [0]  pos=0  realized=0 fees=0 net=0 unrealized=0
2026-04-28T15:43:42.894889067 SPREAD FXI ARCA  [0]  36.29x74900 | 36.3x26000  [36.33]  pos=0  realized=0 fees=0 net=0 unrealized=0
2026-04-28T15:43:42.894894554 SPREAD VZ NYSE  [47.07]  47.08x3900 | 47.09x1300  [0]  pos=0  realized=0 fees=0 net=0 unrealized=0
2026-04-28T15:43:46.089076162 HOOD order fill: filled sell 100 @ 82.35 pos=-500 filled=100/100
2026-04-28T15:43:46.089102280 HOOD filled -100 @ 82.35 | pos=-500 | fill_pnl=0 | fee=0.011941 | realized=-3.9166 | total_pnl=0.0001 | total_fees=-1.388149 | fills=38 shares=2500
2026-04-28T15:43:46.122471692 HOOD placed sell 100 @ 82.37 -> NASDAQ (pos=-500 spread=0.01 bid=82.34x100 ask=82.35x1200)
2026-04-28T15:43:46.134259730 HOOD order pending_new: pending_new sell 100 @ 82.37 pos=0 filled=0/100
2026-04-28T15:43:46.144494400 HOOD order new: new sell 100 @ 82.37 pos=0 filled=0/100
2026-04-28T15:43:48.893724318 BALANCE long=$46882 (2) short=$41173 (1) expose=$5710 | realize=0.0001 fee=-1.388149 net=1.388249 unrealized=-44.7501 equity=-43.361851 liquidate=-48.861851 | fills=38 pending=12 | ofails=0/40
2026-04-28T15:43:48.893795188 SPREAD INTC NASDAQ  [83.85]  83.85x600 | 83.86x600  [83.9]  pos=500  realized=3.9167 fees=-1.153976 net=5.070676 unrealized=-22.9167
2026-04-28T15:43:48.893807413 SPREAD PYPL NASDAQ  [49.51]  49.54x200 | 49.55x600  [49.56]  pos=100  realized=0 fees=-0.1772 net=0.1772 unrealized=1.5
2026-04-28T15:43:48.893813950 SPREAD CMCSA NASDAQ  [27.58]  27.6x4000 | 27.61x3500  [0]  pos=0  realized=0 fees=0 net=0 unrealized=0
2026-04-28T15:43:48.893821499 SPREAD DKNG NASDAQ  [0]  23.31x600 | 23.32x700  [23.35]  pos=0  realized=0 fees=0 net=0 unrealized=0
2026-04-28T15:43:48.893827969 SPREAD RIVN NASDAQ  [0]  16.12x1200 | 16.13x3900  [16.14]  pos=0  realized=0 fees=0 net=0 unrealized=0
2026-04-28T15:43:48.893834111 SPREAD AAL NASDAQ  [0]  11.62x35100 | 11.63x10300  [11.65]  pos=0  realized=0 fees=0 net=0 unrealized=0
2026-04-28T15:43:48.893840215 SPREAD NKE NYSE  [0]  44.95x500 | 44.96x1600  [44.98]  pos=0  realized=0 fees=0 net=0 unrealized=0
2026-04-28T15:43:48.893846589 SPREAD SOFI NASDAQ  [18.54]  18.56x6100 | 18.57x6900  [0]  pos=0  realized=0 fees=0 net=0 unrealized=0
2026-04-28T15:43:48.893856639 SPREAD HOOD NASDAQ  [82.32]  82.34x300 | 82.35x200  [82.37]  pos=-500  realized=-3.9166 fees=-0.056973 net=-3.859627 unrealized=-23.3334
2026-04-28T15:43:48.893862993 SPREAD XLE ARCA  [57.73]  57.75x9600 | 57.76x26500  [0]  pos=0  realized=0 fees=0 net=0 unrealized=0
2026-04-28T15:43:48.893877806 SPREAD FXI ARCA  [0]  36.29x70700 | 36.3x25900  [36.33]  pos=0  realized=0 fees=0 net=0 unrealized=0
2026-04-28T15:43:48.893884009 SPREAD VZ NYSE  [47.07]  47.09x1500 | 47.1x1700  [0]  pos=0  realized=0 fees=0 net=0 unrealized=0
2026-04-28T15:43:53.894478642 BALANCE long=$46887 (2) short=$41183 (1) expose=$5705 | realize=0.0001 fee=-1.388149 net=1.388249 unrealized=-49.7501 equity=-48.361851 liquidate=-53.861851 | fills=38 pending=12 | ofails=0/40
2026-04-28T15:43:53.894538073 SPREAD FXI ARCA  [0]  36.29x54200 | 36.3x30000  [36.33]  pos=0  realized=0 fees=0 net=0 unrealized=0
2026-04-28T15:43:53.895304547 SPREAD VZ NYSE  [47.07]  47.09x1400 | 47.1x1200  [0]  pos=0  realized=0 fees=0 net=0 unrealized=0
2026-04-28T15:43:53.895319002 SPREAD INTC NASDAQ  [83.85]  83.86x500 | 83.87x300  [83.9]  pos=500  realized=3.9167 fees=-1.153976 net=5.070676 unrealized=-17.9167
2026-04-28T15:43:53.895327749 SPREAD PYPL NASDAQ  [49.51]  49.54x800 | 49.55x700  [49.56]  pos=100  realized=0 fees=-0.1772 net=0.1772 unrealized=1.5
2026-04-28T15:43:53.895335939 SPREAD CMCSA NASDAQ  [27.58]  27.6x3900 | 27.61x3500  [0]  pos=0  realized=0 fees=0 net=0 unrealized=0
2026-04-28T15:43:53.895342736 SPREAD DKNG NASDAQ  [0]  23.31x1000 | 23.32x700  [23.35]  pos=0  realized=0 fees=0 net=0 unrealized=0
2026-04-28T15:43:53.895348708 SPREAD RIVN NASDAQ  [0]  16.11x2800 | 16.12x2700  [16.14]  pos=0  realized=0 fees=0 net=0 unrealized=0
2026-04-28T15:43:53.895357597 SPREAD AAL NASDAQ  [0]  11.62x35300 | 11.63x9200  [11.65]  pos=0  realized=0 fees=0 net=0 unrealized=0
2026-04-28T15:43:53.895369006 SPREAD NKE NYSE  [0]  44.95x600 | 44.96x2200  [44.98]  pos=0  realized=0 fees=0 net=0 unrealized=0
2026-04-28T15:43:53.895375534 SPREAD SOFI NASDAQ  [18.54]  18.56x6200 | 18.57x7900  [0]  pos=0  realized=0 fees=0 net=0 unrealized=0
2026-04-28T15:43:53.895385638 SPREAD HOOD NASDAQ  [82.32]  82.36x200 | 82.37x2700  [82.37]  pos=-500  realized=-3.9166 fees=-0.056973 net=-3.859627 unrealized=-33.3334
2026-04-28T15:43:53.895391865 SPREAD XLE ARCA  [57.73]  57.74x17400 | 57.75x23000  [0]  pos=0  realized=0 fees=0 net=0 unrealized=0
2026-04-28T15:43:59.894037238 BALANCE long=$46887 (2) short=$41175 (1) expose=$5712 | realize=0.0001 fee=-1.388149 net=1.388249 unrealized=-42.2501 equity=-40.861851 liquidate=-48.861851 | fills=38 pending=12 | ofails=0/40
2026-04-28T15:43:59.894089430 SPREAD PYPL NASDAQ  [49.51]  49.54x800 | 49.55x400  [49.56]  pos=100  realized=0 fees=-0.1772 net=0.1772 unrealized=1.5
2026-04-28T15:43:59.894100711 SPREAD CMCSA NASDAQ  [27.58]  27.6x4000 | 27.61x3800  [0]  pos=0  realized=0 fees=0 net=0 unrealized=0
2026-04-28T15:43:59.894118456 SPREAD DKNG NASDAQ  [0]  23.32x500 | 23.33x600  [23.35]  pos=0  realized=0 fees=0 net=0 unrealized=0
2026-04-28T15:43:59.894127449 SPREAD RIVN NASDAQ  [0]  16.11x2700 | 16.12x2700  [16.14]  pos=0  realized=0 fees=0 net=0 unrealized=0
2026-04-28T15:43:59.894133701 SPREAD AAL NASDAQ  [0]  11.62x41900 | 11.63x5900  [11.65]  pos=0  realized=0 fees=0 net=0 unrealized=0
2026-04-28T15:43:59.894140367 SPREAD NKE NYSE  [0]  44.95x600 | 44.96x2000  [44.98]  pos=0  realized=0 fees=0 net=0 unrealized=0
2026-04-28T15:43:59.894148988 SPREAD SOFI NASDAQ  [18.54]  18.56x5900 | 18.57x8200  [0]  pos=0  realized=0 fees=0 net=0 unrealized=0
2026-04-28T15:43:59.894157412 SPREAD HOOD NASDAQ  [82.32]  82.34x200 | 82.36x900  [82.37]  pos=-500  realized=-3.9166 fees=-0.056973 net=-3.859627 unrealized=-25.8334
2026-04-28T15:43:59.894166649 SPREAD XLE ARCA  [57.73]  57.74x19900 | 57.75x15100  [0]  pos=0  realized=0 fees=0 net=0 unrealized=0
2026-04-28T15:43:59.894173535 SPREAD FXI ARCA  [0]  36.29x55200 | 36.3x41300  [36.33]  pos=0  realized=0 fees=0 net=0 unrealized=0
2026-04-28T15:43:59.894180356 SPREAD VZ NYSE  [47.07]  47.08x2900 | 47.09x1200  [0]  pos=0  realized=0 fees=0 net=0 unrealized=0
2026-04-28T15:43:59.894187175 SPREAD INTC NASDAQ  [83.85]  83.86x400 | 83.87x300  [83.9]  pos=500  realized=3.9167 fees=-1.153976 net=5.070676 unrealized=-17.9167
2026-04-28T15:44:00.617518200 INTC order fill: filled buy 100 @ 83.85 pos=600 filled=100/100
2026-04-28T15:44:00.617540070 INTC filled 100 @ 83.85 | pos=600 | fill_pnl=0 | fee=-0.1772 | realized=3.9167 | total_pnl=0.0001 | total_fees=-1.565349 | fills=39 shares=2600
2026-04-28T15:44:01.685301035 INTC replacing sell order: 83.9 -> 83.87 (pos=600 spread=0 bid=83.85x500 ask=83.85x100)
2026-04-28T15:44:01.709013408 INTC order replaced: replaced sell 100 @ 83.9 pos=0 filled=0/100
2026-04-28T15:44:04.894103023 BALANCE long=$55262 (2) short=$41173 (1) expose=$14089 | realize=0.0001 fee=-1.565349 net=1.565449 unrealized=-50.2501 equity=-48.684651 liquidate=-54.684651 | fills=39 pending=12 | ofails=0/40
2026-04-28T15:44:04.894200567 SPREAD INTC NASDAQ  [0]  83.84x500 | 83.85x200  [83.87]  pos=600  realized=3.9167 fees=-1.331176 net=5.247876 unrealized=-28.4167
2026-04-28T15:44:04.894215499 SPREAD PYPL NASDAQ  [49.51]  49.54x1000 | 49.55x400  [49.56]  pos=100  realized=0 fees=-0.1772 net=0.1772 unrealized=1.5
2026-04-28T15:44:04.894222691 SPREAD CMCSA NASDAQ  [27.58]  27.6x4000 | 27.61x4700  [0]  pos=0  realized=0 fees=0 net=0 unrealized=0
2026-04-28T15:44:04.894231421 SPREAD DKNG NASDAQ  [0]  23.32x500 | 23.33x600  [23.35]  pos=0  realized=0 fees=0 net=0 unrealized=0
2026-04-28T15:44:04.894240713 SPREAD RIVN NASDAQ  [0]  16.11x2700 | 16.12x3000  [16.14]  pos=0  realized=0 fees=0 net=0 unrealized=0
2026-04-28T15:44:04.894246926 SPREAD AAL NASDAQ  [0]  11.62x42000 | 11.63x5500  [11.65]  pos=0  realized=0 fees=0 net=0 unrealized=0
2026-04-28T15:44:04.894253125 SPREAD NKE NYSE  [0]  44.94x1600 | 44.95x1100  [44.98]  pos=0  realized=0 fees=0 net=0 unrealized=0
2026-04-28T15:44:04.894261515 SPREAD SOFI NASDAQ  [18.54]  18.56x6300 | 18.57x8300  [0]  pos=0  realized=0 fees=0 net=0 unrealized=0
2026-04-28T15:44:04.894269691 SPREAD HOOD NASDAQ  [82.32]  82.34x300 | 82.35x100  [82.37]  pos=-500  realized=-3.9166 fees=-0.056973 net=-3.859627 unrealized=-23.3334
2026-04-28T15:44:04.894279408 SPREAD XLE ARCA  [57.73]  57.74x13200 | 57.75x21600  [0]  pos=0  realized=0 fees=0 net=0 unrealized=0
2026-04-28T15:44:04.894284840 SPREAD FXI ARCA  [0]  36.29x55200 | 36.3x42600  [36.33]  pos=0  realized=0 fees=0 net=0 unrealized=0
2026-04-28T15:44:04.894293173 SPREAD VZ NYSE  [47.07]  47.08x2500 | 47.09x500  [0]  pos=0  realized=0 fees=0 net=0 unrealized=0
2026-04-28T15:44:06.959250918 INTC replacing sell order: 83.87 -> 83.84 (pos=600 spread=0 bid=83.82x100 ask=83.82x100)
2026-04-28T15:44:06.982718096 INTC order replaced: replaced sell 100 @ 83.87 pos=0 filled=0/100
2026-04-28T15:44:08.173075003 INTC order fill: filled sell 100 @ 83.84 pos=500 filled=100/100
2026-04-28T15:44:08.173106556 INTC filled -100 @ 83.84 | pos=500 | fill_pnl=-5.2361 | fee=0.01501 | realized=-1.3194 | total_pnl=-5.236 | total_fees=-1.550339 | fills=40 shares=2700
2026-04-28T15:44:08.185270313 INTC placed sell 100 @ 83.85 -> NASDAQ (pos=500 spread=0.01 bid=83.82x500 ask=83.83x100)
2026-04-28T15:44:08.191082516 INTC placed buy 100 @ 83.8 -> NASDAQ (pos=500 spread=0.01 bid=83.82x500 ask=83.83x100)
2026-04-28T15:44:08.197640429 INTC order pending_new: pending_new sell 100 @ 83.85 pos=0 filled=0/100
2026-04-28T15:44:08.197651059 INTC order pending_new: pending_new buy 100 @ 83.8 pos=0 filled=0/100
2026-04-28T15:44:08.210544046 INTC order new: new sell 100 @ 83.85 pos=0 filled=0/100
2026-04-28T15:44:08.210556936 INTC order new: new buy 100 @ 83.8 pos=0 filled=0/100
2026-04-28T15:44:08.233899277 INTC replacing sell order: 83.85 -> 83.88 (pos=500 spread=0.01 bid=83.85x100 ask=83.86x2200)
2026-04-28T15:44:08.240575160 INTC replacing buy order: 83.8 -> 83.83 (pos=500 spread=0.02 bid=83.84x800 ask=83.86x2200)
2026-04-28T15:44:08.258107029 INTC order replaced: replaced sell 100 @ 83.85 pos=0 filled=0/100
2026-04-28T15:44:08.258136141 INTC order replaced: replaced buy 100 @ 83.8 pos=0 filled=0/100
2026-04-28T15:44:09.894345861 BALANCE long=$46882 (2) short=$41178 (1) expose=$5705 | realize=-5.236 fee=-1.550339 net=-3.685661 unrealized=-45.514 equity=-49.199661 liquidate=-54.699661 | fills=40 pending=12 | ofails=0/42
2026-04-28T15:44:09.894396559 SPREAD CMCSA NASDAQ  [27.58]  27.6x4200 | 27.61x5500  [0]  pos=0  realized=0 fees=0 net=0 unrealized=0
2026-04-28T15:44:09.895108054 SPREAD DKNG NASDAQ  [0]  23.32x500 | 23.33x600  [23.35]  pos=0  realized=0 fees=0 net=0 unrealized=0
2026-04-28T15:44:09.895120772 SPREAD RIVN NASDAQ  [0]  16.12x4000 | 16.13x6000  [16.14]  pos=0  realized=0 fees=0 net=0 unrealized=0
2026-04-28T15:44:09.895126810 SPREAD AAL NASDAQ  [0]  11.63x28700 | 11.64x21500  [11.65]  pos=0  realized=0 fees=0 net=0 unrealized=0
2026-04-28T15:44:09.895143605 SPREAD NKE NYSE  [0]  44.95x1100 | 44.96x1600  [44.98]  pos=0  realized=0 fees=0 net=0 unrealized=0
2026-04-28T15:44:09.895158018 SPREAD SOFI NASDAQ  [18.54]  18.56x6200 | 18.57x7700  [0]  pos=0  realized=0 fees=0 net=0 unrealized=0
2026-04-28T15:44:09.895165456 SPREAD HOOD NASDAQ  [82.32]  82.35x200 | 82.36x400  [82.37]  pos=-500  realized=-3.9166 fees=-0.056973 net=-3.859627 unrealized=-28.3334
2026-04-28T15:44:09.895172431 SPREAD XLE ARCA  [57.73]  57.74x24400 | 57.75x14400  [0]  pos=0  realized=0 fees=0 net=0 unrealized=0
2026-04-28T15:44:09.895200061 SPREAD FXI ARCA  [0]  36.29x59600 | 36.3x29500  [36.33]  pos=0  realized=0 fees=0 net=0 unrealized=0
2026-04-28T15:44:09.895208156 SPREAD VZ NYSE  [47.07]  47.08x700 | 47.09x2300  [0]  pos=0  realized=0 fees=0 net=0 unrealized=0
2026-04-28T15:44:09.895215466 SPREAD INTC NASDAQ  [83.83]  83.85x200 | 83.86x300  [83.88]  pos=500  realized=-1.3194 fees=-1.316166 net=-0.003234 unrealized=-18.6806
2026-04-28T15:44:09.895223399 SPREAD PYPL NASDAQ  [49.51]  49.54x600 | 49.55x1100  [49.56]  pos=100  realized=0 fees=-0.1772 net=0.1772 unrealized=1.5
2026-04-28T15:44:14.894458691 BALANCE long=$46886 (2) short=$41178 (1) expose=$5709 | realize=-5.236 fee=-1.550339 net=-3.685661 unrealized=-41.514 equity=-45.199661 liquidate=-50.699661 | fills=40 pending=12 | ofails=0/42
2026-04-28T15:44:14.894503286 SPREAD AAL NASDAQ  [0]  11.63x28700 | 11.64x21500  [11.65]  pos=0  realized=0 fees=0 net=0 unrealized=0
2026-04-28T15:44:14.894513729 SPREAD NKE NYSE  [0]  44.95x1100 | 44.96x1600  [44.98]  pos=0  realized=0 fees=0 net=0 unrealized=0
2026-04-28T15:44:14.894523353 SPREAD SOFI NASDAQ  [18.54]  18.56x6300 | 18.57x7700  [0]  pos=0  realized=0 fees=0 net=0 unrealized=0
2026-04-28T15:44:14.894533123 SPREAD HOOD NASDAQ  [82.32]  82.35x700 | 82.36x400  [82.37]  pos=-500  realized=-3.9166 fees=-0.056973 net=-3.859627 unrealized=-28.3334
2026-04-28T15:44:14.894539348 SPREAD XLE ARCA  [57.73]  57.74x22300 | 57.75x14400  [0]  pos=0  realized=0 fees=0 net=0 unrealized=0
2026-04-28T15:44:14.894545538 SPREAD FXI ARCA  [0]  36.29x55200 | 36.3x40600  [36.33]  pos=0  realized=0 fees=0 net=0 unrealized=0
2026-04-28T15:44:14.894566639 SPREAD VZ NYSE  [47.07]  47.08x1200 | 47.09x1600  [0]  pos=0  realized=0 fees=0 net=0 unrealized=0
2026-04-28T15:44:14.894576405 SPREAD INTC NASDAQ  [83.83]  83.86x200 | 83.87x900  [83.88]  pos=500  realized=-1.3194 fees=-1.316166 net=-0.003234 unrealized=-13.6806
2026-04-28T15:44:14.894585837 SPREAD PYPL NASDAQ  [49.51]  49.53x700 | 49.54x600  [49.56]  pos=100  realized=0 fees=-0.1772 net=0.1772 unrealized=0.5
2026-04-28T15:44:14.894594795 SPREAD CMCSA NASDAQ  [27.58]  27.61x4100 | 27.62x6200  [0]  pos=0  realized=0 fees=0 net=0 unrealized=0
2026-04-28T15:44:14.894603385 SPREAD DKNG NASDAQ  [0]  23.32x500 | 23.33x500  [23.35]  pos=0  realized=0 fees=0 net=0 unrealized=0
2026-04-28T15:44:14.894611694 SPREAD RIVN NASDAQ  [0]  16.12x4000 | 16.13x5700  [16.14]  pos=0  realized=0 fees=0 net=0 unrealized=0
2026-04-28T15:44:18.813813758 HOOD order fill: filled sell 100 @ 82.37 pos=-600 filled=100/100
2026-04-28T15:44:18.813841158 HOOD filled -100 @ 82.37 | pos=-600 | fill_pnl=0 | fee=0.011982 | realized=-3.9166 | total_pnl=-5.236 | total_fees=-1.538357 | fills=41 shares=2800
2026-04-28T15:44:18.911036895 HOOD replacing buy order: 82.32 -> 82.35 (pos=-600 spread=0.02 bid=82.36x2600 ask=82.38x1000)
2026-04-28T15:44:18.935067134 HOOD order replaced: replaced buy 100 @ 82.32 pos=0 filled=0/100
2026-04-28T15:44:20.894406914 BALANCE long=$46871 (2) short=$49425 (1) expose=$-2554 | realize=-5.236 fee=-1.538357 net=-3.697643 unrealized=-67.014 equity=-70.711643 liquidate=-76.711643 | fills=41 pending=12 | ofails=0/42
2026-04-28T15:44:20.894447237 SPREAD DKNG NASDAQ  [0]  23.32x700 | 23.33x800  [23.35]  pos=0  realized=0 fees=0 net=0 unrealized=0
2026-04-28T15:44:20.894456218 SPREAD RIVN NASDAQ  [0]  16.12x2800 | 16.13x6400  [16.14]  pos=0  realized=0 fees=0 net=0 unrealized=0
2026-04-28T15:44:20.894463711 SPREAD AAL NASDAQ  [0]  11.63x28500 | 11.64x18200  [11.65]  pos=0  realized=0 fees=0 net=0 unrealized=0
2026-04-28T15:44:20.894468951 SPREAD NKE NYSE  [0]  44.95x1600 | 44.96x1300  [44.98]  pos=0  realized=0 fees=0 net=0 unrealized=0
2026-04-28T15:44:20.894473749 SPREAD SOFI NASDAQ  [18.54]  18.56x8300 | 18.57x5500  [0]  pos=0  realized=0 fees=0 net=0 unrealized=0
2026-04-28T15:44:20.894488689 SPREAD HOOD NASDAQ  [82.35]  82.37x500 | 82.38x200  [0]  pos=-600  realized=-3.9166 fees=-0.044991 net=-3.871609 unrealized=-38.8334
2026-04-28T15:44:20.894496013 SPREAD XLE ARCA  [57.73]  57.74x19600 | 57.75x15600  [0]  pos=0  realized=0 fees=0 net=0 unrealized=0
2026-04-28T15:44:20.894504419 SPREAD FXI ARCA  [0]  36.29x51400 | 36.3x29300  [36.33]  pos=0  realized=0 fees=0 net=0 unrealized=0
2026-04-28T15:44:20.894510394 SPREAD VZ NYSE  [47.07]  47.08x1300 | 47.09x1500  [0]  pos=0  realized=0 fees=0 net=0 unrealized=0
2026-04-28T15:44:20.894517269 SPREAD INTC NASDAQ  [83.83]  83.83x900 | 83.84x500  [83.88]  pos=500  realized=-1.3194 fees=-1.316166 net=-0.003234 unrealized=-28.6806
2026-04-28T15:44:20.894524309 SPREAD PYPL NASDAQ  [49.51]  49.53x1000 | 49.54x300  [49.56]  pos=100  realized=0 fees=-0.1772 net=0.1772 unrealized=0.5
2026-04-28T15:44:20.894531321 SPREAD CMCSA NASDAQ  [27.58]  27.61x5200 | 27.62x6300  [0]  pos=0  realized=0 fees=0 net=0 unrealized=0
2026-04-28T15:44:21.806223603 HOOD replacing buy order: 82.35 -> 82.38 (pos=-600 spread=0.02 bid=82.39x800 ask=82.41x200)
2026-04-28T15:44:21.830760643 HOOD order replaced: replaced buy 100 @ 82.35 pos=0 filled=0/100
2026-04-28T15:44:24.133269729 INTC order fill: filled buy 100 @ 83.83 pos=600 filled=100/100
2026-04-28T15:44:24.133291944 INTC filled 100 @ 83.83 | pos=600 | fill_pnl=0 | fee=-0.1772 | realized=-1.3194 | total_pnl=-5.236 | total_fees=-1.715557 | fills=42 shares=2900
2026-04-28T15:44:24.297009363 INTC replacing sell order: 83.88 -> 83.85 (pos=600 spread=0 bid=83.83x100 ask=83.83x100)
2026-04-28T15:44:24.320983802 INTC order replaced: replaced sell 100 @ 83.88 pos=0 filled=0/100
2026-04-28T15:44:26.894413687 BALANCE long=$55250 (2) short=$49449 (1) expose=$5801 | realize=-5.236 fee=-1.715557 net=-3.520443 unrealized=-95.514 equity=-99.034443 liquidate=-105.534443 | fills=42 pending=12 | ofails=0/42
2026-04-28T15:44:26.894472146 SPREAD RIVN NASDAQ  [0]  16.12x4300 | 16.13x6400  [16.14]  pos=0  realized=0 fees=0 net=0 unrealized=0
2026-04-28T15:44:26.894483356 SPREAD AAL NASDAQ  [0]  11.63x42000 | 11.64x2200  [11.65]  pos=0  realized=0 fees=0 net=0 unrealized=0
2026-04-28T15:44:26.894495457 SPREAD NKE NYSE  [0]  44.95x1700 | 44.96x1700  [44.98]  pos=0  realized=0 fees=0 net=0 unrealized=0
2026-04-28T15:44:26.894504179 SPREAD SOFI NASDAQ  [18.54]  18.57x8900 | 18.58x4500  [0]  pos=0  realized=0 fees=0 net=0 unrealized=0
2026-04-28T15:44:26.894514968 SPREAD HOOD NASDAQ  [82.38]  82.41x300 | 82.42x300  [0]  pos=-600  realized=-3.9166 fees=-0.044991 net=-3.871609 unrealized=-62.8334
2026-04-28T15:44:26.894533891 SPREAD XLE ARCA  [57.73]  57.74x21200 | 57.75x15600  [0]  pos=0  realized=0 fees=0 net=0 unrealized=0
2026-04-28T15:44:26.894542780 SPREAD FXI ARCA  [0]  36.29x60800 | 36.3x29300  [36.33]  pos=0  realized=0 fees=0 net=0 unrealized=0
2026-04-28T15:44:26.894552397 SPREAD VZ NYSE  [47.07]  47.08x1200 | 47.09x1600  [0]  pos=0  realized=0 fees=0 net=0 unrealized=0
2026-04-28T15:44:26.894561972 SPREAD INTC NASDAQ  [0]  83.82x600 | 83.83x700  [83.85]  pos=600  realized=-1.3194 fees=-1.493366 net=0.173966 unrealized=-34.1806
2026-04-28T15:44:26.894569500 SPREAD PYPL NASDAQ  [49.51]  49.54x600 | 49.55x1100  [49.56]  pos=100  realized=0 fees=-0.1772 net=0.1772 unrealized=1.5
2026-04-28T15:44:26.894583978 SPREAD CMCSA NASDAQ  [27.58]  27.61x6600 | 27.62x6500  [0]  pos=0  realized=0 fees=0 net=0 unrealized=0
2026-04-28T15:44:26.894593440 SPREAD DKNG NASDAQ  [0]  23.32x700 | 23.33x800  [23.35]  pos=0  realized=0 fees=0 net=0 unrealized=0
2026-04-28T15:44:32.893784318 BALANCE long=$55244 (2) short=$49455 (1) expose=$5789 | realize=-5.236 fee=-1.715557 net=-3.520443 unrealized=-107.514 equity=-111.034443 liquidate=-117.534443 | fills=42 pending=12 | ofails=0/42
2026-04-28T15:44:32.893848597 SPREAD SOFI NASDAQ  [18.54]  18.58x5700 | 18.59x5800  [0]  pos=0  realized=0 fees=0 net=0 unrealized=0
2026-04-28T15:44:32.893860292 SPREAD HOOD NASDAQ  [82.38]  82.42x100 | 82.43x1200  [0]  pos=-600  realized=-3.9166 fees=-0.044991 net=-3.871609 unrealized=-68.8334
2026-04-28T15:44:32.893880526 SPREAD XLE ARCA  [57.73]  57.74x14900 | 57.75x23200  [0]  pos=0  realized=0 fees=0 net=0 unrealized=0
2026-04-28T15:44:32.893889265 SPREAD FXI ARCA  [0]  36.29x41100 | 36.3x66500  [36.33]  pos=0  realized=0 fees=0 net=0 unrealized=0
2026-04-28T15:44:32.893900126 SPREAD VZ NYSE  [47.07]  47.08x2400 | 47.09x500  [0]  pos=0  realized=0 fees=0 net=0 unrealized=0
2026-04-28T15:44:32.893910163 SPREAD INTC NASDAQ  [0]  83.81x400 | 83.82x500  [83.85]  pos=600  realized=-1.3194 fees=-1.493366 net=0.173966 unrealized=-40.1806
2026-04-28T15:44:32.893916335 SPREAD PYPL NASDAQ  [49.51]  49.54x100 | 49.55x1300  [49.56]  pos=100  realized=0 fees=-0.1772 net=0.1772 unrealized=1.5
2026-04-28T15:44:32.893924070 SPREAD CMCSA NASDAQ  [27.58]  27.61x6600 | 27.62x6600  [0]  pos=0  realized=0 fees=0 net=0 unrealized=0
2026-04-28T15:44:32.893928013 SPREAD DKNG NASDAQ  [0]  23.32x500 | 23.33x800  [23.35]  pos=0  realized=0 fees=0 net=0 unrealized=0
2026-04-28T15:44:32.893932939 SPREAD RIVN NASDAQ  [0]  16.12x2700 | 16.13x6500  [16.14]  pos=0  realized=0 fees=0 net=0 unrealized=0
2026-04-28T15:44:32.893936693 SPREAD AAL NASDAQ  [0]  11.63x39300 | 11.64x9900  [11.65]  pos=0  realized=0 fees=0 net=0 unrealized=0
2026-04-28T15:44:32.893941122 SPREAD NKE NYSE  [0]  44.96x1000 | 44.97x1100  [44.98]  pos=0  realized=0 fees=0 net=0 unrealized=0
2026-04-28T15:44:33.743546127 HOOD replacing buy order: 82.38 -> 82.41 (pos=-600 spread=0.02 bid=82.42x1100 ask=82.44x500)
2026-04-28T15:44:33.768557041 HOOD order replaced: replaced buy 100 @ 82.38 pos=0 filled=0/100
2026-04-28T15:44:36.125697923 HOOD replacing buy order: 82.41 -> 82.44 (pos=-600 spread=0.02 bid=82.45x1300 ask=82.47x500)
2026-04-28T15:44:36.146705850 HOOD order replaced: replaced buy 100 @ 82.41 pos=0 filled=0/100
2026-04-28T15:44:37.894357736 BALANCE long=$55253 (2) short=$49479 (1) expose=$5774 | realize=-5.236 fee=-1.715557 net=-3.520443 unrealized=-122.514 equity=-126.034443 liquidate=-135.534443 | fills=42 pending=12 | ofails=0/42
2026-04-28T15:44:37.894412175 SPREAD CMCSA NASDAQ  [27.58]  27.61x4500 | 27.62x8400  [0]  pos=0  realized=0 fees=0 net=0 unrealized=0
2026-04-28T15:44:37.894440825 SPREAD DKNG NASDAQ  [0]  23.33x500 | 23.34x300  [23.35]  pos=0  realized=0 fees=0 net=0 unrealized=0
2026-04-28T15:44:37.894449498 SPREAD RIVN NASDAQ  [0]  16.12x5300 | 16.13x2000  [16.14]  pos=0  realized=0 fees=0 net=0 unrealized=0
2026-04-28T15:44:37.894457117 SPREAD AAL NASDAQ  [0]  11.63x36100 | 11.64x9100  [11.65]  pos=0  realized=0 fees=0 net=0 unrealized=0
2026-04-28T15:44:37.894465677 SPREAD NKE NYSE  [0]  44.96x1600 | 44.97x1300  [44.98]  pos=0  realized=0 fees=0 net=0 unrealized=0
2026-04-28T15:44:37.894471659 SPREAD SOFI NASDAQ  [18.54]  18.58x6600 | 18.59x3900  [0]  pos=0  realized=0 fees=0 net=0 unrealized=0
2026-04-28T15:44:37.894478770 SPREAD HOOD NASDAQ  [82.44]  82.46x200 | 82.47x500  [0]  pos=-600  realized=-3.9166 fees=-0.044991 net=-3.871609 unrealized=-92.8334
2026-04-28T15:44:37.894485345 SPREAD XLE ARCA  [57.73]  57.73x31900 | 57.74x14900  [0]  pos=0  realized=0 fees=0 net=0 unrealized=0
2026-04-28T15:44:37.894493787 SPREAD FXI ARCA  [0]  36.29x49000 | 36.3x74200  [36.33]  pos=0  realized=0 fees=0 net=0 unrealized=0
2026-04-28T15:44:37.894501222 SPREAD VZ NYSE  [47.07]  47.07x2700 | 47.08x1400  [0]  pos=0  realized=0 fees=0 net=0 unrealized=0
2026-04-28T15:44:37.894511347 SPREAD INTC NASDAQ  [0]  83.82x400 | 83.84x500  [83.85]  pos=600  realized=-1.3194 fees=-1.493366 net=0.173966 unrealized=-31.1806
2026-04-28T15:44:37.894518319 SPREAD PYPL NASDAQ  [49.51]  49.54x800 | 49.55x300  [49.56]  pos=100  realized=0 fees=-0.1772 net=0.1772 unrealized=1.5
2026-04-28T15:44:38.257820292 INTC order fill: filled sell 100 @ 83.85 pos=500 filled=100/100
2026-04-28T15:44:38.257847459 INTC filled -100 @ 83.85 | pos=500 | fill_pnl=-3.1968 | fee=0.015031 | realized=-4.5162 | total_pnl=-8.4328 | total_fees=-1.700526 | fills=43 shares=3000
2026-04-28T15:44:38.272315970 INTC placed buy 100 @ 83.82 -> NASDAQ (pos=500 spread=0.01 bid=83.84x200 ask=83.85x500)
2026-04-28T15:44:38.275381809 INTC placed sell 100 @ 83.87 -> NASDAQ (pos=500 spread=0.01 bid=83.84x200 ask=83.85x500)
2026-04-28T15:44:38.283305550 INTC order pending_new: pending_new buy 100 @ 83.82 pos=0 filled=0/100
2026-04-28T15:44:38.283319811 INTC order pending_new: pending_new sell 100 @ 83.87 pos=0 filled=0/100
2026-04-28T15:44:38.296115674 INTC order new: new buy 100 @ 83.82 pos=0 filled=0/100
2026-04-28T15:44:38.296132574 INTC order new: new sell 100 @ 83.87 pos=0 filled=0/100
2026-04-28T15:44:39.609322713 SOFI replacing buy order: 18.54 -> 18.57 (pos=0 spread=0 bid=18.59x3600 ask=18.59x300)
2026-04-28T15:44:39.633002575 SOFI order replaced: replaced buy 100 @ 18.54 pos=0 filled=0/100
2026-04-28T15:44:43.894307044 BALANCE long=$46880 (2) short=$49476 (1) expose=$-2597 | realize=-8.4328 fee=-1.700526 net=-6.732274 unrealized=-104.3172 equity=-111.049474 liquidate=-122.549474 | fills=43 pending=12 | ofails=0/44
2026-04-28T15:44:43.894351736 SPREAD INTC NASDAQ  [83.82]  83.84x700 | 83.86x400  [83.87]  pos=500  realized=-4.5162 fees=-1.478335 net=-3.037865 unrealized=-15.9838
2026-04-28T15:44:43.894361446 SPREAD PYPL NASDAQ  [49.51]  49.54x500 | 49.55x1000  [49.56]  pos=100  realized=0 fees=-0.1772 net=0.1772 unrealized=1.5
2026-04-28T15:44:43.894371724 SPREAD CMCSA NASDAQ  [27.58]  27.61x4200 | 27.62x8700  [0]  pos=0  realized=0 fees=0 net=0 unrealized=0
2026-04-28T15:44:43.894380874 SPREAD DKNG NASDAQ  [0]  23.33x700 | 23.34x300  [23.35]  pos=0  realized=0 fees=0 net=0 unrealized=0
2026-04-28T15:44:43.894387396 SPREAD RIVN NASDAQ  [0]  16.12x3400 | 16.13x2400  [16.14]  pos=0  realized=0 fees=0 net=0 unrealized=0
2026-04-28T15:44:43.894392852 SPREAD AAL NASDAQ  [0]  11.63x36200 | 11.64x12500  [11.65]  pos=0  realized=0 fees=0 net=0 unrealized=0
2026-04-28T15:44:43.894409864 SPREAD NKE NYSE  [0]  44.96x900 | 44.97x1400  [44.98]  pos=0  realized=0 fees=0 net=0 unrealized=0
2026-04-28T15:44:43.894420142 SPREAD SOFI NASDAQ  [18.57]  18.59x6800 | 18.6x10900  [0]  pos=0  realized=0 fees=0 net=0 unrealized=0
2026-04-28T15:44:43.894426656 SPREAD HOOD NASDAQ  [82.44]  82.45x1400 | 82.47x300  [0]  pos=-600  realized=-3.9166 fees=-0.044991 net=-3.871609 unrealized=-89.8334
2026-04-28T15:44:43.894432558 SPREAD XLE ARCA  [57.73]  57.73x21600 | 57.74x15100  [0]  pos=0  realized=0 fees=0 net=0 unrealized=0
2026-04-28T15:44:43.894438693 SPREAD FXI ARCA  [0]  36.29x44700 | 36.3x74400  [36.33]  pos=0  realized=0 fees=0 net=0 unrealized=0
2026-04-28T15:44:43.894447724 SPREAD VZ NYSE  [47.07]  47.07x1400 | 47.08x2300  [0]  pos=0  realized=0 fees=0 net=0 unrealized=0
2026-04-28T15:44:47.828639480 INTC order fill: filled buy 100 @ 83.82 pos=600 filled=100/100
2026-04-28T15:44:47.828665961 INTC filled 100 @ 83.82 | pos=600 | fill_pnl=0 | fee=-0.1772 | realized=-4.5162 | total_pnl=-8.4328 | total_fees=-1.877726 | fills=44 shares=3100
2026-04-28T15:44:47.889505714 INTC replacing sell order: 83.87 -> 83.84 (pos=600 spread=0 bid=83.82x600 ask=83.82x100)
2026-04-28T15:44:47.915561690 INTC order replaced: replaced sell 100 @ 83.87 pos=0 filled=0/100
2026-04-28T15:44:48.894426047 BALANCE long=$55238 (2) short=$49479 (1) expose=$5759 | realize=-8.4328 fee=-1.877726 net=-6.555074 unrealized=-131.3172 equity=-137.872274 liquidate=-144.372274 | fills=44 pending=12 | ofails=0/44
2026-04-28T15:44:48.894481443 SPREAD XLE ARCA  [57.73]  57.73x19300 | 57.74x18400  [0]  pos=0  realized=0 fees=0 net=0 unrealized=0
2026-04-28T15:44:48.894499783 SPREAD FXI ARCA  [0]  36.28x33600 | 36.29x87100  [36.33]  pos=0  realized=0 fees=0 net=0 unrealized=0
2026-04-28T15:44:48.894507380 SPREAD VZ NYSE  [47.07]  47.07x2500 | 47.08x700  [0]  pos=0  realized=0 fees=0 net=0 unrealized=0
2026-04-28T15:44:48.894518057 SPREAD INTC NASDAQ  [0]  83.8x1700 | 83.81x400  [83.84]  pos=600  realized=-4.5162 fees=-1.655535 net=-2.860665 unrealized=-39.9838
2026-04-28T15:44:48.894525622 SPREAD PYPL NASDAQ  [49.51]  49.54x300 | 49.55x800  [49.56]  pos=100  realized=0 fees=-0.1772 net=0.1772 unrealized=1.5
2026-04-28T15:44:48.894541322 SPREAD CMCSA NASDAQ  [27.58]  27.61x4200 | 27.62x8600  [0]  pos=0  realized=0 fees=0 net=0 unrealized=0
2026-04-28T15:44:48.894548620 SPREAD DKNG NASDAQ  [0]  23.33x900 | 23.34x300  [23.35]  pos=0  realized=0 fees=0 net=0 unrealized=0
2026-04-28T15:44:48.894554087 SPREAD RIVN NASDAQ  [0]  16.12x2600 | 16.13x2400  [16.14]  pos=0  realized=0 fees=0 net=0 unrealized=0
2026-04-28T15:44:48.894560299 SPREAD AAL NASDAQ  [0]  11.63x36100 | 11.64x12400  [11.65]  pos=0  realized=0 fees=0 net=0 unrealized=0
2026-04-28T15:44:48.894568013 SPREAD NKE NYSE  [0]  44.96x900 | 44.97x1400  [44.98]  pos=0  realized=0 fees=0 net=0 unrealized=0
2026-04-28T15:44:48.894575088 SPREAD SOFI NASDAQ  [18.57]  18.59x6300 | 18.6x11100  [0]  pos=0  realized=0 fees=0 net=0 unrealized=0
2026-04-28T15:44:48.894584608 SPREAD HOOD NASDAQ  [82.44]  82.46x200 | 82.47x300  [0]  pos=-600  realized=-3.9166 fees=-0.044991 net=-3.871609 unrealized=-92.8334
2026-04-28T15:44:52.738828411 HOOD order fill: filled buy 100 @ 82.44 pos=-500 filled=100/100
2026-04-28T15:44:52.738856311 HOOD filled 100 @ 82.44 | pos=-500 | fill_pnl=-12.9722 | fee=-0.1772 | realized=-16.8888 | total_pnl=-21.405 | total_fees=-2.054926 | fills=45 shares=3200
2026-04-28T15:44:52.753566731 HOOD placed sell 100 @ 82.47 -> NASDAQ (pos=-500 spread=0.01 bid=82.44x400 ask=82.45x800)
2026-04-28T15:44:52.755388705 HOOD placed buy 100 @ 82.42 -> NASDAQ (pos=-500 spread=0.01 bid=82.44x400 ask=82.45x800)
2026-04-28T15:44:52.765280480 HOOD order pending_new: pending_new sell 100 @ 82.47 pos=0 filled=0/100
2026-04-28T15:44:52.765295176 HOOD order pending_new: pending_new buy 100 @ 82.42 pos=0 filled=0/100
2026-04-28T15:44:52.777781280 HOOD order new: new sell 100 @ 82.47 pos=0 filled=0/100
2026-04-28T15:44:52.777796949 HOOD order new: new buy 100 @ 82.42 pos=0 filled=0/100
2026-04-28T15:44:54.894371021 BALANCE long=$55240 (2) short=$41213 (1) expose=$14027 | realize=-21.405 fee=-2.054926 net=-19.350074 unrealized=-93.845 equity=-113.195074 liquidate=-122.195074 | fills=45 pending=12 | ofails=0/46
2026-04-28T15:44:54.894417116 SPREAD PYPL NASDAQ  [49.51]  49.53x1800 | 49.54x400  [49.56]  pos=100  realized=0 fees=-0.1772 net=0.1772 unrealized=0.5
2026-04-28T15:44:54.894427839 SPREAD CMCSA NASDAQ  [27.58]  27.61x4200 | 27.62x8900  [0]  pos=0  realized=0 fees=0 net=0 unrealized=0
2026-04-28T15:44:54.894433784 SPREAD DKNG NASDAQ  [0]  23.32x600 | 23.33x300  [23.35]  pos=0  realized=0 fees=0 net=0 unrealized=0
2026-04-28T15:44:54.894440377 SPREAD RIVN NASDAQ  [0]  16.12x3500 | 16.13x800  [16.14]  pos=0  realized=0 fees=0 net=0 unrealized=0
2026-04-28T15:44:54.894446860 SPREAD AAL NASDAQ  [0]  11.63x36100 | 11.64x10000  [11.65]  pos=0  realized=0 fees=0 net=0 unrealized=0
2026-04-28T15:44:54.894453429 SPREAD NKE NYSE  [0]  44.95x1600 | 44.96x900  [44.98]  pos=0  realized=0 fees=0 net=0 unrealized=0
2026-04-28T15:44:54.894460084 SPREAD SOFI NASDAQ  [18.57]  18.59x6400 | 18.6x11100  [0]  pos=0  realized=0 fees=0 net=0 unrealized=0
2026-04-28T15:44:54.894467584 SPREAD HOOD NASDAQ  [82.42]  82.42x200 | 82.43x600  [82.47]  pos=-500  realized=-16.8888 fees=-0.222191 net=-16.666609 unrealized=-57.3612
2026-04-28T15:44:54.894474979 SPREAD XLE ARCA  [57.73]  57.73x19200 | 57.74x16600  [0]  pos=0  realized=0 fees=0 net=0 unrealized=0
2026-04-28T15:44:54.894484250 SPREAD FXI ARCA  [0]  36.28x32700 | 36.29x87100  [36.33]  pos=0  realized=0 fees=0 net=0 unrealized=0
2026-04-28T15:44:54.894491573 SPREAD VZ NYSE  [47.07]  47.07x2100 | 47.08x2400  [0]  pos=0  realized=0 fees=0 net=0 unrealized=0
2026-04-28T15:44:54.894498214 SPREAD INTC NASDAQ  [0]  83.8x1900 | 83.82x600  [83.84]  pos=600  realized=-4.5162 fees=-1.655535 net=-2.860665 unrealized=-36.9838
2026-04-28T15:44:57.517635026 HOOD order fill: filled buy 100 @ 82.42 pos=-400 filled=100/100
2026-04-28T15:44:57.517659209 HOOD filled 100 @ 82.42 | pos=-400 | fill_pnl=-10.9722 | fee=-0.1772 | realized=-27.861 | total_pnl=-32.3772 | total_fees=-2.232126 | fills=46 shares=3300
2026-04-28T15:44:57.531829639 HOOD placed buy 100 @ 82.4 -> NASDAQ (pos=-400 spread=0.01 bid=82.42x200 ask=82.43x700)
2026-04-28T15:44:57.542262286 HOOD order pending_new: pending_new buy 100 @ 82.4 pos=0 filled=0/100
2026-04-28T15:44:57.555923066 HOOD order new: new buy 100 @ 82.4 pos=0 filled=0/100
2026-04-28T15:44:57.608013565 HOOD replacing sell order: 82.47 -> 82.44 (pos=-400 spread=0 bid=82.42x100 ask=82.42x100)
2026-04-28T15:44:57.631497484 HOOD order replaced: replaced sell 100 @ 82.47 pos=0 filled=0/100
2026-04-28T15:44:58.928037394 HOOD order fill: filled buy 100 @ 82.4 pos=-300 filled=100/100
2026-04-28T15:44:58.928065414 HOOD filled 100 @ 82.4 | pos=-300 | fill_pnl=-8.9722 | fee=-0.1772 | realized=-36.8332 | total_pnl=-41.3494 | total_fees=-2.409326 | fills=47 shares=3400
2026-04-28T15:44:58.942130676 HOOD placed buy 100 @ 82.38 -> NASDAQ (pos=-300 spread=0.01 bid=82.4x400 ask=82.41x700)
2026-04-28T15:44:58.953058928 HOOD order pending_new: pending_new buy 100 @ 82.38 pos=0 filled=0/100
2026-04-28T15:44:58.966502884 HOOD order new: new buy 100 @ 82.38 pos=0 filled=0/100
2026-04-28T15:44:59.894486263 BALANCE long=$55237 (2) short=$24722 (1) expose=$30515 | realize=-41.3494 fee=-2.409326 net=-38.940074 unrealized=-67.9006 equity=-106.840674 liquidate=-111.840674 | fills=47 pending=12 | ofails=0/48
2026-04-28T15:44:59.894542317 SPREAD INTC NASDAQ  [0]  83.8x500 | 83.81x200  [83.84]  pos=600  realized=-4.5162 fees=-1.655535 net=-2.860665 unrealized=-39.9838
2026-04-28T15:44:59.894559733 SPREAD PYPL NASDAQ  [49.51]  49.53x1600 | 49.54x1000  [49.56]  pos=100  realized=0 fees=-0.1772 net=0.1772 unrealized=0.5
2026-04-28T15:44:59.894571844 SPREAD CMCSA NASDAQ  [27.58]  27.61x4400 | 27.62x10300  [0]  pos=0  realized=0 fees=0 net=0 unrealized=0
2026-04-28T15:44:59.894579183 SPREAD DKNG NASDAQ  [0]  23.32x500 | 23.33x600  [23.35]  pos=0  realized=0 fees=0 net=0 unrealized=0
2026-04-28T15:44:59.894597593 SPREAD RIVN NASDAQ  [0]  16.13x1800 | 16.14x5100  [16.14]  pos=0  realized=0 fees=0 net=0 unrealized=0
2026-04-28T15:44:59.894606337 SPREAD AAL NASDAQ  [0]  11.63x35100 | 11.64x10000  [11.65]  pos=0  realized=0 fees=0 net=0 unrealized=0
2026-04-28T15:44:59.894611546 SPREAD NKE NYSE  [0]  44.95x1600 | 44.96x1000  [44.98]  pos=0  realized=0 fees=0 net=0 unrealized=0
2026-04-28T15:44:59.894617114 SPREAD SOFI NASDAQ  [18.57]  18.58x6100 | 18.59x7800  [0]  pos=0  realized=0 fees=0 net=0 unrealized=0
2026-04-28T15:44:59.894626396 SPREAD HOOD NASDAQ  [82.38]  82.4x200 | 82.41x400  [82.44]  pos=-300  realized=-36.8332 fees=-0.576591 net=-36.256609 unrealized=-28.4168
2026-04-28T15:44:59.894636352 SPREAD XLE ARCA  [57.73]  57.73x28900 | 57.74x6400  [0]  pos=0  realized=0 fees=0 net=0 unrealized=0
2026-04-28T15:44:59.894645082 SPREAD FXI ARCA  [0]  36.28x31100 | 36.29x85600  [36.33]  pos=0  realized=0 fees=0 net=0 unrealized=0
2026-04-28T15:44:59.894653226 SPREAD VZ NYSE  [47.07]  47.07x2000 | 47.08x1200  [0]  pos=0  realized=0 fees=0 net=0 unrealized=0
2026-04-28T15:45:00.096765527 VZ order fill: filled buy 100 @ 47.07 pos=100 filled=100/100
2026-04-28T15:45:00.096786641 VZ filled 100 @ 47.07 | pos=100 | fill_pnl=0 | fee=-0.1772 | realized=0 | total_pnl=-41.3494 | total_fees=-2.586526 | fills=48 shares=3500
2026-04-28T15:45:00.112924786 VZ placed sell 100 @ 47.1 -> NYSE (pos=100 spread=0.01 bid=47.07x1400 ask=47.08x2100)
2026-04-28T15:45:00.124507721 VZ order pending_new: pending_new sell 100 @ 47.1 pos=0 filled=0/100
2026-04-28T15:45:00.131266337 VZ placed buy 100 @ 47.05 -> NYSE (pos=100 spread=0.01 bid=47.07x1400 ask=47.08x2100)
2026-04-28T15:45:00.143373139 VZ order pending_new: pending_new buy 100 @ 47.05 pos=0 filled=0/100
2026-04-28T15:45:00.143391732 VZ order new: new sell 100 @ 47.1 pos=0 filled=0/100
2026-04-28T15:45:00.154068985 VZ order new: new buy 100 @ 47.05 pos=0 filled=0/100
2026-04-28T15:45:00.664065194 INTC replacing sell order: 83.84 -> 83.81 (pos=600 spread=0 bid=83.79x200 ask=83.79x100)
2026-04-28T15:45:00.687140187 INTC order replaced: replaced sell 100 @ 83.84 pos=0 filled=0/100
2026-04-28T15:45:00.727535299 INTC replacing sell order: 83.81 -> 83.84 (pos=600 spread=0.01 bid=83.81x200 ask=83.82x1700)
2026-04-28T15:45:00.752561024 INTC order replaced: replaced sell 100 @ 83.81 pos=0 filled=0/100
2026-04-28T15:45:03.077384010 XLE order fill: filled buy 100 @ 57.73 pos=100 filled=100/100
2026-04-28T15:45:03.077402185 XLE filled 100 @ 57.73 | pos=100 | fill_pnl=0 | fee=-0.1772 | realized=0 | total_pnl=-41.3494 | total_fees=-2.763726 | fills=49 shares=3600
2026-04-28T15:45:03.095060096 XLE placed buy 100 @ 57.71 -> ARCA (pos=100 spread=0.01 bid=57.73x8500 ask=57.74x38100)
2026-04-28T15:45:03.097727502 XLE placed sell 100 @ 57.76 -> ARCA (pos=100 spread=0.01 bid=57.73x8500 ask=57.74x38100)
2026-04-28T15:45:03.107695527 XLE order pending_new: pending_new buy 100 @ 57.71 pos=0 filled=0/100
2026-04-28T15:45:03.107712303 XLE order pending_new: pending_new sell 100 @ 57.76 pos=0 filled=0/100
2026-04-28T15:45:03.122477180 XLE order new: new buy 100 @ 57.71 pos=0 filled=0/100
2026-04-28T15:45:03.122493218 XLE order new: new sell 100 @ 57.76 pos=0 filled=0/100
2026-04-28T15:45:05.894488664 BALANCE long=$65715 (4) short=$24728 (1) expose=$40987 | realize=-41.3494 fee=-2.763726 net=-38.585674 unrealized=-75.9006 equity=-114.486274 liquidate=-120.486274 | fills=49 pending=12 | ofails=0/52
2026-04-28T15:45:05.894556309 SPREAD AAL NASDAQ  [0]  11.63x32800 | 11.64x13300  [11.65]  pos=0  realized=0 fees=0 net=0 unrealized=0
2026-04-28T15:45:05.894567446 SPREAD NKE NYSE  [0]  44.94x700 | 44.95x1900  [44.98]  pos=0  realized=0 fees=0 net=0 unrealized=0
2026-04-28T15:45:05.894573289 SPREAD SOFI NASDAQ  [18.57]  18.58x4600 | 18.59x8600  [0]  pos=0  realized=0 fees=0 net=0 unrealized=0
2026-04-28T15:45:05.894583314 SPREAD HOOD NASDAQ  [82.38]  82.42x300 | 82.43x500  [82.44]  pos=-300  realized=-36.8332 fees=-0.576591 net=-36.256609 unrealized=-34.4168
2026-04-28T15:45:05.894594830 SPREAD XLE ARCA  [57.71]  57.72x9800 | 57.73x26600  [57.76]  pos=100  realized=0 fees=-0.1772 net=0.1772 unrealized=-0.5
2026-04-28T15:45:05.894613997 SPREAD FXI ARCA  [0]  36.28x28100 | 36.29x77900  [36.33]  pos=0  realized=0 fees=0 net=0 unrealized=0
2026-04-28T15:45:05.894623769 SPREAD VZ NYSE  [47.05]  47.06x1400 | 47.07x2200  [47.1]  pos=100  realized=0 fees=-0.1772 net=0.1772 unrealized=-0.5
2026-04-28T15:45:05.894630527 SPREAD INTC NASDAQ  [0]  83.8x400 | 83.81x200  [83.84]  pos=600  realized=-4.5162 fees=-1.655535 net=-2.860665 unrealized=-39.9838
2026-04-28T15:45:05.894637284 SPREAD PYPL NASDAQ  [49.51]  49.52x500 | 49.53x400  [49.56]  pos=100  realized=0 fees=-0.1772 net=0.1772 unrealized=-0.5
2026-04-28T15:45:05.894646591 SPREAD CMCSA NASDAQ  [27.58]  27.6x5200 | 27.61x3400  [0]  pos=0  realized=0 fees=0 net=0 unrealized=0
2026-04-28T15:45:05.894656354 SPREAD DKNG NASDAQ  [0]  23.32x200 | 23.33x800  [23.35]  pos=0  realized=0 fees=0 net=0 unrealized=0
2026-04-28T15:45:05.894661953 SPREAD RIVN NASDAQ  [0]  16.13x1600 | 16.14x5400  [16.14]  pos=0  realized=0 fees=0 net=0 unrealized=0
2026-04-28T15:45:06.540104100 INTC replacing sell order: 83.84 -> 83.81 (pos=600 spread=0.02 bid=83.78x1800 ask=83.8x1000)
2026-04-28T15:45:06.562762532 INTC order replaced: replaced sell 100 @ 83.84 pos=0 filled=0/100
2026-04-28T15:45:09.229502707 FXI replacing sell order: 36.33 -> 36.3 (pos=0 spread=0.02 bid=36.27x35800 ask=36.29x80000)
2026-04-28T15:45:09.254138845 FXI order replaced: replaced sell 100 @ 36.33 pos=0 filled=0/100
2026-04-28T15:45:10.894624356 BALANCE long=$65704 (4) short=$24725 (1) expose=$40979 | realize=-41.3494 fee=-2.763726 net=-38.585674 unrealized=-83.9006 equity=-122.486274 liquidate=-128.486274 | fills=49 pending=12 | ofails=0/52
2026-04-28T15:45:10.894673319 SPREAD HOOD NASDAQ  [82.38]  82.41x300 | 82.42x200  [82.44]  pos=-300  realized=-36.8332 fees=-0.576591 net=-36.256609 unrealized=-31.4168
2026-04-28T15:45:10.894690441 SPREAD XLE ARCA  [57.71]  57.72x19700 | 57.73x17400  [57.76]  pos=100  realized=0 fees=-0.1772 net=0.1772 unrealized=-0.5
2026-04-28T15:45:10.894700397 SPREAD FXI ARCA  [0]  36.27x66000 | 36.28x44300  [36.3]  pos=0  realized=0 fees=0 net=0 unrealized=0
2026-04-28T15:45:10.894713803 SPREAD VZ NYSE  [47.05]  47.06x1900 | 47.07x2200  [47.1]  pos=100  realized=0 fees=-0.1772 net=0.1772 unrealized=-0.5
2026-04-28T15:45:10.894724001 SPREAD INTC NASDAQ  [0]  83.78x200 | 83.79x500  [83.81]  pos=600  realized=-4.5162 fees=-1.655535 net=-2.860665 unrealized=-51.9838
2026-04-28T15:45:10.894733335 SPREAD PYPL NASDAQ  [49.51]  49.53x200 | 49.54x900  [49.56]  pos=100  realized=0 fees=-0.1772 net=0.1772 unrealized=0.5
2026-04-28T15:45:10.894741868 SPREAD CMCSA NASDAQ  [27.58]  27.6x5000 | 27.61x4800  [0]  pos=0  realized=0 fees=0 net=0 unrealized=0
2026-04-28T15:45:10.894747088 SPREAD DKNG NASDAQ  [0]  23.32x600 | 23.33x400  [23.35]  pos=0  realized=0 fees=0 net=0 unrealized=0
2026-04-28T15:45:10.894761363 SPREAD RIVN NASDAQ  [0]  16.13x1800 | 16.14x5200  [16.14]  pos=0  realized=0 fees=0 net=0 unrealized=0
2026-04-28T15:45:10.894769759 SPREAD AAL NASDAQ  [0]  11.63x35900 | 11.64x10600  [11.65]  pos=0  realized=0 fees=0 net=0 unrealized=0
2026-04-28T15:45:10.894774979 SPREAD NKE NYSE  [0]  44.94x400 | 44.95x1300  [44.98]  pos=0  realized=0 fees=0 net=0 unrealized=0
2026-04-28T15:45:10.894781303 SPREAD SOFI NASDAQ  [18.57]  18.58x5500 | 18.59x8700  [0]  pos=0  realized=0 fees=0 net=0 unrealized=0
2026-04-28T15:45:13.652012838 INTC replacing sell order: 83.81 -> 83.78 (pos=600 spread=0 bid=83.76x2000 ask=83.76x200)
2026-04-28T15:45:13.676976413 INTC order replaced: replaced sell 100 @ 83.81 pos=0 filled=0/100
2026-04-28T15:45:14.577172846 INTC order fill: filled sell 100 @ 83.78 pos=500 filled=100/100
2026-04-28T15:45:14.577200884 INTC filled -100 @ 83.78 | pos=500 | fill_pnl=-9.164 | fee=0.014887 | realized=-13.6802 | total_pnl=-50.5134 | total_fees=-2.748839 | fills=50 shares=3700
2026-04-28T15:45:14.591162671 INTC placed sell 100 @ 83.8 -> NASDAQ (pos=500 spread=0.01 bid=83.77x500 ask=83.78x300)
2026-04-28T15:45:14.597149028 INTC placed buy 100 @ 83.75 -> NASDAQ (pos=500 spread=0.01 bid=83.77x500 ask=83.78x300)
2026-04-28T15:45:14.605107073 INTC order pending_new: pending_new sell 100 @ 83.8 pos=0 filled=0/100
2026-04-28T15:45:14.605122604 INTC order pending_new: pending_new buy 100 @ 83.75 pos=0 filled=0/100
2026-04-28T15:45:14.616139501 INTC order new: new sell 100 @ 83.8 pos=0 filled=0/100
2026-04-28T15:45:14.616157590 INTC order new: new buy 100 @ 83.75 pos=0 filled=0/100
2026-04-28T15:45:14.796089881 HOOD replacing buy order: 82.38 -> 82.41 (pos=-300 spread=0.02 bid=82.42x1100 ask=82.44x500)
2026-04-28T15:45:14.821021009 HOOD order replaced: replaced buy 100 @ 82.38 pos=0 filled=0/100
2026-04-28T15:45:16.894019566 BALANCE long=$57327 (4) short=$24731 (1) expose=$32597 | realize=-50.5134 fee=-2.748839 net=-47.764561 unrealized=-79.2366 equity=-127.001161 liquidate=-132.501161 | fills=50 pending=12 | ofails=0/54
2026-04-28T15:45:16.894065881 SPREAD SOFI NASDAQ  [18.57]  18.58x7400 | 18.59x6200  [0]  pos=0  realized=0 fees=0 net=0 unrealized=0
2026-04-28T15:45:16.894078611 SPREAD HOOD NASDAQ  [82.41]  82.43x200 | 82.44x800  [82.44]  pos=-300  realized=-36.8332 fees=-0.576591 net=-36.256609 unrealized=-37.4168
2026-04-28T15:45:16.894089696 SPREAD XLE ARCA  [57.71]  57.73x38300 | 57.74x8600  [57.76]  pos=100  realized=0 fees=-0.1772 net=0.1772 unrealized=0.5
2026-04-28T15:45:16.894098790 SPREAD FXI ARCA  [0]  36.27x42600 | 36.28x82400  [36.3]  pos=0  realized=0 fees=0 net=0 unrealized=0
2026-04-28T15:45:16.894105654 SPREAD VZ NYSE  [47.05]  47.08x1200 | 47.09x2000  [47.1]  pos=100  realized=0 fees=-0.1772 net=0.1772 unrealized=1.5
2026-04-28T15:45:16.894119901 SPREAD INTC NASDAQ  [83.75]  83.78x100 | 83.79x1600  [83.8]  pos=500  realized=-13.6802 fees=-1.640648 net=-12.039552 unrealized=-43.3198
2026-04-28T15:45:16.894127627 SPREAD PYPL NASDAQ  [49.51]  49.52x1100 | 49.53x400  [49.56]  pos=100  realized=0 fees=-0.1772 net=0.1772 unrealized=-0.5
2026-04-28T15:45:16.894134275 SPREAD CMCSA NASDAQ  [27.58]  27.6x3800 | 27.61x4800  [0]  pos=0  realized=0 fees=0 net=0 unrealized=0
2026-04-28T15:45:16.894140027 SPREAD DKNG NASDAQ  [0]  23.32x700 | 23.33x400  [23.35]  pos=0  realized=0 fees=0 net=0 unrealized=0
2026-04-28T15:45:16.894149791 SPREAD RIVN NASDAQ  [0]  16.12x4000 | 16.13x2300  [16.14]  pos=0  realized=0 fees=0 net=0 unrealized=0
2026-04-28T15:45:16.894156022 SPREAD AAL NASDAQ  [0]  11.63x36200 | 11.64x9300  [11.65]  pos=0  realized=0 fees=0 net=0 unrealized=0
2026-04-28T15:45:16.894164696 SPREAD NKE NYSE  [0]  44.94x400 | 44.95x1200  [44.98]  pos=0  realized=0 fees=0 net=0 unrealized=0
2026-04-28T15:45:19.055157451 INTC order partial_fill: partially_filled buy 100 @ 83.75 pos=552 filled=52/100
2026-04-28T15:45:19.055181337 INTC filled 52 @ 83.75 | pos=552 | fill_pnl=0 | fee=-0.0908 | realized=-13.6802 | total_pnl=-50.5134 | total_fees=-2.839639 | fills=51 shares=3752
2026-04-28T15:45:19.074328552 INTC order fill: filled buy 100 @ 83.75 pos=600 filled=100/100
2026-04-28T15:45:19.074344955 INTC filled 48 @ 83.75 | pos=600 | fill_pnl=0 | fee=-0.0864 | realized=-13.6802 | total_pnl=-50.5134 | total_fees=-2.926039 | fills=52 shares=3800
2026-04-28T15:45:19.432062293 INTC replacing sell order: 83.8 -> 83.77 (pos=600 spread=0 bid=83.75x1300 ask=83.75x200)
2026-04-28T15:45:19.459680300 INTC order replaced: replaced sell 100 @ 83.8 pos=0 filled=0/100
2026-04-28T15:45:20.781191112 HOOD order fill: filled sell 100 @ 82.44 pos=-400 filled=100/100
2026-04-28T15:45:20.781220071 HOOD filled -100 @ 82.44 | pos=-400 | fill_pnl=0 | fee=0.012126 | realized=-36.8332 | total_pnl=-50.5134 | total_fees=-2.913913 | fills=53 shares=3900
2026-04-28T15:45:20.805903368 HOOD placed sell 100 @ 82.46 -> NASDAQ (pos=-400 spread=0.01 bid=82.43x200 ask=82.44x400)
2026-04-28T15:45:20.817657667 HOOD order pending_new: pending_new sell 100 @ 82.46 pos=0 filled=0/100
2026-04-28T15:45:20.829669337 HOOD order new: new sell 100 @ 82.46 pos=0 filled=0/100
2026-04-28T15:45:21.894682257 BALANCE long=$65689 (4) short=$32974 (1) expose=$32715 | realize=-50.5134 fee=-2.913913 net=-47.599487 unrealized=-92.2366 equity=-139.836087 liquidate=-146.336087 | fills=53 pending=12 | ofails=0/55
2026-04-28T15:45:21.894758765 SPREAD DKNG NASDAQ  [0]  23.32x1100 | 23.33x400  [23.35]  pos=0  realized=0 fees=0 net=0 unrealized=0
2026-04-28T15:45:21.894770312 SPREAD RIVN NASDAQ  [0]  16.12x3900 | 16.13x2700  [16.14]  pos=0  realized=0 fees=0 net=0 unrealized=0
2026-04-28T15:45:21.894775808 SPREAD AAL NASDAQ  [0]  11.63x35200 | 11.64x12600  [11.65]  pos=0  realized=0 fees=0 net=0 unrealized=0
2026-04-28T15:45:21.894782569 SPREAD NKE NYSE  [0]  44.95x1600 | 44.96x1000  [44.98]  pos=0  realized=0 fees=0 net=0 unrealized=0
2026-04-28T15:45:21.894797787 SPREAD SOFI NASDAQ  [18.57]  18.58x8200 | 18.59x6400  [0]  pos=0  realized=0 fees=0 net=0 unrealized=0
2026-04-28T15:45:21.894807521 SPREAD HOOD NASDAQ  [82.41]  82.43x200 | 82.44x900  [82.46]  pos=-400  realized=-36.8332 fees=-0.564465 net=-36.268735 unrealized=-36.9168
2026-04-28T15:45:21.894817857 SPREAD XLE ARCA  [57.71]  57.73x23600 | 57.74x19700  [57.76]  pos=100  realized=0 fees=-0.1772 net=0.1772 unrealized=0.5
2026-04-28T15:45:21.894824790 SPREAD FXI ARCA  [0]  36.27x50700 | 36.28x82400  [36.3]  pos=0  realized=0 fees=0 net=0 unrealized=0
2026-04-28T15:45:21.894833812 SPREAD VZ NYSE  [47.05]  47.09x300 | 47.1x2500  [47.1]  pos=100  realized=0 fees=-0.1772 net=0.1772 unrealized=2.5
2026-04-28T15:45:21.894844291 SPREAD INTC NASDAQ  [0]  83.75x200 | 83.76x200  [83.77]  pos=600  realized=-13.6802 fees=-1.817848 net=-11.862352 unrealized=-57.8198
2026-04-28T15:45:21.894854541 SPREAD PYPL NASDAQ  [49.51]  49.52x900 | 49.53x1400  [49.56]  pos=100  realized=0 fees=-0.1772 net=0.1772 unrealized=-0.5
2026-04-28T15:45:21.894868229 SPREAD CMCSA NASDAQ  [27.58]  27.6x3500 | 27.61x6000  [0]  pos=0  realized=0 fees=0 net=0 unrealized=0
2026-04-28T15:45:24.380342109 INTC order fill: filled sell 100 @ 83.77 pos=500 filled=100/100
2026-04-28T15:45:24.380364863 INTC filled -100 @ 83.77 | pos=500 | fill_pnl=-8.1366 | fee=0.014866 | realized=-21.8168 | total_pnl=-58.65 | total_fees=-2.899047 | fills=54 shares=4000
2026-04-28T15:45:24.396062976 INTC placed buy 100 @ 83.74 -> NASDAQ (pos=500 spread=0.01 bid=83.76x100 ask=83.77x1700)
2026-04-28T15:45:24.398496765 INTC placed sell 100 @ 83.79 -> NASDAQ (pos=500 spread=0.01 bid=83.76x100 ask=83.77x1700)
2026-04-28T15:45:24.407098714 INTC order pending_new: pending_new buy 100 @ 83.74 pos=0 filled=0/100
2026-04-28T15:45:24.407111726 INTC order pending_new: pending_new sell 100 @ 83.79 pos=0 filled=0/100
2026-04-28T15:45:24.422168931 INTC order new: new buy 100 @ 83.74 pos=0 filled=0/100
2026-04-28T15:45:24.422212791 INTC order new: new sell 100 @ 83.79 pos=0 filled=0/100
2026-04-28T15:45:27.893967122 BALANCE long=$57313 (4) short=$32966 (1) expose=$24347 | realize=-58.65 fee=-2.899047 net=-55.750953 unrealized=-74.6 equity=-130.350953 liquidate=-136.350953 | fills=54 pending=12 | ofails=0/57
2026-04-28T15:45:27.894007181 SPREAD FXI ARCA  [0]  36.27x39000 | 36.28x83100  [36.3]  pos=0  realized=0 fees=0 net=0 unrealized=0
2026-04-28T15:45:27.894016933 SPREAD VZ NYSE  [47.05]  47.09x1300 | 47.1x1600  [47.1]  pos=100  realized=0 fees=-0.1772 net=0.1772 unrealized=2.5
2026-04-28T15:45:27.894023174 SPREAD INTC NASDAQ  [83.74]  83.75x100 | 83.76x400  [83.79]  pos=500  realized=-21.8168 fees=-1.802982 net=-20.013818 unrealized=-48.1832
2026-04-28T15:45:27.894031987 SPREAD PYPL NASDAQ  [49.51]  49.51x700 | 49.52x800  [49.56]  pos=100  realized=0 fees=-0.1772 net=0.1772 unrealized=-1.5
2026-04-28T15:45:27.894039642 SPREAD CMCSA NASDAQ  [27.58]  27.6x4800 | 27.61x4500  [0]  pos=0  realized=0 fees=0 net=0 unrealized=0
2026-04-28T15:45:27.894043773 SPREAD DKNG NASDAQ  [0]  23.33x1500 | 23.34x100  [23.35]  pos=0  realized=0 fees=0 net=0 unrealized=0
2026-04-28T15:45:27.894047731 SPREAD RIVN NASDAQ  [0]  16.12x3900 | 16.13x1800  [16.14]  pos=0  realized=0 fees=0 net=0 unrealized=0
2026-04-28T15:45:27.894052004 SPREAD AAL NASDAQ  [0]  11.63x33300 | 11.64x14600  [11.65]  pos=0  realized=0 fees=0 net=0 unrealized=0
2026-04-28T15:45:27.894058365 SPREAD NKE NYSE  [0]  44.95x2100 | 44.96x900  [44.98]  pos=0  realized=0 fees=0 net=0 unrealized=0
2026-04-28T15:45:27.894105084 SPREAD SOFI NASDAQ  [18.57]  18.58x5700 | 18.59x7800  [0]  pos=0  realized=0 fees=0 net=0 unrealized=0
2026-04-28T15:45:27.894120104 SPREAD HOOD NASDAQ  [82.41]  82.41x300 | 82.42x400  [82.46]  pos=-400  realized=-36.8332 fees=-0.564465 net=-36.268735 unrealized=-28.9168
2026-04-28T15:45:27.894127639 SPREAD XLE ARCA  [57.71]  57.74x7800 | 57.75x38700  [57.76]  pos=100  realized=0 fees=-0.1772 net=0.1772 unrealized=1.5
2026-04-28T15:45:28.270597009 HOOD order fill: filled buy 100 @ 82.41 pos=-300 filled=100/100
2026-04-28T15:45:28.270617943 HOOD filled 100 @ 82.41 | pos=-300 | fill_pnl=-6.7292 | fee=-0.1772 | realized=-43.5624 | total_pnl=-65.3792 | total_fees=-3.076247 | fills=55 shares=4100
2026-04-28T15:45:28.283902505 HOOD placed buy 100 @ 82.39 -> NASDAQ (pos=-300 spread=0.01 bid=82.41x300 ask=82.42x400)
2026-04-28T15:45:28.296529839 HOOD order pending_new: pending_new buy 100 @ 82.39 pos=0 filled=0/100
2026-04-28T15:45:28.307904996 HOOD order new: new buy 100 @ 82.39 pos=0 filled=0/100
2026-04-28T15:45:28.463021697 HOOD replacing sell order: 82.46 -> 82.43 (pos=-300 spread=0.02 bid=82.4x400 ask=82.42x1200)
2026-04-28T15:45:28.487956240 HOOD order replaced: replaced sell 100 @ 82.46 pos=0 filled=0/100
2026-04-28T15:45:28.586667133 PYPL order fill: filled buy 100 @ 49.51 pos=200 filled=100/100
2026-04-28T15:45:28.586691048 PYPL filled 100 @ 49.51 | pos=200 | fill_pnl=0 | fee=-0.1772 | realized=0 | total_pnl=-65.3792 | total_fees=-3.253447 | fills=56 shares=4200
2026-04-28T15:45:28.610392141 PYPL placed buy 100 @ 49.49 -> NASDAQ (pos=200 spread=0.01 bid=49.51x600 ask=49.52x800)
2026-04-28T15:45:28.620894008 PYPL order pending_new: pending_new buy 100 @ 49.49 pos=0 filled=0/100
2026-04-28T15:45:28.635153566 PYPL order new: new buy 100 @ 49.49 pos=0 filled=0/100
2026-04-28T15:45:28.713484297 PYPL replacing sell order: 49.56 -> 49.53 (pos=200 spread=0.02 bid=49.5x900 ask=49.52x800)
2026-04-28T15:45:28.738317598 PYPL order replaced: replaced sell 100 @ 49.56 pos=0 filled=0/100
2026-04-28T15:45:29.048283183 VZ order fill: filled sell 100 @ 47.1 pos=0 filled=100/100
2026-04-28T15:45:29.048307212 VZ filled -100 @ 47.1 | pos=0 | fill_pnl=3 | fee=-0.060674 | realized=3 | total_pnl=-62.3792 | total_fees=-3.314121 | fills=57 shares=4300
2026-04-28T15:45:29.225195061 VZ replacing buy order: 47.05 -> 47.08 (pos=0 spread=0 bid=47.1x1100 ask=47.1x1000)
2026-04-28T15:45:29.249936284 VZ order replaced: replaced buy 100 @ 47.05 pos=0 filled=0/100
2026-04-28T15:45:31.609726811 PYPL order fill: filled sell 100 @ 49.53 pos=100 filled=100/100
2026-04-28T15:45:31.609752438 PYPL filled -100 @ 49.53 | pos=100 | fill_pnl=1 | fee=-0.055668 | realized=1 | total_pnl=-61.3792 | total_fees=-3.369789 | fills=58 shares=4400
2026-04-28T15:45:31.622817181 PYPL placed sell 100 @ 49.55 -> NASDAQ (pos=100 spread=0.01 bid=49.52x900 ask=49.53x500)
2026-04-28T15:45:31.634492133 PYPL order pending_new: pending_new sell 100 @ 49.55 pos=0 filled=0/100
2026-04-28T15:45:31.647811052 PYPL order new: new sell 100 @ 49.55 pos=0 filled=0/100
2026-04-28T15:45:31.647823098 PYPL order fill: filled sell 100 @ 49.55 pos=0 filled=100/100
2026-04-28T15:45:31.647833049 PYPL filled -100 @ 49.555 | pos=0 | fill_pnl=3.5 | fee=-0.055617 | realized=4.5 | total_pnl=-57.8792 | total_fees=-3.425406 | fills=59 shares=4500
2026-04-28T15:45:31.765128819 PYPL replacing buy order: 49.49 -> 49.52 (pos=0 spread=0 bid=49.54x200 ask=49.54x500)
2026-04-28T15:45:31.789219097 PYPL order replaced: replaced buy 100 @ 49.49 pos=0 filled=0/100
2026-04-28T15:45:32.894147899 BALANCE long=$47666 (2) short=$24722 (1) expose=$22945 | realize=-57.8792 fee=-3.425406 net=-54.453794 unrealized=-51.3708 equity=-105.824594 liquidate=-110.324594 | fills=59 pending=12 | ofails=0/60
2026-04-28T15:45:32.894202487 SPREAD HOOD NASDAQ  [82.39]  82.4x200 | 82.41x1100  [82.43]  pos=-300  realized=-43.5624 fees=-0.741665 net=-42.820735 unrealized=-18.6876
2026-04-28T15:45:32.894222111 SPREAD XLE ARCA  [57.71]  57.73x17900 | 57.74x15400  [57.76]  pos=100  realized=0 fees=-0.1772 net=0.1772 unrealized=0.5
2026-04-28T15:45:32.894244697 SPREAD FXI ARCA  [0]  36.27x45200 | 36.28x75500  [36.3]  pos=0  realized=0 fees=0 net=0 unrealized=0
2026-04-28T15:45:32.894254908 SPREAD VZ NYSE  [47.08]  47.1x1000 | 47.11x2200  [0]  pos=0  realized=3 fees=-0.237874 net=3.237874 unrealized=0
2026-04-28T15:45:32.894261864 SPREAD INTC NASDAQ  [83.74]  83.78x400 | 83.79x900  [83.79]  pos=500  realized=-21.8168 fees=-1.802982 net=-20.013818 unrealized=-33.1832
2026-04-28T15:45:32.894269675 SPREAD PYPL NASDAQ  [49.52]  49.55x700 | 49.56x100  [0]  pos=0  realized=4.5 fees=-0.465685 net=4.965685 unrealized=0
2026-04-28T15:45:32.894278775 SPREAD CMCSA NASDAQ  [27.58]  27.6x5000 | 27.61x4500  [0]  pos=0  realized=0 fees=0 net=0 unrealized=0
2026-04-28T15:45:32.894288006 SPREAD DKNG NASDAQ  [0]  23.33x1500 | 23.34x1000  [23.35]  pos=0  realized=0 fees=0 net=0 unrealized=0
2026-04-28T15:45:32.894294624 SPREAD RIVN NASDAQ  [0]  16.12x5900 | 16.13x2000  [16.14]  pos=0  realized=0 fees=0 net=0 unrealized=0
2026-04-28T15:45:32.894303675 SPREAD AAL NASDAQ  [0]  11.63x33700 | 11.64x14100  [11.65]  pos=0  realized=0 fees=0 net=0 unrealized=0
2026-04-28T15:45:32.894314893 SPREAD NKE NYSE  [0]  44.96x1600 | 44.97x1100  [44.98]  pos=0  realized=0 fees=0 net=0 unrealized=0
2026-04-28T15:45:32.894324825 SPREAD SOFI NASDAQ  [18.57]  18.58x5700 | 18.59x7500  [0]  pos=0  realized=0 fees=0 net=0 unrealized=0
2026-04-28T15:45:33.444204790 DKNG order fill: filled sell 100 @ 23.35 pos=-100 filled=100/100
2026-04-28T15:45:33.444231760 DKNG filled -100 @ 23.35 | pos=-100 | fill_pnl=0 | fee=-0.109599 | realized=0 | total_pnl=-57.8792 | total_fees=-3.535005 | fills=60 shares=4600
2026-04-28T15:45:33.459299749 DKNG placed sell 100 @ 23.36 -> NASDAQ (pos=-100 spread=0.01 bid=23.33x1500 ask=23.34x200)
2026-04-28T15:45:33.461381134 DKNG placed buy 100 @ 23.31 -> NASDAQ (pos=-100 spread=0.01 bid=23.33x1500 ask=23.34x200)
2026-04-28T15:45:33.473119476 DKNG order pending_new: pending_new sell 100 @ 23.36 pos=0 filled=0/100
2026-04-28T15:45:33.473138863 DKNG order pending_new: pending_new buy 100 @ 23.31 pos=0 filled=0/100
2026-04-28T15:45:33.473146079 INTC order fill: filled sell 100 @ 83.79 pos=400 filled=100/100
2026-04-28T15:45:33.473159466 INTC filled -100 @ 83.79 | pos=400 | fill_pnl=-6.1366 | fee=0.014907 | realized=-27.9534 | total_pnl=-64.0158 | total_fees=-3.520098 | fills=61 shares=4700
2026-04-28T15:45:33.482855946 DKNG order new: new sell 100 @ 23.36 pos=0 filled=0/100
2026-04-28T15:45:33.482877352 DKNG order new: new buy 100 @ 23.31 pos=0 filled=0/100
2026-04-28T15:45:33.489964136 INTC placed sell 100 @ 83.8 -> NASDAQ (pos=400 spread=0.01 bid=83.77x400 ask=83.78x200)
2026-04-28T15:45:33.503247315 INTC order pending_new: pending_new sell 100 @ 83.8 pos=0 filled=0/100
2026-04-28T15:45:33.514437091 INTC order new: new sell 100 @ 83.8 pos=0 filled=0/100
2026-04-28T15:45:33.594936265 INTC replacing buy order: 83.74 -> 83.77 (pos=400 spread=0 bid=83.79x200 ask=83.79x400)
2026-04-28T15:45:33.620323967 INTC order replaced: replaced buy 100 @ 83.74 pos=0 filled=0/100
2026-04-28T15:45:33.712592884 INTC order fill: filled sell 100 @ 83.8 pos=300 filled=100/100
2026-04-28T15:45:33.712611311 INTC filled -100 @ 83.8 | pos=300 | fill_pnl=-5.1366 | fee=0.014928 | realized=-33.09 | total_pnl=-69.1524 | total_fees=-3.50517 | fills=62 shares=4800
2026-04-28T15:45:33.724857512 INTC placed sell 100 @ 83.82 -> NASDAQ (pos=300 spread=0.01 bid=83.79x500 ask=83.8x400)
2026-04-28T15:45:33.736675397 INTC order pending_new: pending_new sell 100 @ 83.82 pos=0 filled=0/100
2026-04-28T15:45:33.749594781 INTC order new: new sell 100 @ 83.82 pos=0 filled=0/100
2026-04-28T15:45:37.894384925 BALANCE long=$30911 (2) short=$27057 (2) expose=$3854 | realize=-69.1524 fee=-3.50517 net=-65.64723 unrealized=-37.0976 equity=-102.74483 liquidate=-108.24483 | fills=62 pending=12 | ofails=0/64
2026-04-28T15:45:37.894440226 SPREAD INTC NASDAQ  [83.77]  83.78x700 | 83.8x400  [83.82]  pos=300  realized=-33.09 fees=-1.773147 net=-31.316853 unrealized=-18.41
2026-04-28T15:45:37.894468470 SPREAD PYPL NASDAQ  [49.52]  49.55x800 | 49.56x600  [0]  pos=0  realized=4.5 fees=-0.465685 net=4.965685 unrealized=0
2026-04-28T15:45:37.894476040 SPREAD CMCSA NASDAQ  [27.58]  27.6x5000 | 27.61x4500  [0]  pos=0  realized=0 fees=0 net=0 unrealized=0
2026-04-28T15:45:37.894482666 SPREAD DKNG NASDAQ  [23.31]  23.35x700 | 23.36x700  [23.36]  pos=-100  realized=0 fees=-0.109599 net=0.109599 unrealized=-0.5
2026-04-28T15:45:37.894489009 SPREAD RIVN NASDAQ  [0]  16.12x5900 | 16.13x2100  [16.14]  pos=0  realized=0 fees=0 net=0 unrealized=0
2026-04-28T15:45:37.894498198 SPREAD AAL NASDAQ  [0]  11.63x33700 | 11.64x13100  [11.65]  pos=0  realized=0 fees=0 net=0 unrealized=0
2026-04-28T15:45:37.894504119 SPREAD NKE NYSE  [0]  44.96x1700 | 44.97x1100  [44.98]  pos=0  realized=0 fees=0 net=0 unrealized=0
2026-04-28T15:45:37.894510081 SPREAD SOFI NASDAQ  [18.57]  18.58x6000 | 18.59x7100  [0]  pos=0  realized=0 fees=0 net=0 unrealized=0
2026-04-28T15:45:37.894516391 SPREAD HOOD NASDAQ  [82.39]  82.4x200 | 82.41x1100  [82.43]  pos=-300  realized=-43.5624 fees=-0.741665 net=-42.820735 unrealized=-18.6876
2026-04-28T15:45:37.894522901 SPREAD XLE ARCA  [57.71]  57.73x25900 | 57.74x13200  [57.76]  pos=100  realized=0 fees=-0.1772 net=0.1772 unrealized=0.5
2026-04-28T15:45:37.894528691 SPREAD FXI ARCA  [0]  36.27x61800 | 36.28x69800  [36.3]  pos=0  realized=0 fees=0 net=0 unrealized=0
2026-04-28T15:45:37.894535629 SPREAD VZ NYSE  [47.08]  47.11x1200 | 47.12x2400  [0]  pos=0  realized=3 fees=-0.237874 net=3.237874 unrealized=0
2026-04-28T15:45:38.679545303 HOOD order fill: filled buy 100 @ 82.39 pos=-200 filled=100/100
2026-04-28T15:45:38.679569189 HOOD filled 100 @ 82.39 | pos=-200 | fill_pnl=-4.7292 | fee=-0.1772 | realized=-48.2916 | total_pnl=-73.8816 | total_fees=-3.68237 | fills=63 shares=4900
2026-04-28T15:45:38.691401451 HOOD placed buy 100 @ 82.38 -> NASDAQ (pos=-200 spread=0.01 bid=82.4x300 ask=82.41x1100)
2026-04-28T15:45:38.703216356 HOOD order pending_new: pending_new buy 100 @ 82.38 pos=0 filled=0/100
2026-04-28T15:45:38.716011414 HOOD order new: new buy 100 @ 82.38 pos=0 filled=0/100
2026-04-28T15:45:39.966154523 VZ replacing buy order: 47.08 -> 47.11 (pos=0 spread=0.02 bid=47.12x2100 ask=47.14x1400)
2026-04-28T15:45:39.991029011 VZ order replaced: replaced buy 100 @ 47.08 pos=0 filled=0/100
2026-04-28T15:45:40.449460157 CMCSA replacing buy order: 27.58 -> 27.61 (pos=0 spread=0 bid=27.63x400 ask=27.63x2900)
2026-04-28T15:45:40.474064701 CMCSA order replaced: replaced buy 100 @ 27.58 pos=0 filled=0/100
2026-04-28T15:45:43.894065316 BALANCE long=$30912 (2) short=$18817 (2) expose=$12096 | realize=-73.8816 fee=-3.68237 net=-70.19923 unrealized=-29.3684 equity=-99.56763 liquidate=-103.06763 | fills=63 pending=12 | ofails=0/65
2026-04-28T15:45:43.894115372 SPREAD AAL NASDAQ  [0]  11.63x32400 | 11.64x15400  [11.65]  pos=0  realized=0 fees=0 net=0 unrealized=0
2026-04-28T15:45:43.894126309 SPREAD NKE NYSE  [0]  44.96x1600 | 44.97x1300  [44.98]  pos=0  realized=0 fees=0 net=0 unrealized=0
2026-04-28T15:45:43.894132585 SPREAD SOFI NASDAQ  [18.57]  18.58x6000 | 18.59x7100  [0]  pos=0  realized=0 fees=0 net=0 unrealized=0
2026-04-28T15:45:43.894140730 SPREAD HOOD NASDAQ  [82.38]  82.4x200 | 82.41x300  [82.43]  pos=-200  realized=-48.2916 fees=-0.918865 net=-47.372735 unrealized=-12.4584
2026-04-28T15:45:43.894150819 SPREAD XLE ARCA  [57.71]  57.73x23000 | 57.74x14700  [57.76]  pos=100  realized=0 fees=-0.1772 net=0.1772 unrealized=0.5
2026-04-28T15:45:43.894159026 SPREAD FXI ARCA  [0]  36.27x50500 | 36.28x69400  [36.3]  pos=0  realized=0 fees=0 net=0 unrealized=0
2026-04-28T15:45:43.894165113 SPREAD VZ NYSE  [47.11]  47.13x400 | 47.14x2700  [0]  pos=0  realized=3 fees=-0.237874 net=3.237874 unrealized=0
2026-04-28T15:45:43.894171536 SPREAD INTC NASDAQ  [83.77]  83.79x200 | 83.8x600  [83.82]  pos=300  realized=-33.09 fees=-1.773147 net=-31.316853 unrealized=-16.91
2026-04-28T15:45:43.894180841 SPREAD PYPL NASDAQ  [49.52]  49.55x1000 | 49.56x1100  [0]  pos=0  realized=4.5 fees=-0.465685 net=4.965685 unrealized=0
2026-04-28T15:45:43.894205689 SPREAD CMCSA NASDAQ  [27.61]  27.63x3900 | 27.64x2900  [0]  pos=0  realized=0 fees=0 net=0 unrealized=0
2026-04-28T15:45:43.894213387 SPREAD DKNG NASDAQ  [23.31]  23.35x700 | 23.36x700  [23.36]  pos=-100  realized=0 fees=-0.109599 net=0.109599 unrealized=-0.5
2026-04-28T15:45:43.894223965 SPREAD RIVN NASDAQ  [0]  16.12x6000 | 16.13x2300  [16.14]  pos=0  realized=0 fees=0 net=0 unrealized=0
2026-04-28T15:45:49.894494330 BALANCE long=$30912 (2) short=$18814 (2) expose=$12099 | realize=-73.8816 fee=-3.68237 net=-70.19923 unrealized=-26.3684 equity=-96.56763 liquidate=-101.06763 | fills=63 pending=12 | ofails=0/65
2026-04-28T15:45:49.894554053 SPREAD SOFI NASDAQ  [18.57]  18.58x6900 | 18.59x7300  [0]  pos=0  realized=0 fees=0 net=0 unrealized=0
2026-04-28T15:45:49.894567956 SPREAD HOOD NASDAQ  [82.38]  82.38x1300 | 82.4x700  [82.43]  pos=-200  realized=-48.2916 fees=-0.918865 net=-47.372735 unrealized=-9.4584
2026-04-28T15:45:49.894576398 SPREAD XLE ARCA  [57.71]  57.73x20100 | 57.74x17000  [57.76]  pos=100  realized=0 fees=-0.1772 net=0.1772 unrealized=0.5
2026-04-28T15:45:49.894583645 SPREAD FXI ARCA  [0]  36.27x65300 | 36.28x69400  [36.3]  pos=0  realized=0 fees=0 net=0 unrealized=0
2026-04-28T15:45:49.894594058 SPREAD VZ NYSE  [47.11]  47.11x1300 | 47.12x2000  [0]  pos=0  realized=3 fees=-0.237874 net=3.237874 unrealized=0
2026-04-28T15:45:49.894601589 SPREAD INTC NASDAQ  [83.77]  83.79x400 | 83.8x500  [83.82]  pos=300  realized=-33.09 fees=-1.773147 net=-31.316853 unrealized=-16.91
2026-04-28T15:45:49.894608026 SPREAD PYPL NASDAQ  [49.52]  49.55x700 | 49.56x1500  [0]  pos=0  realized=4.5 fees=-0.465685 net=4.965685 unrealized=0
2026-04-28T15:45:49.894614970 SPREAD CMCSA NASDAQ  [27.61]  27.62x6100 | 27.63x6600  [0]  pos=0  realized=0 fees=0 net=0 unrealized=0
2026-04-28T15:45:49.894622011 SPREAD DKNG NASDAQ  [23.31]  23.35x800 | 23.36x1400  [23.36]  pos=-100  realized=0 fees=-0.109599 net=0.109599 unrealized=-0.5
2026-04-28T15:45:49.894629840 SPREAD RIVN NASDAQ  [0]  16.12x3700 | 16.13x3800  [16.14]  pos=0  realized=0 fees=0 net=0 unrealized=0
2026-04-28T15:45:49.894639273 SPREAD AAL NASDAQ  [0]  11.63x32300 | 11.64x13600  [11.65]  pos=0  realized=0 fees=0 net=0 unrealized=0
2026-04-28T15:45:49.894646016 SPREAD NKE NYSE  [0]  44.95x900 | 44.96x2100  [44.98]  pos=0  realized=0 fees=0 net=0 unrealized=0
2026-04-28T15:45:54.763669346 DKNG order fill: filled sell 100 @ 23.36 pos=-200 filled=100/100
2026-04-28T15:45:54.763698727 DKNG filled -100 @ 23.36 | pos=-200 | fill_pnl=0 | fee=-0.109578 | realized=0 | total_pnl=-73.8816 | total_fees=-3.791948 | fills=64 shares=5000
2026-04-28T15:45:54.779678992 DKNG placed sell 100 @ 23.38 -> NASDAQ (pos=-200 spread=0.01 bid=23.35x500 ask=23.36x1800)
2026-04-28T15:45:54.781828364 DKNG replacing buy order: 23.31 -> 23.34 (pos=-200 spread=0.02 bid=23.35x1700 ask=23.37x900)
2026-04-28T15:45:54.792255252 DKNG order pending_new: pending_new sell 100 @ 23.38 pos=0 filled=0/100
2026-04-28T15:45:54.803788865 DKNG order new: new sell 100 @ 23.38 pos=0 filled=0/100
2026-04-28T15:45:54.803814900 DKNG order replaced: replaced buy 100 @ 23.31 pos=0 filled=0/100
2026-04-28T15:45:55.894417894 BALANCE long=$30912 (2) short=$21152 (2) expose=$9760 | realize=-73.8816 fee=-3.791948 net=-70.089652 unrealized=-28.8684 equity=-98.958052 liquidate=-102.958052 | fills=64 pending=12 | ofails=0/66
2026-04-28T15:45:55.894483393 SPREAD AAL NASDAQ  [0]  11.63x32300 | 11.64x17500  [11.65]  pos=0  realized=0 fees=0 net=0 unrealized=0
2026-04-28T15:45:55.894495802 SPREAD NKE NYSE  [0]  44.95x1800 | 44.96x1900  [44.98]  pos=0  realized=0 fees=0 net=0 unrealized=0
2026-04-28T15:45:55.894502539 SPREAD SOFI NASDAQ  [18.57]  18.58x6700 | 18.59x7400  [0]  pos=0  realized=0 fees=0 net=0 unrealized=0
2026-04-28T15:45:55.894510304 SPREAD HOOD NASDAQ  [82.38]  82.39x400 | 82.4x500  [82.43]  pos=-200  realized=-48.2916 fees=-0.918865 net=-47.372735 unrealized=-10.4584
2026-04-28T15:45:55.894518369 SPREAD XLE ARCA  [57.71]  57.73x38700 | 57.74x7900  [57.76]  pos=100  realized=0 fees=-0.1772 net=0.1772 unrealized=0.5
2026-04-28T15:45:55.894542845 SPREAD FXI ARCA  [0]  36.27x66000 | 36.28x70800  [36.3]  pos=0  realized=0 fees=0 net=0 unrealized=0
2026-04-28T15:45:55.894551718 SPREAD VZ NYSE  [47.11]  47.11x2100 | 47.12x2300  [0]  pos=0  realized=3 fees=-0.237874 net=3.237874 unrealized=0
2026-04-28T15:45:55.894556977 SPREAD INTC NASDAQ  [83.77]  83.79x600 | 83.8x600  [83.82]  pos=300  realized=-33.09 fees=-1.773147 net=-31.316853 unrealized=-16.91
2026-04-28T15:45:55.894569865 SPREAD PYPL NASDAQ  [49.52]  49.54x700 | 49.55x100  [0]  pos=0  realized=4.5 fees=-0.465685 net=4.965685 unrealized=0
2026-04-28T15:45:55.894577019 SPREAD CMCSA NASDAQ  [27.61]  27.62x5700 | 27.63x5700  [0]  pos=0  realized=0 fees=0 net=0 unrealized=0
2026-04-28T15:45:55.894584125 SPREAD DKNG NASDAQ  [23.34]  23.36x1200 | 23.37x200  [23.38]  pos=-200  realized=0 fees=-0.219177 net=0.219177 unrealized=-2
2026-04-28T15:45:55.894590161 SPREAD RIVN NASDAQ  [0]  16.12x3700 | 16.13x3800  [16.14]  pos=0  realized=0 fees=0 net=0 unrealized=0
2026-04-28T15:45:58.001303514 INTC order fill: filled sell 100 @ 83.82 pos=200 filled=100/100
2026-04-28T15:45:58.001326990 INTC filled -100 @ 83.82 | pos=200 | fill_pnl=-3.1367 | fee=0.014969 | realized=-36.2267 | total_pnl=-77.0183 | total_fees=-3.776979 | fills=65 shares=5100
2026-04-28T15:45:58.018060490 INTC placed sell 100 @ 83.84 -> NASDAQ (pos=200 spread=0.01 bid=83.81x500 ask=83.82x800)
2026-04-28T15:45:58.028376129 INTC order pending_new: pending_new sell 100 @ 83.84 pos=0 filled=0/100
2026-04-28T15:45:58.046717975 INTC order new: new sell 100 @ 83.84 pos=0 filled=0/100
2026-04-28T15:45:58.097891806 INTC replacing buy order: 83.77 -> 83.8 (pos=200 spread=0.02 bid=83.81x1300 ask=83.83x1300)
2026-04-28T15:45:58.123304093 INTC order replaced: replaced buy 100 @ 83.77 pos=0 filled=0/100
2026-04-28T15:45:59.054334575 INTC order fill: filled buy 100 @ 83.8 pos=300 filled=100/100
2026-04-28T15:45:59.054361555 INTC filled 100 @ 83.8 | pos=300 | fill_pnl=0 | fee=-0.1772 | realized=-36.2267 | total_pnl=-77.0183 | total_fees=-3.954179 | fills=66 shares=5200
2026-04-28T15:45:59.073868487 INTC placed buy 100 @ 83.78 -> NASDAQ (pos=300 spread=0.01 bid=83.8x200 ask=83.81x600)
2026-04-28T15:45:59.086256644 INTC order pending_new: pending_new buy 100 @ 83.78 pos=0 filled=0/100
2026-04-28T15:45:59.098704930 INTC order new: new buy 100 @ 83.78 pos=0 filled=0/100
2026-04-28T15:45:59.455358211 INTC replacing sell order: 83.84 -> 83.81 (pos=300 spread=0 bid=83.79x100 ask=83.79x200)
2026-04-28T15:45:59.481779682 INTC order replaced: replaced sell 100 @ 83.84 pos=0 filled=0/100
2026-04-28T15:46:00.045683446 INTC order fill: filled buy 100 @ 83.78 pos=400 filled=100/100
2026-04-28T15:46:00.045703652 INTC filled 100 @ 83.78 | pos=400 | fill_pnl=0 | fee=-0.1772 | realized=-36.2267 | total_pnl=-77.0183 | total_fees=-4.131379 | fills=67 shares=5300
2026-04-28T15:46:00.117507163 INTC placed buy 100 @ 83.76 -> NASDAQ (pos=400 spread=0.01 bid=83.78x200 ask=83.79x400)
2026-04-28T15:46:00.128705610 INTC order pending_new: pending_new buy 100 @ 83.76 pos=0 filled=0/100
2026-04-28T15:46:00.146526079 INTC order new: new buy 100 @ 83.76 pos=0 filled=0/100
2026-04-28T15:46:00.146547683 INTC order fill: filled buy 100 @ 83.76 pos=500 filled=100/100
2026-04-28T15:46:00.146563525 INTC filled 100 @ 83.76 | pos=500 | fill_pnl=0 | fee=-0.1772 | realized=-36.2267 | total_pnl=-77.0183 | total_fees=-4.308579 | fills=68 shares=5400
2026-04-28T15:46:00.190946204 INTC placed buy 100 @ 83.76 -> NASDAQ (pos=500 spread=0.01 bid=83.78x200 ask=83.79x400)
2026-04-28T15:46:00.202137551 INTC order pending_new: pending_new buy 100 @ 83.76 pos=0 filled=0/100
2026-04-28T15:46:00.218182281 INTC order new: new buy 100 @ 83.76 pos=0 filled=0/100
2026-04-28T15:46:00.256402371 INTC replacing buy order: 83.76 -> 83.73 (pos=500 spread=0.01 bid=83.75x1300 ask=83.76x200)
2026-04-28T15:46:00.261326055 INTC replacing sell order: 83.81 -> 83.78 (pos=500 spread=0.02 bid=83.75x1300 ask=83.77x1000)
2026-04-28T15:46:00.282262117 INTC order replaced: replaced buy 100 @ 83.76 pos=0 filled=0/100
2026-04-28T15:46:00.282300558 INTC order replaced: replaced sell 100 @ 83.81 pos=0 filled=0/100
2026-04-28T15:46:00.894500396 BALANCE long=$47656 (2) short=$21154 (2) expose=$26502 | realize=-77.0183 fee=-4.308579 net=-72.709721 unrealized=-35.7317 equity=-108.441421 liquidate=-113.441421 | fills=68 pending=12 | ofails=0/70
2026-04-28T15:46:00.894562872 SPREAD SOFI NASDAQ  [18.57]  18.58x7400 | 18.59x7000  [0]  pos=0  realized=0 fees=0 net=0 unrealized=0
2026-04-28T15:46:00.895312837 SPREAD HOOD NASDAQ  [82.38]  82.39x300 | 82.4x800  [82.43]  pos=-200  realized=-48.2916 fees=-0.918865 net=-47.372735 unrealized=-10.4584
2026-04-28T15:46:00.895323036 SPREAD XLE ARCA  [57.71]  57.73x21800 | 57.74x22500  [57.76]  pos=100  realized=0 fees=-0.1772 net=0.1772 unrealized=0.5
2026-04-28T15:46:00.895334448 SPREAD FXI ARCA  [0]  36.27x66200 | 36.28x70800  [36.3]  pos=0  realized=0 fees=0 net=0 unrealized=0
2026-04-28T15:46:00.895344980 SPREAD VZ NYSE  [47.11]  47.11x1500 | 47.12x1500  [0]  pos=0  realized=3 fees=-0.237874 net=3.237874 unrealized=0
2026-04-28T15:46:00.895355813 SPREAD INTC NASDAQ  [83.73]  83.76x300 | 83.77x400  [83.78]  pos=500  realized=-36.2267 fees=-2.289778 net=-33.936922 unrealized=-21.7733
2026-04-28T15:46:00.895362619 SPREAD PYPL NASDAQ  [49.52]  49.54x500 | 49.55x300  [0]  pos=0  realized=4.5 fees=-0.465685 net=4.965685 unrealized=0
2026-04-28T15:46:00.895367586 SPREAD CMCSA NASDAQ  [27.61]  27.62x5600 | 27.63x5900  [0]  pos=0  realized=0 fees=0 net=0 unrealized=0
2026-04-28T15:46:00.895372062 SPREAD DKNG NASDAQ  [23.34]  23.37x300 | 23.38x800  [23.38]  pos=-200  realized=0 fees=-0.219177 net=0.219177 unrealized=-4
2026-04-28T15:46:00.895380350 SPREAD RIVN NASDAQ  [0]  16.12x3700 | 16.13x3800  [16.14]  pos=0  realized=0 fees=0 net=0 unrealized=0
2026-04-28T15:46:00.895392076 SPREAD AAL NASDAQ  [0]  11.63x32300 | 11.64x16700  [11.65]  pos=0  realized=0 fees=0 net=0 unrealized=0
2026-04-28T15:46:00.895401348 SPREAD NKE NYSE  [0]  44.95x2000 | 44.96x1800  [44.98]  pos=0  realized=0 fees=0 net=0 unrealized=0
2026-04-28T15:46:01.114996680 INTC order fill: filled sell 100 @ 83.78 pos=400 filled=100/100
2026-04-28T15:46:01.115020276 INTC filled -100 @ 83.78 | pos=400 | fill_pnl=-2.8547 | fee=0.014887 | realized=-39.0814 | total_pnl=-79.873 | total_fees=-4.293692 | fills=69 shares=5500
2026-04-28T15:46:01.129019413 INTC placed sell 100 @ 83.79 -> NASDAQ (pos=400 spread=0.01 bid=83.76x300 ask=83.77x400)
2026-04-28T15:46:01.140307606 INTC order pending_new: pending_new sell 100 @ 83.79 pos=0 filled=0/100
2026-04-28T15:46:01.154513538 INTC order new: new sell 100 @ 83.79 pos=0 filled=0/100
2026-04-28T15:46:01.488706033 INTC order fill: filled sell 100 @ 83.79 pos=300 filled=100/100
2026-04-28T15:46:01.488729913 INTC filled -100 @ 83.79 | pos=300 | fill_pnl=-1.8546 | fee=0.014907 | realized=-40.936 | total_pnl=-81.7276 | total_fees=-4.278785 | fills=70 shares=5600
2026-04-28T15:46:01.502553581 INTC placed sell 100 @ 83.8 -> NASDAQ (pos=300 spread=0.01 bid=83.77x1400 ask=83.78x200)
2026-04-28T15:46:01.513379506 INTC order pending_new: pending_new sell 100 @ 83.8 pos=0 filled=0/100
2026-04-28T15:46:01.528141294 INTC order new: new sell 100 @ 83.8 pos=0 filled=0/100
2026-04-28T15:46:01.827374929 INTC replacing buy order: 83.73 -> 83.76 (pos=300 spread=0 bid=83.78x100 ask=83.78x100)
2026-04-28T15:46:01.853161171 INTC order replaced: replaced buy 100 @ 83.73 pos=0 filled=0/100
2026-04-28T15:46:04.878870687 VZ order fill: filled buy 100 @ 47.11 pos=100 filled=100/100
2026-04-28T15:46:04.878899019 VZ filled 100 @ 47.11 | pos=100 | fill_pnl=0 | fee=-0.1772 | realized=3 | total_pnl=-81.7276 | total_fees=-4.455985 | fills=71 shares=5700
2026-04-28T15:46:04.892561936 VZ placed sell 100 @ 47.14 -> NYSE (pos=100 spread=0.01 bid=47.11x700 ask=47.12x3400)
2026-04-28T15:46:04.899749417 VZ placed buy 100 @ 47.09 -> NYSE (pos=100 spread=0.01 bid=47.11x700 ask=47.12x3400)
2026-04-28T15:46:04.904145152 VZ order pending_new: pending_new sell 100 @ 47.14 pos=0 filled=0/100
2026-04-28T15:46:04.904167651 VZ order pending_new: pending_new buy 100 @ 47.09 pos=0 filled=0/100
2026-04-28T15:46:04.917354241 VZ order new: new sell 100 @ 47.14 pos=0 filled=0/100
2026-04-28T15:46:04.917369454 VZ order new: new buy 100 @ 47.09 pos=0 filled=0/100
2026-04-28T15:46:04.970763809 INTC order fill: filled sell 100 @ 83.8 pos=200 filled=100/100
2026-04-28T15:46:04.970785988 INTC filled -100 @ 83.8 | pos=200 | fill_pnl=-0.8547 | fee=0.014928 | realized=-41.7907 | total_pnl=-82.5823 | total_fees=-4.441057 | fills=72 shares=5800
2026-04-28T15:46:04.983759029 INTC placed sell 100 @ 83.81 -> NASDAQ (pos=200 spread=0.01 bid=83.78x300 ask=83.79x200)
2026-04-28T15:46:04.994634754 INTC order pending_new: pending_new sell 100 @ 83.81 pos=0 filled=0/100
2026-04-28T15:46:05.008549438 INTC order new: new sell 100 @ 83.81 pos=0 filled=0/100
2026-04-28T15:46:06.648543923 HOOD order fill: filled buy 100 @ 82.38 pos=-100 filled=100/100
2026-04-28T15:46:06.648571007 HOOD filled 100 @ 82.38 | pos=-100 | fill_pnl=-3.7292 | fee=-0.1772 | realized=-52.0208 | total_pnl=-86.3115 | total_fees=-4.618257 | fills=73 shares=5900
2026-04-28T15:46:06.661576429 HOOD placed buy 100 @ 82.36 -> NASDAQ (pos=-100 spread=0.01 bid=82.38x900 ask=82.39x200)
2026-04-28T15:46:06.672966701 HOOD order pending_new: pending_new buy 100 @ 82.36 pos=0 filled=0/100
2026-04-28T15:46:06.685587024 HOOD order new: new buy 100 @ 82.36 pos=0 filled=0/100
2026-04-28T15:46:06.894038321 BALANCE long=$27243 (3) short=$12914 (2) expose=$14330 | realize=-86.3115 fee=-4.618257 net=-81.693243 unrealized=-10.9385 equity=-92.631743 liquidate=-96.131743 | fills=73 pending=12 | ofails=0/76
2026-04-28T15:46:06.894099571 SPREAD XLE ARCA  [57.71]  57.73x39600 | 57.74x8300  [57.76]  pos=100  realized=0 fees=-0.1772 net=0.1772 unrealized=0.5
2026-04-28T15:46:06.894111013 SPREAD FXI ARCA  [0]  36.27x66200 | 36.28x69900  [36.3]  pos=0  realized=0 fees=0 net=0 unrealized=0
2026-04-28T15:46:06.894122291 SPREAD VZ NYSE  [47.09]  47.1x3200 | 47.11x700  [47.14]  pos=100  realized=3 fees=-0.415074 net=3.415074 unrealized=-0.5
2026-04-28T15:46:06.894130153 SPREAD INTC NASDAQ  [83.76]  83.79x200 | 83.8x200  [83.81]  pos=200  realized=-41.7907 fees=-2.245056 net=-39.545644 unrealized=-2.7093
2026-04-28T15:46:06.894137678 SPREAD PYPL NASDAQ  [49.52]  49.54x600 | 49.55x800  [0]  pos=0  realized=4.5 fees=-0.465685 net=4.965685 unrealized=0
2026-04-28T15:46:06.894146280 SPREAD CMCSA NASDAQ  [27.61]  27.62x5200 | 27.63x7000  [0]  pos=0  realized=0 fees=0 net=0 unrealized=0
2026-04-28T15:46:06.894153868 SPREAD DKNG NASDAQ  [23.34]  23.37x500 | 23.38x600  [23.38]  pos=-200  realized=0 fees=-0.219177 net=0.219177 unrealized=-4
2026-04-28T15:46:06.894162198 SPREAD RIVN NASDAQ  [0]  16.12x3700 | 16.13x3600  [16.14]  pos=0  realized=0 fees=0 net=0 unrealized=0
2026-04-28T15:46:06.894169834 SPREAD AAL NASDAQ  [0]  11.63x33200 | 11.64x16100  [11.65]  pos=0  realized=0 fees=0 net=0 unrealized=0
2026-04-28T15:46:06.894175580 SPREAD NKE NYSE  [0]  44.95x2000 | 44.96x1800  [44.98]  pos=0  realized=0 fees=0 net=0 unrealized=0
2026-04-28T15:46:06.894181202 SPREAD SOFI NASDAQ  [18.57]  18.58x9500 | 18.59x7200  [0]  pos=0  realized=0 fees=0 net=0 unrealized=0
2026-04-28T15:46:06.894192617 SPREAD HOOD NASDAQ  [82.36]  82.38x1000 | 82.39x200  [82.43]  pos=-100  realized=-52.0208 fees=-1.096065 net=-50.924735 unrealized=-4.2292
2026-04-28T15:46:07.028300344 HOOD replacing sell order: 82.43 -> 82.4 (pos=-100 spread=0.02 bid=82.37x400 ask=82.39x1000)
2026-04-28T15:46:07.054100569 HOOD order replaced: replaced sell 100 @ 82.43 pos=0 filled=0/100
2026-04-28T15:46:08.454978715 HOOD order partial_fill: partially_filled buy 100 @ 82.36 pos=-72 filled=28/100
2026-04-28T15:46:08.455002800 HOOD filled 28 @ 82.36 | pos=-72 | fill_pnl=-0.484176 | fee=-0.0476 | realized=-52.504976 | total_pnl=-86.795676 | total_fees=-4.665857 | fills=74 shares=5928
2026-04-28T15:46:08.470114271 HOOD order fill: filled buy 100 @ 82.36 pos=0 filled=100/100
2026-04-28T15:46:08.470130728 HOOD filled 72 @ 82.36 | pos=0 | fill_pnl=-1.245024 | fee=-0.1296 | realized=-53.75 | total_pnl=-88.0407 | total_fees=-4.795457 | fills=75 shares=6000
2026-04-28T15:46:11.894066930 BALANCE long=$27243 (3) short=$4673 (1) expose=$22570 | realize=-88.0407 fee=-4.795457 net=-83.245243 unrealized=-4.7093 equity=-87.954543 liquidate=-90.954543 | fills=75 pending=12 | ofails=0/76
2026-04-28T15:46:11.894144269 SPREAD INTC NASDAQ  [83.76]  83.79x500 | 83.8x300  [83.81]  pos=200  realized=-41.7907 fees=-2.245056 net=-39.545644 unrealized=-2.7093
2026-04-28T15:46:11.894161940 SPREAD PYPL NASDAQ  [49.52]  49.54x200 | 49.55x700  [0]  pos=0  realized=4.5 fees=-0.465685 net=4.965685 unrealized=0
2026-04-28T15:46:11.894173090 SPREAD CMCSA NASDAQ  [27.61]  27.62x4200 | 27.63x7100  [0]  pos=0  realized=0 fees=0 net=0 unrealized=0
2026-04-28T15:46:11.894183565 SPREAD DKNG NASDAQ  [23.34]  23.36x1300 | 23.37x100  [23.38]  pos=-200  realized=0 fees=-0.219177 net=0.219177 unrealized=-2
2026-04-28T15:46:11.894192567 SPREAD RIVN NASDAQ  [0]  16.12x3700 | 16.13x2500  [16.14]  pos=0  realized=0 fees=0 net=0 unrealized=0
2026-04-28T15:46:11.894200884 SPREAD AAL NASDAQ  [0]  11.63x33200 | 11.64x19900  [11.65]  pos=0  realized=0 fees=0 net=0 unrealized=0
2026-04-28T15:46:11.894209104 SPREAD NKE NYSE  [0]  44.95x1900 | 44.96x400  [44.98]  pos=0  realized=0 fees=0 net=0 unrealized=0
2026-04-28T15:46:11.894217726 SPREAD SOFI NASDAQ  [18.57]  18.58x7300 | 18.59x4100  [0]  pos=0  realized=0 fees=0 net=0 unrealized=0
2026-04-28T15:46:11.894224394 SPREAD HOOD NASDAQ  [0]  82.36x300 | 82.37x1400  [82.4]  pos=0  realized=-53.75 fees=-1.273265 net=-52.476735 unrealized=0
2026-04-28T15:46:11.894231268 SPREAD XLE ARCA  [57.71]  57.73x39000 | 57.74x9000  [57.76]  pos=100  realized=0 fees=-0.1772 net=0.1772 unrealized=0.5
2026-04-28T15:46:11.894239430 SPREAD FXI ARCA  [0]  36.27x66200 | 36.28x69900  [36.3]  pos=0  realized=0 fees=0 net=0 unrealized=0
2026-04-28T15:46:11.894246693 SPREAD VZ NYSE  [47.09]  47.1x3700 | 47.11x1000  [47.14]  pos=100  realized=3 fees=-0.415074 net=3.415074 unrealized=-0.5
2026-04-28T15:46:17.893781362 BALANCE long=$27244 (3) short=$4675 (1) expose=$22569 | realize=-88.0407 fee=-4.795457 net=-83.245243 unrealized=-5.7093 equity=-88.954543 liquidate=-91.954543 | fills=75 pending=12 | ofails=0/76
2026-04-28T15:46:17.893830639 SPREAD SOFI NASDAQ  [18.57]  18.58x7300 | 18.59x4600  [0]  pos=0  realized=0 fees=0 net=0 unrealized=0
2026-04-28T15:46:17.893842010 SPREAD HOOD NASDAQ  [0]  82.36x300 | 82.37x700  [82.4]  pos=0  realized=-53.75 fees=-1.273265 net=-52.476735 unrealized=0
2026-04-28T15:46:17.893854850 SPREAD XLE ARCA  [57.71]  57.74x17300 | 57.75x25700  [57.76]  pos=100  realized=0 fees=-0.1772 net=0.1772 unrealized=1.5
2026-04-28T15:46:17.893864546 SPREAD FXI ARCA  [0]  36.27x66200 | 36.28x69900  [36.3]  pos=0  realized=0 fees=0 net=0 unrealized=0
2026-04-28T15:46:17.893875341 SPREAD VZ NYSE  [47.09]  47.1x3600 | 47.11x700  [47.14]  pos=100  realized=3 fees=-0.415074 net=3.415074 unrealized=-0.5
2026-04-28T15:46:17.893886041 SPREAD INTC NASDAQ  [83.76]  83.79x600 | 83.8x300  [83.81]  pos=200  realized=-41.7907 fees=-2.245056 net=-39.545644 unrealized=-2.7093
2026-04-28T15:46:17.893893194 SPREAD PYPL NASDAQ  [49.52]  49.55x800 | 49.56x200  [0]  pos=0  realized=4.5 fees=-0.465685 net=4.965685 unrealized=0
2026-04-28T15:46:17.893899154 SPREAD CMCSA NASDAQ  [27.61]  27.62x4400 | 27.63x7100  [0]  pos=0  realized=0 fees=0 net=0 unrealized=0
2026-04-28T15:46:17.893907735 SPREAD DKNG NASDAQ  [23.34]  23.37x200 | 23.38x1300  [23.38]  pos=-200  realized=0 fees=-0.219177 net=0.219177 unrealized=-4
2026-04-28T15:46:17.893917764 SPREAD RIVN NASDAQ  [0]  16.12x3600 | 16.13x3600  [16.14]  pos=0  realized=0 fees=0 net=0 unrealized=0
2026-04-28T15:46:17.893926964 SPREAD AAL NASDAQ  [0]  11.63x34700 | 11.64x19900  [11.65]  pos=0  realized=0 fees=0 net=0 unrealized=0
2026-04-28T15:46:17.893936254 SPREAD NKE NYSE  [0]  44.95x1400 | 44.96x700  [44.98]  pos=0  realized=0 fees=0 net=0 unrealized=0
2026-04-28T15:46:22.894631386 BALANCE long=$27244 (3) short=$4675 (1) expose=$22569 | realize=-88.0407 fee=-4.795457 net=-83.245243 unrealized=-5.7093 equity=-88.954543 liquidate=-91.954543 | fills=75 pending=12 | ofails=0/76
2026-04-28T15:46:22.894689305 SPREAD INTC NASDAQ  [83.76]  83.79x400 | 83.8x500  [83.81]  pos=200  realized=-41.7907 fees=-2.245056 net=-39.545644 unrealized=-2.7093
2026-04-28T15:46:22.895444942 SPREAD PYPL NASDAQ  [49.52]  49.56x400 | 49.57x800  [0]  pos=0  realized=4.5 fees=-0.465685 net=4.965685 unrealized=0
2026-04-28T15:46:22.895457395 SPREAD CMCSA NASDAQ  [27.61]  27.62x4700 | 27.63x6700  [0]  pos=0  realized=0 fees=0 net=0 unrealized=0
2026-04-28T15:46:22.895462923 SPREAD DKNG NASDAQ  [23.34]  23.37x500 | 23.38x1100  [23.38]  pos=-200  realized=0 fees=-0.219177 net=0.219177 unrealized=-4
2026-04-28T15:46:22.895474706 SPREAD RIVN NASDAQ  [0]  16.12x3800 | 16.13x3500  [16.14]  pos=0  realized=0 fees=0 net=0 unrealized=0
2026-04-28T15:46:22.895484635 SPREAD AAL NASDAQ  [0]  11.63x33300 | 11.64x19900  [11.65]  pos=0  realized=0 fees=0 net=0 unrealized=0
2026-04-28T15:46:22.895490603 SPREAD NKE NYSE  [0]  44.95x1500 | 44.96x1700  [44.98]  pos=0  realized=0 fees=0 net=0 unrealized=0
2026-04-28T15:46:22.895500272 SPREAD SOFI NASDAQ  [18.57]  18.58x7200 | 18.59x4300  [0]  pos=0  realized=0 fees=0 net=0 unrealized=0
2026-04-28T15:46:22.895509773 SPREAD HOOD NASDAQ  [0]  82.36x200 | 82.37x1800  [82.4]  pos=0  realized=-53.75 fees=-1.273265 net=-52.476735 unrealized=0
2026-04-28T15:46:22.895520368 SPREAD XLE ARCA  [57.71]  57.74x17900 | 57.75x21000  [57.76]  pos=100  realized=0 fees=-0.1772 net=0.1772 unrealized=1.5
2026-04-28T15:46:22.895528856 SPREAD FXI ARCA  [0]  36.27x69500 | 36.28x69900  [36.3]  pos=0  realized=0 fees=0 net=0 unrealized=0
2026-04-28T15:46:22.895535753 SPREAD VZ NYSE  [47.09]  47.1x2600 | 47.11x800  [47.14]  pos=100  realized=3 fees=-0.415074 net=3.415074 unrealized=-0.5
2026-04-28T15:46:25.621718748 INTC order partial_fill: partially_filled buy 100 @ 83.76 pos=244 filled=44/100
2026-04-28T15:46:25.621744690 INTC filled 44 @ 83.76 | pos=244 | fill_pnl=0 | fee=-0.0764 | realized=-41.7907 | total_pnl=-88.0407 | total_fees=-4.871857 | fills=76 shares=6044
2026-04-28T15:46:25.621760180 INTC order fill: filled buy 100 @ 83.76 pos=300 filled=100/100
2026-04-28T15:46:25.621767197 INTC filled 56 @ 83.76 | pos=300 | fill_pnl=0 | fee=-0.1008 | realized=-41.7907 | total_pnl=-88.0407 | total_fees=-4.972657 | fills=77 shares=6100
2026-04-28T15:46:25.646155829 INTC placed buy 100 @ 83.74 -> NASDAQ (pos=300 spread=0.01 bid=83.76x200 ask=83.77x1300)
2026-04-28T15:46:25.658880393 INTC order pending_new: pending_new buy 100 @ 83.74 pos=0 filled=0/100
2026-04-28T15:46:25.671086950 INTC order new: new buy 100 @ 83.74 pos=0 filled=0/100
2026-04-28T15:46:28.532935866 INTC order fill: filled buy 100 @ 83.74 pos=400 filled=100/100
2026-04-28T15:46:28.532957760 INTC filled 100 @ 83.74 | pos=400 | fill_pnl=0 | fee=-0.1772 | realized=-41.7907 | total_pnl=-88.0407 | total_fees=-5.149857 | fills=78 shares=6200
2026-04-28T15:46:28.549286523 INTC placed buy 100 @ 83.74 -> NASDAQ (pos=400 spread=0.01 bid=83.76x400 ask=83.77x100)
2026-04-28T15:46:28.560645187 INTC order pending_new: pending_new buy 100 @ 83.74 pos=0 filled=0/100
2026-04-28T15:46:28.573702404 INTC order new: new buy 100 @ 83.74 pos=0 filled=0/100
2026-04-28T15:46:28.640730634 INTC replacing sell order: 83.81 -> 83.78 (pos=400 spread=0.02 bid=83.75x1800 ask=83.77x1600)
2026-04-28T15:46:28.647631585 INTC order fill: filled buy 100 @ 83.74 pos=500 filled=100/100
2026-04-28T15:46:28.647648722 INTC filled 100 @ 83.74 | pos=500 | fill_pnl=0 | fee=-0.1772 | realized=-41.7907 | total_pnl=-88.0407 | total_fees=-5.327057 | fills=79 shares=6300
2026-04-28T15:46:28.661979892 INTC order replaced: replaced sell 100 @ 83.81 pos=0 filled=0/100
2026-04-28T15:46:28.663911909 INTC placed buy 100 @ 83.72 -> NASDAQ (pos=500 spread=0.01 bid=83.74x1000 ask=83.75x1300)
2026-04-28T15:46:28.676309714 INTC order pending_new: pending_new buy 100 @ 83.72 pos=0 filled=0/100
2026-04-28T15:46:28.688702865 INTC order new: new buy 100 @ 83.72 pos=0 filled=0/100
2026-04-28T15:46:28.893748700 BALANCE long=$52354 (3) short=$4675 (1) expose=$47679 | realize=-88.0407 fee=-5.327057 net=-82.713643 unrealized=-19.7093 equity=-102.422943 liquidate=-109.422943 | fills=79 pending=12 | ofails=0/79
2026-04-28T15:46:28.893800722 SPREAD CMCSA NASDAQ  [27.61]  27.61x4000 | 27.62x7500  [0]  pos=0  realized=0 fees=0 net=0 unrealized=0
2026-04-28T15:46:28.893814485 SPREAD DKNG NASDAQ  [23.34]  23.37x400 | 23.38x900  [23.38]  pos=-200  realized=0 fees=-0.219177 net=0.219177 unrealized=-4
2026-04-28T15:46:28.893820646 SPREAD RIVN NASDAQ  [0]  16.12x3800 | 16.13x4300  [16.14]  pos=0  realized=0 fees=0 net=0 unrealized=0
2026-04-28T15:46:28.893829874 SPREAD AAL NASDAQ  [0]  11.63x33000 | 11.64x21700  [11.65]  pos=0  realized=0 fees=0 net=0 unrealized=0
2026-04-28T15:46:28.893835548 SPREAD NKE NYSE  [0]  44.95x300 | 44.96x1700  [44.98]  pos=0  realized=0 fees=0 net=0 unrealized=0
2026-04-28T15:46:28.893841429 SPREAD SOFI NASDAQ  [18.57]  18.58x7200 | 18.59x4200  [0]  pos=0  realized=0 fees=0 net=0 unrealized=0
2026-04-28T15:46:28.893851677 SPREAD HOOD NASDAQ  [0]  82.36x200 | 82.37x1500  [82.4]  pos=0  realized=-53.75 fees=-1.273265 net=-52.476735 unrealized=0
2026-04-28T15:46:28.893868284 SPREAD XLE ARCA  [57.71]  57.74x22500 | 57.75x15000  [57.76]  pos=100  realized=0 fees=-0.1772 net=0.1772 unrealized=1.5
2026-04-28T15:46:28.893874487 SPREAD FXI ARCA  [0]  36.27x65700 | 36.28x69900  [36.3]  pos=0  realized=0 fees=0 net=0 unrealized=0
2026-04-28T15:46:28.893885361 SPREAD VZ NYSE  [47.09]  47.09x2800 | 47.1x1300  [47.14]  pos=100  realized=3 fees=-0.415074 net=3.415074 unrealized=-1.5
2026-04-28T15:46:28.893895691 SPREAD INTC NASDAQ  [83.72]  83.73x1800 | 83.75x400  [83.78]  pos=500  realized=-41.7907 fees=-2.776656 net=-39.014044 unrealized=-15.7093
2026-04-28T15:46:28.893903875 SPREAD PYPL NASDAQ  [49.52]  49.55x900 | 49.57x800  [0]  pos=0  realized=4.5 fees=-0.465685 net=4.965685 unrealized=0
2026-04-28T15:46:33.510509055 HOOD replacing sell order: 82.4 -> 82.37 (pos=0 spread=0.02 bid=82.34x900 ask=82.36x900)
2026-04-28T15:46:33.535940622 HOOD order replaced: replaced sell 100 @ 82.4 pos=0 filled=0/100
2026-04-28T15:46:33.894013937 BALANCE long=$52364 (3) short=$4675 (1) expose=$47689 | realize=-88.0407 fee=-5.327057 net=-82.713643 unrealized=-9.7093 equity=-92.422943 liquidate=-99.422943 | fills=79 pending=12 | ofails=0/79
2026-04-28T15:46:33.894065008 SPREAD CMCSA NASDAQ  [27.61]  27.61x3900 | 27.62x8200  [0]  pos=0  realized=0 fees=0 net=0 unrealized=0
2026-04-28T15:46:33.894091937 SPREAD DKNG NASDAQ  [23.34]  23.37x400 | 23.38x1000  [23.38]  pos=-200  realized=0 fees=-0.219177 net=0.219177 unrealized=-4
2026-04-28T15:46:33.894101728 SPREAD RIVN NASDAQ  [0]  16.12x3800 | 16.13x4600  [16.14]  pos=0  realized=0 fees=0 net=0 unrealized=0
2026-04-28T15:46:33.894110688 SPREAD AAL NASDAQ  [0]  11.63x29300 | 11.64x21600  [11.65]  pos=0  realized=0 fees=0 net=0 unrealized=0
2026-04-28T15:46:33.894119672 SPREAD NKE NYSE  [0]  44.94x800 | 44.95x1200  [44.98]  pos=0  realized=0 fees=0 net=0 unrealized=0
2026-04-28T15:46:33.894125960 SPREAD SOFI NASDAQ  [18.57]  18.58x7200 | 18.59x4200  [0]  pos=0  realized=0 fees=0 net=0 unrealized=0
2026-04-28T15:46:33.894135612 SPREAD HOOD NASDAQ  [0]  82.34x900 | 82.35x400  [82.37]  pos=0  realized=-53.75 fees=-1.273265 net=-52.476735 unrealized=0
2026-04-28T15:46:33.894142643 SPREAD XLE ARCA  [57.71]  57.74x22100 | 57.75x18600  [57.76]  pos=100  realized=0 fees=-0.1772 net=0.1772 unrealized=1.5
2026-04-28T15:46:33.894148481 SPREAD FXI ARCA  [0]  36.27x67100 | 36.28x69900  [36.3]  pos=0  realized=0 fees=0 net=0 unrealized=0
2026-04-28T15:46:33.894155808 SPREAD VZ NYSE  [47.09]  47.09x2600 | 47.1x1500  [47.14]  pos=100  realized=3 fees=-0.415074 net=3.415074 unrealized=-1.5
2026-04-28T15:46:33.894163131 SPREAD INTC NASDAQ  [83.72]  83.75x400 | 83.77x1000  [83.78]  pos=500  realized=-41.7907 fees=-2.776656 net=-39.014044 unrealized=-5.7093
2026-04-28T15:46:33.894173199 SPREAD PYPL NASDAQ  [49.52]  49.55x800 | 49.56x400  [0]  pos=0  realized=4.5 fees=-0.465685 net=4.965685 unrealized=0
2026-04-28T15:46:35.111837503 INTC replacing buy order: 83.72 -> 83.75 (pos=500 spread=0 bid=83.77x200 ask=83.77x200)
2026-04-28T15:46:35.135980197 INTC order replaced: replaced buy 100 @ 83.72 pos=0 filled=0/100
2026-04-28T15:46:35.266594505 INTC order fill: filled sell 100 @ 83.78 pos=400 filled=100/100
2026-04-28T15:46:35.266617241 INTC filled -100 @ 83.78 | pos=400 | fill_pnl=0.8581 | fee=0.014887 | realized=-40.9326 | total_pnl=-87.1826 | total_fees=-5.31217 | fills=80 shares=6400
2026-04-28T15:46:35.278910542 INTC placed sell 100 @ 83.8 -> NASDAQ (pos=400 spread=0.01 bid=83.77x500 ask=83.78x300)
2026-04-28T15:46:35.290456389 INTC order pending_new: pending_new sell 100 @ 83.8 pos=0 filled=0/100
2026-04-28T15:46:35.302732875 INTC order new: new sell 100 @ 83.8 pos=0 filled=0/100
2026-04-28T15:46:37.250577737 HOOD replacing sell order: 82.37 -> 82.34 (pos=0 spread=0.02 bid=82.31x500 ask=82.33x600)
2026-04-28T15:46:37.275377436 HOOD order replaced: replaced sell 100 @ 82.37 pos=0 filled=0/100
2026-04-28T15:46:38.894162026 BALANCE long=$43994 (3) short=$4675 (1) expose=$39319 | realize=-87.1826 fee=-5.31217 net=-81.87043 unrealized=-2.5674 equity=-84.43783 liquidate=-88.43783 | fills=80 pending=12 | ofails=0/80
2026-04-28T15:46:38.894206431 SPREAD DKNG NASDAQ  [23.34]  23.37x500 | 23.38x800  [23.38]  pos=-200  realized=0 fees=-0.219177 net=0.219177 unrealized=-4
2026-04-28T15:46:38.894223285 SPREAD RIVN NASDAQ  [0]  16.12x2600 | 16.13x5800  [16.14]  pos=0  realized=0 fees=0 net=0 unrealized=0
2026-04-28T15:46:38.894229315 SPREAD AAL NASDAQ  [0]  11.63x28700 | 11.64x23200  [11.65]  pos=0  realized=0 fees=0 net=0 unrealized=0
2026-04-28T15:46:38.894234569 SPREAD NKE NYSE  [0]  44.94x800 | 44.95x900  [44.98]  pos=0  realized=0 fees=0 net=0 unrealized=0
2026-04-28T15:46:38.894240927 SPREAD SOFI NASDAQ  [18.57]  18.58x8300 | 18.59x4200  [0]  pos=0  realized=0 fees=0 net=0 unrealized=0
2026-04-28T15:46:38.894247543 SPREAD HOOD NASDAQ  [0]  82.31x500 | 82.33x1100  [82.34]  pos=0  realized=-53.75 fees=-1.273265 net=-52.476735 unrealized=0
2026-04-28T15:46:38.894253943 SPREAD XLE ARCA  [57.71]  57.74x25500 | 57.75x11400  [57.76]  pos=100  realized=0 fees=-0.1772 net=0.1772 unrealized=1.5
2026-04-28T15:46:38.894261821 SPREAD FXI ARCA  [0]  36.27x67000 | 36.28x70100  [36.3]  pos=0  realized=0 fees=0 net=0 unrealized=0
2026-04-28T15:46:38.894268819 SPREAD VZ NYSE  [47.09]  47.09x2600 | 47.1x1200  [47.14]  pos=100  realized=3 fees=-0.415074 net=3.415074 unrealized=-1.5
2026-04-28T15:46:38.894276514 SPREAD INTC NASDAQ  [83.75]  83.77x300 | 83.78x900  [83.8]  pos=400  realized=-40.9326 fees=-2.761769 net=-38.170831 unrealized=1.4326
2026-04-28T15:46:38.894283527 SPREAD PYPL NASDAQ  [49.52]  49.55x800 | 49.56x400  [0]  pos=0  realized=4.5 fees=-0.465685 net=4.965685 unrealized=0
2026-04-28T15:46:38.894289121 SPREAD CMCSA NASDAQ  [27.61]  27.61x4500 | 27.62x7700  [0]  pos=0  realized=0 fees=0 net=0 unrealized=0
2026-04-28T15:46:43.606598571 CMCSA order fill: filled buy 100 @ 27.61 pos=100 filled=100/100
2026-04-28T15:46:43.606628163 CMCSA filled 100 @ 27.61 | pos=100 | fill_pnl=0 | fee=-0.1772 | realized=0 | total_pnl=-87.1826 | total_fees=-5.48937 | fills=81 shares=6500
2026-04-28T15:46:43.623314030 CMCSA placed buy 100 @ 27.59 -> NASDAQ (pos=100 spread=0.01 bid=27.61x4800 ask=27.62x6500)
2026-04-28T15:46:43.625870851 CMCSA placed sell 100 @ 27.64 -> NASDAQ (pos=100 spread=0.01 bid=27.61x4800 ask=27.62x6500)
2026-04-28T15:46:43.636859422 CMCSA order pending_new: pending_new buy 100 @ 27.59 pos=0 filled=0/100
2026-04-28T15:46:43.636891333 CMCSA order pending_new: pending_new sell 100 @ 27.64 pos=0 filled=0/100
2026-04-28T15:46:43.650009557 CMCSA order new: new buy 100 @ 27.59 pos=0 filled=0/100
2026-04-28T15:46:43.650029395 CMCSA order new: new sell 100 @ 27.64 pos=0 filled=0/100
2026-04-28T15:46:43.894353868 BALANCE long=$46751 (4) short=$4675 (1) expose=$42076 | realize=-87.1826 fee=-5.48937 net=-81.69323 unrealized=-7.0674 equity=-88.76063 liquidate=-93.26063 | fills=81 pending=12 | ofails=0/82
2026-04-28T15:46:43.894414545 SPREAD VZ NYSE  [47.09]  47.09x1100 | 47.1x1300  [47.14]  pos=100  realized=3 fees=-0.415074 net=3.415074 unrealized=-1.5
2026-04-28T15:46:43.894443956 SPREAD INTC NASDAQ  [83.75]  83.76x200 | 83.77x600  [83.8]  pos=400  realized=-40.9326 fees=-2.761769 net=-38.170831 unrealized=-2.5674
2026-04-28T15:46:43.894453208 SPREAD PYPL NASDAQ  [49.52]  49.55x800 | 49.56x500  [0]  pos=0  realized=4.5 fees=-0.465685 net=4.965685 unrealized=0
2026-04-28T15:46:43.894459870 SPREAD CMCSA NASDAQ  [27.59]  27.6x2600 | 27.61x7800  [27.64]  pos=100  realized=0 fees=-0.1772 net=0.1772 unrealized=-0.5
2026-04-28T15:46:43.894467409 SPREAD DKNG NASDAQ  [23.34]  23.37x600 | 23.38x800  [23.38]  pos=-200  realized=0 fees=-0.219177 net=0.219177 unrealized=-4
2026-04-28T15:46:43.894479020 SPREAD RIVN NASDAQ  [0]  16.12x2600 | 16.13x5200  [16.14]  pos=0  realized=0 fees=0 net=0 unrealized=0
2026-04-28T15:46:43.894485175 SPREAD AAL NASDAQ  [0]  11.63x26700 | 11.64x23200  [11.65]  pos=0  realized=0 fees=0 net=0 unrealized=0
2026-04-28T15:46:43.894491762 SPREAD NKE NYSE  [0]  44.95x1900 | 44.96x1500  [44.98]  pos=0  realized=0 fees=0 net=0 unrealized=0
2026-04-28T15:46:43.894498242 SPREAD SOFI NASDAQ  [18.57]  18.58x8500 | 18.59x4200  [0]  pos=0  realized=0 fees=0 net=0 unrealized=0
2026-04-28T15:46:43.894504769 SPREAD HOOD NASDAQ  [0]  82.32x700 | 82.33x2000  [82.34]  pos=0  realized=-53.75 fees=-1.273265 net=-52.476735 unrealized=0
2026-04-28T15:46:43.894512388 SPREAD XLE ARCA  [57.71]  57.74x19000 | 57.75x19900  [57.76]  pos=100  realized=0 fees=-0.1772 net=0.1772 unrealized=1.5
2026-04-28T15:46:43.894518289 SPREAD FXI ARCA  [0]  36.27x67000 | 36.28x74100  [36.3]  pos=0  realized=0 fees=0 net=0 unrealized=0
2026-04-28T15:46:48.894623038 BALANCE long=$46761 (4) short=$4673 (1) expose=$42088 | realize=-87.1826 fee=-5.48937 net=-81.69323 unrealized=4.9326 equity=-76.76063 liquidate=-83.26063 | fills=81 pending=12 | ofails=0/82
2026-04-28T15:46:48.894692500 SPREAD VZ NYSE  [47.09]  47.09x1500 | 47.1x1300  [47.14]  pos=100  realized=3 fees=-0.415074 net=3.415074 unrealized=-1.5
2026-04-28T15:46:48.894710623 SPREAD INTC NASDAQ  [83.75]  83.78x300 | 83.8x1500  [83.8]  pos=400  realized=-40.9326 fees=-2.761769 net=-38.170831 unrealized=7.4326
2026-04-28T15:46:48.894720269 SPREAD PYPL NASDAQ  [49.52]  49.55x900 | 49.56x700  [0]  pos=0  realized=4.5 fees=-0.465685 net=4.965685 unrealized=0
2026-04-28T15:46:48.894727610 SPREAD CMCSA NASDAQ  [27.59]  27.6x2800 | 27.61x8600  [27.64]  pos=100  realized=0 fees=-0.1772 net=0.1772 unrealized=-0.5
2026-04-28T15:46:48.894757382 SPREAD DKNG NASDAQ  [23.34]  23.36x700 | 23.37x500  [23.38]  pos=-200  realized=0 fees=-0.219177 net=0.219177 unrealized=-2
2026-04-28T15:46:48.894766670 SPREAD RIVN NASDAQ  [0]  16.12x2400 | 16.13x4600  [16.14]  pos=0  realized=0 fees=0 net=0 unrealized=0
2026-04-28T15:46:48.894776232 SPREAD AAL NASDAQ  [0]  11.63x29400 | 11.64x15800  [11.65]  pos=0  realized=0 fees=0 net=0 unrealized=0
2026-04-28T15:46:48.894785422 SPREAD NKE NYSE  [0]  44.94x1600 | 44.95x1200  [44.98]  pos=0  realized=0 fees=0 net=0 unrealized=0
2026-04-28T15:46:48.894791649 SPREAD SOFI NASDAQ  [18.57]  18.58x9300 | 18.59x4300  [0]  pos=0  realized=0 fees=0 net=0 unrealized=0
2026-04-28T15:46:48.894802969 SPREAD HOOD NASDAQ  [0]  82.31x700 | 82.32x200  [82.34]  pos=0  realized=-53.75 fees=-1.273265 net=-52.476735 unrealized=0
2026-04-28T15:46:48.894811299 SPREAD XLE ARCA  [57.71]  57.74x7700 | 57.75x36400  [57.76]  pos=100  realized=0 fees=-0.1772 net=0.1772 unrealized=1.5
2026-04-28T15:46:48.894820402 SPREAD FXI ARCA  [0]  36.27x67100 | 36.28x70100  [36.3]  pos=0  realized=0 fees=0 net=0 unrealized=0
2026-04-28T15:46:49.691210594 INTC order fill: filled sell 100 @ 83.8 pos=300 filled=100/100
2026-04-28T15:46:49.691233120 INTC filled -100 @ 83.8 | pos=300 | fill_pnl=2.8582 | fee=0.014928 | realized=-38.0744 | total_pnl=-84.3244 | total_fees=-5.474442 | fills=82 shares=6600
2026-04-28T15:46:49.705011914 INTC placed sell 100 @ 83.81 -> NASDAQ (pos=300 spread=0.02 bid=83.78x400 ask=83.8x1400)
2026-04-28T15:46:49.716704164 INTC order pending_new: pending_new sell 100 @ 83.81 pos=0 filled=0/100
2026-04-28T15:46:49.729471011 INTC order new: new sell 100 @ 83.81 pos=0 filled=0/100
2026-04-28T15:46:49.987872843 INTC replacing buy order: 83.75 -> 83.78 (pos=300 spread=0 bid=83.8x100 ask=83.8x400)
2026-04-28T15:46:50.012120178 INTC order replaced: replaced buy 100 @ 83.75 pos=0 filled=0/100
2026-04-28T15:46:50.279653106 INTC order fill: filled sell 100 @ 83.81 pos=200 filled=100/100
2026-04-28T15:46:50.279676346 INTC filled -100 @ 83.81 | pos=200 | fill_pnl=3.8581 | fee=0.014949 | realized=-34.2163 | total_pnl=-80.4663 | total_fees=-5.459493 | fills=83 shares=6700
2026-04-28T15:46:50.291987553 INTC placed sell 100 @ 83.83 -> NASDAQ (pos=200 spread=0.01 bid=83.8x300 ask=83.81x400)
2026-04-28T15:46:50.304955130 INTC order pending_new: pending_new sell 100 @ 83.83 pos=0 filled=0/100
2026-04-28T15:46:50.319468046 INTC order new: new sell 100 @ 83.83 pos=0 filled=0/100
2026-04-28T15:46:51.814664003 INTC order fill: filled sell 100 @ 83.83 pos=100 filled=100/100
2026-04-28T15:46:51.814688069 INTC filled -100 @ 83.83 | pos=100 | fill_pnl=5.8582 | fee=0.01499 | realized=-28.3581 | total_pnl=-74.6081 | total_fees=-5.444503 | fills=84 shares=6800
2026-04-28T15:46:51.827906224 INTC placed sell 100 @ 83.85 -> NASDAQ (pos=100 spread=0.01 bid=83.82x200 ask=83.83x400)
2026-04-28T15:46:51.841258194 INTC order pending_new: pending_new sell 100 @ 83.85 pos=0 filled=0/100
2026-04-28T15:46:51.855931346 INTC order new: new sell 100 @ 83.85 pos=0 filled=0/100
2026-04-28T15:46:51.896246999 INTC replacing buy order: 83.78 -> 83.81 (pos=100 spread=0 bid=83.83x100 ask=83.83x200)
2026-04-28T15:46:51.920695494 INTC order replaced: replaced buy 100 @ 83.78 pos=0 filled=0/100
2026-04-28T15:46:53.133769991 HOOD order fill: filled sell 100 @ 82.34 pos=-100 filled=100/100
2026-04-28T15:46:53.133793624 HOOD filled -100 @ 82.34 | pos=-100 | fill_pnl=0 | fee=0.01192 | realized=-53.75 | total_pnl=-74.6081 | total_fees=-5.432583 | fills=85 shares=6900
2026-04-28T15:46:53.145688717 HOOD placed buy 100 @ 82.31 -> NASDAQ (pos=-100 spread=0.01 bid=82.33x300 ask=82.34x700)
2026-04-28T15:46:53.158174686 HOOD order pending_new: pending_new buy 100 @ 82.31 pos=0 filled=0/100
2026-04-28T15:46:53.159628720 HOOD placed sell 100 @ 82.36 -> NASDAQ (pos=-100 spread=0.01 bid=82.33x300 ask=82.34x700)
2026-04-28T15:46:53.171224536 HOOD order pending_new: pending_new sell 100 @ 82.36 pos=0 filled=0/100
2026-04-28T15:46:53.171244737 HOOD order new: new buy 100 @ 82.31 pos=0 filled=0/100
2026-04-28T15:46:53.183644724 HOOD order new: new sell 100 @ 82.36 pos=0 filled=0/100
2026-04-28T15:46:54.894084025 BALANCE long=$21626 (4) short=$12907 (2) expose=$8720 | realize=-74.6081 fee=-5.432583 net=-69.175517 unrealized=2.3581 equity=-66.817417 liquidate=-70.317417 | fills=85 pending=12 | ofails=0/87
2026-04-28T15:46:54.894132711 SPREAD HOOD NASDAQ  [82.31]  82.33x400 | 82.34x100  [82.36]  pos=-100  realized=-53.75 fees=-1.261345 net=-52.488655 unrealized=0.5
2026-04-28T15:46:54.894145009 SPREAD XLE ARCA  [57.71]  57.74x21500 | 57.75x16400  [57.76]  pos=100  realized=0 fees=-0.1772 net=0.1772 unrealized=1.5
2026-04-28T15:46:54.894151486 SPREAD FXI ARCA  [0]  36.27x67300 | 36.28x58000  [36.3]  pos=0  realized=0 fees=0 net=0 unrealized=0
2026-04-28T15:46:54.894161443 SPREAD VZ NYSE  [47.09]  47.09x6500 | 47.1x200  [47.14]  pos=100  realized=3 fees=-0.415074 net=3.415074 unrealized=-1.5
2026-04-28T15:46:54.894170961 SPREAD INTC NASDAQ  [83.81]  83.81x800 | 83.82x200  [83.85]  pos=100  realized=-28.3581 fees=-2.716902 net=-25.641198 unrealized=4.3581
2026-04-28T15:46:54.894179952 SPREAD PYPL NASDAQ  [49.52]  49.55x1000 | 49.56x700  [0]  pos=0  realized=4.5 fees=-0.465685 net=4.965685 unrealized=0
2026-04-28T15:46:54.894191691 SPREAD CMCSA NASDAQ  [27.59]  27.6x2400 | 27.61x8700  [27.64]  pos=100  realized=0 fees=-0.1772 net=0.1772 unrealized=-0.5
2026-04-28T15:46:54.894198201 SPREAD DKNG NASDAQ  [23.34]  23.36x1100 | 23.37x500  [23.38]  pos=-200  realized=0 fees=-0.219177 net=0.219177 unrealized=-2
2026-04-28T15:46:54.894204361 SPREAD RIVN NASDAQ  [0]  16.12x2600 | 16.13x4300  [16.14]  pos=0  realized=0 fees=0 net=0 unrealized=0
2026-04-28T15:46:54.894230959 SPREAD AAL NASDAQ  [0]  11.63x24000 | 11.64x19300  [11.65]  pos=0  realized=0 fees=0 net=0 unrealized=0
2026-04-28T15:46:54.894237305 SPREAD NKE NYSE  [0]  44.94x700 | 44.95x1700  [44.98]  pos=0  realized=0 fees=0 net=0 unrealized=0
2026-04-28T15:46:54.894245240 SPREAD SOFI NASDAQ  [18.57]  18.58x8700 | 18.59x4300  [0]  pos=0  realized=0 fees=0 net=0 unrealized=0
2026-04-28T15:46:56.129865826 INTC order fill: filled buy 100 @ 83.81 pos=200 filled=100/100
2026-04-28T15:46:56.129892460 INTC filled 100 @ 83.81 | pos=200 | fill_pnl=0 | fee=-0.1772 | realized=-28.3581 | total_pnl=-74.6081 | total_fees=-5.609783 | fills=86 shares=7000
2026-04-28T15:46:56.146355525 INTC placed buy 100 @ 83.79 -> NASDAQ (pos=200 spread=0.01 bid=83.81x700 ask=83.82x300)
2026-04-28T15:46:56.158268629 INTC order pending_new: pending_new buy 100 @ 83.79 pos=0 filled=0/100
2026-04-28T15:46:56.170648677 INTC order new: new buy 100 @ 83.79 pos=0 filled=0/100
2026-04-28T15:46:59.894164155 BALANCE long=$30009 (4) short=$12909 (2) expose=$17100 | realize=-74.6081 fee=-5.609783 net=-68.998317 unrealized=1.8581 equity=-67.140217 liquidate=-71.140217 | fills=86 pending=12 | ofails=0/88
2026-04-28T15:46:59.894210227 SPREAD RIVN NASDAQ  [0]  16.12x2200 | 16.13x5100  [16.14]  pos=0  realized=0 fees=0 net=0 unrealized=0
2026-04-28T15:46:59.894991642 SPREAD AAL NASDAQ  [0]  11.63x24000 | 11.64x17300  [11.65]  pos=0  realized=0 fees=0 net=0 unrealized=0
2026-04-28T15:46:59.895006111 SPREAD NKE NYSE  [0]  44.94x1700 | 44.95x1800  [44.98]  pos=0  realized=0 fees=0 net=0 unrealized=0
2026-04-28T15:46:59.895012599 SPREAD SOFI NASDAQ  [18.57]  18.57x9100 | 18.58x10400  [0]  pos=0  realized=0 fees=0 net=0 unrealized=0
2026-04-28T15:46:59.895019882 SPREAD HOOD NASDAQ  [82.31]  82.35x300 | 82.36x600  [82.36]  pos=-100  realized=-53.75 fees=-1.261345 net=-52.488655 unrealized=-1.5
2026-04-28T15:46:59.895027698 SPREAD XLE ARCA  [57.71]  57.74x20200 | 57.75x19500  [57.76]  pos=100  realized=0 fees=-0.1772 net=0.1772 unrealized=1.5
2026-04-28T15:46:59.895039065 SPREAD FXI ARCA  [0]  36.27x67400 | 36.28x62100  [36.3]  pos=0  realized=0 fees=0 net=0 unrealized=0
2026-04-28T15:46:59.895048063 SPREAD VZ NYSE  [47.09]  47.1x900 | 47.11x2100  [47.14]  pos=100  realized=3 fees=-0.415074 net=3.415074 unrealized=-0.5
2026-04-28T15:46:59.895053244 SPREAD INTC NASDAQ  [83.79]  83.81x1200 | 83.82x200  [83.85]  pos=200  realized=-28.3581 fees=-2.894102 net=-25.463998 unrealized=4.8581
2026-04-28T15:46:59.895066609 SPREAD PYPL NASDAQ  [49.52]  49.55x1000 | 49.56x900  [0]  pos=0  realized=4.5 fees=-0.465685 net=4.965685 unrealized=0
2026-04-28T15:46:59.895071191 SPREAD CMCSA NASDAQ  [27.59]  27.6x2800 | 27.61x8200  [27.64]  pos=100  realized=0 fees=-0.1772 net=0.1772 unrealized=-0.5
2026-04-28T15:46:59.895075792 SPREAD DKNG NASDAQ  [23.34]  23.36x700 | 23.37x600  [23.38]  pos=-200  realized=0 fees=-0.219177 net=0.219177 unrealized=-2
2026-04-28T15:47:00.655017243 INTC replacing sell order: 83.85 -> 83.82 (pos=200 spread=0.02 bid=83.79x1300 ask=83.81x1200)
2026-04-28T15:47:00.679802477 INTC order replaced: replaced sell 100 @ 83.85 pos=0 filled=0/100
2026-04-28T15:47:03.085901947 INTC order partial_fill: partially_filled sell 100 @ 83.82 pos=150 filled=50/100
2026-04-28T15:47:03.085928285 INTC filled -50 @ 83.82 | pos=150 | fill_pnl=1.4645 | fee=0.008885 | realized=-26.8936 | total_pnl=-73.1436 | total_fees=-5.600898 | fills=87 shares=7050
2026-04-28T15:47:03.085946392 INTC order fill: filled sell 100 @ 83.82 pos=100 filled=100/100
2026-04-28T15:47:03.085956318 INTC filled -50 @ 83.82 | pos=100 | fill_pnl=1.46455 | fee=0.006085 | realized=-25.42905 | total_pnl=-71.67905 | total_fees=-5.594813 | fills=88 shares=7100
2026-04-28T15:47:03.100010584 INTC placed sell 100 @ 83.84 -> NASDAQ (pos=100 spread=0.01 bid=83.81x200 ask=83.82x900)
2026-04-28T15:47:03.111478400 INTC order pending_new: pending_new sell 100 @ 83.84 pos=0 filled=0/100
2026-04-28T15:47:03.124137743 INTC order new: new sell 100 @ 83.84 pos=0 filled=0/100
2026-04-28T15:47:04.572709425 INTC order fill: filled sell 100 @ 83.84 pos=0 filled=100/100
2026-04-28T15:47:04.572732092 INTC filled -100 @ 83.84 | pos=0 | fill_pnl=4.929 | fee=0.01501 | realized=-20.50005 | total_pnl=-66.75005 | total_fees=-5.579803 | fills=89 shares=7200
2026-04-28T15:47:04.780640463 INTC replacing buy order: 83.79 -> 83.82 (pos=0 spread=0 bid=83.84x200 ask=83.84x1000)
2026-04-28T15:47:04.809464874 INTC order replaced: replaced buy 100 @ 83.79 pos=0 filled=0/100
2026-04-28T15:47:04.894553850 BALANCE long=$13246 (3) short=$12909 (2) expose=$337 | realize=-66.75005 fee=-5.579803 net=-61.170247 unrealized=-3 equity=-64.170247 liquidate=-67.170247 | fills=89 pending=12 | ofails=0/89
2026-04-28T15:47:04.894612522 SPREAD RIVN NASDAQ  [0]  16.12x1900 | 16.13x5200  [16.14]  pos=0  realized=0 fees=0 net=0 unrealized=0
2026-04-28T15:47:04.894628326 SPREAD AAL NASDAQ  [0]  11.63x31300 | 11.64x12800  [11.65]  pos=0  realized=0 fees=0 net=0 unrealized=0
2026-04-28T15:47:04.894637547 SPREAD NKE NYSE  [0]  44.94x1900 | 44.95x700  [44.98]  pos=0  realized=0 fees=0 net=0 unrealized=0
2026-04-28T15:47:04.894647563 SPREAD SOFI NASDAQ  [18.57]  18.57x11900 | 18.58x8900  [0]  pos=0  realized=0 fees=0 net=0 unrealized=0
2026-04-28T15:47:04.894657607 SPREAD HOOD NASDAQ  [82.31]  82.35x800 | 82.36x1400  [82.36]  pos=-100  realized=-53.75 fees=-1.261345 net=-52.488655 unrealized=-1.5
2026-04-28T15:47:04.894667571 SPREAD XLE ARCA  [57.71]  57.74x20700 | 57.75x18800  [57.76]  pos=100  realized=0 fees=-0.1772 net=0.1772 unrealized=1.5
2026-04-28T15:47:04.894674593 SPREAD FXI ARCA  [0]  36.27x65700 | 36.28x59200  [36.3]  pos=0  realized=0 fees=0 net=0 unrealized=0
2026-04-28T15:47:04.894684931 SPREAD VZ NYSE  [47.09]  47.1x3000 | 47.11x700  [47.14]  pos=100  realized=3 fees=-0.415074 net=3.415074 unrealized=-0.5
2026-04-28T15:47:04.894694481 SPREAD INTC NASDAQ  [83.82]  83.84x300 | 83.85x1200  [0]  pos=0  realized=-20.50005 fees=-2.864122 net=-17.635928 unrealized=0
2026-04-28T15:47:04.894701390 SPREAD PYPL NASDAQ  [49.52]  49.55x800 | 49.56x600  [0]  pos=0  realized=4.5 fees=-0.465685 net=4.965685 unrealized=0
2026-04-28T15:47:04.894711001 SPREAD CMCSA NASDAQ  [27.59]  27.6x3200 | 27.61x7100  [27.64]  pos=100  realized=0 fees=-0.1772 net=0.1772 unrealized=-0.5
2026-04-28T15:47:04.894720462 SPREAD DKNG NASDAQ  [23.34]  23.36x700 | 23.37x500  [23.38]  pos=-200  realized=0 fees=-0.219177 net=0.219177 unrealized=-2
2026-04-28T15:47:10.894709679 BALANCE long=$13246 (3) short=$12905 (2) expose=$341 | realize=-66.75005 fee=-5.579803 net=-61.170247 unrealized=1 equity=-60.170247 liquidate=-63.170247 | fills=89 pending=12 | ofails=0/89
2026-04-28T15:47:10.894769049 SPREAD INTC NASDAQ  [83.82]  83.85x500 | 83.86x600  [0]  pos=0  realized=-20.50005 fees=-2.864122 net=-17.635928 unrealized=0
2026-04-28T15:47:10.894779892 SPREAD PYPL NASDAQ  [49.52]  49.53x900 | 49.54x800  [0]  pos=0  realized=4.5 fees=-0.465685 net=4.965685 unrealized=0
2026-04-28T15:47:10.894785854 SPREAD CMCSA NASDAQ  [27.59]  27.6x3300 | 27.61x5100  [27.64]  pos=100  realized=0 fees=-0.1772 net=0.1772 unrealized=-0.5
2026-04-28T15:47:10.894801467 SPREAD DKNG NASDAQ  [23.34]  23.36x1100 | 23.37x500  [23.38]  pos=-200  realized=0 fees=-0.219177 net=0.219177 unrealized=-2
2026-04-28T15:47:10.894810962 SPREAD RIVN NASDAQ  [0]  16.12x1900 | 16.13x5000  [16.14]  pos=0  realized=0 fees=0 net=0 unrealized=0
2026-04-28T15:47:10.894821562 SPREAD AAL NASDAQ  [0]  11.63x30300 | 11.64x12800  [11.65]  pos=0  realized=0 fees=0 net=0 unrealized=0
2026-04-28T15:47:10.894831282 SPREAD NKE NYSE  [0]  44.94x1900 | 44.95x600  [44.98]  pos=0  realized=0 fees=0 net=0 unrealized=0
2026-04-28T15:47:10.894841245 SPREAD SOFI NASDAQ  [18.57]  18.57x11000 | 18.58x8600  [0]  pos=0  realized=0 fees=0 net=0 unrealized=0
2026-04-28T15:47:10.894848819 SPREAD HOOD NASDAQ  [82.31]  82.31x500 | 82.32x400  [82.36]  pos=-100  realized=-53.75 fees=-1.261345 net=-52.488655 unrealized=2.5
2026-04-28T15:47:10.894861671 SPREAD XLE ARCA  [57.71]  57.74x11200 | 57.75x22300  [57.76]  pos=100  realized=0 fees=-0.1772 net=0.1772 unrealized=1.5
2026-04-28T15:47:10.894886399 SPREAD FXI ARCA  [0]  36.27x62600 | 36.28x58900  [36.3]  pos=0  realized=0 fees=0 net=0 unrealized=0
2026-04-28T15:47:10.894896277 SPREAD VZ NYSE  [47.09]  47.1x1600 | 47.11x3400  [47.14]  pos=100  realized=3 fees=-0.415074 net=3.415074 unrealized=-0.5
2026-04-28T15:47:11.137108630 failed to replace order: 42210000: order is not open
2026-04-28T15:47:11.137193869 HOOD order fill: filled buy 100 @ 82.31 pos=0 filled=100/100
2026-04-28T15:47:11.137209294 HOOD filled 100 @ 82.31 | pos=0 | fill_pnl=3 | fee=0.2028 | realized=-50.75 | total_pnl=-63.75005 | total_fees=-5.377003 | fills=90 shares=7300
2026-04-28T15:47:11.144537117 HOOD replacing sell order: 82.36 -> 82.33 (pos=0 spread=0.02 bid=82.3x1200 ask=82.32x1200)
2026-04-28T15:47:11.168837142 HOOD order replaced: replaced sell 100 @ 82.36 pos=0 filled=0/100
2026-04-28T15:47:16.894600975 BALANCE long=$13246 (3) short=$4673 (1) expose=$8573 | realize=-63.75005 fee=-5.377003 net=-58.373047 unrealized=-1.5 equity=-59.873047 liquidate=-62.373047 | fills=90 pending=12 | ofails=0/89
2026-04-28T15:47:16.894669416 SPREAD HOOD NASDAQ  [0]  82.3x1200 | 82.31x200  [82.33]  pos=0  realized=-50.75 fees=-1.058545 net=-49.691455 unrealized=0
2026-04-28T15:47:16.894681103 SPREAD XLE ARCA  [57.71]  57.74x11600 | 57.75x39800  [57.76]  pos=100  realized=0 fees=-0.1772 net=0.1772 unrealized=1.5
2026-04-28T15:47:16.894688416 SPREAD FXI ARCA  [0]  36.27x63200 | 36.28x59000  [36.3]  pos=0  realized=0 fees=0 net=0 unrealized=0
2026-04-28T15:47:16.894696218 SPREAD VZ NYSE  [47.09]  47.1x1800 | 47.11x2900  [47.14]  pos=100  realized=3 fees=-0.415074 net=3.415074 unrealized=-0.5
2026-04-28T15:47:16.894702969 SPREAD INTC NASDAQ  [83.82]  83.85x100 | 83.86x1100  [0]  pos=0  realized=-20.50005 fees=-2.864122 net=-17.635928 unrealized=0
2026-04-28T15:47:16.894711191 SPREAD PYPL NASDAQ  [49.52]  49.53x600 | 49.54x600  [0]  pos=0  realized=4.5 fees=-0.465685 net=4.965685 unrealized=0
2026-04-28T15:47:16.894721038 SPREAD CMCSA NASDAQ  [27.59]  27.6x3300 | 27.61x5200  [27.64]  pos=100  realized=0 fees=-0.1772 net=0.1772 unrealized=-0.5
2026-04-28T15:47:16.894731017 SPREAD DKNG NASDAQ  [23.34]  23.36x1200 | 23.37x600  [23.38]  pos=-200  realized=0 fees=-0.219177 net=0.219177 unrealized=-2
2026-04-28T15:47:16.894737013 SPREAD RIVN NASDAQ  [0]  16.12x2500 | 16.13x4900  [16.14]  pos=0  realized=0 fees=0 net=0 unrealized=0
2026-04-28T15:47:16.894756050 SPREAD AAL NASDAQ  [0]  11.63x30000 | 11.64x12900  [11.65]  pos=0  realized=0 fees=0 net=0 unrealized=0
2026-04-28T15:47:16.894763563 SPREAD NKE NYSE  [0]  44.94x1700 | 44.95x1000  [44.98]  pos=0  realized=0 fees=0 net=0 unrealized=0
2026-04-28T15:47:16.894769076 SPREAD SOFI NASDAQ  [18.57]  18.57x13500 | 18.58x8300  [0]  pos=0  realized=0 fees=0 net=0 unrealized=0
2026-04-28T15:47:19.195951132 INTC replacing buy order: 83.82 -> 83.85 (pos=0 spread=0.02 bid=83.86x900 ask=83.88x1200)
2026-04-28T15:47:19.220761220 INTC order replaced: replaced buy 100 @ 83.82 pos=0 filled=0/100
2026-04-28T15:47:22.893981608 BALANCE long=$13246 (3) short=$4673 (1) expose=$8573 | realize=-63.75005 fee=-5.377003 net=-58.373047 unrealized=-1.5 equity=-59.873047 liquidate=-62.373047 | fills=90 pending=12 | ofails=0/89
2026-04-28T15:47:22.894031208 SPREAD XLE ARCA  [57.71]  57.74x7200 | 57.75x37400  [57.76]  pos=100  realized=0 fees=-0.1772 net=0.1772 unrealized=1.5
2026-04-28T15:47:22.894041709 SPREAD FXI ARCA  [0]  36.27x64100 | 36.28x55600  [36.3]  pos=0  realized=0 fees=0 net=0 unrealized=0
2026-04-28T15:47:22.894049435 SPREAD VZ NYSE  [47.09]  47.1x2200 | 47.11x1500  [47.14]  pos=100  realized=3 fees=-0.415074 net=3.415074 unrealized=-0.5
2026-04-28T15:47:22.894060210 SPREAD INTC NASDAQ  [83.85]  83.86x100 | 83.87x500  [0]  pos=0  realized=-20.50005 fees=-2.864122 net=-17.635928 unrealized=0
2026-04-28T15:47:22.894066566 SPREAD PYPL NASDAQ  [49.52]  49.54x200 | 49.55x800  [0]  pos=0  realized=4.5 fees=-0.465685 net=4.965685 unrealized=0
2026-04-28T15:47:22.894073372 SPREAD CMCSA NASDAQ  [27.59]  27.6x4800 | 27.61x4900  [27.64]  pos=100  realized=0 fees=-0.1772 net=0.1772 unrealized=-0.5
2026-04-28T15:47:22.894094858 SPREAD DKNG NASDAQ  [23.34]  23.36x1000 | 23.37x1000  [23.38]  pos=-200  realized=0 fees=-0.219177 net=0.219177 unrealized=-2
2026-04-28T15:47:22.894109809 SPREAD RIVN NASDAQ  [0]  16.12x2500 | 16.13x4900  [16.14]  pos=0  realized=0 fees=0 net=0 unrealized=0
2026-04-28T15:47:22.894115916 SPREAD AAL NASDAQ  [0]  11.63x30200 | 11.64x12600  [11.65]  pos=0  realized=0 fees=0 net=0 unrealized=0
2026-04-28T15:47:22.894125286 SPREAD NKE NYSE  [0]  44.94x800 | 44.95x1600  [44.98]  pos=0  realized=0 fees=0 net=0 unrealized=0
2026-04-28T15:47:22.894131919 SPREAD SOFI NASDAQ  [18.57]  18.57x11400 | 18.58x8700  [0]  pos=0  realized=0 fees=0 net=0 unrealized=0
2026-04-28T15:47:22.894142955 SPREAD HOOD NASDAQ  [0]  82.31x100 | 82.32x1400  [82.33]  pos=0  realized=-50.75 fees=-1.058545 net=-49.691455 unrealized=0
2026-04-28T15:47:25.504279850 INTC order fill: filled buy 100 @ 83.85 pos=100 filled=100/100
2026-04-28T15:47:25.504299020 INTC filled 100 @ 83.85 | pos=100 | fill_pnl=0 | fee=-0.1772 | realized=-20.50005 | total_pnl=-63.75005 | total_fees=-5.554203 | fills=91 shares=7400
2026-04-28T15:47:25.521140191 INTC placed buy 100 @ 83.84 -> NASDAQ (pos=100 spread=0.01 bid=83.86x400 ask=83.87x1700)
2026-04-28T15:47:25.526437412 INTC placed sell 100 @ 83.89 -> NASDAQ (pos=100 spread=0.01 bid=83.86x400 ask=83.87x1700)
2026-04-28T15:47:25.533468040 INTC order pending_new: pending_new buy 100 @ 83.84 pos=0 filled=0/100
2026-04-28T15:47:25.533481816 INTC order pending_new: pending_new sell 100 @ 83.89 pos=0 filled=0/100
2026-04-28T15:47:25.545069993 INTC order new: new buy 100 @ 83.84 pos=0 filled=0/100
2026-04-28T15:47:25.545087150 INTC order new: new sell 100 @ 83.89 pos=0 filled=0/100
2026-04-28T15:47:27.893969838 BALANCE long=$21630 (4) short=$4673 (1) expose=$16957 | realize=-63.75005 fee=-5.554203 net=-58.195847 unrealized=-1.99995 equity=-60.195797 liquidate=-63.195797 | fills=91 pending=12 | ofails=0/91
2026-04-28T15:47:27.894017734 SPREAD HOOD NASDAQ  [0]  82.32x200 | 82.33x900  [82.33]  pos=0  realized=-50.75 fees=-1.058545 net=-49.691455 unrealized=0
2026-04-28T15:47:27.894035263 SPREAD XLE ARCA  [57.71]  57.73x8100 | 57.74x41600  [57.76]  pos=100  realized=0 fees=-0.1772 net=0.1772 unrealized=0.5
2026-04-28T15:47:27.894045165 SPREAD FXI ARCA  [0]  36.27x64800 | 36.28x55700  [36.3]  pos=0  realized=0 fees=0 net=0 unrealized=0
2026-04-28T15:47:27.894056181 SPREAD VZ NYSE  [47.09]  47.1x2300 | 47.11x1600  [47.14]  pos=100  realized=3 fees=-0.415074 net=3.415074 unrealized=-0.5
2026-04-28T15:47:27.894068194 SPREAD INTC NASDAQ  [83.84]  83.85x500 | 83.86x100  [83.89]  pos=100  realized=-20.50005 fees=-3.041322 net=-17.458728 unrealized=0.50005
2026-04-28T15:47:27.894074468 SPREAD PYPL NASDAQ  [49.52]  49.54x500 | 49.55x800  [0]  pos=0  realized=4.5 fees=-0.465685 net=4.965685 unrealized=0
2026-04-28T15:47:27.894080443 SPREAD CMCSA NASDAQ  [27.59]  27.6x3600 | 27.61x6000  [27.64]  pos=100  realized=0 fees=-0.1772 net=0.1772 unrealized=-0.5
2026-04-28T15:47:27.894087181 SPREAD DKNG NASDAQ  [23.34]  23.36x1100 | 23.37x1200  [23.38]  pos=-200  realized=0 fees=-0.219177 net=0.219177 unrealized=-2
2026-04-28T15:47:27.894096197 SPREAD RIVN NASDAQ  [0]  16.12x1400 | 16.13x4900  [16.14]  pos=0  realized=0 fees=0 net=0 unrealized=0
2026-04-28T15:47:27.894102354 SPREAD AAL NASDAQ  [0]  11.63x29800 | 11.64x14300  [11.65]  pos=0  realized=0 fees=0 net=0 unrealized=0
2026-04-28T15:47:27.894113840 SPREAD NKE NYSE  [0]  44.94x800 | 44.95x1800  [44.98]  pos=0  realized=0 fees=0 net=0 unrealized=0
2026-04-28T15:47:27.894120189 SPREAD SOFI NASDAQ  [18.57]  18.58x10100 | 18.59x2900  [0]  pos=0  realized=0 fees=0 net=0 unrealized=0
2026-04-28T15:47:32.163539907 INTC order fill: filled sell 100 @ 83.89 pos=0 filled=100/100
2026-04-28T15:47:32.163567861 INTC filled -100 @ 83.89 | pos=0 | fill_pnl=4 | fee=0.015113 | realized=-16.50005 | total_pnl=-59.75005 | total_fees=-5.53909 | fills=92 shares=7500
2026-04-28T15:47:32.894087281 BALANCE long=$13245 (3) short=$4671 (1) expose=$8574 | realize=-59.75005 fee=-5.53909 net=-54.21096 unrealized=-0.5 equity=-54.71096 liquidate=-57.21096 | fills=92 pending=12 | ofails=0/91
2026-04-28T15:47:32.894154795 SPREAD CMCSA NASDAQ  [27.59]  27.6x3300 | 27.61x6000  [27.64]  pos=100  realized=0 fees=-0.1772 net=0.1772 unrealized=-0.5
2026-04-28T15:47:32.894174504 SPREAD DKNG NASDAQ  [23.34]  23.35x1000 | 23.36x200  [23.38]  pos=-200  realized=0 fees=-0.219177 net=0.219177 unrealized=0
2026-04-28T15:47:32.894201173 SPREAD RIVN NASDAQ  [0]  16.11x4000 | 16.12x4500  [16.14]  pos=0  realized=0 fees=0 net=0 unrealized=0
2026-04-28T15:47:32.894209172 SPREAD AAL NASDAQ  [0]  11.63x28600 | 11.64x16500  [11.65]  pos=0  realized=0 fees=0 net=0 unrealized=0
2026-04-28T15:47:32.894215752 SPREAD NKE NYSE  [0]  44.94x1300 | 44.95x1900  [44.98]  pos=0  realized=0 fees=0 net=0 unrealized=0
2026-04-28T15:47:32.894221506 SPREAD SOFI NASDAQ  [18.57]  18.58x10200 | 18.59x2600  [0]  pos=0  realized=0 fees=0 net=0 unrealized=0
2026-04-28T15:47:32.894230343 SPREAD HOOD NASDAQ  [0]  82.31x400 | 82.32x1700  [82.33]  pos=0  realized=-50.75 fees=-1.058545 net=-49.691455 unrealized=0
2026-04-28T15:47:32.894237494 SPREAD XLE ARCA  [57.71]  57.73x8800 | 57.74x35300  [57.76]  pos=100  realized=0 fees=-0.1772 net=0.1772 unrealized=0.5
2026-04-28T15:47:32.894243800 SPREAD FXI ARCA  [0]  36.27x33400 | 36.28x72500  [36.3]  pos=0  realized=0 fees=0 net=0 unrealized=0
2026-04-28T15:47:32.894251409 SPREAD VZ NYSE  [47.09]  47.1x2700 | 47.11x3000  [47.14]  pos=100  realized=3 fees=-0.415074 net=3.415074 unrealized=-0.5
2026-04-28T15:47:32.894261627 SPREAD INTC NASDAQ  [83.84]  83.88x900 | 83.89x1000  [0]  pos=0  realized=-16.50005 fees=-3.026209 net=-13.473841 unrealized=0
2026-04-28T15:47:32.894270869 SPREAD PYPL NASDAQ  [49.52]  49.54x200 | 49.55x700  [0]  pos=0  realized=4.5 fees=-0.465685 net=4.965685 unrealized=0
2026-04-28T15:47:38.894437171 BALANCE long=$13246 (3) short=$4673 (1) expose=$8573 | realize=-59.75005 fee=-5.53909 net=-54.21096 unrealized=-1.5 equity=-55.71096 liquidate=-58.21096 | fills=92 pending=12 | ofails=0/91
2026-04-28T15:47:38.894489091 SPREAD HOOD NASDAQ  [0]  82.28x800 | 82.29x900  [82.33]  pos=0  realized=-50.75 fees=-1.058545 net=-49.691455 unrealized=0
2026-04-28T15:47:38.894501304 SPREAD XLE ARCA  [57.71]  57.73x9900 | 57.74x34500  [57.76]  pos=100  realized=0 fees=-0.1772 net=0.1772 unrealized=0.5
2026-04-28T15:47:38.894516561 SPREAD FXI ARCA  [0]  36.27x33000 | 36.28x69500  [36.3]  pos=0  realized=0 fees=0 net=0 unrealized=0
2026-04-28T15:47:38.894526565 SPREAD VZ NYSE  [47.09]  47.1x2600 | 47.11x1800  [47.14]  pos=100  realized=3 fees=-0.415074 net=3.415074 unrealized=-0.5
2026-04-28T15:47:38.894533097 SPREAD INTC NASDAQ  [83.84]  83.86x300 | 83.87x300  [0]  pos=0  realized=-16.50005 fees=-3.026209 net=-13.473841 unrealized=0
2026-04-28T15:47:38.894539818 SPREAD PYPL NASDAQ  [49.52]  49.54x500 | 49.55x700  [0]  pos=0  realized=4.5 fees=-0.465685 net=4.965685 unrealized=0
2026-04-28T15:47:38.894549667 SPREAD CMCSA NASDAQ  [27.59]  27.61x3300 | 27.62x4200  [27.64]  pos=100  realized=0 fees=-0.1772 net=0.1772 unrealized=0.5
2026-04-28T15:47:38.894557462 SPREAD DKNG NASDAQ  [23.34]  23.36x600 | 23.37x1000  [23.38]  pos=-200  realized=0 fees=-0.219177 net=0.219177 unrealized=-2
2026-04-28T15:47:38.894563871 SPREAD RIVN NASDAQ  [0]  16.11x4000 | 16.12x6300  [16.14]  pos=0  realized=0 fees=0 net=0 unrealized=0
2026-04-28T15:47:38.894570165 SPREAD AAL NASDAQ  [0]  11.63x30500 | 11.64x16100  [11.65]  pos=0  realized=0 fees=0 net=0 unrealized=0
2026-04-28T15:47:38.894580207 SPREAD NKE NYSE  [0]  44.94x1100 | 44.95x1600  [44.98]  pos=0  realized=0 fees=0 net=0 unrealized=0
2026-04-28T15:47:38.894585792 SPREAD SOFI NASDAQ  [18.57]  18.6x7900 | 18.61x6000  [0]  pos=0  realized=0 fees=0 net=0 unrealized=0
2026-04-28T15:47:40.552683392 HOOD replacing sell order: 82.33 -> 82.3 (pos=0 spread=0.02 bid=82.27x100 ask=82.29x1700)
2026-04-28T15:47:40.577193567 HOOD order replaced: replaced sell 100 @ 82.33 pos=0 filled=0/100
2026-04-28T15:47:43.894489850 BALANCE long=$13246 (3) short=$4673 (1) expose=$8573 | realize=-59.75005 fee=-5.53909 net=-54.21096 unrealized=-1.5 equity=-55.71096 liquidate=-58.21096 | fills=92 pending=12 | ofails=0/91
2026-04-28T15:47:43.894562933 SPREAD SOFI NASDAQ  [18.57]  18.6x11500 | 18.61x6000  [0]  pos=0  realized=0 fees=0 net=0 unrealized=0
2026-04-28T15:47:43.894574806 SPREAD HOOD NASDAQ  [0]  82.25x1900 | 82.26x1000  [82.3]  pos=0  realized=-50.75 fees=-1.058545 net=-49.691455 unrealized=0
2026-04-28T15:47:43.894587486 SPREAD XLE ARCA  [57.71]  57.73x15400 | 57.74x29500  [57.76]  pos=100  realized=0 fees=-0.1772 net=0.1772 unrealized=0.5
2026-04-28T15:47:43.894596943 SPREAD FXI ARCA  [0]  36.27x36200 | 36.28x69300  [36.3]  pos=0  realized=0 fees=0 net=0 unrealized=0
2026-04-28T15:47:43.894607626 SPREAD VZ NYSE  [47.09]  47.1x1800 | 47.11x2400  [47.14]  pos=100  realized=3 fees=-0.415074 net=3.415074 unrealized=-0.5
2026-04-28T15:47:43.894616413 SPREAD INTC NASDAQ  [83.84]  83.86x500 | 83.87x500  [0]  pos=0  realized=-16.50005 fees=-3.026209 net=-13.473841 unrealized=0
2026-04-28T15:47:43.894623988 SPREAD PYPL NASDAQ  [49.52]  49.54x200 | 49.55x900  [0]  pos=0  realized=4.5 fees=-0.465685 net=4.965685 unrealized=0
2026-04-28T15:47:43.894633473 SPREAD CMCSA NASDAQ  [27.59]  27.61x3700 | 27.62x4900  [27.64]  pos=100  realized=0 fees=-0.1772 net=0.1772 unrealized=0.5
2026-04-28T15:47:43.894642591 SPREAD DKNG NASDAQ  [23.34]  23.36x700 | 23.37x700  [23.38]  pos=-200  realized=0 fees=-0.219177 net=0.219177 unrealized=-2
2026-04-28T15:47:43.894650960 SPREAD RIVN NASDAQ  [0]  16.11x3800 | 16.12x6200  [16.14]  pos=0  realized=0 fees=0 net=0 unrealized=0
2026-04-28T15:47:43.894659778 SPREAD AAL NASDAQ  [0]  11.63x29000 | 11.64x16400  [11.65]  pos=0  realized=0 fees=0 net=0 unrealized=0
2026-04-28T15:47:43.894668208 SPREAD NKE NYSE  [0]  44.94x600 | 44.95x1600  [44.98]  pos=0  realized=0 fees=0 net=0 unrealized=0
2026-04-28T15:47:49.894720511 BALANCE long=$13246 (3) short=$4673 (1) expose=$8573 | realize=-59.75005 fee=-5.53909 net=-54.21096 unrealized=-1.5 equity=-55.71096 liquidate=-58.21096 | fills=92 pending=12 | ofails=0/91
2026-04-28T15:47:49.894781409 SPREAD NKE NYSE  [0]  44.93x1700 | 44.94x400  [44.98]  pos=0  realized=0 fees=0 net=0 unrealized=0
2026-04-28T15:47:49.894792003 SPREAD SOFI NASDAQ  [18.57]  18.6x12600 | 18.61x7900  [0]  pos=0  realized=0 fees=0 net=0 unrealized=0
2026-04-28T15:47:49.894799075 SPREAD HOOD NASDAQ  [0]  82.25x2000 | 82.26x200  [82.3]  pos=0  realized=-50.75 fees=-1.058545 net=-49.691455 unrealized=0
2026-04-28T15:47:49.894808766 SPREAD XLE ARCA  [57.71]  57.73x15500 | 57.74x31600  [57.76]  pos=100  realized=0 fees=-0.1772 net=0.1772 unrealized=0.5
2026-04-28T15:47:49.894817803 SPREAD FXI ARCA  [0]  36.27x55700 | 36.28x54500  [36.3]  pos=0  realized=0 fees=0 net=0 unrealized=0
2026-04-28T15:47:49.894825104 SPREAD VZ NYSE  [47.09]  47.1x2300 | 47.11x2500  [47.14]  pos=100  realized=3 fees=-0.415074 net=3.415074 unrealized=-0.5
2026-04-28T15:47:49.894831409 SPREAD INTC NASDAQ  [83.84]  83.87x400 | 83.88x600  [0]  pos=0  realized=-16.50005 fees=-3.026209 net=-13.473841 unrealized=0
2026-04-28T15:47:49.894837268 SPREAD PYPL NASDAQ  [49.52]  49.54x200 | 49.55x700  [0]  pos=0  realized=4.5 fees=-0.465685 net=4.965685 unrealized=0
2026-04-28T15:47:49.894844223 SPREAD CMCSA NASDAQ  [27.59]  27.61x3900 | 27.62x5100  [27.64]  pos=100  realized=0 fees=-0.1772 net=0.1772 unrealized=0.5
2026-04-28T15:47:49.894851242 SPREAD DKNG NASDAQ  [23.34]  23.36x1300 | 23.37x400  [23.38]  pos=-200  realized=0 fees=-0.219177 net=0.219177 unrealized=-2
2026-04-28T15:47:49.894864295 SPREAD RIVN NASDAQ  [0]  16.11x2000 | 16.12x4200  [16.14]  pos=0  realized=0 fees=0 net=0 unrealized=0
2026-04-28T15:47:49.894872641 SPREAD AAL NASDAQ  [0]  11.63x31600 | 11.64x13500  [11.65]  pos=0  realized=0 fees=0 net=0 unrealized=0
2026-04-28T15:47:52.591378211 HOOD replacing sell order: 82.3 -> 82.27 (pos=0 spread=0 bid=82.25x200 ask=82.25x100)
2026-04-28T15:47:52.615543996 HOOD order replaced: replaced sell 100 @ 82.3 pos=0 filled=0/100
2026-04-28T15:47:55.894102619 BALANCE long=$13246 (3) short=$4673 (1) expose=$8573 | realize=-59.75005 fee=-5.53909 net=-54.21096 unrealized=-1.5 equity=-55.71096 liquidate=-58.21096 | fills=92 pending=12 | ofails=0/91
2026-04-28T15:47:55.894164248 SPREAD FXI ARCA  [0]  36.27x65100 | 36.28x39100  [36.3]  pos=0  realized=0 fees=0 net=0 unrealized=0
2026-04-28T15:47:55.894178676 SPREAD VZ NYSE  [47.09]  47.1x2400 | 47.11x1900  [47.14]  pos=100  realized=3 fees=-0.415074 net=3.415074 unrealized=-0.5
2026-04-28T15:47:55.894189303 SPREAD INTC NASDAQ  [83.84]  83.87x1000 | 83.88x500  [0]  pos=0  realized=-16.50005 fees=-3.026209 net=-13.473841 unrealized=0
2026-04-28T15:47:55.894199037 SPREAD PYPL NASDAQ  [49.52]  49.54x600 | 49.55x700  [0]  pos=0  realized=4.5 fees=-0.465685 net=4.965685 unrealized=0
2026-04-28T15:47:55.894208058 SPREAD CMCSA NASDAQ  [27.59]  27.61x4600 | 27.62x4100  [27.64]  pos=100  realized=0 fees=-0.1772 net=0.1772 unrealized=0.5
2026-04-28T15:47:55.894218656 SPREAD DKNG NASDAQ  [23.34]  23.36x800 | 23.37x300  [23.38]  pos=-200  realized=0 fees=-0.219177 net=0.219177 unrealized=-2
2026-04-28T15:47:55.894225675 SPREAD RIVN NASDAQ  [0]  16.11x2000 | 16.12x4600  [16.14]  pos=0  realized=0 fees=0 net=0 unrealized=0
2026-04-28T15:47:55.894231758 SPREAD AAL NASDAQ  [0]  11.63x31600 | 11.64x11600  [11.65]  pos=0  realized=0 fees=0 net=0 unrealized=0
2026-04-28T15:47:55.894237406 SPREAD NKE NYSE  [0]  44.93x1700 | 44.94x1300  [44.98]  pos=0  realized=0 fees=0 net=0 unrealized=0
2026-04-28T15:47:55.894247870 SPREAD SOFI NASDAQ  [18.57]  18.6x12600 | 18.61x7900  [0]  pos=0  realized=0 fees=0 net=0 unrealized=0
2026-04-28T15:47:55.894254094 SPREAD HOOD NASDAQ  [0]  82.24x400 | 82.25x800  [82.27]  pos=0  realized=-50.75 fees=-1.058545 net=-49.691455 unrealized=0
2026-04-28T15:47:55.894264096 SPREAD XLE ARCA  [57.71]  57.73x33500 | 57.74x9800  [57.76]  pos=100  realized=0 fees=-0.1772 net=0.1772 unrealized=0.5
2026-04-28T15:48:00.894512212 BALANCE long=$13249 (3) short=$4673 (1) expose=$8576 | realize=-59.75005 fee=-5.53909 net=-54.21096 unrealized=1.5 equity=-52.71096 liquidate=-55.21096 | fills=92 pending=12 | ofails=0/91
2026-04-28T15:48:00.894569315 SPREAD DKNG NASDAQ  [23.34]  23.36x900 | 23.37x300  [23.38]  pos=-200  realized=0 fees=-0.219177 net=0.219177 unrealized=-2
2026-04-28T15:48:00.894588530 SPREAD RIVN NASDAQ  [0]  16.11x2000 | 16.12x4800  [16.14]  pos=0  realized=0 fees=0 net=0 unrealized=0
2026-04-28T15:48:00.894597366 SPREAD AAL NASDAQ  [0]  11.63x31400 | 11.64x11300  [11.65]  pos=0  realized=0 fees=0 net=0 unrealized=0
2026-04-28T15:48:00.894606893 SPREAD NKE NYSE  [0]  44.94x1200 | 44.95x1800  [44.98]  pos=0  realized=0 fees=0 net=0 unrealized=0
2026-04-28T15:48:00.894616282 SPREAD SOFI NASDAQ  [18.57]  18.58x5600 | 18.59x10200  [0]  pos=0  realized=0 fees=0 net=0 unrealized=0
2026-04-28T15:48:00.894626202 SPREAD HOOD NASDAQ  [0]  82.24x600 | 82.25x500  [82.27]  pos=0  realized=-50.75 fees=-1.058545 net=-49.691455 unrealized=0
2026-04-28T15:48:00.894636194 SPREAD XLE ARCA  [57.71]  57.74x14600 | 57.75x29200  [57.76]  pos=100  realized=0 fees=-0.1772 net=0.1772 unrealized=1.5
2026-04-28T15:48:00.894645338 SPREAD FXI ARCA  [0]  36.27x65200 | 36.28x41800  [36.3]  pos=0  realized=0 fees=0 net=0 unrealized=0
2026-04-28T15:48:00.894657054 SPREAD VZ NYSE  [47.09]  47.1x2500 | 47.11x2400  [47.14]  pos=100  realized=3 fees=-0.415074 net=3.415074 unrealized=-0.5
2026-04-28T15:48:00.894666934 SPREAD INTC NASDAQ  [83.84]  83.87x500 | 83.88x700  [0]  pos=0  realized=-16.50005 fees=-3.026209 net=-13.473841 unrealized=0
2026-04-28T15:48:00.894676220 SPREAD PYPL NASDAQ  [49.52]  49.54x400 | 49.55x900  [0]  pos=0  realized=4.5 fees=-0.465685 net=4.965685 unrealized=0
2026-04-28T15:48:00.894683098 SPREAD CMCSA NASDAQ  [27.59]  27.63x4100 | 27.64x7500  [27.64]  pos=100  realized=0 fees=-0.1772 net=0.1772 unrealized=2.5
2026-04-28T15:48:02.014551163 INTC replacing buy order: 83.84 -> 83.87 (pos=0 spread=0 bid=83.89x200 ask=83.89x200)
2026-04-28T15:48:02.040624986 INTC order replaced: replaced buy 100 @ 83.84 pos=0 filled=0/100
2026-04-28T15:48:04.822345612 INTC replacing buy order: 83.87 -> 83.9 (pos=0 spread=0 bid=83.92x200 ask=83.92x100)
2026-04-28T15:48:04.849075537 INTC order replaced: replaced buy 100 @ 83.87 pos=0 filled=0/100
2026-04-28T15:48:05.044038436 HOOD order fill: filled sell 100 @ 82.27 pos=-100 filled=100/100
2026-04-28T15:48:05.044065157 HOOD filled -100 @ 82.27 | pos=-100 | fill_pnl=0 | fee=0.011776 | realized=-50.75 | total_pnl=-59.75005 | total_fees=-5.527314 | fills=93 shares=7600
2026-04-28T15:48:05.067247005 HOOD placed sell 100 @ 82.29 -> NASDAQ (pos=-100 spread=0.01 bid=82.26x200 ask=82.27x300)
2026-04-28T15:48:05.068279657 HOOD placed buy 100 @ 82.24 -> NASDAQ (pos=-100 spread=0.01 bid=82.26x200 ask=82.27x300)
2026-04-28T15:48:05.077231044 HOOD order pending_new: pending_new sell 100 @ 82.29 pos=0 filled=0/100
2026-04-28T15:48:05.077249709 HOOD order pending_new: pending_new buy 100 @ 82.24 pos=0 filled=0/100
2026-04-28T15:48:05.091866846 HOOD order new: new sell 100 @ 82.29 pos=0 filled=0/100
2026-04-28T15:48:05.091883537 HOOD order new: new buy 100 @ 82.24 pos=0 filled=0/100
2026-04-28T15:48:06.893923306 BALANCE long=$13248 (3) short=$12900 (2) expose=$348 | realize=-59.75005 fee=-5.527314 net=-54.222736 unrealized=1 equity=-53.222736 liquidate=-56.222736 | fills=93 pending=12 | ofails=0/93
2026-04-28T15:48:06.893970286 SPREAD XLE ARCA  [57.71]  57.74x10300 | 57.75x31200  [57.76]  pos=100  realized=0 fees=-0.1772 net=0.1772 unrealized=1.5
2026-04-28T15:48:06.893980146 SPREAD FXI ARCA  [0]  36.27x66400 | 36.28x41900  [36.3]  pos=0  realized=0 fees=0 net=0 unrealized=0
2026-04-28T15:48:06.893986029 SPREAD VZ NYSE  [47.09]  47.09x6100 | 47.1x500  [47.14]  pos=100  realized=3 fees=-0.415074 net=3.415074 unrealized=-1.5
2026-04-28T15:48:06.893994324 SPREAD INTC NASDAQ  [83.9]  83.9x400 | 83.91x400  [0]  pos=0  realized=-16.50005 fees=-3.026209 net=-13.473841 unrealized=0
2026-04-28T15:48:06.894001742 SPREAD PYPL NASDAQ  [49.52]  49.53x1000 | 49.54x100  [0]  pos=0  realized=4.5 fees=-0.465685 net=4.965685 unrealized=0
2026-04-28T15:48:06.894009449 SPREAD CMCSA NASDAQ  [27.59]  27.63x2900 | 27.64x7900  [27.64]  pos=100  realized=0 fees=-0.1772 net=0.1772 unrealized=2.5
2026-04-28T15:48:06.894014171 SPREAD DKNG NASDAQ  [23.34]  23.36x900 | 23.37x600  [23.38]  pos=-200  realized=0 fees=-0.219177 net=0.219177 unrealized=-2
2026-04-28T15:48:06.894018031 SPREAD RIVN NASDAQ  [0]  16.12x2900 | 16.13x4800  [16.14]  pos=0  realized=0 fees=0 net=0 unrealized=0
2026-04-28T15:48:06.894024256 SPREAD AAL NASDAQ  [0]  11.63x30600 | 11.64x10600  [11.65]  pos=0  realized=0 fees=0 net=0 unrealized=0
2026-04-28T15:48:06.894032669 SPREAD NKE NYSE  [0]  44.94x1600 | 44.95x1800  [44.98]  pos=0  realized=0 fees=0 net=0 unrealized=0
2026-04-28T15:48:06.894038109 SPREAD SOFI NASDAQ  [18.57]  18.58x9300 | 18.59x7300  [0]  pos=0  realized=0 fees=0 net=0 unrealized=0
2026-04-28T15:48:06.894044039 SPREAD HOOD NASDAQ  [82.24]  82.26x200 | 82.27x200  [82.29]  pos=-100  realized=-50.75 fees=-1.046769 net=-49.703231 unrealized=0.5
2026-04-28T15:48:12.894390386 BALANCE long=$13248 (3) short=$12899 (2) expose=$349 | realize=-59.75005 fee=-5.527314 net=-54.222736 unrealized=2 equity=-52.222736 liquidate=-55.222736 | fills=93 pending=12 | ofails=0/93
2026-04-28T15:48:12.894435165 SPREAD PYPL NASDAQ  [49.52]  49.52x500 | 49.53x600  [0]  pos=0  realized=4.5 fees=-0.465685 net=4.965685 unrealized=0
2026-04-28T15:48:12.894446495 SPREAD CMCSA NASDAQ  [27.59]  27.63x3000 | 27.64x9700  [27.64]  pos=100  realized=0 fees=-0.1772 net=0.1772 unrealized=2.5
2026-04-28T15:48:12.894453415 SPREAD DKNG NASDAQ  [23.34]  23.36x800 | 23.37x400  [23.38]  pos=-200  realized=0 fees=-0.219177 net=0.219177 unrealized=-2
2026-04-28T15:48:12.894461956 SPREAD RIVN NASDAQ  [0]  16.12x3400 | 16.13x3100  [16.14]  pos=0  realized=0 fees=0 net=0 unrealized=0
2026-04-28T15:48:12.894468939 SPREAD AAL NASDAQ  [0]  11.63x30600 | 11.64x12300  [11.65]  pos=0  realized=0 fees=0 net=0 unrealized=0
2026-04-28T15:48:12.894475057 SPREAD NKE NYSE  [0]  44.94x1700 | 44.95x2400  [44.98]  pos=0  realized=0 fees=0 net=0 unrealized=0
2026-04-28T15:48:12.894499436 SPREAD SOFI NASDAQ  [18.57]  18.58x7100 | 18.59x7400  [0]  pos=0  realized=0 fees=0 net=0 unrealized=0
2026-04-28T15:48:12.894510839 SPREAD HOOD NASDAQ  [82.24]  82.25x2700 | 82.26x100  [82.29]  pos=-100  realized=-50.75 fees=-1.046769 net=-49.703231 unrealized=1.5
2026-04-28T15:48:12.894520739 SPREAD XLE ARCA  [57.71]  57.74x12200 | 57.75x25400  [57.76]  pos=100  realized=0 fees=-0.1772 net=0.1772 unrealized=1.5
2026-04-28T15:48:12.894528842 SPREAD FXI ARCA  [0]  36.27x65000 | 36.28x42400  [36.3]  pos=0  realized=0 fees=0 net=0 unrealized=0
2026-04-28T15:48:12.894535877 SPREAD VZ NYSE  [47.09]  47.09x6500 | 47.1x1300  [47.14]  pos=100  realized=3 fees=-0.415074 net=3.415074 unrealized=-1.5
2026-04-28T15:48:12.894544976 SPREAD INTC NASDAQ  [83.9]  83.91x1300 | 83.92x600  [0]  pos=0  realized=-16.50005 fees=-3.026209 net=-13.473841 unrealized=0
2026-04-28T15:48:14.316916038 HOOD order fill: filled buy 100 @ 82.24 pos=0 filled=100/100
2026-04-28T15:48:14.316942658 HOOD filled 100 @ 82.24 | pos=0 | fill_pnl=3 | fee=-0.1772 | realized=-47.75 | total_pnl=-56.75005 | total_fees=-5.704514 | fills=94 shares=7700
2026-04-28T15:48:14.334076918 HOOD replacing sell order: 82.29 -> 82.26 (pos=0 spread=0.02 bid=82.23x400 ask=82.25x1000)
2026-04-28T15:48:14.358255519 HOOD order replaced: replaced sell 100 @ 82.29 pos=0 filled=0/100
2026-04-28T15:48:14.492693670 INTC order fill: filled buy 100 @ 83.9 pos=100 filled=100/100
2026-04-28T15:48:14.492716523 INTC filled 100 @ 83.9 | pos=100 | fill_pnl=0 | fee=-0.1772 | realized=-16.50005 | total_pnl=-56.75005 | total_fees=-5.881714 | fills=95 shares=7800
2026-04-28T15:48:14.507484694 INTC placed buy 100 @ 83.88 -> NASDAQ (pos=100 spread=0.01 bid=83.9x300 ask=83.91x1000)
2026-04-28T15:48:14.509810659 INTC placed sell 100 @ 83.93 -> NASDAQ (pos=100 spread=0.01 bid=83.9x300 ask=83.91x1000)
2026-04-28T15:48:14.518350553 INTC order pending_new: pending_new buy 100 @ 83.88 pos=0 filled=0/100
2026-04-28T15:48:14.518368808 INTC order pending_new: pending_new sell 100 @ 83.93 pos=0 filled=0/100
2026-04-28T15:48:14.531749264 INTC order new: new buy 100 @ 83.88 pos=0 filled=0/100
2026-04-28T15:48:14.531764520 INTC order new: new sell 100 @ 83.93 pos=0 filled=0/100
2026-04-28T15:48:14.595088823 INTC order fill: filled buy 100 @ 83.88 pos=200 filled=100/100
2026-04-28T15:48:14.595117496 INTC filled 100 @ 83.88 | pos=200 | fill_pnl=0 | fee=-0.1772 | realized=-16.50005 | total_pnl=-56.75005 | total_fees=-6.058914 | fills=96 shares=7900
2026-04-28T15:48:14.612048487 INTC placed buy 100 @ 83.88 -> NASDAQ (pos=200 spread=0.01 bid=83.9x300 ask=83.91x1000)
2026-04-28T15:48:14.621823974 INTC order pending_new: pending_new buy 100 @ 83.88 pos=0 filled=0/100
2026-04-28T15:48:14.634441262 INTC order new: new buy 100 @ 83.88 pos=0 filled=0/100
2026-04-28T15:48:14.634473530 INTC order fill: filled buy 100 @ 83.88 pos=300 filled=100/100
2026-04-28T15:48:14.634488337 INTC filled 100 @ 83.88 | pos=300 | fill_pnl=0 | fee=-0.1772 | realized=-16.50005 | total_pnl=-56.75005 | total_fees=-6.236114 | fills=97 shares=8000
2026-04-28T15:48:14.668072066 INTC placed buy 100 @ 83.87 -> NASDAQ (pos=300 spread=0.01 bid=83.89x1600 ask=83.9x700)
2026-04-28T15:48:14.679130691 INTC order pending_new: pending_new buy 100 @ 83.87 pos=0 filled=0/100
2026-04-28T15:48:14.692933494 INTC order new: new buy 100 @ 83.87 pos=0 filled=0/100
2026-04-28T15:48:15.038489988 INTC replacing sell order: 83.93 -> 83.9 (pos=300 spread=0 bid=83.88x100 ask=83.88x100)
2026-04-28T15:48:15.064110128 INTC order replaced: replaced sell 100 @ 83.93 pos=0 filled=0/100
2026-04-28T15:48:17.910291216 INTC order fill: filled sell 100 @ 83.9 pos=200 filled=100/100
2026-04-28T15:48:17.911006208 INTC filled -100 @ 83.9 | pos=200 | fill_pnl=1.3334 | fee=0.015134 | realized=-15.16665 | total_pnl=-55.41665 | total_fees=-6.22098 | fills=98 shares=8100
2026-04-28T15:48:17.922531771 INTC placed sell 100 @ 83.92 -> NASDAQ (pos=200 spread=0.01 bid=83.89x1300 ask=83.9x200)
2026-04-28T15:48:17.935149634 INTC order pending_new: pending_new sell 100 @ 83.92 pos=0 filled=0/100
2026-04-28T15:48:17.946540003 INTC order new: new sell 100 @ 83.92 pos=0 filled=0/100
2026-04-28T15:48:18.490870453 VZ order fill: filled buy 100 @ 47.09 pos=200 filled=100/100
2026-04-28T15:48:18.490896087 VZ filled 100 @ 47.09 | pos=200 | fill_pnl=0 | fee=-0.1772 | realized=3 | total_pnl=-55.41665 | total_fees=-6.39818 | fills=99 shares=8200
2026-04-28T15:48:18.513214688 VZ placed buy 100 @ 47.07 -> NYSE (pos=200 spread=0.01 bid=47.09x5600 ask=47.1x1000)
2026-04-28T15:48:18.525421151 VZ order pending_new: pending_new buy 100 @ 47.07 pos=0 filled=0/100
2026-04-28T15:48:18.538363176 VZ order new: new buy 100 @ 47.07 pos=0 filled=0/100
2026-04-28T15:48:18.620457153 VZ replacing sell order: 47.14 -> 47.11 (pos=200 spread=0 bid=47.09x100 ask=47.09x1100)
2026-04-28T15:48:18.645443663 VZ order replaced: replaced sell 100 @ 47.14 pos=0 filled=0/100
2026-04-28T15:48:18.894190100 BALANCE long=$34737 (4) short=$4673 (1) expose=$30064 | realize=-55.41665 fee=-6.39818 net=-49.01847 unrealized=3.66665 equity=-45.35182 liquidate=-49.35182 | fills=99 pending=12 | ofails=0/99
2026-04-28T15:48:18.894237720 SPREAD SOFI NASDAQ  [18.57]  18.58x6400 | 18.59x7400  [0]  pos=0  realized=0 fees=0 net=0 unrealized=0
2026-04-28T15:48:18.894266225 SPREAD HOOD NASDAQ  [0]  82.24x100 | 82.25x200  [82.26]  pos=0  realized=-47.75 fees=-1.223969 net=-46.526031 unrealized=0
2026-04-28T15:48:18.894276993 SPREAD XLE ARCA  [57.71]  57.75x16700 | 57.76x27100  [57.76]  pos=100  realized=0 fees=-0.1772 net=0.1772 unrealized=2.5
2026-04-28T15:48:18.894282820 SPREAD FXI ARCA  [0]  36.27x65100 | 36.28x42300  [36.3]  pos=0  realized=0 fees=0 net=0 unrealized=0
2026-04-28T15:48:18.894289100 SPREAD VZ NYSE  [47.07]  47.08x2500 | 47.09x2700  [47.11]  pos=200  realized=3 fees=-0.592274 net=3.592274 unrealized=-3
2026-04-28T15:48:18.894297957 SPREAD INTC NASDAQ  [83.87]  83.9x200 | 83.91x600  [83.92]  pos=200  realized=-15.16665 fees=-3.542675 net=-11.623975 unrealized=3.66665
2026-04-28T15:48:18.894312044 SPREAD PYPL NASDAQ  [49.52]  49.53x700 | 49.54x600  [0]  pos=0  realized=4.5 fees=-0.465685 net=4.965685 unrealized=0
2026-04-28T15:48:18.894319529 SPREAD CMCSA NASDAQ  [27.59]  27.63x3000 | 27.64x10300  [27.64]  pos=100  realized=0 fees=-0.1772 net=0.1772 unrealized=2.5
2026-04-28T15:48:18.894327095 SPREAD DKNG NASDAQ  [23.34]  23.36x1100 | 23.37x700  [23.38]  pos=-200  realized=0 fees=-0.219177 net=0.219177 unrealized=-2
2026-04-28T15:48:18.894335729 SPREAD RIVN NASDAQ  [0]  16.12x2200 | 16.13x3300  [16.14]  pos=0  realized=0 fees=0 net=0 unrealized=0
2026-04-28T15:48:18.894342985 SPREAD AAL NASDAQ  [0]  11.63x30300 | 11.64x12100  [11.65]  pos=0  realized=0 fees=0 net=0 unrealized=0
2026-04-28T15:48:18.894351249 SPREAD NKE NYSE  [0]  44.95x2200 | 44.96x600  [44.98]  pos=0  realized=0 fees=0 net=0 unrealized=0
2026-04-28T15:48:24.893961676 BALANCE long=$34733 (4) short=$4671 (1) expose=$30062 | realize=-55.41665 fee=-6.39818 net=-49.01847 unrealized=1.66665 equity=-47.35182 liquidate=-52.35182 | fills=99 pending=12 | ofails=0/99
2026-04-28T15:48:24.894002810 SPREAD DKNG NASDAQ  [23.34]  23.35x900 | 23.36x100  [23.38]  pos=-200  realized=0 fees=-0.219177 net=0.219177 unrealized=0
2026-04-28T15:48:24.894012438 SPREAD RIVN NASDAQ  [0]  16.12x1600 | 16.13x20500  [16.14]  pos=0  realized=0 fees=0 net=0 unrealized=0
2026-04-28T15:48:24.894017376 SPREAD AAL NASDAQ  [0]  11.63x28800 | 11.64x15100  [11.65]  pos=0  realized=0 fees=0 net=0 unrealized=0
2026-04-28T15:48:24.894029189 SPREAD NKE NYSE  [0]  44.95x1900 | 44.96x1200  [44.98]  pos=0  realized=0 fees=0 net=0 unrealized=0
2026-04-28T15:48:24.894038472 SPREAD SOFI NASDAQ  [18.57]  18.58x5900 | 18.59x7900  [0]  pos=0  realized=0 fees=0 net=0 unrealized=0
2026-04-28T15:48:24.894050773 SPREAD HOOD NASDAQ  [0]  82.22x800 | 82.23x300  [82.26]  pos=0  realized=-47.75 fees=-1.223969 net=-46.526031 unrealized=0
2026-04-28T15:48:24.894060524 SPREAD XLE ARCA  [57.71]  57.75x10500 | 57.76x32700  [57.76]  pos=100  realized=0 fees=-0.1772 net=0.1772 unrealized=2.5
2026-04-28T15:48:24.894065697 SPREAD FXI ARCA  [0]  36.27x64900 | 36.28x42500  [36.3]  pos=0  realized=0 fees=0 net=0 unrealized=0
2026-04-28T15:48:24.894086277 SPREAD VZ NYSE  [47.07]  47.08x1200 | 47.09x2400  [47.11]  pos=200  realized=3 fees=-0.592274 net=3.592274 unrealized=-3
2026-04-28T15:48:24.894096969 SPREAD INTC NASDAQ  [83.87]  83.88x400 | 83.9x1200  [83.92]  pos=200  realized=-15.16665 fees=-3.542675 net=-11.623975 unrealized=0.66665
2026-04-28T15:48:24.894112508 SPREAD PYPL NASDAQ  [49.52]  49.52x900 | 49.54x600  [0]  pos=0  realized=4.5 fees=-0.465685 net=4.965685 unrealized=0
2026-04-28T15:48:24.894121769 SPREAD CMCSA NASDAQ  [27.59]  27.62x3500 | 27.63x7100  [27.64]  pos=100  realized=0 fees=-0.1772 net=0.1772 unrealized=1.5
2026-04-28T15:48:29.894089770 BALANCE long=$34734 (4) short=$4673 (1) expose=$30061 | realize=-55.41665 fee=-6.39818 net=-49.01847 unrealized=0.66665 equity=-48.35182 liquidate=-52.35182 | fills=99 pending=12 | ofails=0/99
2026-04-28T15:48:29.894134737 SPREAD CMCSA NASDAQ  [27.59]  27.62x3400 | 27.63x7200  [27.64]  pos=100  realized=0 fees=-0.1772 net=0.1772 unrealized=1.5
2026-04-28T15:48:29.894152997 SPREAD DKNG NASDAQ  [23.34]  23.36x700 | 23.37x900  [23.38]  pos=-200  realized=0 fees=-0.219177 net=0.219177 unrealized=-2
2026-04-28T15:48:29.894162087 SPREAD RIVN NASDAQ  [0]  16.11x2600 | 16.12x5100  [16.14]  pos=0  realized=0 fees=0 net=0 unrealized=0
2026-04-28T15:48:29.894169018 SPREAD AAL NASDAQ  [0]  11.63x28800 | 11.64x12500  [11.65]  pos=0  realized=0 fees=0 net=0 unrealized=0
2026-04-28T15:48:29.894181059 SPREAD NKE NYSE  [0]  44.95x2000 | 44.96x900  [44.98]  pos=0  realized=0 fees=0 net=0 unrealized=0
2026-04-28T15:48:29.894190060 SPREAD SOFI NASDAQ  [18.57]  18.58x5300 | 18.59x7900  [0]  pos=0  realized=0 fees=0 net=0 unrealized=0
2026-04-28T15:48:29.894196584 SPREAD HOOD NASDAQ  [0]  82.21x400 | 82.22x200  [82.26]  pos=0  realized=-47.75 fees=-1.223969 net=-46.526031 unrealized=0
2026-04-28T15:48:29.894203902 SPREAD XLE ARCA  [57.71]  57.75x11100 | 57.76x24900  [57.76]  pos=100  realized=0 fees=-0.1772 net=0.1772 unrealized=2.5
2026-04-28T15:48:29.894210982 SPREAD FXI ARCA  [0]  36.27x65400 | 36.28x41100  [36.3]  pos=0  realized=0 fees=0 net=0 unrealized=0
2026-04-28T15:48:29.894219176 SPREAD VZ NYSE  [47.07]  47.08x3400 | 47.09x800  [47.11]  pos=200  realized=3 fees=-0.592274 net=3.592274 unrealized=-3
2026-04-28T15:48:29.894227179 SPREAD INTC NASDAQ  [83.87]  83.89x600 | 83.9x200  [83.92]  pos=200  realized=-15.16665 fees=-3.542675 net=-11.623975 unrealized=1.66665
2026-04-28T15:48:29.894241645 SPREAD PYPL NASDAQ  [49.52]  49.52x800 | 49.53x300  [0]  pos=0  realized=4.5 fees=-0.465685 net=4.965685 unrealized=0
2026-04-28T15:48:33.990235163 HOOD replacing sell order: 82.26 -> 82.23 (pos=0 spread=0.02 bid=82.2x400 ask=82.22x2200)
2026-04-28T15:48:34.015687803 HOOD order replaced: replaced sell 100 @ 82.26 pos=0 filled=0/100
2026-04-28T15:48:34.213584349 INTC order fill: filled sell 100 @ 83.92 pos=100 filled=100/100
2026-04-28T15:48:34.213610461 INTC filled -100 @ 83.92 | pos=100 | fill_pnl=3.3333 | fee=0.015175 | realized=-11.83335 | total_pnl=-52.08335 | total_fees=-6.383005 | fills=100 shares=8300
2026-04-28T15:48:34.227750574 INTC placed sell 100 @ 83.93 -> NASDAQ (pos=100 spread=0.01 bid=83.9x500 ask=83.91x3100)
2026-04-28T15:48:34.239529802 INTC order pending_new: pending_new sell 100 @ 83.93 pos=0 filled=0/100
2026-04-28T15:48:34.246449557 INTC replacing buy order: 83.87 -> 83.9 (pos=100 spread=0.02 bid=83.91x800 ask=83.93x1500)
2026-04-28T15:48:34.252431866 INTC order new: new sell 100 @ 83.93 pos=0 filled=0/100
2026-04-28T15:48:34.270974370 INTC order replaced: replaced buy 100 @ 83.87 pos=0 filled=0/100
2026-04-28T15:48:34.711409720 INTC order fill: filled buy 100 @ 83.9 pos=200 filled=100/100
2026-04-28T15:48:34.711433912 INTC filled 100 @ 83.9 | pos=200 | fill_pnl=0 | fee=-0.1772 | realized=-11.83335 | total_pnl=-52.08335 | total_fees=-6.560205 | fills=101 shares=8400
2026-04-28T15:48:34.728822811 INTC placed buy 100 @ 83.88 -> NASDAQ (pos=200 spread=0.01 bid=83.9x900 ask=83.91x300)
2026-04-28T15:48:34.743132087 INTC order pending_new: pending_new buy 100 @ 83.88 pos=0 filled=0/100
2026-04-28T15:48:34.752737571 INTC order new: new buy 100 @ 83.88 pos=0 filled=0/100
2026-04-28T15:48:34.768140503 INTC order fill: filled buy 100 @ 83.88 pos=300 filled=100/100
2026-04-28T15:48:34.768159463 INTC filled 100 @ 83.88 | pos=300 | fill_pnl=0 | fee=-0.1772 | realized=-11.83335 | total_pnl=-52.08335 | total_fees=-6.737405 | fills=102 shares=8500
2026-04-28T15:48:34.784040074 INTC placed buy 100 @ 83.88 -> NASDAQ (pos=300 spread=0.01 bid=83.9x900 ask=83.91x300)
2026-04-28T15:48:34.797016771 INTC order pending_new: pending_new buy 100 @ 83.88 pos=0 filled=0/100
2026-04-28T15:48:34.808402806 INTC order new: new buy 100 @ 83.88 pos=0 filled=0/100
2026-04-28T15:48:34.808414466 INTC order fill: filled buy 100 @ 83.88 pos=400 filled=100/100
2026-04-28T15:48:34.808426107 INTC filled 100 @ 83.865 | pos=400 | fill_pnl=0 | fee=-0.1772 | realized=-11.83335 | total_pnl=-52.08335 | total_fees=-6.914605 | fills=103 shares=8600
2026-04-28T15:48:34.824720132 INTC placed buy 100 @ 83.88 -> NASDAQ (pos=400 spread=0.01 bid=83.9x900 ask=83.91x300)
2026-04-28T15:48:34.836913137 INTC order pending_new: pending_new buy 100 @ 83.88 pos=0 filled=0/100
2026-04-28T15:48:34.851619201 INTC order new: new buy 100 @ 83.88 pos=0 filled=0/100
2026-04-28T15:48:34.851633113 INTC order fill: filled buy 100 @ 83.88 pos=500 filled=100/100
2026-04-28T15:48:34.851646700 INTC filled 100 @ 83.88 | pos=500 | fill_pnl=0 | fee=-0.1772 | realized=-11.83335 | total_pnl=-52.08335 | total_fees=-7.091805 | fills=104 shares=8700
2026-04-28T15:48:34.869331973 INTC placed buy 100 @ 83.88 -> NASDAQ (pos=500 spread=0.01 bid=83.9x900 ask=83.91x300)
2026-04-28T15:48:34.880250261 INTC order pending_new: pending_new buy 100 @ 83.88 pos=0 filled=0/100
2026-04-28T15:48:34.892595080 INTC order new: new buy 100 @ 83.88 pos=0 filled=0/100
2026-04-28T15:48:34.894646518 BALANCE long=$59910 (4) short=$4673 (1) expose=$55237 | realize=-52.08335 fee=-7.091805 net=-44.991545 unrealized=12.33335 equity=-32.658195 liquidate=-38.158195 | fills=104 pending=12 | ofails=0/104
2026-04-28T15:48:34.894670361 SPREAD DKNG NASDAQ  [23.34]  23.36x700 | 23.37x600  [23.38]  pos=-200  realized=0 fees=-0.219177 net=0.219177 unrealized=-2
2026-04-28T15:48:34.894692495 SPREAD RIVN NASDAQ  [0]  16.11x3000 | 16.12x5500  [16.14]  pos=0  realized=0 fees=0 net=0 unrealized=0
2026-04-28T15:48:34.894701513 SPREAD AAL NASDAQ  [0]  11.63x28800 | 11.64x14500  [11.65]  pos=0  realized=0 fees=0 net=0 unrealized=0
2026-04-28T15:48:34.894710401 SPREAD NKE NYSE  [0]  44.95x1900 | 44.96x1400  [44.98]  pos=0  realized=0 fees=0 net=0 unrealized=0
2026-04-28T15:48:34.894719328 SPREAD SOFI NASDAQ  [18.57]  18.58x5500 | 18.59x7900  [0]  pos=0  realized=0 fees=0 net=0 unrealized=0
2026-04-28T15:48:34.894728531 SPREAD HOOD NASDAQ  [0]  82.2x500 | 82.21x200  [82.23]  pos=0  realized=-47.75 fees=-1.223969 net=-46.526031 unrealized=0
2026-04-28T15:48:34.894735691 SPREAD XLE ARCA  [57.71]  57.75x18500 | 57.76x22500  [57.76]  pos=100  realized=0 fees=-0.1772 net=0.1772 unrealized=2.5
2026-04-28T15:48:34.894753083 SPREAD FXI ARCA  [0]  36.27x65500 | 36.28x42500  [36.3]  pos=0  realized=0 fees=0 net=0 unrealized=0
2026-04-28T15:48:34.894763200 SPREAD VZ NYSE  [47.07]  47.09x2500 | 47.1x1200  [47.11]  pos=200  realized=3 fees=-0.592274 net=3.592274 unrealized=-1
2026-04-28T15:48:34.894770587 SPREAD INTC NASDAQ  [83.88]  83.9x900 | 83.91x300  [83.93]  pos=500  realized=-11.83335 fees=-4.2363 net=-7.59705 unrealized=11.33335
2026-04-28T15:48:34.894778117 SPREAD PYPL NASDAQ  [49.52]  49.52x500 | 49.53x1200  [0]  pos=0  realized=4.5 fees=-0.465685 net=4.965685 unrealized=0
2026-04-28T15:48:34.894790291 SPREAD CMCSA NASDAQ  [27.59]  27.62x3600 | 27.63x7900  [27.64]  pos=100  realized=0 fees=-0.1772 net=0.1772 unrealized=1.5
2026-04-28T15:48:34.978089322 INTC replacing sell order: 83.93 -> 83.9 (pos=500 spread=0 bid=83.88x300 ask=83.88x200)
2026-04-28T15:48:34.983005352 INTC replacing buy order: 83.88 -> 83.85 (pos=500 spread=0.01 bid=83.87x1400 ask=83.88x400)
2026-04-28T15:48:35.003236509 INTC order replaced: replaced sell 100 @ 83.93 pos=0 filled=0/100
2026-04-28T15:48:35.003254626 INTC order replaced: replaced buy 100 @ 83.88 pos=0 filled=0/100
2026-04-28T15:48:35.233129667 PYPL order fill: filled buy 100 @ 49.52 pos=100 filled=100/100
2026-04-28T15:48:35.233152821 PYPL filled 100 @ 49.52 | pos=100 | fill_pnl=0 | fee=-0.1772 | realized=4.5 | total_pnl=-52.08335 | total_fees=-7.269005 | fills=105 shares=8800
2026-04-28T15:48:35.249500253 PYPL placed buy 100 @ 49.5 -> NASDAQ (pos=100 spread=0.01 bid=49.52x500 ask=49.53x1000)
2026-04-28T15:48:35.251502760 PYPL placed sell 100 @ 49.55 -> NASDAQ (pos=100 spread=0.01 bid=49.52x500 ask=49.53x1000)
2026-04-28T15:48:35.260906946 PYPL order pending_new: pending_new buy 100 @ 49.5 pos=0 filled=0/100
2026-04-28T15:48:35.260924118 PYPL order pending_new: pending_new sell 100 @ 49.55 pos=0 filled=0/100
2026-04-28T15:48:35.275266718 PYPL order new: new buy 100 @ 49.5 pos=0 filled=0/100
2026-04-28T15:48:35.275282444 PYPL order new: new sell 100 @ 49.55 pos=0 filled=0/100
2026-04-28T15:48:40.894375389 BALANCE long=$64851 (5) short=$4673 (1) expose=$60178 | realize=-52.08335 fee=-7.269005 net=-44.814345 unrealized=1.33335 equity=-43.480995 liquidate=-51.980995 | fills=105 pending=12 | ofails=0/106
2026-04-28T15:48:40.894422137 SPREAD DKNG NASDAQ  [23.34]  23.36x400 | 23.37x800  [23.38]  pos=-200  realized=0 fees=-0.219177 net=0.219177 unrealized=-2
2026-04-28T15:48:40.894432871 SPREAD RIVN NASDAQ  [0]  16.11x2300 | 16.12x6600  [16.14]  pos=0  realized=0 fees=0 net=0 unrealized=0
2026-04-28T15:48:40.894442689 SPREAD AAL NASDAQ  [0]  11.63x30800 | 11.64x15200  [11.65]  pos=0  realized=0 fees=0 net=0 unrealized=0
2026-04-28T15:48:40.894465118 SPREAD NKE NYSE  [0]  44.95x1300 | 44.96x1000  [44.98]  pos=0  realized=0 fees=0 net=0 unrealized=0
2026-04-28T15:48:40.894474336 SPREAD SOFI NASDAQ  [18.57]  18.57x7700 | 18.58x10000  [0]  pos=0  realized=0 fees=0 net=0 unrealized=0
2026-04-28T15:48:40.894480773 SPREAD HOOD NASDAQ  [0]  82.2x900 | 82.21x100  [82.23]  pos=0  realized=-47.75 fees=-1.223969 net=-46.526031 unrealized=0
2026-04-28T15:48:40.894487711 SPREAD XLE ARCA  [57.71]  57.75x10000 | 57.76x31300  [57.76]  pos=100  realized=0 fees=-0.1772 net=0.1772 unrealized=2.5
2026-04-28T15:48:40.894493737 SPREAD FXI ARCA  [0]  36.27x73800 | 36.28x51600  [36.3]  pos=0  realized=0 fees=0 net=0 unrealized=0
2026-04-28T15:48:40.894505739 SPREAD VZ NYSE  [47.07]  47.08x2200 | 47.09x2300  [47.11]  pos=200  realized=3 fees=-0.592274 net=3.592274 unrealized=-3
2026-04-28T15:48:40.894514456 SPREAD INTC NASDAQ  [83.85]  83.88x1700 | 83.9x1000  [83.9]  pos=500  realized=-11.83335 fees=-4.2363 net=-7.59705 unrealized=3.83335
2026-04-28T15:48:40.894524991 SPREAD PYPL NASDAQ  [49.5]  49.51x900 | 49.52x200  [49.55]  pos=100  realized=4.5 fees=-0.642885 net=5.142885 unrealized=-0.5
2026-04-28T15:48:40.894531506 SPREAD CMCSA NASDAQ  [27.59]  27.61x1300 | 27.62x7500  [27.64]  pos=100  realized=0 fees=-0.1772 net=0.1772 unrealized=0.5
2026-04-28T15:48:46.894489206 BALANCE long=$64849 (5) short=$4673 (1) expose=$60176 | realize=-52.08335 fee=-7.269005 net=-44.814345 unrealized=-0.16665 equity=-44.980995 liquidate=-50.980995 | fills=105 pending=12 | ofails=0/106
2026-04-28T15:48:46.894536879 SPREAD PYPL NASDAQ  [49.5]  49.52x700 | 49.53x500  [49.55]  pos=100  realized=4.5 fees=-0.642885 net=5.142885 unrealized=0.5
2026-04-28T15:48:46.894548857 SPREAD CMCSA NASDAQ  [27.59]  27.61x1300 | 27.62x7300  [27.64]  pos=100  realized=0 fees=-0.1772 net=0.1772 unrealized=0.5
2026-04-28T15:48:46.894560388 SPREAD DKNG NASDAQ  [23.34]  23.36x700 | 23.37x800  [23.38]  pos=-200  realized=0 fees=-0.219177 net=0.219177 unrealized=-2
2026-04-28T15:48:46.894569054 SPREAD RIVN NASDAQ  [0]  16.11x3000 | 16.12x5500  [16.14]  pos=0  realized=0 fees=0 net=0 unrealized=0
2026-04-28T15:48:46.894578182 SPREAD AAL NASDAQ  [0]  11.63x12200 | 11.64x19500  [11.65]  pos=0  realized=0 fees=0 net=0 unrealized=0
2026-04-28T15:48:46.894587117 SPREAD NKE NYSE  [0]  44.95x1800 | 44.96x1000  [44.98]  pos=0  realized=0 fees=0 net=0 unrealized=0
2026-04-28T15:48:46.894611949 SPREAD SOFI NASDAQ  [18.57]  18.57x7900 | 18.58x10000  [0]  pos=0  realized=0 fees=0 net=0 unrealized=0
2026-04-28T15:48:46.894618597 SPREAD HOOD NASDAQ  [0]  82.2x1000 | 82.22x1000  [82.23]  pos=0  realized=-47.75 fees=-1.223969 net=-46.526031 unrealized=0
2026-04-28T15:48:46.894626294 SPREAD XLE ARCA  [57.71]  57.75x10900 | 57.76x33200  [57.76]  pos=100  realized=0 fees=-0.1772 net=0.1772 unrealized=2.5
2026-04-28T15:48:46.894634908 SPREAD FXI ARCA  [0]  36.27x51500 | 36.28x64800  [36.3]  pos=0  realized=0 fees=0 net=0 unrealized=0
2026-04-28T15:48:46.894643974 SPREAD VZ NYSE  [47.07]  47.08x2000 | 47.09x1000  [47.11]  pos=200  realized=3 fees=-0.592274 net=3.592274 unrealized=-3
2026-04-28T15:48:46.894651147 SPREAD INTC NASDAQ  [83.85]  83.88x100 | 83.89x500  [83.9]  pos=500  realized=-11.83335 fees=-4.2363 net=-7.59705 unrealized=1.33335
2026-04-28T15:48:51.894557093 BALANCE long=$64840 (5) short=$4671 (1) expose=$60169 | realize=-52.08335 fee=-7.269005 net=-44.814345 unrealized=-7.16665 equity=-51.980995 liquidate=-57.980995 | fills=105 pending=12 | ofails=0/106
2026-04-28T15:48:51.894627031 SPREAD INTC NASDAQ  [83.85]  83.86x500 | 83.87x500  [83.9]  pos=500  realized=-11.83335 fees=-4.2363 net=-7.59705 unrealized=-8.66665
2026-04-28T15:48:51.895313733 SPREAD PYPL NASDAQ  [49.5]  49.53x1000 | 49.54x900  [49.55]  pos=100  realized=4.5 fees=-0.642885 net=5.142885 unrealized=1.5
2026-04-28T15:48:51.895326623 SPREAD CMCSA NASDAQ  [27.59]  27.61x1300 | 27.62x7800  [27.64]  pos=100  realized=0 fees=-0.1772 net=0.1772 unrealized=0.5
2026-04-28T15:48:51.895332410 SPREAD DKNG NASDAQ  [23.34]  23.35x900 | 23.36x1100  [23.38]  pos=-200  realized=0 fees=-0.219177 net=0.219177 unrealized=0
2026-04-28T15:48:51.895346157 SPREAD RIVN NASDAQ  [0]  16.12x1900 | 16.13x20500  [16.14]  pos=0  realized=0 fees=0 net=0 unrealized=0
2026-04-28T15:48:51.895352888 SPREAD AAL NASDAQ  [0]  11.63x13300 | 11.64x17000  [11.65]  pos=0  realized=0 fees=0 net=0 unrealized=0
2026-04-28T15:48:51.895358747 SPREAD NKE NYSE  [0]  44.95x1100 | 44.96x1400  [44.98]  pos=0  realized=0 fees=0 net=0 unrealized=0
2026-04-28T15:48:51.895367747 SPREAD SOFI NASDAQ  [18.57]  18.57x11300 | 18.58x8800  [0]  pos=0  realized=0 fees=0 net=0 unrealized=0
2026-04-28T15:48:51.895377915 SPREAD HOOD NASDAQ  [0]  82.18x1200 | 82.2x900  [82.23]  pos=0  realized=-47.75 fees=-1.223969 net=-46.526031 unrealized=0
2026-04-28T15:48:51.895385540 SPREAD XLE ARCA  [57.71]  57.75x9900 | 57.76x33500  [57.76]  pos=100  realized=0 fees=-0.1772 net=0.1772 unrealized=2.5
2026-04-28T15:48:51.895392405 SPREAD FXI ARCA  [0]  36.27x51000 | 36.28x64000  [36.3]  pos=0  realized=0 fees=0 net=0 unrealized=0
2026-04-28T15:48:51.895399922 SPREAD VZ NYSE  [47.07]  47.08x1900 | 47.09x1600  [47.11]  pos=200  realized=3 fees=-0.592274 net=3.592274 unrealized=-3
2026-04-28T15:48:57.894266077 BALANCE long=$64844 (5) short=$4671 (1) expose=$60173 | realize=-52.08335 fee=-7.269005 net=-44.814345 unrealized=-3.16665 equity=-47.980995 liquidate=-53.980995 | fills=105 pending=12 | ofails=0/106
2026-04-28T15:48:57.894334129 SPREAD XLE ARCA  [57.71]  57.74x15900 | 57.75x25000  [57.76]  pos=100  realized=0 fees=-0.1772 net=0.1772 unrealized=1.5
2026-04-28T15:48:57.894346711 SPREAD FXI ARCA  [0]  36.27x50900 | 36.28x64000  [36.3]  pos=0  realized=0 fees=0 net=0 unrealized=0
2026-04-28T15:48:57.894354949 SPREAD VZ NYSE  [47.07]  47.08x1100 | 47.09x2400  [47.11]  pos=200  realized=3 fees=-0.592274 net=3.592274 unrealized=-3
2026-04-28T15:48:57.894367142 SPREAD INTC NASDAQ  [83.85]  83.87x200 | 83.88x300  [83.9]  pos=500  realized=-11.83335 fees=-4.2363 net=-7.59705 unrealized=-3.66665
2026-04-28T15:48:57.894377437 SPREAD PYPL NASDAQ  [49.5]  49.53x1000 | 49.54x700  [49.55]  pos=100  realized=4.5 fees=-0.642885 net=5.142885 unrealized=1.5
2026-04-28T15:48:57.894389562 SPREAD CMCSA NASDAQ  [27.59]  27.61x1300 | 27.62x6100  [27.64]  pos=100  realized=0 fees=-0.1772 net=0.1772 unrealized=0.5
2026-04-28T15:48:57.894398007 SPREAD DKNG NASDAQ  [23.34]  23.35x1000 | 23.36x800  [23.38]  pos=-200  realized=0 fees=-0.219177 net=0.219177 unrealized=0
2026-04-28T15:48:57.894416889 SPREAD RIVN NASDAQ  [0]  16.12x2900 | 16.13x20100  [16.14]  pos=0  realized=0 fees=0 net=0 unrealized=0
2026-04-28T15:48:57.894423397 SPREAD AAL NASDAQ  [0]  11.63x13400 | 11.64x16800  [11.65]  pos=0  realized=0 fees=0 net=0 unrealized=0
2026-04-28T15:48:57.894429565 SPREAD NKE NYSE  [0]  44.95x2200 | 44.96x1200  [44.98]  pos=0  realized=0 fees=0 net=0 unrealized=0
2026-04-28T15:48:57.894439429 SPREAD SOFI NASDAQ  [18.57]  18.57x10300 | 18.58x4900  [0]  pos=0  realized=0 fees=0 net=0 unrealized=0
2026-04-28T15:48:57.894449327 SPREAD HOOD NASDAQ  [0]  82.18x800 | 82.2x1500  [82.23]  pos=0  realized=-47.75 fees=-1.223969 net=-46.526031 unrealized=0
2026-04-28T15:48:59.886409008 INTC order partial_fill: partially_filled sell 100 @ 83.9 pos=491 filled=9/100
2026-04-28T15:48:59.886431723 INTC filled -9 @ 83.9 | pos=491 | fill_pnl=0.159003 | fee=0.00391 | realized=-11.674347 | total_pnl=-51.924347 | total_fees=-7.265095 | fills=106 shares=8809
2026-04-28T15:49:02.325937597 INTC order fill: filled sell 100 @ 83.9 pos=400 filled=100/100
2026-04-28T15:49:02.325961298 INTC filled -91 @ 83.9 | pos=400 | fill_pnl=1.607697 | fee=0.011224 | realized=-10.06665 | total_pnl=-50.31665 | total_fees=-7.253871 | fills=107 shares=8900
2026-04-28T15:49:02.339783414 INTC placed sell 100 @ 83.92 -> NASDAQ (pos=400 spread=0.01 bid=83.89x700 ask=83.9x2000)
2026-04-28T15:49:02.353273387 INTC order pending_new: pending_new sell 100 @ 83.92 pos=0 filled=0/100
2026-04-28T15:49:02.364107681 INTC order new: new sell 100 @ 83.92 pos=0 filled=0/100
2026-04-28T15:49:02.520387016 INTC replacing buy order: 83.85 -> 83.88 (pos=400 spread=0.02 bid=83.89x1100 ask=83.91x400)
2026-04-28T15:49:02.545392753 INTC order replaced: replaced buy 100 @ 83.85 pos=0 filled=0/100
2026-04-28T15:49:02.894710682 BALANCE long=$56468 (5) short=$4671 (1) expose=$51797 | realize=-50.31665 fee=-7.253871 net=-43.062779 unrealized=8.56665 equity=-34.496129 liquidate=-41.996129 | fills=107 pending=12 | ofails=0/107
2026-04-28T15:49:02.894773866 SPREAD INTC NASDAQ  [83.88]  83.89x500 | 83.91x1500  [83.92]  pos=400  realized=-10.06665 fees=-4.221166 net=-5.845484 unrealized=7.06665
2026-04-28T15:49:02.895561985 SPREAD PYPL NASDAQ  [49.5]  49.54x800 | 49.55x200  [49.55]  pos=100  realized=4.5 fees=-0.642885 net=5.142885 unrealized=2.5
2026-04-28T15:49:02.895573564 SPREAD CMCSA NASDAQ  [27.59]  27.61x3600 | 27.62x6000  [27.64]  pos=100  realized=0 fees=-0.1772 net=0.1772 unrealized=0.5
2026-04-28T15:49:02.895583526 SPREAD DKNG NASDAQ  [23.34]  23.35x1500 | 23.36x1300  [23.38]  pos=-200  realized=0 fees=-0.219177 net=0.219177 unrealized=0
2026-04-28T15:49:02.895594190 SPREAD RIVN NASDAQ  [0]  16.12x3700 | 16.13x20100  [16.14]  pos=0  realized=0 fees=0 net=0 unrealized=0
2026-04-28T15:49:02.895603347 SPREAD AAL NASDAQ  [0]  11.63x14500 | 11.64x14200  [11.65]  pos=0  realized=0 fees=0 net=0 unrealized=0
2026-04-28T15:49:02.895611856 SPREAD NKE NYSE  [0]  44.95x2500 | 44.96x1200  [44.98]  pos=0  realized=0 fees=0 net=0 unrealized=0
2026-04-28T15:49:02.895619994 SPREAD SOFI NASDAQ  [18.57]  18.57x12800 | 18.58x1600  [0]  pos=0  realized=0 fees=0 net=0 unrealized=0
2026-04-28T15:49:02.895629034 SPREAD HOOD NASDAQ  [0]  82.18x800 | 82.2x700  [82.23]  pos=0  realized=-47.75 fees=-1.223969 net=-46.526031 unrealized=0
2026-04-28T15:49:02.895635156 SPREAD XLE ARCA  [57.71]  57.74x9900 | 57.75x32400  [57.76]  pos=100  realized=0 fees=-0.1772 net=0.1772 unrealized=1.5
2026-04-28T15:49:02.895641887 SPREAD FXI ARCA  [0]  36.27x74900 | 36.28x37200  [36.3]  pos=0  realized=0 fees=0 net=0 unrealized=0
2026-04-28T15:49:02.895651469 SPREAD VZ NYSE  [47.07]  47.08x1900 | 47.09x2600  [47.11]  pos=200  realized=3 fees=-0.592274 net=3.592274 unrealized=-3
2026-04-28T15:49:07.726507172 HOOD order fill: filled sell 100 @ 82.23 pos=-100 filled=100/100
2026-04-28T15:49:07.726532128 HOOD filled -100 @ 82.23 | pos=-100 | fill_pnl=0 | fee=0.011694 | realized=-47.75 | total_pnl=-50.31665 | total_fees=-7.242177 | fills=108 shares=9000
2026-04-28T15:49:07.741023929 HOOD placed buy 100 @ 82.19 -> NASDAQ (pos=-100 spread=0.01 bid=82.21x300 ask=82.22x800)
2026-04-28T15:49:07.747182833 HOOD placed sell 100 @ 82.24 -> NASDAQ (pos=-100 spread=0.01 bid=82.21x300 ask=82.22x800)
2026-04-28T15:49:07.752570178 HOOD order pending_new: pending_new buy 100 @ 82.19 pos=0 filled=0/100
2026-04-28T15:49:07.752587295 HOOD order pending_new: pending_new sell 100 @ 82.24 pos=0 filled=0/100
2026-04-28T15:49:07.765676796 HOOD order new: new buy 100 @ 82.19 pos=0 filled=0/100
2026-04-28T15:49:07.765694910 HOOD order new: new sell 100 @ 82.24 pos=0 filled=0/100
2026-04-28T15:49:07.765734634 HOOD order fill: filled sell 100 @ 82.24 pos=-200 filled=100/100
2026-04-28T15:49:07.765751453 HOOD filled -100 @ 82.245 | pos=-200 | fill_pnl=0 | fee=0.011725 | realized=-47.75 | total_pnl=-50.31665 | total_fees=-7.230452 | fills=109 shares=9100
2026-04-28T15:49:07.783750406 HOOD placed sell 100 @ 82.24 -> NASDAQ (pos=-200 spread=0.01 bid=82.21x300 ask=82.22x800)
2026-04-28T15:49:07.797388253 HOOD order pending_new: pending_new sell 100 @ 82.24 pos=0 filled=0/100
2026-04-28T15:49:07.810473612 HOOD order new: new sell 100 @ 82.24 pos=0 filled=0/100
2026-04-28T15:49:07.810492262 HOOD order partial_fill: partially_filled sell 100 @ 82.24 pos=-290 filled=90/100
2026-04-28T15:49:07.810505819 HOOD filled -90 @ 82.245 | pos=-290 | fill_pnl=0 | fee=0.010832 | realized=-47.75 | total_pnl=-50.31665 | total_fees=-7.21962 | fills=110 shares=9190
2026-04-28T15:49:07.810516963 HOOD order fill: filled sell 100 @ 82.24 pos=-300 filled=100/100
2026-04-28T15:49:07.810525575 HOOD filled -10 @ 82.24 | pos=-300 | fill_pnl=0 | fee=0.000891 | realized=-47.75 | total_pnl=-50.31665 | total_fees=-7.218729 | fills=111 shares=9200
2026-04-28T15:49:07.826288810 HOOD placed sell 100 @ 82.24 -> NASDAQ (pos=-300 spread=0.01 bid=82.21x300 ask=82.22x800)
2026-04-28T15:49:07.837939609 HOOD order pending_new: pending_new sell 100 @ 82.24 pos=0 filled=0/100
2026-04-28T15:49:07.844446081 HOOD replacing buy order: 82.19 -> 82.22 (pos=-300 spread=0.02 bid=82.23x700 ask=82.25x900)
2026-04-28T15:49:07.852094145 HOOD order new: new sell 100 @ 82.24 pos=0 filled=0/100
2026-04-28T15:49:07.852123791 HOOD order fill: filled sell 100 @ 82.24 pos=-400 filled=100/100
2026-04-28T15:49:07.852133035 HOOD filled -100 @ 82.245 | pos=-400 | fill_pnl=0 | fee=0.011725 | realized=-47.75 | total_pnl=-50.31665 | total_fees=-7.207004 | fills=112 shares=9300
2026-04-28T15:49:07.867765117 HOOD placed sell 100 @ 82.27 -> NASDAQ (pos=-400 spread=0.01 bid=82.24x200 ask=82.25x900)
2026-04-28T15:49:07.869765890 HOOD order replaced: replaced buy 100 @ 82.19 pos=0 filled=0/100
2026-04-28T15:49:07.880011426 HOOD order pending_new: pending_new sell 100 @ 82.27 pos=0 filled=0/100
2026-04-28T15:49:07.891990424 HOOD order new: new sell 100 @ 82.27 pos=0 filled=0/100
2026-04-28T15:49:08.894483525 BALANCE long=$56461 (5) short=$37573 (2) expose=$18888 | realize=-50.31665 fee=-7.207004 net=-43.109646 unrealized=-3.98335 equity=-47.092996 liquidate=-54.592996 | fills=112 pending=12 | ofails=0/112
2026-04-28T15:49:08.894535401 SPREAD INTC NASDAQ  [83.88]  83.88x100 | 83.89x900  [83.92]  pos=400  realized=-10.06665 fees=-4.221166 net=-5.845484 unrealized=1.06665
2026-04-28T15:49:08.894559535 SPREAD PYPL NASDAQ  [49.5]  49.54x800 | 49.55x500  [49.55]  pos=100  realized=4.5 fees=-0.642885 net=5.142885 unrealized=2.5
2026-04-28T15:49:08.894570333 SPREAD CMCSA NASDAQ  [27.59]  27.61x3200 | 27.62x6400  [27.64]  pos=100  realized=0 fees=-0.1772 net=0.1772 unrealized=0.5
2026-04-28T15:49:08.894577642 SPREAD DKNG NASDAQ  [23.34]  23.37x700 | 23.38x400  [23.38]  pos=-200  realized=0 fees=-0.219177 net=0.219177 unrealized=-4
2026-04-28T15:49:08.894586599 SPREAD RIVN NASDAQ  [0]  16.12x3000 | 16.13x20100  [16.14]  pos=0  realized=0 fees=0 net=0 unrealized=0
2026-04-28T15:49:08.894596568 SPREAD AAL NASDAQ  [0]  11.63x14000 | 11.64x12400  [11.65]  pos=0  realized=0 fees=0 net=0 unrealized=0
2026-04-28T15:49:08.894602002 SPREAD NKE NYSE  [0]  44.95x1400 | 44.96x1200  [44.98]  pos=0  realized=0 fees=0 net=0 unrealized=0
2026-04-28T15:49:08.894628303 SPREAD SOFI NASDAQ  [18.57]  18.58x9400 | 18.59x6200  [0]  pos=0  realized=0 fees=0 net=0 unrealized=0
2026-04-28T15:49:08.894636445 SPREAD HOOD NASDAQ  [82.22]  82.24x500 | 82.25x800  [82.27]  pos=-400  realized=-47.75 fees=-1.177102 net=-46.572898 unrealized=-1.55
2026-04-28T15:49:08.894648567 SPREAD XLE ARCA  [57.71]  57.73x9400 | 57.74x35300  [57.76]  pos=100  realized=0 fees=-0.1772 net=0.1772 unrealized=0.5
2026-04-28T15:49:08.894655011 SPREAD FXI ARCA  [0]  36.27x74000 | 36.28x36700  [36.3]  pos=0  realized=0 fees=0 net=0 unrealized=0
2026-04-28T15:49:08.894661762 SPREAD VZ NYSE  [47.07]  47.08x1600 | 47.09x2500  [47.11]  pos=200  realized=3 fees=-0.592274 net=3.592274 unrealized=-3
2026-04-28T15:49:10.158820709 INTC order fill: filled buy 100 @ 83.88 pos=500 filled=100/100
2026-04-28T15:49:10.158843945 INTC filled 100 @ 83.88 | pos=500 | fill_pnl=0 | fee=-0.1772 | realized=-10.06665 | total_pnl=-50.31665 | total_fees=-7.384204 | fills=113 shares=9400
2026-04-28T15:49:10.180179452 INTC placed buy 100 @ 83.86 -> NASDAQ (pos=500 spread=0.01 bid=83.88x500 ask=83.89x400)
2026-04-28T15:49:10.191469704 INTC order pending_new: pending_new buy 100 @ 83.86 pos=0 filled=0/100
2026-04-28T15:49:10.204174945 INTC order new: new buy 100 @ 83.86 pos=0 filled=0/100
2026-04-28T15:49:10.277134138 PYPL order fill: filled sell 100 @ 49.55 pos=0 filled=100/100
2026-04-28T15:49:10.277156160 PYPL filled -100 @ 49.55 | pos=0 | fill_pnl=3 | fee=-0.055627 | realized=7.5 | total_pnl=-47.31665 | total_fees=-7.439831 | fills=114 shares=9500
2026-04-28T15:49:10.346758942 PYPL replacing buy order: 49.5 -> 49.53 (pos=0 spread=0 bid=49.55x200 ask=49.55x500)
2026-04-28T15:49:10.371612457 PYPL order replaced: replaced buy 100 @ 49.5 pos=0 filled=0/100
2026-04-28T15:49:14.894431882 BALANCE long=$59900 (4) short=$37579 (2) expose=$22321 | realize=-47.31665 fee=-7.439831 net=-39.876819 unrealized=-6.98335 equity=-46.860169 liquidate=-56.360169 | fills=114 pending=12 | ofails=0/113
2026-04-28T15:49:14.894494822 SPREAD INTC NASDAQ  [83.86]  83.89x300 | 83.9x2000  [83.92]  pos=500  realized=-10.06665 fees=-4.398366 net=-5.668284 unrealized=6.56665
2026-04-28T15:49:14.894506475 SPREAD PYPL NASDAQ  [49.53]  49.56x900 | 49.57x200  [0]  pos=0  realized=7.5 fees=-0.698512 net=8.198512 unrealized=0
2026-04-28T15:49:14.894525861 SPREAD CMCSA NASDAQ  [27.59]  27.61x3200 | 27.62x6400  [27.64]  pos=100  realized=0 fees=-0.1772 net=0.1772 unrealized=0.5
2026-04-28T15:49:14.894536083 SPREAD DKNG NASDAQ  [23.34]  23.37x800 | 23.38x400  [23.38]  pos=-200  realized=0 fees=-0.219177 net=0.219177 unrealized=-4
2026-04-28T15:49:14.894542687 SPREAD RIVN NASDAQ  [0]  16.12x4100 | 16.13x22100  [16.14]  pos=0  realized=0 fees=0 net=0 unrealized=0
2026-04-28T15:49:14.894549382 SPREAD AAL NASDAQ  [0]  11.63x13000 | 11.64x12700  [11.65]  pos=0  realized=0 fees=0 net=0 unrealized=0
2026-04-28T15:49:14.894556821 SPREAD NKE NYSE  [0]  44.95x1400 | 44.96x2600  [44.98]  pos=0  realized=0 fees=0 net=0 unrealized=0
2026-04-28T15:49:14.894562883 SPREAD SOFI NASDAQ  [18.57]  18.58x8800 | 18.59x7200  [0]  pos=0  realized=0 fees=0 net=0 unrealized=0
2026-04-28T15:49:14.894573366 SPREAD HOOD NASDAQ  [82.22]  82.25x300 | 82.27x1500  [82.27]  pos=-400  realized=-47.75 fees=-1.177102 net=-46.572898 unrealized=-7.55
2026-04-28T15:49:14.894580346 SPREAD XLE ARCA  [57.71]  57.73x16200 | 57.74x27100  [57.76]  pos=100  realized=0 fees=-0.1772 net=0.1772 unrealized=0.5
2026-04-28T15:49:14.894589089 SPREAD FXI ARCA  [0]  36.28x52700 | 36.29x105300  [36.3]  pos=0  realized=0 fees=0 net=0 unrealized=0
2026-04-28T15:49:14.894596373 SPREAD VZ NYSE  [47.07]  47.08x1600 | 47.09x3900  [47.11]  pos=200  realized=3 fees=-0.592274 net=3.592274 unrealized=-3
2026-04-28T15:49:15.951605676 HOOD order fill: filled buy 100 @ 82.22 pos=-300 filled=100/100
2026-04-28T15:49:15.951631579 HOOD filled 100 @ 82.22 | pos=-300 | fill_pnl=2.1125 | fee=-0.1772 | realized=-45.6375 | total_pnl=-45.20415 | total_fees=-7.617031 | fills=115 shares=9600
2026-04-28T15:49:15.968777176 HOOD placed buy 100 @ 82.22 -> NASDAQ (pos=-300 spread=0.01 bid=82.24x300 ask=82.25x200)
2026-04-28T15:49:15.980453948 HOOD order pending_new: pending_new buy 100 @ 82.22 pos=0 filled=0/100
2026-04-28T15:49:15.993430517 HOOD order new: new buy 100 @ 82.22 pos=0 filled=0/100
2026-04-28T15:49:16.007049981 HOOD replacing sell order: 82.27 -> 82.24 (pos=-300 spread=0.02 bid=82.21x200 ask=82.23x1000)
2026-04-28T15:49:16.008945326 failed to replace order: 42210000: order is not open
2026-04-28T15:49:16.019956343 HOOD order fill: filled buy 100 @ 82.22 pos=-200 filled=100/100
2026-04-28T15:49:16.019975713 HOOD filled 100 @ 82.22 | pos=-200 | fill_pnl=2.1125 | fee=-0.1772 | realized=-43.525 | total_pnl=-43.09165 | total_fees=-7.794231 | fills=116 shares=9700
2026-04-28T15:49:16.033185489 HOOD placed buy 100 @ 82.2 -> NASDAQ (pos=-200 spread=0.01 bid=82.22x200 ask=82.23x300)
2026-04-28T15:49:16.037686817 HOOD order replaced: replaced sell 100 @ 82.27 pos=0 filled=0/100
2026-04-28T15:49:16.037703456 HOOD order pending_new: pending_new buy 100 @ 82.2 pos=0 filled=0/100
2026-04-28T15:49:16.062686695 HOOD order new: new buy 100 @ 82.2 pos=0 filled=0/100
2026-04-28T15:49:16.062705403 HOOD order fill: filled buy 100 @ 82.2 pos=-100 filled=100/100
2026-04-28T15:49:16.062720905 HOOD filled 100 @ 82.2 | pos=-100 | fill_pnl=4.1125 | fee=-0.1772 | realized=-39.4125 | total_pnl=-38.97915 | total_fees=-7.971431 | fills=117 shares=9800
2026-04-28T15:49:16.078950508 HOOD placed buy 100 @ 82.2 -> NASDAQ (pos=-100 spread=0.01 bid=82.22x200 ask=82.23x300)
2026-04-28T15:49:16.089661436 HOOD order pending_new: pending_new buy 100 @ 82.2 pos=0 filled=0/100
2026-04-28T15:49:16.103320737 HOOD order new: new buy 100 @ 82.2 pos=0 filled=0/100
2026-04-28T15:49:16.103348017 HOOD order fill: filled buy 100 @ 82.2 pos=0 filled=100/100
2026-04-28T15:49:16.103361819 HOOD filled 100 @ 82.2 | pos=0 | fill_pnl=4.1125 | fee=-0.1772 | realized=-35.3 | total_pnl=-34.86665 | total_fees=-8.148631 | fills=118 shares=9900
2026-04-28T15:49:16.170754938 HOOD replacing sell order: 82.24 -> 82.21 (pos=0 spread=0.02 bid=82.18x900 ask=82.2x400)
2026-04-28T15:49:16.202743360 HOOD order replaced: replaced sell 100 @ 82.24 pos=0 filled=0/100
2026-04-28T15:49:16.202774646 HOOD order fill: filled sell 100 @ 82.21 pos=-100 filled=100/100
2026-04-28T15:49:16.202786710 HOOD filled -100 @ 82.21 | pos=-100 | fill_pnl=0 | fee=0.391653 | realized=-35.3 | total_pnl=-34.86665 | total_fees=-7.756978 | fills=119 shares=10000
2026-04-28T15:49:16.209500140 failed to replace order: 42210000: order is not open
2026-04-28T15:49:16.227339362 HOOD placed sell 100 @ 82.25 -> NASDAQ (pos=-100 spread=0.02 bid=82.22x200 ask=82.24x300)
2026-04-28T15:49:16.235679596 HOOD placed buy 100 @ 82.21 -> NASDAQ (pos=-100 spread=0.02 bid=82.22x200 ask=82.24x300)
2026-04-28T15:49:16.239592101 HOOD order pending_new: pending_new sell 100 @ 82.25 pos=0 filled=0/100
2026-04-28T15:49:16.239605191 HOOD order pending_new: pending_new buy 100 @ 82.21 pos=0 filled=0/100
2026-04-28T15:49:16.256574567 HOOD order new: new sell 100 @ 82.25 pos=0 filled=0/100
2026-04-28T15:49:16.256589064 HOOD order new: new buy 100 @ 82.21 pos=0 filled=0/100
2026-04-28T15:49:16.359171389 HOOD order fill: filled buy 100 @ 82.21 pos=0 filled=100/100
2026-04-28T15:49:16.359190876 HOOD filled 100 @ 82.21 | pos=0 | fill_pnl=0 | fee=-0.1772 | realized=-35.3 | total_pnl=-34.86665 | total_fees=-7.934178 | fills=120 shares=10100
2026-04-28T15:49:18.844350726 HOOD order fill: filled sell 100 @ 82.25 pos=-100 filled=100/100
2026-04-28T15:49:18.844373634 HOOD filled -100 @ 82.25 | pos=-100 | fill_pnl=0 | fee=0.011735 | realized=-35.3 | total_pnl=-34.86665 | total_fees=-7.922443 | fills=121 shares=10200
2026-04-28T15:49:18.858946048 HOOD placed sell 100 @ 82.27 -> NASDAQ (pos=-100 spread=0.01 bid=82.24x500 ask=82.25x1000)
2026-04-28T15:49:18.861166861 HOOD placed buy 100 @ 82.22 -> NASDAQ (pos=-100 spread=0.01 bid=82.24x500 ask=82.25x1000)
2026-04-28T15:49:18.871250332 HOOD order pending_new: pending_new sell 100 @ 82.27 pos=0 filled=0/100
2026-04-28T15:49:18.871275196 HOOD order pending_new: pending_new buy 100 @ 82.22 pos=0 filled=0/100
2026-04-28T15:49:18.885020842 HOOD order new: new sell 100 @ 82.27 pos=0 filled=0/100
2026-04-28T15:49:18.885049964 HOOD order new: new buy 100 @ 82.22 pos=0 filled=0/100
2026-04-28T15:49:20.894004577 BALANCE long=$59905 (4) short=$12899 (2) expose=$47006 | realize=-34.86665 fee=-7.922443 net=-26.944207 unrealized=7.06665 equity=-19.877557 liquidate=-25.877557 | fills=121 pending=12 | ofails=0/120
2026-04-28T15:49:20.894048209 SPREAD INTC NASDAQ  [83.86]  83.9x600 | 83.91x1500  [83.92]  pos=500  realized=-10.06665 fees=-4.398366 net=-5.668284 unrealized=11.56665
2026-04-28T15:49:20.894059823 SPREAD PYPL NASDAQ  [49.53]  49.56x900 | 49.57x300  [0]  pos=0  realized=7.5 fees=-0.698512 net=8.198512 unrealized=0
2026-04-28T15:49:20.894069554 SPREAD CMCSA NASDAQ  [27.59]  27.61x3300 | 27.62x5600  [27.64]  pos=100  realized=0 fees=-0.1772 net=0.1772 unrealized=0.5
2026-04-28T15:49:20.894077319 SPREAD DKNG NASDAQ  [23.34]  23.37x1200 | 23.38x400  [23.38]  pos=-200  realized=0 fees=-0.219177 net=0.219177 unrealized=-4
2026-04-28T15:49:20.894085932 SPREAD RIVN NASDAQ  [0]  16.12x2700 | 16.13x22500  [16.14]  pos=0  realized=0 fees=0 net=0 unrealized=0
2026-04-28T15:49:20.894092897 SPREAD AAL NASDAQ  [0]  11.63x12300 | 11.64x21500  [11.65]  pos=0  realized=0 fees=0 net=0 unrealized=0
2026-04-28T15:49:20.894099687 SPREAD NKE NYSE  [0]  44.95x1900 | 44.96x2700  [44.98]  pos=0  realized=0 fees=0 net=0 unrealized=0
2026-04-28T15:49:20.894105436 SPREAD SOFI NASDAQ  [18.57]  18.58x9600 | 18.59x6400  [0]  pos=0  realized=0 fees=0 net=0 unrealized=0
2026-04-28T15:49:20.894112441 SPREAD HOOD NASDAQ  [82.22]  82.23x500 | 82.24x700  [82.27]  pos=-100  realized=-35.3 fees=-1.659714 net=-33.640286 unrealized=1.5
2026-04-28T15:49:20.894123354 SPREAD XLE ARCA  [57.71]  57.73x17500 | 57.74x26400  [57.76]  pos=100  realized=0 fees=-0.1772 net=0.1772 unrealized=0.5
2026-04-28T15:49:20.894133084 SPREAD FXI ARCA  [0]  36.28x46400 | 36.29x106400  [36.3]  pos=0  realized=0 fees=0 net=0 unrealized=0
2026-04-28T15:49:20.894140216 SPREAD VZ NYSE  [47.07]  47.08x1800 | 47.09x2800  [47.11]  pos=200  realized=3 fees=-0.592274 net=3.592274 unrealized=-3
2026-04-28T15:49:21.783084763 INTC replacing buy order: 83.86 -> 83.89 (pos=500 spread=0 bid=83.91x100 ask=83.91x100)
2026-04-28T15:49:21.807318516 INTC order replaced: replaced buy 100 @ 83.86 pos=0 filled=0/100
2026-04-28T15:49:23.877422731 HOOD order fill: filled buy 100 @ 82.22 pos=0 filled=100/100
2026-04-28T15:49:23.877441079 HOOD filled 100 @ 82.22 | pos=0 | fill_pnl=3 | fee=-0.1772 | realized=-32.3 | total_pnl=-31.86665 | total_fees=-8.099643 | fills=122 shares=10300
2026-04-28T15:49:23.976575992 HOOD replacing sell order: 82.27 -> 82.24 (pos=0 spread=0 bid=82.22x100 ask=82.22x200)
2026-04-28T15:49:24.001752525 HOOD order replaced: replaced sell 100 @ 82.27 pos=0 filled=0/100
2026-04-28T15:49:25.849935457 DKNG order fill: filled sell 100 @ 23.38 pos=-300 filled=100/100
2026-04-28T15:49:25.849959383 DKNG filled -100 @ 23.38 | pos=-300 | fill_pnl=0 | fee=-0.109537 | realized=0 | total_pnl=-31.86665 | total_fees=-8.20918 | fills=123 shares=10400
2026-04-28T15:49:25.867008175 DKNG placed sell 100 @ 23.4 -> NASDAQ (pos=-300 spread=0.01 bid=23.37x2100 ask=23.38x100)
2026-04-28T15:49:25.878582942 DKNG order pending_new: pending_new sell 100 @ 23.4 pos=0 filled=0/100
2026-04-28T15:49:25.892774294 DKNG order new: new sell 100 @ 23.4 pos=0 filled=0/100
2026-04-28T15:49:26.894687652 BALANCE long=$59910 (4) short=$7016 (1) expose=$52894 | realize=-31.86665 fee=-8.20918 net=-23.65747 unrealized=8.06665 equity=-15.59082 liquidate=-21.59082 | fills=123 pending=12 | ofails=0/121
2026-04-28T15:49:26.894732139 SPREAD VZ NYSE  [47.07]  47.08x2000 | 47.09x2300  [47.11]  pos=200  realized=3 fees=-0.592274 net=3.592274 unrealized=-3
2026-04-28T15:49:26.894744345 SPREAD INTC NASDAQ  [83.89]  83.91x300 | 83.92x800  [83.92]  pos=500  realized=-10.06665 fees=-4.398366 net=-5.668284 unrealized=16.56665
2026-04-28T15:49:26.894776291 SPREAD PYPL NASDAQ  [49.53]  49.56x1100 | 49.57x200  [0]  pos=0  realized=7.5 fees=-0.698512 net=8.198512 unrealized=0
2026-04-28T15:49:26.894788162 SPREAD CMCSA NASDAQ  [27.59]  27.61x3400 | 27.62x5800  [27.64]  pos=100  realized=0 fees=-0.1772 net=0.1772 unrealized=0.5
2026-04-28T15:49:26.894797944 SPREAD DKNG NASDAQ  [23.34]  23.38x800 | 23.39x300  [23.4]  pos=-300  realized=0 fees=-0.328714 net=0.328714 unrealized=-6.5
2026-04-28T15:49:26.894806990 SPREAD RIVN NASDAQ  [0]  16.12x2700 | 16.13x22500  [16.14]  pos=0  realized=0 fees=0 net=0 unrealized=0
2026-04-28T15:49:26.894813445 SPREAD AAL NASDAQ  [0]  11.63x12500 | 11.64x21500  [11.65]  pos=0  realized=0 fees=0 net=0 unrealized=0
2026-04-28T15:49:26.894820074 SPREAD NKE NYSE  [0]  44.95x900 | 44.96x2700  [44.98]  pos=0  realized=0 fees=0 net=0 unrealized=0
2026-04-28T15:49:26.894826462 SPREAD SOFI NASDAQ  [18.57]  18.58x5600 | 18.59x4200  [0]  pos=0  realized=0 fees=0 net=0 unrealized=0
2026-04-28T15:49:26.894836031 SPREAD HOOD NASDAQ  [0]  82.21x300 | 82.23x700  [82.24]  pos=0  realized=-32.3 fees=-1.836914 net=-30.463086 unrealized=0
2026-04-28T15:49:26.894846768 SPREAD XLE ARCA  [57.71]  57.73x17200 | 57.74x26600  [57.76]  pos=100  realized=0 fees=-0.1772 net=0.1772 unrealized=0.5
2026-04-28T15:49:26.894855982 SPREAD FXI ARCA  [0]  36.28x62000 | 36.29x104500  [36.3]  pos=0  realized=0 fees=0 net=0 unrealized=0
2026-04-28T15:49:32.893799712 BALANCE long=$59905 (4) short=$7016 (1) expose=$52889 | realize=-31.86665 fee=-8.20918 net=-23.65747 unrealized=3.06665 equity=-20.59082 liquidate=-26.59082 | fills=123 pending=12 | ofails=0/121
2026-04-28T15:49:32.893863936 SPREAD PYPL NASDAQ  [49.53]  49.56x1100 | 49.57x500  [0]  pos=0  realized=7.5 fees=-0.698512 net=8.198512 unrealized=0
2026-04-28T15:49:32.893879914 SPREAD CMCSA NASDAQ  [27.59]  27.61x3400 | 27.62x7000  [27.64]  pos=100  realized=0 fees=-0.1772 net=0.1772 unrealized=0.5
2026-04-28T15:49:32.893887020 SPREAD DKNG NASDAQ  [23.34]  23.38x900 | 23.39x400  [23.4]  pos=-300  realized=0 fees=-0.328714 net=0.328714 unrealized=-6.5
2026-04-28T15:49:32.893893110 SPREAD RIVN NASDAQ  [0]  16.12x2800 | 16.13x22500  [16.14]  pos=0  realized=0 fees=0 net=0 unrealized=0
2026-04-28T15:49:32.893899922 SPREAD AAL NASDAQ  [0]  11.63x12400 | 11.64x21600  [11.65]  pos=0  realized=0 fees=0 net=0 unrealized=0
2026-04-28T15:49:32.893905888 SPREAD NKE NYSE  [0]  44.95x1800 | 44.96x2600  [44.98]  pos=0  realized=0 fees=0 net=0 unrealized=0
2026-04-28T15:49:32.893916012 SPREAD SOFI NASDAQ  [18.57]  18.58x6800 | 18.59x3700  [0]  pos=0  realized=0 fees=0 net=0 unrealized=0
2026-04-28T15:49:32.893923423 SPREAD HOOD NASDAQ  [0]  82.21x600 | 82.23x300  [82.24]  pos=0  realized=-32.3 fees=-1.836914 net=-30.463086 unrealized=0
2026-04-28T15:49:32.893930385 SPREAD XLE ARCA  [57.71]  57.73x9200 | 57.74x27500  [57.76]  pos=100  realized=0 fees=-0.1772 net=0.1772 unrealized=0.5
2026-04-28T15:49:32.893936709 SPREAD FXI ARCA  [0]  36.28x61600 | 36.29x92400  [36.3]  pos=0  realized=0 fees=0 net=0 unrealized=0
2026-04-28T15:49:32.893944000 SPREAD VZ NYSE  [47.07]  47.08x2000 | 47.09x1900  [47.11]  pos=200  realized=3 fees=-0.592274 net=3.592274 unrealized=-3
2026-04-28T15:49:32.893954819 SPREAD INTC NASDAQ  [83.89]  83.9x500 | 83.91x400  [83.92]  pos=500  realized=-10.06665 fees=-4.398366 net=-5.668284 unrealized=11.56665
2026-04-28T15:49:35.518677949 INTC order fill: filled sell 100 @ 83.92 pos=400 filled=100/100
2026-04-28T15:49:35.518702743 INTC filled -100 @ 83.92 | pos=400 | fill_pnl=3.8133 | fee=0.015175 | realized=-6.25335 | total_pnl=-28.05335 | total_fees=-8.194005 | fills=124 shares=10500
2026-04-28T15:49:35.531061163 INTC placed sell 100 @ 83.94 -> NASDAQ (pos=400 spread=0.01 bid=83.91x900 ask=83.92x900)
2026-04-28T15:49:35.542883475 INTC order pending_new: pending_new sell 100 @ 83.94 pos=0 filled=0/100
2026-04-28T15:49:35.555169169 INTC order new: new sell 100 @ 83.94 pos=0 filled=0/100
2026-04-28T15:49:37.894377599 BALANCE long=$51522 (4) short=$7016 (1) expose=$44507 | realize=-28.05335 fee=-8.194005 net=-19.859345 unrealized=8.75335 equity=-11.105995 liquidate=-16.605995 | fills=124 pending=12 | ofails=0/122
2026-04-28T15:49:37.894441937 SPREAD NKE NYSE  [0]  44.95x1800 | 44.96x2600  [44.98]  pos=0  realized=0 fees=0 net=0 unrealized=0
2026-04-28T15:49:37.895147196 SPREAD SOFI NASDAQ  [18.57]  18.58x7800 | 18.59x4300  [0]  pos=0  realized=0 fees=0 net=0 unrealized=0
2026-04-28T15:49:37.895157196 SPREAD HOOD NASDAQ  [0]  82.22x200 | 82.23x800  [82.24]  pos=0  realized=-32.3 fees=-1.836914 net=-30.463086 unrealized=0
2026-04-28T15:49:37.895167995 SPREAD XLE ARCA  [57.71]  57.73x9300 | 57.74x27000  [57.76]  pos=100  realized=0 fees=-0.1772 net=0.1772 unrealized=0.5
2026-04-28T15:49:37.895177207 SPREAD FXI ARCA  [0]  36.28x72600 | 36.29x92400  [36.3]  pos=0  realized=0 fees=0 net=0 unrealized=0
2026-04-28T15:49:37.895187767 SPREAD VZ NYSE  [47.07]  47.08x1400 | 47.09x1200  [47.11]  pos=200  realized=3 fees=-0.592274 net=3.592274 unrealized=-3
2026-04-28T15:49:37.895193959 SPREAD INTC NASDAQ  [83.89]  83.92x300 | 83.93x400  [83.94]  pos=400  realized=-6.25335 fees=-4.383191 net=-1.870159 unrealized=17.25335
2026-04-28T15:49:37.895199039 SPREAD PYPL NASDAQ  [49.53]  49.56x1100 | 49.57x700  [0]  pos=0  realized=7.5 fees=-0.698512 net=8.198512 unrealized=0
2026-04-28T15:49:37.895203786 SPREAD CMCSA NASDAQ  [27.59]  27.61x1800 | 27.62x8800  [27.64]  pos=100  realized=0 fees=-0.1772 net=0.1772 unrealized=0.5
2026-04-28T15:49:37.895208207 SPREAD DKNG NASDAQ  [23.34]  23.38x1000 | 23.39x100  [23.4]  pos=-300  realized=0 fees=-0.328714 net=0.328714 unrealized=-6.5
2026-04-28T15:49:37.895217638 SPREAD RIVN NASDAQ  [0]  16.12x2800 | 16.13x22400  [16.14]  pos=0  realized=0 fees=0 net=0 unrealized=0
2026-04-28T15:49:37.895226868 SPREAD AAL NASDAQ  [0]  11.63x11500 | 11.64x22200  [11.65]  pos=0  realized=0 fees=0 net=0 unrealized=0
2026-04-28T15:49:41.628424508 HOOD order fill: filled sell 100 @ 82.24 pos=-100 filled=100/100
2026-04-28T15:49:41.628452681 HOOD filled -100 @ 82.24 | pos=-100 | fill_pnl=0 | fee=0.011714 | realized=-32.3 | total_pnl=-28.05335 | total_fees=-8.182291 | fills=125 shares=10600
2026-04-28T15:49:41.640269652 HOOD placed buy 100 @ 82.21 -> NASDAQ (pos=-100 spread=0.01 bid=82.23x300 ask=82.24x200)
2026-04-28T15:49:41.646959195 HOOD placed sell 100 @ 82.26 -> NASDAQ (pos=-100 spread=0.01 bid=82.23x300 ask=82.24x200)
2026-04-28T15:49:41.652414939 HOOD order pending_new: pending_new buy 100 @ 82.21 pos=0 filled=0/100
2026-04-28T15:49:41.652430572 HOOD order pending_new: pending_new sell 100 @ 82.26 pos=0 filled=0/100
2026-04-28T15:49:41.665167475 HOOD order new: new buy 100 @ 82.21 pos=0 filled=0/100
2026-04-28T15:49:41.665178715 HOOD order new: new sell 100 @ 82.26 pos=0 filled=0/100
2026-04-28T15:49:42.966731534 DKNG replacing buy order: 23.34 -> 23.37 (pos=-300 spread=0.02 bid=23.38x1000 ask=23.4x1000)
2026-04-28T15:49:42.990886170 DKNG order replaced: replaced buy 100 @ 23.34 pos=0 filled=0/100
2026-04-28T15:49:43.893885104 BALANCE long=$51510 (4) short=$15239 (2) expose=$36271 | realize=-28.05335 fee=-8.182291 net=-19.871059 unrealized=-2.74665 equity=-22.617709 liquidate=-28.617709 | fills=125 pending=12 | ofails=0/124
2026-04-28T15:49:43.893933617 SPREAD SOFI NASDAQ  [18.57]  18.58x6700 | 18.59x5100  [0]  pos=0  realized=0 fees=0 net=0 unrealized=0
2026-04-28T15:49:43.893954070 SPREAD HOOD NASDAQ  [82.21]  82.23x100 | 82.24x100  [82.26]  pos=-100  realized=-32.3 fees=-1.8252 net=-30.4748 unrealized=0.5
2026-04-28T15:49:43.893973137 SPREAD XLE ARCA  [57.71]  57.73x9200 | 57.74x33300  [57.76]  pos=100  realized=0 fees=-0.1772 net=0.1772 unrealized=0.5
2026-04-28T15:49:43.893982213 SPREAD FXI ARCA  [0]  36.28x72600 | 36.29x91900  [36.3]  pos=0  realized=0 fees=0 net=0 unrealized=0
2026-04-28T15:49:43.893989250 SPREAD VZ NYSE  [47.07]  47.08x1500 | 47.09x2800  [47.11]  pos=200  realized=3 fees=-0.592274 net=3.592274 unrealized=-3
2026-04-28T15:49:43.893996917 SPREAD INTC NASDAQ  [83.89]  83.89x600 | 83.9x500  [83.94]  pos=400  realized=-6.25335 fees=-4.383191 net=-1.870159 unrealized=5.25335
2026-04-28T15:49:43.894018177 SPREAD PYPL NASDAQ  [49.53]  49.56x1100 | 49.57x800  [0]  pos=0  realized=7.5 fees=-0.698512 net=8.198512 unrealized=0
2026-04-28T15:49:43.894027684 SPREAD CMCSA NASDAQ  [27.59]  27.61x3000 | 27.62x7200  [27.64]  pos=100  realized=0 fees=-0.1772 net=0.1772 unrealized=0.5
2026-04-28T15:49:43.894034037 SPREAD DKNG NASDAQ  [23.37]  23.38x1000 | 23.39x300  [23.4]  pos=-300  realized=0 fees=-0.328714 net=0.328714 unrealized=-6.5
2026-04-28T15:49:43.894044572 SPREAD RIVN NASDAQ  [0]  16.12x2600 | 16.13x22400  [16.14]  pos=0  realized=0 fees=0 net=0 unrealized=0
2026-04-28T15:49:43.894050232 SPREAD AAL NASDAQ  [0]  11.63x13900 | 11.64x17900  [11.65]  pos=0  realized=0 fees=0 net=0 unrealized=0
2026-04-28T15:49:43.894055687 SPREAD NKE NYSE  [0]  44.95x1700 | 44.96x2600  [44.98]  pos=0  realized=0 fees=0 net=0 unrealized=0
2026-04-28T15:49:48.213701836 HOOD order fill: filled sell 100 @ 82.26 pos=-200 filled=100/100
2026-04-28T15:49:48.213729416 HOOD filled -100 @ 82.26 | pos=-200 | fill_pnl=0 | fee=0.011756 | realized=-32.3 | total_pnl=-28.05335 | total_fees=-8.170535 | fills=126 shares=10700
2026-04-28T15:49:48.233726396 HOOD placed sell 100 @ 82.27 -> NASDAQ (pos=-200 spread=0.02 bid=82.24x400 ask=82.26x600)
2026-04-28T15:49:48.245343867 HOOD order pending_new: pending_new sell 100 @ 82.27 pos=0 filled=0/100
2026-04-28T15:49:48.259372243 HOOD order new: new sell 100 @ 82.27 pos=0 filled=0/100
2026-04-28T15:49:48.450663336 HOOD replacing buy order: 82.21 -> 82.24 (pos=-200 spread=0.02 bid=82.25x700 ask=82.27x600)
2026-04-28T15:49:48.475993163 HOOD order replaced: replaced buy 100 @ 82.21 pos=0 filled=0/100
2026-04-28T15:49:48.894209698 BALANCE long=$51510 (4) short=$23469 (2) expose=$28042 | realize=-28.05335 fee=-8.170535 net=-19.882815 unrealized=-6.24665 equity=-26.129465 liquidate=-32.629465 | fills=126 pending=12 | ofails=0/125
2026-04-28T15:49:48.894256251 SPREAD INTC NASDAQ  [83.89]  83.89x700 | 83.9x200  [83.94]  pos=400  realized=-6.25335 fees=-4.383191 net=-1.870159 unrealized=5.25335
2026-04-28T15:49:48.894268044 SPREAD PYPL NASDAQ  [49.53]  49.55x800 | 49.56x800  [0]  pos=0  realized=7.5 fees=-0.698512 net=8.198512 unrealized=0
2026-04-28T15:49:48.894273995 SPREAD CMCSA NASDAQ  [27.59]  27.61x2900 | 27.62x8600  [27.64]  pos=100  realized=0 fees=-0.1772 net=0.1772 unrealized=0.5
2026-04-28T15:49:48.894281889 SPREAD DKNG NASDAQ  [23.37]  23.38x800 | 23.39x700  [23.4]  pos=-300  realized=0 fees=-0.328714 net=0.328714 unrealized=-6.5
2026-04-28T15:49:48.894287401 SPREAD RIVN NASDAQ  [0]  16.12x2500 | 16.13x22400  [16.14]  pos=0  realized=0 fees=0 net=0 unrealized=0
2026-04-28T15:49:48.894295858 SPREAD AAL NASDAQ  [0]  11.63x13900 | 11.64x18200  [11.65]  pos=0  realized=0 fees=0 net=0 unrealized=0
2026-04-28T15:49:48.894300099 SPREAD NKE NYSE  [0]  44.95x1200 | 44.96x2700  [44.98]  pos=0  realized=0 fees=0 net=0 unrealized=0
2026-04-28T15:49:48.894306849 SPREAD SOFI NASDAQ  [18.57]  18.58x5600 | 18.59x5300  [0]  pos=0  realized=0 fees=0 net=0 unrealized=0
2026-04-28T15:49:48.894324031 SPREAD HOOD NASDAQ  [82.24]  82.26x200 | 82.27x900  [82.27]  pos=-200  realized=-32.3 fees=-1.813444 net=-30.486556 unrealized=-3
2026-04-28T15:49:48.894345239 SPREAD XLE ARCA  [57.71]  57.73x10800 | 57.74x36000  [57.76]  pos=100  realized=0 fees=-0.1772 net=0.1772 unrealized=0.5
2026-04-28T15:49:48.894351727 SPREAD FXI ARCA  [0]  36.28x73400 | 36.29x95300  [36.3]  pos=0  realized=0 fees=0 net=0 unrealized=0
2026-04-28T15:49:48.894358057 SPREAD VZ NYSE  [47.07]  47.08x1800 | 47.09x1800  [47.11]  pos=200  realized=3 fees=-0.592274 net=3.592274 unrealized=-3
2026-04-28T15:49:51.350810288 HOOD order fill: filled sell 100 @ 82.27 pos=-300 filled=100/100
2026-04-28T15:49:51.350837145 HOOD filled -100 @ 82.27 | pos=-300 | fill_pnl=0 | fee=0.011776 | realized=-32.3 | total_pnl=-28.05335 | total_fees=-8.158759 | fills=127 shares=10800
2026-04-28T15:49:51.372209714 HOOD placed sell 100 @ 82.29 -> NASDAQ (pos=-300 spread=0.01 bid=82.26x200 ask=82.27x800)
2026-04-28T15:49:51.384180191 HOOD order pending_new: pending_new sell 100 @ 82.29 pos=0 filled=0/100
2026-04-28T15:49:51.397438285 HOOD order new: new sell 100 @ 82.29 pos=0 filled=0/100
2026-04-28T15:49:54.893951036 BALANCE long=$51514 (4) short=$31697 (2) expose=$19818 | realize=-28.05335 fee=-8.158759 net=-19.894591 unrealized=-3.24665 equity=-23.141241 liquidate=-31.641241 | fills=127 pending=12 | ofails=0/126
2026-04-28T15:49:54.894001251 SPREAD FXI ARCA  [0]  36.28x54500 | 36.29x64900  [36.3]  pos=0  realized=0 fees=0 net=0 unrealized=0
2026-04-28T15:49:54.894014838 SPREAD VZ NYSE  [47.07]  47.08x1800 | 47.09x900  [47.11]  pos=200  realized=3 fees=-0.592274 net=3.592274 unrealized=-3
2026-04-28T15:49:54.894026021 SPREAD INTC NASDAQ  [83.89]  83.9x1300 | 83.91x900  [83.94]  pos=400  realized=-6.25335 fees=-4.383191 net=-1.870159 unrealized=9.25335
2026-04-28T15:49:54.894034614 SPREAD PYPL NASDAQ  [49.53]  49.55x200 | 49.56x500  [0]  pos=0  realized=7.5 fees=-0.698512 net=8.198512 unrealized=0
2026-04-28T15:49:54.894041368 SPREAD CMCSA NASDAQ  [27.59]  27.61x2800 | 27.62x6500  [27.64]  pos=100  realized=0 fees=-0.1772 net=0.1772 unrealized=0.5
2026-04-28T15:49:54.894051534 SPREAD DKNG NASDAQ  [23.37]  23.38x1100 | 23.39x500  [23.4]  pos=-300  realized=0 fees=-0.328714 net=0.328714 unrealized=-6.5
2026-04-28T15:49:54.894058518 SPREAD RIVN NASDAQ  [0]  16.12x2800 | 16.13x22400  [16.14]  pos=0  realized=0 fees=0 net=0 unrealized=0
2026-04-28T15:49:54.894065709 SPREAD AAL NASDAQ  [0]  11.63x8800 | 11.64x16600  [11.65]  pos=0  realized=0 fees=0 net=0 unrealized=0
2026-04-28T15:49:54.894075169 SPREAD NKE NYSE  [0]  44.95x1800 | 44.96x2700  [44.98]  pos=0  realized=0 fees=0 net=0 unrealized=0
2026-04-28T15:49:54.894082582 SPREAD SOFI NASDAQ  [18.57]  18.58x5000 | 18.59x4900  [0]  pos=0  realized=0 fees=0 net=0 unrealized=0
2026-04-28T15:49:54.894090431 SPREAD HOOD NASDAQ  [82.24]  82.26x400 | 82.28x1400  [82.29]  pos=-300  realized=-32.3 fees=-1.801668 net=-30.498332 unrealized=-4
2026-04-28T15:49:54.894100092 SPREAD XLE ARCA  [57.71]  57.73x4500 | 57.74x44200  [57.76]  pos=100  realized=0 fees=-0.1772 net=0.1772 unrealized=0.5
2026-04-28T15:49:59.894489567 BALANCE long=$51514 (4) short=$31697 (2) expose=$19818 | realize=-28.05335 fee=-8.158759 net=-19.894591 unrealized=-3.24665 equity=-23.141241 liquidate=-31.641241 | fills=127 pending=12 | ofails=0/126
2026-04-28T15:49:59.894557094 SPREAD CMCSA NASDAQ  [27.59]  27.61x3400 | 27.62x5100  [27.64]  pos=100  realized=0 fees=-0.1772 net=0.1772 unrealized=0.5
2026-04-28T15:49:59.894575597 SPREAD DKNG NASDAQ  [23.37]  23.38x500 | 23.39x400  [23.4]  pos=-300  realized=0 fees=-0.328714 net=0.328714 unrealized=-6.5
2026-04-28T15:49:59.894585488 SPREAD RIVN NASDAQ  [0]  16.12x1300 | 16.13x22000  [16.14]  pos=0  realized=0 fees=0 net=0 unrealized=0
2026-04-28T15:49:59.894595728 SPREAD AAL NASDAQ  [0]  11.63x6700 | 11.64x8900  [11.65]  pos=0  realized=0 fees=0 net=0 unrealized=0
2026-04-28T15:49:59.894604494 SPREAD NKE NYSE  [0]  44.96x1200 | 44.97x2600  [44.98]  pos=0  realized=0 fees=0 net=0 unrealized=0
2026-04-28T15:49:59.894613186 SPREAD SOFI NASDAQ  [18.57]  18.58x4500 | 18.59x4600  [0]  pos=0  realized=0 fees=0 net=0 unrealized=0
2026-04-28T15:49:59.894622845 SPREAD HOOD NASDAQ  [82.24]  82.26x400 | 82.28x900  [82.29]  pos=-300  realized=-32.3 fees=-1.801668 net=-30.498332 unrealized=-4
2026-04-28T15:49:59.894633549 SPREAD XLE ARCA  [57.71]  57.73x6200 | 57.74x27900  [57.76]  pos=100  realized=0 fees=-0.1772 net=0.1772 unrealized=0.5
2026-04-28T15:49:59.894641868 SPREAD FXI ARCA  [0]  36.28x26400 | 36.29x59200  [36.3]  pos=0  realized=0 fees=0 net=0 unrealized=0
2026-04-28T15:49:59.894649217 SPREAD VZ NYSE  [47.07]  47.08x900 | 47.09x1100  [47.11]  pos=200  realized=3 fees=-0.592274 net=3.592274 unrealized=-3
2026-04-28T15:49:59.894658773 SPREAD INTC NASDAQ  [83.89]  83.9x300 | 83.91x400  [83.94]  pos=400  realized=-6.25335 fees=-4.383191 net=-1.870159 unrealized=9.25335
2026-04-28T15:49:59.894669947 SPREAD PYPL NASDAQ  [49.53]  49.54x500 | 49.56x600  [0]  pos=0  realized=7.5 fees=-0.698512 net=8.198512 unrealized=0
2026-04-28T15:50:00.027537204 SOFI order fill: filled buy 100 @ 18.57 pos=100 filled=100/100
2026-04-28T15:50:00.027572734 SOFI filled 100 @ 18.57 | pos=100 | fill_pnl=0 | fee=-0.1772 | realized=0 | total_pnl=-28.05335 | total_fees=-8.335959 | fills=128 shares=10900
2026-04-28T15:50:00.048443151 SOFI placed buy 100 @ 18.56 -> NASDAQ (pos=100 spread=0.01 bid=18.58x4100 ask=18.59x4600)
2026-04-28T15:50:00.051641414 DKNG order fill: filled buy 100 @ 23.37 pos=-200 filled=100/100
2026-04-28T15:50:00.051658774 DKNG filled 100 @ 23.37 | pos=-200 | fill_pnl=-0.6667 | fee=-0.1772 | realized=-0.6667 | total_pnl=-28.72005 | total_fees=-8.513159 | fills=129 shares=11000
2026-04-28T15:50:00.051686900 SOFI order pending_new: pending_new buy 100 @ 18.56 pos=0 filled=0/100
2026-04-28T15:50:00.052211028 SOFI placed sell 100 @ 18.61 -> NASDAQ (pos=100 spread=0.01 bid=18.58x4100 ask=18.59x4600)
2026-04-28T15:50:00.063191316 DKNG placed buy 100 @ 23.36 -> NASDAQ (pos=-200 spread=0.01 bid=23.38x500 ask=23.39x400)
2026-04-28T15:50:00.065477125 SOFI order pending_new: pending_new sell 100 @ 18.61 pos=0 filled=0/100
2026-04-28T15:50:00.065508021 SOFI order new: new buy 100 @ 18.56 pos=0 filled=0/100
2026-04-28T15:50:00.076007448 DKNG order pending_new: pending_new buy 100 @ 23.36 pos=0 filled=0/100
2026-04-28T15:50:00.076023346 SOFI order new: new sell 100 @ 18.61 pos=0 filled=0/100
2026-04-28T15:50:00.076030030 SOFI order fill: filled buy 100 @ 18.56 pos=200 filled=100/100
2026-04-28T15:50:00.076039830 SOFI filled 100 @ 18.56 | pos=200 | fill_pnl=0 | fee=-0.1772 | realized=0 | total_pnl=-28.72005 | total_fees=-8.690359 | fills=130 shares=11100
2026-04-28T15:50:00.076063254 CMCSA order fill: filled sell 100 @ 27.64 pos=0 filled=100/100
2026-04-28T15:50:00.076072712 CMCSA filled -100 @ 27.64 | pos=0 | fill_pnl=3 | fee=-0.100762 | realized=3 | total_pnl=-25.72005 | total_fees=-8.791121 | fills=131 shares=11200
2026-04-28T15:50:00.092796933 DKNG order new: new buy 100 @ 23.36 pos=0 filled=0/100
2026-04-28T15:50:00.107322434 SOFI placed buy 100 @ 18.56 -> NASDAQ (pos=200 spread=0.01 bid=18.58x4100 ask=18.59x4600)
2026-04-28T15:50:00.119028795 SOFI order pending_new: pending_new buy 100 @ 18.56 pos=0 filled=0/100
2026-04-28T15:50:00.119048537 HOOD order fill: filled sell 100 @ 82.29 pos=-400 filled=100/100
2026-04-28T15:50:00.119058395 HOOD filled -100 @ 82.29 | pos=-400 | fill_pnl=0 | fee=0.011817 | realized=-32.3 | total_pnl=-25.72005 | total_fees=-8.779304 | fills=132 shares=11300
2026-04-28T15:50:00.119082277 INTC order fill: filled buy 100 @ 83.89 pos=500 filled=100/100
2026-04-28T15:50:00.119093610 INTC filled 100 @ 83.89 | pos=500 | fill_pnl=0 | fee=-0.1772 | realized=-6.25335 | total_pnl=-25.72005 | total_fees=-8.956504 | fills=133 shares=11400
2026-04-28T15:50:00.131308514 SOFI order new: new buy 100 @ 18.56 pos=0 filled=0/100
2026-04-28T15:50:00.141044781 INTC order fill: filled sell 100 @ 83.94 pos=400 filled=100/100
2026-04-28T15:50:00.141061177 INTC filled -100 @ 83.94 | pos=400 | fill_pnl=5.6507 | fee=0.015216 | realized=-0.60265 | total_pnl=-20.06935 | total_fees=-8.941288 | fills=134 shares=11500
2026-04-28T15:50:00.166678269 HOOD placed sell 100 @ 82.29 -> NASDAQ (pos=-400 spread=0.02 bid=82.26x200 ask=82.28x900)
2026-04-28T15:50:00.178579859 HOOD order pending_new: pending_new sell 100 @ 82.29 pos=0 filled=0/100
2026-04-28T15:50:00.178604909 HOOD order fill: filled buy 100 @ 82.24 pos=-300 filled=100/100
2026-04-28T15:50:00.178617381 HOOD filled 100 @ 82.24 | pos=-300 | fill_pnl=2.5 | fee=-0.1772 | realized=-29.8 | total_pnl=-17.56935 | total_fees=-9.118488 | fills=135 shares=11600
2026-04-28T15:50:00.178641624 NKE order fill: filled sell 100 @ 44.98 pos=-100 filled=100/100
2026-04-28T15:50:00.178650504 NKE filled -100 @ 44.98 | pos=-100 | fill_pnl=0 | fee=-0.065041 | realized=0 | total_pnl=-17.56935 | total_fees=-9.183529 | fills=136 shares=11700
2026-04-28T15:50:00.182888348 INTC placed buy 100 @ 83.88 -> NASDAQ (pos=500 spread=0.01 bid=83.9x300 ask=83.91x400)
2026-04-28T15:50:00.188897030 INTC placed sell 100 @ 83.93 -> NASDAQ (pos=400 spread=0.01 bid=83.9x300 ask=83.91x400)
2026-04-28T15:50:00.193429925 INTC order pending_new: pending_new buy 100 @ 83.88 pos=0 filled=0/100
2026-04-28T15:50:00.193445794 HOOD order new: new sell 100 @ 82.29 pos=0 filled=0/100
2026-04-28T15:50:00.193460786 INTC order pending_new: pending_new sell 100 @ 83.93 pos=0 filled=0/100
2026-04-28T15:50:00.201866657 NKE placed sell 100 @ 44.99 -> NYSE (pos=-100 spread=0.01 bid=44.96x1200 ask=44.97x2600)
2026-04-28T15:50:00.212028275 NKE placed buy 100 @ 44.94 -> NYSE (pos=-100 spread=0.01 bid=44.96x1200 ask=44.97x2600)
2026-04-28T15:50:00.213102323 NKE order pending_new: pending_new sell 100 @ 44.99 pos=0 filled=0/100
2026-04-28T15:50:00.213142263 INTC order new: new buy 100 @ 83.88 pos=0 filled=0/100
2026-04-28T15:50:00.213173905 INTC order new: new sell 100 @ 83.93 pos=0 filled=0/100
2026-04-28T15:50:00.219541331 HOOD placed buy 100 @ 82.25 -> NASDAQ (pos=-300 spread=0.02 bid=82.26x200 ask=82.28x900)
2026-04-28T15:50:00.223386263 NKE order pending_new: pending_new buy 100 @ 44.94 pos=0 filled=0/100
2026-04-28T15:50:00.223433958 SOFI order fill: filled buy 100 @ 18.56 pos=300 filled=100/100
2026-04-28T15:50:00.223445164 SOFI filled 100 @ 18.56 | pos=300 | fill_pnl=0 | fee=-0.1772 | realized=0 | total_pnl=-17.56935 | total_fees=-9.360729 | fills=137 shares=11800
2026-04-28T15:50:00.223463709 INTC order fill: filled buy 100 @ 83.88 pos=500 filled=100/100
2026-04-28T15:50:00.223470444 INTC filled 100 @ 83.88 | pos=500 | fill_pnl=0 | fee=-0.1772 | realized=-0.60265 | total_pnl=-17.56935 | total_fees=-9.537929 | fills=138 shares=11900
2026-04-28T15:50:00.223479960 NKE order new: new sell 100 @ 44.99 pos=0 filled=0/100
2026-04-28T15:50:00.223506410 HOOD order pending_new: pending_new buy 100 @ 82.25 pos=0 filled=0/100
2026-04-28T15:50:00.235703784 NKE order new: new buy 100 @ 44.94 pos=0 filled=0/100
2026-04-28T15:50:00.235720462 HOOD order new: new buy 100 @ 82.25 pos=0 filled=0/100
2026-04-28T15:50:00.235742673 HOOD order partial_fill: partially_filled buy 100 @ 82.25 pos=-242 filled=58/100
2026-04-28T15:50:00.235755248 HOOD filled 58 @ 82.23 | pos=-242 | fill_pnl=2.03 | fee=-0.1016 | realized=-27.77 | total_pnl=-15.53935 | total_fees=-9.639529 | fills=139 shares=11958
2026-04-28T15:50:00.248235629 HOOD order partial_fill: partially_filled buy 100 @ 82.25 pos=-241 filled=59/100
2026-04-28T15:50:00.248253219 HOOD filled 1 @ 82.23 | pos=-241 | fill_pnl=0.035 | fee=-0.0018 | realized=-27.735 | total_pnl=-15.50435 | total_fees=-9.641329 | fills=140 shares=11959
2026-04-28T15:50:00.248261936 HOOD order fill: filled buy 100 @ 82.25 pos=-200 filled=100/100
2026-04-28T15:50:00.248271784 HOOD filled 41 @ 82.24 | pos=-200 | fill_pnl=1.025 | fee=-0.0738 | realized=-26.71 | total_pnl=-14.47935 | total_fees=-9.715129 | fills=141 shares=12000
2026-04-28T15:50:00.252260959 SOFI placed buy 100 @ 18.56 -> NASDAQ (pos=300 spread=0.01 bid=18.58x4100 ask=18.59x4600)
2026-04-28T15:50:00.264688280 SOFI order pending_new: pending_new buy 100 @ 18.56 pos=0 filled=0/100
2026-04-28T15:50:00.266059009 INTC placed buy 100 @ 83.88 -> NASDAQ (pos=500 spread=0.01 bid=83.9x300 ask=83.91x400)
2026-04-28T15:50:00.271546100 HOOD placed buy 100 @ 82.25 -> NASDAQ (pos=-200 spread=0.02 bid=82.26x200 ask=82.28x900)
2026-04-28T15:50:00.277121842 INTC order pending_new: pending_new buy 100 @ 83.88 pos=0 filled=0/100
2026-04-28T15:50:00.277138617 SOFI order new: new buy 100 @ 18.56 pos=0 filled=0/100
2026-04-28T15:50:00.277146464 SOFI order fill: filled buy 100 @ 18.56 pos=400 filled=100/100
2026-04-28T15:50:00.277154718 SOFI filled 100 @ 18.56 | pos=400 | fill_pnl=0 | fee=-0.1772 | realized=0 | total_pnl=-14.47935 | total_fees=-9.892329 | fills=142 shares=12100
2026-04-28T15:50:00.277174396 HOOD order pending_new: pending_new buy 100 @ 82.25 pos=0 filled=0/100
2026-04-28T15:50:00.290496620 INTC order new: new buy 100 @ 83.88 pos=0 filled=0/100
2026-04-28T15:50:00.290517684 HOOD order new: new buy 100 @ 82.25 pos=0 filled=0/100
2026-04-28T15:50:00.297215508 SOFI placed buy 100 @ 18.56 -> NASDAQ (pos=400 spread=0.01 bid=18.58x4100 ask=18.59x4600)
2026-04-28T15:50:00.300638288 HOOD order fill: filled buy 100 @ 82.25 pos=-100 filled=100/100
2026-04-28T15:50:00.300654009 HOOD filled 100 @ 82.25 | pos=-100 | fill_pnl=1.5 | fee=-0.1772 | realized=-25.21 | total_pnl=-12.97935 | total_fees=-10.069529 | fills=143 shares=12200
2026-04-28T15:50:00.300671989 SOFI order pending_new: pending_new buy 100 @ 18.56 pos=0 filled=0/100
2026-04-28T15:50:00.315193297 HOOD placed buy 100 @ 82.25 -> NASDAQ (pos=-100 spread=0.02 bid=82.26x200 ask=82.28x900)
2026-04-28T15:50:00.327890536 HOOD order pending_new: pending_new buy 100 @ 82.25 pos=0 filled=0/100
2026-04-28T15:50:00.327906531 SOFI order new: new buy 100 @ 18.56 pos=0 filled=0/100
2026-04-28T15:50:00.327913649 SOFI order fill: filled buy 100 @ 18.56 pos=500 filled=100/100
2026-04-28T15:50:00.327920946 SOFI filled 100 @ 18.56 | pos=500 | fill_pnl=0 | fee=-0.1772 | realized=0 | total_pnl=-12.97935 | total_fees=-10.246729 | fills=144 shares=12300
2026-04-28T15:50:00.341411844 HOOD order new: new buy 100 @ 82.25 pos=0 filled=0/100
2026-04-28T15:50:00.341451790 HOOD order fill: filled buy 100 @ 82.25 pos=0 filled=100/100
2026-04-28T15:50:00.341466499 HOOD filled 100 @ 82.25 | pos=0 | fill_pnl=1.5 | fee=-0.1772 | realized=-23.71 | total_pnl=-11.47935 | total_fees=-10.423929 | fills=145 shares=12400
2026-04-28T15:50:00.344222188 SOFI placed buy 100 @ 18.56 -> NASDAQ (pos=500 spread=0.01 bid=18.58x4100 ask=18.59x4600)
2026-04-28T15:50:00.356018108 SOFI order pending_new: pending_new buy 100 @ 18.56 pos=0 filled=0/100
2026-04-28T15:50:00.368753724 SOFI order new: new buy 100 @ 18.56 pos=0 filled=0/100
2026-04-28T15:50:00.368768737 SOFI order fill: filled buy 100 @ 18.56 pos=600 filled=100/100
2026-04-28T15:50:00.368776909 SOFI filled 100 @ 18.56 | pos=600 | fill_pnl=0 | fee=-0.1772 | realized=0 | total_pnl=-11.47935 | total_fees=-10.601129 | fills=146 shares=12500
2026-04-28T15:50:00.405991960 SOFI placed buy 100 @ 18.56 -> NASDAQ (pos=600 spread=0.01 bid=18.58x4100 ask=18.59x4600)
2026-04-28T15:50:00.417460908 SOFI order pending_new: pending_new buy 100 @ 18.56 pos=0 filled=0/100
2026-04-28T15:50:00.431148137 SOFI order new: new buy 100 @ 18.56 pos=0 filled=0/100
2026-04-28T15:50:00.431165143 SOFI order partial_fill: partially_filled buy 100 @ 18.56 pos=662 filled=62/100
2026-04-28T15:50:00.431176161 SOFI filled 62 @ 18.56 | pos=662 | fill_pnl=0 | fee=-0.1088 | realized=0 | total_pnl=-11.47935 | total_fees=-10.709929 | fills=147 shares=12562
2026-04-28T15:50:00.431198053 SOFI order fill: filled buy 100 @ 18.56 pos=700 filled=100/100
2026-04-28T15:50:00.431212161 SOFI filled 38 @ 18.56 | pos=700 | fill_pnl=0 | fee=-0.0684 | realized=0 | total_pnl=-11.47935 | total_fees=-10.778329 | fills=148 shares=12600
2026-04-28T15:50:00.446197860 SOFI placed buy 100 @ 18.56 -> NASDAQ (pos=700 spread=0.01 bid=18.58x4100 ask=18.59x4600)
2026-04-28T15:50:00.459457489 SOFI order pending_new: pending_new buy 100 @ 18.56 pos=0 filled=0/100
2026-04-28T15:50:00.472073232 SOFI order new: new buy 100 @ 18.56 pos=0 filled=0/100
2026-04-28T15:50:00.472085253 SOFI order fill: filled buy 100 @ 18.56 pos=800 filled=100/100
2026-04-28T15:50:00.472095584 SOFI filled 100 @ 18.56 | pos=800 | fill_pnl=0 | fee=-0.1772 | realized=0 | total_pnl=-11.47935 | total_fees=-10.955529 | fills=149 shares=12700
2026-04-28T15:50:00.592838845 XLE order fill: filled buy 100 @ 57.71 pos=200 filled=100/100
2026-04-28T15:50:00.592855926 XLE filled 100 @ 57.71 | pos=200 | fill_pnl=0 | fee=-0.1772 | realized=0 | total_pnl=-11.47935 | total_fees=-11.132729 | fills=150 shares=12800
2026-04-28T15:50:00.611690704 XLE placed buy 100 @ 57.71 -> ARCA (pos=200 spread=0.01 bid=57.73x6000 ask=57.74x25500)
2026-04-28T15:50:00.622481040 XLE order pending_new: pending_new buy 100 @ 57.71 pos=0 filled=0/100
2026-04-28T15:50:00.638128124 XLE order new: new buy 100 @ 57.71 pos=0 filled=0/100
2026-04-28T15:50:00.638149300 XLE order partial_fill: partially_filled buy 100 @ 57.71 pos=275 filled=75/100
2026-04-28T15:50:00.638161451 XLE filled 75 @ 57.71 | pos=275 | fill_pnl=0 | fee=-0.1322 | realized=0 | total_pnl=-11.47935 | total_fees=-11.264929 | fills=151 shares=12875
2026-04-28T15:50:00.638182179 XLE order fill: filled buy 100 @ 57.71 pos=300 filled=100/100
2026-04-28T15:50:00.638189619 XLE filled 25 @ 57.71 | pos=300 | fill_pnl=0 | fee=-0.045 | realized=0 | total_pnl=-11.47935 | total_fees=-11.309929 | fills=152 shares=12900
2026-04-28T15:50:00.655259851 XLE placed buy 100 @ 57.71 -> ARCA (pos=300 spread=0.01 bid=57.73x6000 ask=57.74x25500)
2026-04-28T15:50:00.669023875 XLE order pending_new: pending_new buy 100 @ 57.71 pos=0 filled=0/100
2026-04-28T15:50:00.678683267 XLE order new: new buy 100 @ 57.71 pos=0 filled=0/100
2026-04-28T15:50:00.678699446 XLE order fill: filled buy 100 @ 57.71 pos=400 filled=100/100
2026-04-28T15:50:00.678713026 XLE filled 100 @ 57.71 | pos=400 | fill_pnl=0 | fee=-0.1772 | realized=0 | total_pnl=-11.47935 | total_fees=-11.487129 | fills=153 shares=13000
2026-04-28T15:50:00.697011366 XLE placed buy 100 @ 57.71 -> ARCA (pos=400 spread=0.01 bid=57.73x6000 ask=57.74x25500)
2026-04-28T15:50:00.709174436 XLE order pending_new: pending_new buy 100 @ 57.71 pos=0 filled=0/100
2026-04-28T15:50:00.721272568 XLE order new: new buy 100 @ 57.71 pos=0 filled=0/100
2026-04-28T15:50:00.721283988 XLE order fill: filled buy 100 @ 57.71 pos=500 filled=100/100
2026-04-28T15:50:00.721290222 XLE filled 100 @ 57.71 | pos=500 | fill_pnl=0 | fee=-0.1772 | realized=0 | total_pnl=-11.47935 | total_fees=-11.664329 | fills=154 shares=13100
2026-04-28T15:50:00.737974697 XLE placed buy 100 @ 57.71 -> ARCA (pos=500 spread=0.01 bid=57.73x6000 ask=57.74x25500)
2026-04-28T15:50:00.749162527 XLE order pending_new: pending_new buy 100 @ 57.71 pos=0 filled=0/100
2026-04-28T15:50:00.762485079 XLE order new: new buy 100 @ 57.71 pos=0 filled=0/100
2026-04-28T15:50:00.762530991 XLE order fill: filled buy 100 @ 57.71 pos=600 filled=100/100
2026-04-28T15:50:00.762544421 XLE filled 100 @ 57.71 | pos=600 | fill_pnl=0 | fee=-0.1772 | realized=0 | total_pnl=-11.47935 | total_fees=-11.841529 | fills=155 shares=13200
2026-04-28T15:50:01.452522060 INTC order fill: filled buy 100 @ 83.88 pos=600 filled=100/100
2026-04-28T15:50:01.452546678 INTC filled 100 @ 83.88 | pos=600 | fill_pnl=0 | fee=-0.1772 | realized=-0.60265 | total_pnl=-11.47935 | total_fees=-12.018729 | fills=156 shares=13300
2026-04-28T15:50:01.604920314 INTC replacing sell order: 83.93 -> 83.9 (pos=600 spread=0.02 bid=83.87x200 ask=83.89x600)
2026-04-28T15:50:01.614713544 CMCSA replacing buy order: 27.59 -> 27.62 (pos=0 spread=0.02 bid=27.63x500 ask=27.65x1300)
2026-04-28T15:50:01.616255041 PYPL replacing buy order: 49.53 -> 49.56 (pos=0 spread=0.02 bid=49.57x100 ask=49.59x200)
2026-04-28T15:50:01.630595392 INTC order replaced: replaced sell 100 @ 83.93 pos=0 filled=0/100
2026-04-28T15:50:01.630626506 CMCSA order replaced: replaced buy 100 @ 27.59 pos=0 filled=0/100
2026-04-28T15:50:01.639673734 INTC replacing sell order: 83.9 -> 83.93 (pos=600 spread=0.03 bid=83.89x400 ask=83.92x200)
2026-04-28T15:50:01.641083101 PYPL order replaced: replaced buy 100 @ 49.53 pos=0 filled=0/100
2026-04-28T15:50:01.654002143 PYPL replacing buy order: 49.56 -> 49.59 (pos=0 spread=0.02 bid=49.6x200 ask=49.62x300)
2026-04-28T15:50:01.667013038 INTC order replaced: replaced sell 100 @ 83.9 pos=0 filled=0/100
2026-04-28T15:50:01.680214340 PYPL order replaced: replaced buy 100 @ 49.56 pos=0 filled=0/100
2026-04-28T15:50:01.680233269 PYPL order partial_fill: partially_filled buy 100 @ 49.59 pos=59 filled=59/100
2026-04-28T15:50:01.680246360 PYPL filled 59 @ 49.58 | pos=59 | fill_pnl=0 | fee=-0.1034 | realized=7.5 | total_pnl=-11.47935 | total_fees=-12.122129 | fills=157 shares=13359
2026-04-28T15:50:01.680275514 PYPL order fill: filled buy 100 @ 49.59 pos=100 filled=100/100
2026-04-28T15:50:01.680290583 PYPL filled 41 @ 49.58 | pos=100 | fill_pnl=0 | fee=-0.0738 | realized=7.5 | total_pnl=-11.47935 | total_fees=-12.195929 | fills=158 shares=13400
2026-04-28T15:50:01.695536705 PYPL placed sell 100 @ 49.63 -> NASDAQ (pos=100 spread=0.02 bid=49.6x200 ask=49.62x300)
2026-04-28T15:50:01.702313495 PYPL placed buy 100 @ 49.59 -> NASDAQ (pos=100 spread=0.02 bid=49.6x200 ask=49.62x300)
2026-04-28T15:50:01.706563850 PYPL order pending_new: pending_new sell 100 @ 49.63 pos=0 filled=0/100
2026-04-28T15:50:01.706575957 PYPL order pending_new: pending_new buy 100 @ 49.59 pos=0 filled=0/100
2026-04-28T15:50:01.718658460 PYPL order new: new sell 100 @ 49.63 pos=0 filled=0/100
2026-04-28T15:50:01.718669106 PYPL order new: new buy 100 @ 49.59 pos=0 filled=0/100
2026-04-28T15:50:01.718716929 PYPL order fill: filled buy 100 @ 49.59 pos=200 filled=100/100
2026-04-28T15:50:01.718733173 PYPL filled 100 @ 49.58 | pos=200 | fill_pnl=0 | fee=-0.1772 | realized=7.5 | total_pnl=-11.47935 | total_fees=-12.373129 | fills=159 shares=13500
2026-04-28T15:50:01.741853717 PYPL placed buy 100 @ 49.59 -> NASDAQ (pos=200 spread=0.02 bid=49.6x200 ask=49.62x300)
2026-04-28T15:50:01.753471951 PYPL order pending_new: pending_new buy 100 @ 49.59 pos=0 filled=0/100
2026-04-28T15:50:01.766856256 PYPL order new: new buy 100 @ 49.59 pos=0 filled=0/100
2026-04-28T15:50:01.766877506 PYPL order fill: filled buy 100 @ 49.59 pos=300 filled=100/100
2026-04-28T15:50:01.766884346 PYPL filled 100 @ 49.58 | pos=300 | fill_pnl=0 | fee=-0.1772 | realized=7.5 | total_pnl=-11.47935 | total_fees=-12.550329 | fills=160 shares=13600
2026-04-28T15:50:01.784251359 PYPL placed buy 100 @ 49.59 -> NASDAQ (pos=300 spread=0.02 bid=49.6x200 ask=49.62x300)
2026-04-28T15:50:01.796300179 PYPL order pending_new: pending_new buy 100 @ 49.59 pos=0 filled=0/100
2026-04-28T15:50:01.809186831 PYPL order new: new buy 100 @ 49.59 pos=0 filled=0/100
2026-04-28T15:50:01.809204634 PYPL order partial_fill: partially_filled buy 100 @ 49.59 pos=310 filled=10/100
2026-04-28T15:50:01.809216621 PYPL filled 10 @ 49.58 | pos=310 | fill_pnl=0 | fee=-0.0152 | realized=7.5 | total_pnl=-11.47935 | total_fees=-12.565529 | fills=161 shares=13610
2026-04-28T15:50:01.809227304 PYPL order partial_fill: partially_filled buy 100 @ 49.59 pos=323 filled=23/100
2026-04-28T15:50:01.809238063 PYPL filled 13 @ 49.58 | pos=323 | fill_pnl=0 | fee=-0.0234 | realized=7.5 | total_pnl=-11.47935 | total_fees=-12.588929 | fills=162 shares=13623
2026-04-28T15:50:01.809268546 PYPL order fill: filled buy 100 @ 49.59 pos=400 filled=100/100
2026-04-28T15:50:01.809282945 PYPL filled 77 @ 49.58 | pos=400 | fill_pnl=0 | fee=-0.1386 | realized=7.5 | total_pnl=-11.47935 | total_fees=-12.727529 | fills=163 shares=13700
2026-04-28T15:50:02.236566798 HOOD replacing sell order: 82.29 -> 82.26 (pos=0 spread=0.02 bid=82.23x200 ask=82.25x200)
2026-04-28T15:50:02.238638896 PYPL replacing sell order: 49.63 -> 49.66 (pos=400 spread=0.01 bid=49.63x100 ask=49.64x200)
2026-04-28T15:50:02.243394537 INTC replacing sell order: 83.93 -> 83.9 (pos=600 spread=0.02 bid=83.87x200 ask=83.89x300)
2026-04-28T15:50:02.246067157 SOFI replacing sell order: 18.61 -> 18.58 (pos=800 spread=0.02 bid=18.55x8700 ask=18.57x7100)
2026-04-28T15:50:02.249436726 XLE replacing sell order: 57.76 -> 57.73 (pos=600 spread=0.02 bid=57.7x11100 ask=57.72x25900)
2026-04-28T15:50:02.263803530 HOOD order replaced: replaced sell 100 @ 82.29 pos=0 filled=0/100
2026-04-28T15:50:02.263825272 PYPL order replaced: replaced sell 100 @ 49.63 pos=0 filled=0/100
2026-04-28T15:50:02.263842368 INTC order replaced: replaced sell 100 @ 83.93 pos=0 filled=0/100
2026-04-28T15:50:02.263851814 SOFI order replaced: replaced sell 100 @ 18.61 pos=0 filled=0/100
2026-04-28T15:50:02.274174769 XLE order replaced: replaced sell 100 @ 57.76 pos=0 filled=0/100
2026-04-28T15:50:02.274194967 INTC order fill: filled sell 100 @ 83.9 pos=500 filled=100/100
2026-04-28T15:50:02.274204055 INTC filled -100 @ 83.9 | pos=500 | fill_pnl=1.7671 | fee=0.015134 | realized=1.16445 | total_pnl=-9.71225 | total_fees=-12.712395 | fills=164 shares=13800
2026-04-28T15:50:02.274266317 PYPL replacing sell order: 49.66 -> 49.61 (pos=400 spread=0.01 bid=49.58x200 ask=49.59x800)
2026-04-28T15:50:02.286630523 INTC placed sell 100 @ 83.92 -> NASDAQ (pos=500 spread=0.01 bid=83.89x200 ask=83.9x300)
2026-04-28T15:50:02.295186914 INTC placed buy 100 @ 83.87 -> NASDAQ (pos=500 spread=0.01 bid=83.89x200 ask=83.9x300)
2026-04-28T15:50:02.298608898 INTC order pending_new: pending_new sell 100 @ 83.92 pos=0 filled=0/100
2026-04-28T15:50:02.298660854 PYPL order replaced: replaced sell 100 @ 49.66 pos=0 filled=0/100
2026-04-28T15:50:02.298671381 INTC order pending_new: pending_new buy 100 @ 83.87 pos=0 filled=0/100
2026-04-28T15:50:02.312642236 INTC order new: new sell 100 @ 83.92 pos=0 filled=0/100
2026-04-28T15:50:02.312664425 INTC order new: new buy 100 @ 83.87 pos=0 filled=0/100
2026-04-28T15:50:04.242753034 HOOD replacing sell order: 82.26 -> 82.23 (pos=0 spread=0.02 bid=82.2x400 ask=82.22x500)
2026-04-28T15:50:04.267115815 HOOD order replaced: replaced sell 100 @ 82.26 pos=0 filled=0/100
2026-04-28T15:50:04.330962329 INTC order fill: filled buy 100 @ 83.87 pos=600 filled=100/100
2026-04-28T15:50:04.330985006 INTC filled 100 @ 83.87 | pos=600 | fill_pnl=0 | fee=-0.1772 | realized=1.16445 | total_pnl=-9.71225 | total_fees=-12.889595 | fills=165 shares=13900
2026-04-28T15:50:04.598017722 INTC replacing sell order: 83.92 -> 83.89 (pos=600 spread=0 bid=83.87x200 ask=83.87x200)
2026-04-28T15:50:04.624615407 INTC order replaced: replaced sell 100 @ 83.92 pos=0 filled=0/100
2026-04-28T15:50:04.894717501 BALANCE long=$129039 (5) short=$9172 (2) expose=$119868 | realize=-9.71225 fee=-12.889595 net=3.177345 unrealized=-18.99775 equity=-15.820405 liquidate=-30.320405 | fills=165 pending=12 | ofails=0/154
2026-04-28T15:50:04.894820871 SPREAD AAL NASDAQ  [0]  11.62x21900 | 11.63x15900  [11.65]  pos=0  realized=0 fees=0 net=0 unrealized=0
2026-04-28T15:50:04.894838434 SPREAD NKE NYSE  [44.94]  44.98x800 | 44.99x800  [44.99]  pos=-100  realized=0 fees=-0.065041 net=0.065041 unrealized=-0.5
2026-04-28T15:50:04.894853587 SPREAD SOFI NASDAQ  [0]  18.55x7600 | 18.56x12900  [18.58]  pos=800  realized=0 fees=-1.4176 net=1.4176 unrealized=-5
2026-04-28T15:50:04.894868483 SPREAD HOOD NASDAQ  [0]  82.2x1400 | 82.22x100  [82.23]  pos=0  realized=-23.71 fees=-2.498651 net=-21.211349 unrealized=0
2026-04-28T15:50:04.894878617 SPREAD XLE ARCA  [0]  57.7x29200 | 57.71x7800  [57.73]  pos=600  realized=0 fees=-1.0632 net=1.0632 unrealized=-5
2026-04-28T15:50:04.894885375 SPREAD FXI ARCA  [0]  36.29x30000 | 36.3x62000  [36.3]  pos=0  realized=0 fees=0 net=0 unrealized=0
2026-04-28T15:50:04.894895811 SPREAD VZ NYSE  [47.07]  47.09x2300 | 47.1x2300  [47.11]  pos=200  realized=3 fees=-0.592274 net=3.592274 unrealized=-1
2026-04-28T15:50:04.894902968 SPREAD INTC NASDAQ  [0]  83.86x100 | 83.87x100  [83.89]  pos=600  realized=1.16445 fees=-5.061641 net=6.226091 unrealized=-9.16445
2026-04-28T15:50:04.894912856 SPREAD PYPL NASDAQ  [0]  49.58x400 | 49.59x500  [49.61]  pos=400  realized=7.5 fees=-1.407312 net=8.907312 unrealized=2
2026-04-28T15:50:04.894921921 SPREAD CMCSA NASDAQ  [27.62]  27.62x3000 | 27.63x3300  [0]  pos=0  realized=3 fees=-0.277962 net=3.277962 unrealized=0
2026-04-28T15:50:04.894928959 SPREAD DKNG NASDAQ  [23.36]  23.36x500 | 23.37x200  [23.4]  pos=-200  realized=-0.6667 fees=-0.505914 net=-0.160786 unrealized=-0.3333
2026-04-28T15:50:04.894937199 SPREAD RIVN NASDAQ  [0]  16.12x3400 | 16.13x2700  [16.14]  pos=0  realized=0 fees=0 net=0 unrealized=0
2026-04-28T15:50:05.099472988 NKE order partial_fill: partially_filled sell 100 @ 44.99 pos=-111 filled=11/100
2026-04-28T15:50:05.099509359 NKE filled -11 @ 44.99 | pos=-111 | fill_pnl=0 | fee=-0.00466 | realized=0 | total_pnl=-9.71225 | total_fees=-12.894255 | fills=166 shares=13911
2026-04-28T15:50:05.099521114 NKE order fill: filled sell 100 @ 44.99 pos=-200 filled=100/100
2026-04-28T15:50:05.099531882 NKE filled -89 @ 44.99 | pos=-200 | fill_pnl=0 | fee=-0.06036 | realized=0 | total_pnl=-9.71225 | total_fees=-12.954615 | fills=167 shares=14000
2026-04-28T15:50:05.114085293 NKE placed sell 100 @ 45.01 -> NYSE (pos=-200 spread=0.01 bid=44.98x1900 ask=44.99x500)
2026-04-28T15:50:05.127509380 NKE order pending_new: pending_new sell 100 @ 45.01 pos=0 filled=0/100
2026-04-28T15:50:05.139363877 NKE order new: new sell 100 @ 45.01 pos=0 filled=0/100
2026-04-28T15:50:05.236828392 HOOD order fill: filled sell 100 @ 82.23 pos=-100 filled=100/100
2026-04-28T15:50:05.236849002 HOOD filled -100 @ 82.23 | pos=-100 | fill_pnl=0 | fee=0.011694 | realized=-23.71 | total_pnl=-9.71225 | total_fees=-12.942921 | fills=168 shares=14100
2026-04-28T15:50:05.251591391 HOOD placed sell 100 @ 82.25 -> NASDAQ (pos=-100 spread=0.01 bid=82.22x400 ask=82.23x2300)
2026-04-28T15:50:05.254523501 HOOD placed buy 100 @ 82.2 -> NASDAQ (pos=-100 spread=0.01 bid=82.22x400 ask=82.23x2300)
2026-04-28T15:50:05.265215821 HOOD order pending_new: pending_new sell 100 @ 82.25 pos=0 filled=0/100
2026-04-28T15:50:05.265233217 HOOD order pending_new: pending_new buy 100 @ 82.2 pos=0 filled=0/100
2026-04-28T15:50:05.280454349 HOOD order new: new sell 100 @ 82.25 pos=0 filled=0/100
2026-04-28T15:50:05.280467668 HOOD order new: new buy 100 @ 82.2 pos=0 filled=0/100
2026-04-28T15:50:05.731865892 NKE replacing buy order: 44.94 -> 44.97 (pos=-200 spread=0.02 bid=44.98x3000 ask=45x6900)
2026-04-28T15:50:05.756625372 NKE order replaced: replaced buy 100 @ 44.94 pos=0 filled=0/100
2026-04-28T15:50:07.716694056 INTC replacing sell order: 83.89 -> 83.86 (pos=600 spread=0 bid=83.84x100 ask=83.84x100)
2026-04-28T15:50:07.740696825 INTC order replaced: replaced sell 100 @ 83.89 pos=0 filled=0/100
2026-04-28T15:50:08.246551656 HOOD order fill: filled sell 100 @ 82.25 pos=-200 filled=100/100
2026-04-28T15:50:08.246572743 HOOD filled -100 @ 82.25 | pos=-200 | fill_pnl=0 | fee=0.011735 | realized=-23.71 | total_pnl=-9.71225 | total_fees=-12.931186 | fills=169 shares=14200
2026-04-28T15:50:08.260989626 HOOD error placing order: 40310000: insufficient buying power
2026-04-28T15:50:08.511672703 HOOD replacing buy order: 82.2 -> 82.23 (pos=-200 spread=0.02 bid=82.24x700 ask=82.26x100)
2026-04-28T15:50:08.516944706 HOOD error placing order: 40310000: insufficient buying power
2026-04-28T15:50:08.536974782 HOOD order replaced: replaced buy 100 @ 82.2 pos=0 filled=0/100
2026-04-28T15:50:08.549722926 HOOD error placing order: 40310000: insufficient buying power
2026-04-28T15:50:08.937055002 HOOD error placing order: 40310000: insufficient buying power
2026-04-28T15:50:09.190779725 HOOD order fill: filled buy 100 @ 82.23 pos=-100 filled=100/100
2026-04-28T15:50:09.190803452 HOOD filled 100 @ 82.23 | pos=-100 | fill_pnl=1 | fee=-0.1772 | realized=-22.71 | total_pnl=-8.71225 | total_fees=-13.108386 | fills=170 shares=14300
2026-04-28T15:50:09.207275434 HOOD placed sell 100 @ 82.26 -> NASDAQ (pos=-100 spread=0.02 bid=82.23x200 ask=82.25x1600)
2026-04-28T15:50:09.210520681 HOOD placed buy 100 @ 82.22 -> NASDAQ (pos=-100 spread=0.02 bid=82.23x200 ask=82.25x1600)
2026-04-28T15:50:09.220022315 HOOD order pending_new: pending_new sell 100 @ 82.26 pos=0 filled=0/100
2026-04-28T15:50:09.220038660 HOOD order pending_new: pending_new buy 100 @ 82.22 pos=0 filled=0/100
2026-04-28T15:50:09.235458321 HOOD order new: new sell 100 @ 82.26 pos=0 filled=0/100
2026-04-28T15:50:09.235473692 HOOD order new: new buy 100 @ 82.22 pos=0 filled=0/100
2026-04-28T15:50:10.711537294 HOOD order fill: filled buy 100 @ 82.22 pos=0 filled=100/100
2026-04-28T15:50:10.711566642 HOOD filled 100 @ 82.22 | pos=0 | fill_pnl=2 | fee=-0.1772 | realized=-20.71 | total_pnl=-6.71225 | total_fees=-13.285586 | fills=171 shares=14400
2026-04-28T15:50:10.894300161 BALANCE long=$129030 (5) short=$13668 (2) expose=$115362 | realize=-6.71225 fee=-13.285586 net=6.573336 unrealized=-25.49775 equity=-18.924414 liquidate=-36.924414 | fills=171 pending=12 | ofails=4/163
2026-04-28T15:50:10.894341663 SPREAD NKE NYSE  [44.97]  44.97x1900 | 44.98x1300  [45.01]  pos=-200  realized=0 fees=-0.130061 net=0.130061 unrealized=2
2026-04-28T15:50:10.894354660 SPREAD SOFI NASDAQ  [0]  18.55x13200 | 18.56x12100  [18.58]  pos=800  realized=0 fees=-1.4176 net=1.4176 unrealized=-5
2026-04-28T15:50:10.894365365 SPREAD HOOD NASDAQ  [0]  82.22x1000 | 82.24x600  [82.26]  pos=0  realized=-20.71 fees=-2.829622 net=-17.880378 unrealized=0
2026-04-28T15:50:10.894375748 SPREAD XLE ARCA  [0]  57.71x500 | 57.72x38000  [57.73]  pos=600  realized=0 fees=-1.0632 net=1.0632 unrealized=1
2026-04-28T15:50:10.894400771 SPREAD FXI ARCA  [0]  36.28x30300 | 36.29x122900  [36.3]  pos=0  realized=0 fees=0 net=0 unrealized=0
2026-04-28T15:50:10.894408183 SPREAD VZ NYSE  [47.07]  47.08x2200 | 47.09x1700  [47.11]  pos=200  realized=3 fees=-0.592274 net=3.592274 unrealized=-3
2026-04-28T15:50:10.894415215 SPREAD INTC NASDAQ  [0]  83.84x300 | 83.86x1100  [83.86]  pos=600  realized=1.16445 fees=-5.061641 net=6.226091 unrealized=-18.16445
2026-04-28T15:50:10.894425060 SPREAD PYPL NASDAQ  [0]  49.57x600 | 49.58x200  [49.61]  pos=400  realized=7.5 fees=-1.407312 net=8.907312 unrealized=-2
2026-04-28T15:50:10.894434136 SPREAD CMCSA NASDAQ  [27.62]  27.62x3600 | 27.63x2600  [0]  pos=0  realized=3 fees=-0.277962 net=3.277962 unrealized=0
2026-04-28T15:50:10.894444297 SPREAD DKNG NASDAQ  [23.36]  23.36x1800 | 23.37x600  [23.4]  pos=-200  realized=-0.6667 fees=-0.505914 net=-0.160786 unrealized=-0.3333
2026-04-28T15:50:10.894453609 SPREAD RIVN NASDAQ  [0]  16.1x4100 | 16.11x1800  [16.14]  pos=0  realized=0 fees=0 net=0 unrealized=0
2026-04-28T15:50:10.894460161 SPREAD AAL NASDAQ  [0]  11.63x13600 | 11.64x26500  [11.65]  pos=0  realized=0 fees=0 net=0 unrealized=0
2026-04-28T15:50:12.533112377 INTC order fill: filled sell 100 @ 83.86 pos=500 filled=100/100
2026-04-28T15:50:12.533137062 INTC filled -100 @ 83.86 | pos=500 | fill_pnl=-2.0274 | fee=0.015052 | realized=-0.86295 | total_pnl=-8.73965 | total_fees=-13.270534 | fills=172 shares=14500
2026-04-28T15:50:12.570661204 INTC placed sell 100 @ 83.87 -> NASDAQ (pos=500 spread=0.01 bid=83.84x300 ask=83.85x600)
2026-04-28T15:50:12.570924419 INTC placed buy 100 @ 83.82 -> NASDAQ (pos=500 spread=0.01 bid=83.84x300 ask=83.85x600)
2026-04-28T15:50:12.580343410 INTC order pending_new: pending_new buy 100 @ 83.82 pos=0 filled=0/100
2026-04-28T15:50:12.580359162 INTC order pending_new: pending_new sell 100 @ 83.87 pos=0 filled=0/100
2026-04-28T15:50:12.592998045 INTC order new: new buy 100 @ 83.82 pos=0 filled=0/100
2026-04-28T15:50:12.593010984 INTC order new: new sell 100 @ 83.87 pos=0 filled=0/100
2026-04-28T15:50:15.894615430 BALANCE long=$120657 (5) short=$13672 (2) expose=$106985 | realize=-8.73965 fee=-13.270534 net=4.530884 unrealized=-14.97035 equity=-10.439466 liquidate=-24.939466 | fills=172 pending=12 | ofails=4/165
2026-04-28T15:50:15.894674609 SPREAD INTC NASDAQ  [83.82]  83.86x200 | 83.87x900  [83.87]  pos=500  realized=-0.86295 fees=-5.046589 net=4.183639 unrealized=-7.63705
2026-04-28T15:50:15.894685906 SPREAD PYPL NASDAQ  [0]  49.58x1000 | 49.59x1500  [49.61]  pos=400  realized=7.5 fees=-1.407312 net=8.907312 unrealized=2
2026-04-28T15:50:15.894701052 SPREAD CMCSA NASDAQ  [27.62]  27.62x5500 | 27.63x2500  [0]  pos=0  realized=3 fees=-0.277962 net=3.277962 unrealized=0
2026-04-28T15:50:15.894708671 SPREAD DKNG NASDAQ  [23.36]  23.36x2000 | 23.37x500  [23.4]  pos=-200  realized=-0.6667 fees=-0.505914 net=-0.160786 unrealized=-0.3333
2026-04-28T15:50:15.894715506 SPREAD RIVN NASDAQ  [0]  16.1x3100 | 16.11x3500  [16.14]  pos=0  realized=0 fees=0 net=0 unrealized=0
2026-04-28T15:50:15.894722369 SPREAD AAL NASDAQ  [0]  11.63x8900 | 11.64x32500  [11.65]  pos=0  realized=0 fees=0 net=0 unrealized=0
2026-04-28T15:50:15.894731714 SPREAD NKE NYSE  [44.97]  44.99x2000 | 45x6900  [45.01]  pos=-200  realized=0 fees=-0.130061 net=0.130061 unrealized=-2
2026-04-28T15:50:15.894740919 SPREAD SOFI NASDAQ  [0]  18.55x12900 | 18.56x12600  [18.58]  pos=800  realized=0 fees=-1.4176 net=1.4176 unrealized=-5
2026-04-28T15:50:15.894753354 SPREAD HOOD NASDAQ  [0]  82.21x300 | 82.22x200  [82.26]  pos=0  realized=-20.71 fees=-2.829622 net=-17.880378 unrealized=0
2026-04-28T15:50:15.894759362 SPREAD XLE ARCA  [0]  57.71x19900 | 57.72x21600  [57.73]  pos=600  realized=0 fees=-1.0632 net=1.0632 unrealized=1
2026-04-28T15:50:15.894765076 SPREAD FXI ARCA  [0]  36.28x3600 | 36.29x79700  [36.3]  pos=0  realized=0 fees=0 net=0 unrealized=0
2026-04-28T15:50:15.894773888 SPREAD VZ NYSE  [47.07]  47.08x3300 | 47.09x1000  [47.11]  pos=200  realized=3 fees=-0.592274 net=3.592274 unrealized=-3
2026-04-28T15:50:20.066202660 INTC order fill: filled sell 100 @ 83.87 pos=400 filled=100/100
2026-04-28T15:50:20.066227633 INTC filled -100 @ 83.87 | pos=400 | fill_pnl=-1.0274 | fee=0.015072 | realized=-1.89035 | total_pnl=-9.76705 | total_fees=-13.255462 | fills=173 shares=14600
2026-04-28T15:50:20.084877226 INTC placed sell 100 @ 83.89 -> NASDAQ (pos=400 spread=0.01 bid=83.86x400 ask=83.87x1200)
2026-04-28T15:50:20.096461537 INTC order pending_new: pending_new sell 100 @ 83.89 pos=0 filled=0/100
2026-04-28T15:50:20.121014441 INTC order new: new sell 100 @ 83.89 pos=0 filled=0/100
2026-04-28T15:50:21.033276196 INTC replacing sell order: 83.89 -> 83.86 (pos=400 spread=0 bid=83.84x300 ask=83.84x200)
2026-04-28T15:50:21.060067654 INTC order replaced: replaced sell 100 @ 83.89 pos=0 filled=0/100
2026-04-28T15:50:21.894688264 BALANCE long=$112260 (5) short=$13674 (2) expose=$98586 | realize=-9.76705 fee=-13.255462 net=3.488412 unrealized=-25.44295 equity=-21.954538 liquidate=-35.954538 | fills=173 pending=12 | ofails=4/166
2026-04-28T15:50:21.894738930 SPREAD XLE ARCA  [0]  57.71x2600 | 57.72x35700  [57.73]  pos=600  realized=0 fees=-1.0632 net=1.0632 unrealized=1
2026-04-28T15:50:21.894758411 SPREAD FXI ARCA  [0]  36.28x3900 | 36.29x78300  [36.3]  pos=0  realized=0 fees=0 net=0 unrealized=0
2026-04-28T15:50:21.894765617 SPREAD VZ NYSE  [47.07]  47.09x1900 | 47.1x1700  [47.11]  pos=200  realized=3 fees=-0.592274 net=3.592274 unrealized=-1
2026-04-28T15:50:21.894776423 SPREAD INTC NASDAQ  [83.82]  83.83x100 | 83.84x700  [83.86]  pos=400  realized=-1.89035 fees=-5.031517 net=3.141167 unrealized=-18.10965
2026-04-28T15:50:21.894786676 SPREAD PYPL NASDAQ  [0]  49.58x1300 | 49.59x1900  [49.61]  pos=400  realized=7.5 fees=-1.407312 net=8.907312 unrealized=2
2026-04-28T15:50:21.894793154 SPREAD CMCSA NASDAQ  [27.62]  27.62x3300 | 27.63x4600  [0]  pos=0  realized=3 fees=-0.277962 net=3.277962 unrealized=0
2026-04-28T15:50:21.894799387 SPREAD DKNG NASDAQ  [23.36]  23.37x800 | 23.38x500  [23.4]  pos=-200  realized=-0.6667 fees=-0.505914 net=-0.160786 unrealized=-2.3333
2026-04-28T15:50:21.894804984 SPREAD RIVN NASDAQ  [0]  16.1x3300 | 16.11x3500  [16.14]  pos=0  realized=0 fees=0 net=0 unrealized=0
2026-04-28T15:50:21.894810643 SPREAD AAL NASDAQ  [0]  11.63x11100 | 11.64x23600  [11.65]  pos=0  realized=0 fees=0 net=0 unrealized=0
2026-04-28T15:50:21.894819975 SPREAD NKE NYSE  [44.97]  44.99x2300 | 45x6900  [45.01]  pos=-200  realized=0 fees=-0.130061 net=0.130061 unrealized=-2
2026-04-28T15:50:21.894826804 SPREAD SOFI NASDAQ  [0]  18.55x13000 | 18.56x12200  [18.58]  pos=800  realized=0 fees=-1.4176 net=1.4176 unrealized=-5
2026-04-28T15:50:21.894840002 SPREAD HOOD NASDAQ  [0]  82.24x600 | 82.25x300  [82.26]  pos=0  realized=-20.71 fees=-2.829622 net=-17.880378 unrealized=0
2026-04-28T15:50:23.468843864 HOOD order fill: filled sell 100 @ 82.26 pos=-100 filled=100/100
2026-04-28T15:50:23.468891098 HOOD filled -100 @ 82.26 | pos=-100 | fill_pnl=0 | fee=0.011756 | realized=-20.71 | total_pnl=-9.76705 | total_fees=-13.243706 | fills=174 shares=14700
2026-04-28T15:50:23.485891422 HOOD placed sell 100 @ 82.27 -> NASDAQ (pos=-100 spread=0.01 bid=82.24x2000 ask=82.25x200)
2026-04-28T15:50:23.488125505 HOOD placed buy 100 @ 82.22 -> NASDAQ (pos=-100 spread=0.01 bid=82.24x2000 ask=82.25x200)
2026-04-28T15:50:23.500258052 HOOD order pending_new: pending_new sell 100 @ 82.27 pos=0 filled=0/100
2026-04-28T15:50:23.500275606 HOOD order pending_new: pending_new buy 100 @ 82.22 pos=0 filled=0/100
2026-04-28T15:50:23.512003626 HOOD order new: new sell 100 @ 82.27 pos=0 filled=0/100
2026-04-28T15:50:23.512018138 HOOD order new: new buy 100 @ 82.22 pos=0 filled=0/100
2026-04-28T15:50:23.806570920 HOOD replacing buy order: 82.22 -> 82.25 (pos=-100 spread=0.04 bid=82.25x400 ask=82.29x200)
2026-04-28T15:50:23.814084708 HOOD replacing sell order: 82.27 -> 82.3 (pos=-100 spread=0.05 bid=82.25x500 ask=82.3x400)
2026-04-28T15:50:23.831722637 HOOD order replaced: replaced buy 100 @ 82.22 pos=0 filled=0/100
2026-04-28T15:50:23.831750367 HOOD order replaced: replaced sell 100 @ 82.27 pos=0 filled=0/100
2026-04-28T15:50:24.281182313 INTC order fill: filled sell 100 @ 83.86 pos=300 filled=100/100
2026-04-28T15:50:24.281208048 INTC filled -100 @ 83.86 | pos=300 | fill_pnl=-2.0274 | fee=0.015052 | realized=-3.91775 | total_pnl=-11.79445 | total_fees=-13.228654 | fills=175 shares=14800
2026-04-28T15:50:24.294543462 INTC placed sell 100 @ 83.88 -> NASDAQ (pos=300 spread=0.01 bid=83.85x400 ask=83.86x700)
2026-04-28T15:50:24.305551622 INTC order pending_new: pending_new sell 100 @ 83.88 pos=0 filled=0/100
2026-04-28T15:50:24.319939075 INTC order new: new sell 100 @ 83.88 pos=0 filled=0/100
2026-04-28T15:50:24.715989732 INTC replacing buy order: 83.82 -> 83.85 (pos=300 spread=0.02 bid=83.86x1100 ask=83.88x300)
2026-04-28T15:50:24.737446226 INTC order partial_fill: partially_filled sell 100 @ 83.88 pos=235 filled=65/100
2026-04-28T15:50:24.737465373 INTC filled -65 @ 83.88 | pos=235 | fill_pnl=-0.01781 | fee=0.01079 | realized=-3.93556 | total_pnl=-11.81226 | total_fees=-13.217864 | fills=176 shares=14865
2026-04-28T15:50:24.737477769 INTC order fill: filled sell 100 @ 83.88 pos=200 filled=100/100
2026-04-28T15:50:24.737488837 INTC filled -35 @ 83.88 | pos=200 | fill_pnl=-0.00959 | fee=0.004302 | realized=-3.94515 | total_pnl=-11.82185 | total_fees=-13.213562 | fills=177 shares=14900
2026-04-28T15:50:24.737508513 INTC order replaced: replaced buy 100 @ 83.82 pos=0 filled=0/100
2026-04-28T15:50:24.749160950 INTC placed sell 100 @ 83.9 -> NASDAQ (pos=200 spread=0.01 bid=83.87x900 ask=83.88x400)
2026-04-28T15:50:24.762191003 INTC order pending_new: pending_new sell 100 @ 83.9 pos=0 filled=0/100
2026-04-28T15:50:24.776501969 INTC order new: new sell 100 @ 83.9 pos=0 filled=0/100
2026-04-28T15:50:27.894158317 BALANCE long=$95485 (5) short=$21900 (3) expose=$73586 | realize=-11.82185 fee=-13.213562 net=1.391712 unrealized=-23.88815 equity=-22.496438 liquidate=-35.996438 | fills=177 pending=12 | ofails=4/170
2026-04-28T15:50:27.894207819 SPREAD SOFI NASDAQ  [0]  18.55x13400 | 18.56x11800  [18.58]  pos=800  realized=0 fees=-1.4176 net=1.4176 unrealized=-5
2026-04-28T15:50:27.894220021 SPREAD HOOD NASDAQ  [82.25]  82.25x400 | 82.26x100  [82.3]  pos=-100  realized=-20.71 fees=-2.817866 net=-17.892134 unrealized=0.5
2026-04-28T15:50:27.894232756 SPREAD XLE ARCA  [0]  57.69x14600 | 57.7x20400  [57.73]  pos=600  realized=0 fees=-1.0632 net=1.0632 unrealized=-11
2026-04-28T15:50:27.894241793 SPREAD FXI ARCA  [0]  36.28x2500 | 36.29x78300  [36.3]  pos=0  realized=0 fees=0 net=0 unrealized=0
2026-04-28T15:50:27.894250264 SPREAD VZ NYSE  [47.07]  47.08x3200 | 47.09x200  [47.11]  pos=200  realized=3 fees=-0.592274 net=3.592274 unrealized=-3
2026-04-28T15:50:27.894261551 SPREAD INTC NASDAQ  [83.85]  83.88x1500 | 83.89x100  [83.9]  pos=200  realized=-3.94515 fees=-5.001373 net=1.056223 unrealized=0.94515
2026-04-28T15:50:27.894268481 SPREAD PYPL NASDAQ  [0]  49.57x900 | 49.58x900  [49.61]  pos=400  realized=7.5 fees=-1.407312 net=8.907312 unrealized=-2
2026-04-28T15:50:27.894277921 SPREAD CMCSA NASDAQ  [27.62]  27.62x3900 | 27.63x4600  [0]  pos=0  realized=3 fees=-0.277962 net=3.277962 unrealized=0
2026-04-28T15:50:27.894283476 SPREAD DKNG NASDAQ  [23.36]  23.37x1000 | 23.38x800  [23.4]  pos=-200  realized=-0.6667 fees=-0.505914 net=-0.160786 unrealized=-2.3333
2026-04-28T15:50:27.894290619 SPREAD RIVN NASDAQ  [0]  16.1x3300 | 16.11x3900  [16.14]  pos=0  realized=0 fees=0 net=0 unrealized=0
2026-04-28T15:50:27.894299976 SPREAD AAL NASDAQ  [0]  11.63x1900 | 11.64x63800  [11.65]  pos=0  realized=0 fees=0 net=0 unrealized=0
2026-04-28T15:50:27.894307343 SPREAD NKE NYSE  [44.97]  44.99x2200 | 45x6800  [45.01]  pos=-200  realized=0 fees=-0.130061 net=0.130061 unrealized=-2
2026-04-28T15:50:28.402432948 HOOD order partial_fill: partially_filled buy 100 @ 82.25 pos=-36 filled=64/100
2026-04-28T15:50:28.402458308 HOOD filled 64 @ 82.25 | pos=-36 | fill_pnl=0.64 | fee=-0.1124 | realized=-20.07 | total_pnl=-11.18185 | total_fees=-13.325962 | fills=178 shares=14964
2026-04-28T15:50:28.402485829 HOOD order fill: filled buy 100 @ 82.25 pos=0 filled=100/100
2026-04-28T15:50:28.402495952 HOOD filled 36 @ 82.25 | pos=0 | fill_pnl=0.36 | fee=-0.0648 | realized=-19.71 | total_pnl=-10.82185 | total_fees=-13.390762 | fills=179 shares=15000
2026-04-28T15:50:28.455240332 HOOD replacing sell order: 82.3 -> 82.27 (pos=0 spread=0.02 bid=82.24x200 ask=82.26x700)
2026-04-28T15:50:28.482384253 HOOD order replaced: replaced sell 100 @ 82.3 pos=0 filled=0/100
2026-04-28T15:50:30.425081956 HOOD replacing sell order: 82.27 -> 82.24 (pos=0 spread=0.02 bid=82.21x300 ask=82.23x1100)
2026-04-28T15:50:30.451497548 HOOD order replaced: replaced sell 100 @ 82.27 pos=0 filled=0/100
2026-04-28T15:50:31.388973001 INTC order fill: filled sell 100 @ 83.9 pos=100 filled=100/100
2026-04-28T15:50:31.389565404 INTC filled -100 @ 83.9 | pos=100 | fill_pnl=1.9726 | fee=0.015134 | realized=-1.97255 | total_pnl=-8.84925 | total_fees=-13.375628 | fills=180 shares=15100
2026-04-28T15:50:31.403007633 INTC placed sell 100 @ 83.92 -> NASDAQ (pos=100 spread=0.01 bid=83.89x500 ask=83.9x1100)
2026-04-28T15:50:31.417290363 INTC order pending_new: pending_new sell 100 @ 83.92 pos=0 filled=0/100
2026-04-28T15:50:31.429421530 INTC order new: new sell 100 @ 83.92 pos=0 filled=0/100
2026-04-28T15:50:32.559265854 INTC replacing buy order: 83.85 -> 83.88 (pos=100 spread=0.02 bid=83.89x1000 ask=83.91x1400)
2026-04-28T15:50:32.584301620 INTC order replaced: replaced buy 100 @ 83.85 pos=0 filled=0/100
2026-04-28T15:50:33.894492865 BALANCE long=$87106 (5) short=$13674 (2) expose=$73432 | realize=-8.84925 fee=-13.375628 net=4.526378 unrealized=-15.86075 equity=-11.334372 liquidate=-23.834372 | fills=180 pending=12 | ofails=4/171
2026-04-28T15:50:33.894542932 SPREAD RIVN NASDAQ  [0]  16.09x4800 | 16.1x4600  [16.14]  pos=0  realized=0 fees=0 net=0 unrealized=0
2026-04-28T15:50:33.894553797 SPREAD AAL NASDAQ  [0]  11.63x11200 | 11.64x63500  [11.65]  pos=0  realized=0 fees=0 net=0 unrealized=0
2026-04-28T15:50:33.894563391 SPREAD NKE NYSE  [44.97]  44.99x2000 | 45x7000  [45.01]  pos=-200  realized=0 fees=-0.130061 net=0.130061 unrealized=-2
2026-04-28T15:50:33.894573656 SPREAD SOFI NASDAQ  [0]  18.55x13300 | 18.56x11400  [18.58]  pos=800  realized=0 fees=-1.4176 net=1.4176 unrealized=-5
2026-04-28T15:50:33.894585884 SPREAD HOOD NASDAQ  [0]  82.23x300 | 82.24x900  [82.24]  pos=0  realized=-19.71 fees=-2.995066 net=-16.714934 unrealized=0
2026-04-28T15:50:33.894592651 SPREAD XLE ARCA  [0]  57.7x16600 | 57.71x36400  [57.73]  pos=600  realized=0 fees=-1.0632 net=1.0632 unrealized=-5
2026-04-28T15:50:33.894599291 SPREAD FXI ARCA  [0]  36.28x19600 | 36.29x95900  [36.3]  pos=0  realized=0 fees=0 net=0 unrealized=0
2026-04-28T15:50:33.894606626 SPREAD VZ NYSE  [47.07]  47.09x2300 | 47.1x400  [47.11]  pos=200  realized=3 fees=-0.592274 net=3.592274 unrealized=-1
2026-04-28T15:50:33.894620238 SPREAD INTC NASDAQ  [83.88]  83.89x400 | 83.9x200  [83.92]  pos=100  realized=-1.97255 fees=-4.986239 net=3.013689 unrealized=1.47255
2026-04-28T15:50:33.894631175 SPREAD PYPL NASDAQ  [0]  49.57x1000 | 49.58x900  [49.61]  pos=400  realized=7.5 fees=-1.407312 net=8.907312 unrealized=-2
2026-04-28T15:50:33.894637870 SPREAD CMCSA NASDAQ  [27.62]  27.62x6100 | 27.63x2800  [0]  pos=0  realized=3 fees=-0.277962 net=3.277962 unrealized=0
2026-04-28T15:50:33.894645396 SPREAD DKNG NASDAQ  [23.36]  23.37x1000 | 23.38x1000  [23.4]  pos=-200  realized=-0.6667 fees=-0.505914 net=-0.160786 unrealized=-2.3333
2026-04-28T15:50:35.326046486 VZ order fill: filled sell 100 @ 47.11 pos=100 filled=100/100
2026-04-28T15:50:35.326081196 VZ filled -100 @ 47.11 | pos=100 | fill_pnl=1 | fee=-0.060653 | realized=4 | total_pnl=-7.84925 | total_fees=-13.436281 | fills=181 shares=15200
2026-04-28T15:50:35.326114581 HOOD order fill: filled sell 100 @ 82.24 pos=-100 filled=100/100
2026-04-28T15:50:35.326125710 HOOD filled -100 @ 82.24 | pos=-100 | fill_pnl=0 | fee=0.011714 | realized=-19.71 | total_pnl=-7.84925 | total_fees=-13.424567 | fills=182 shares=15300
2026-04-28T15:50:35.339565104 HOOD placed buy 100 @ 82.21 -> NASDAQ (pos=-100 spread=0.01 bid=82.23x200 ask=82.24x1500)
2026-04-28T15:50:35.341923900 VZ placed sell 100 @ 47.12 -> NYSE (pos=100 spread=0.01 bid=47.09x3300 ask=47.1x400)
2026-04-28T15:50:35.347650490 HOOD placed sell 100 @ 82.26 -> NASDAQ (pos=-100 spread=0.01 bid=82.23x200 ask=82.24x1500)
2026-04-28T15:50:35.352758258 HOOD order pending_new: pending_new buy 100 @ 82.21 pos=0 filled=0/100
2026-04-28T15:50:35.352778600 VZ order pending_new: pending_new sell 100 @ 47.12 pos=0 filled=0/100
2026-04-28T15:50:35.352789386 HOOD order pending_new: pending_new sell 100 @ 82.26 pos=0 filled=0/100
2026-04-28T15:50:35.365332935 HOOD order new: new buy 100 @ 82.21 pos=0 filled=0/100
2026-04-28T15:50:35.365350131 VZ order new: new sell 100 @ 47.12 pos=0 filled=0/100
2026-04-28T15:50:35.365360110 HOOD order new: new sell 100 @ 82.26 pos=0 filled=0/100
2026-04-28T15:50:38.107604374 VZ order partial_fill: partially_filled sell 100 @ 47.12 pos=98 filled=2/100
2026-04-28T15:50:38.107632690 VZ filled -2 @ 47.12 | pos=98 | fill_pnl=0.04 | fee=0.001531 | realized=4.04 | total_pnl=-7.80925 | total_fees=-13.423036 | fills=183 shares=15302
2026-04-28T15:50:38.107643559 VZ order fill: filled sell 100 @ 47.12 pos=0 filled=100/100
2026-04-28T15:50:38.107653670 VZ filled -98 @ 47.12 | pos=0 | fill_pnl=1.96 | fee=-0.062164 | realized=6 | total_pnl=-5.84925 | total_fees=-13.4852 | fills=184 shares=15400
2026-04-28T15:50:38.300093023 VZ replacing buy order: 47.07 -> 47.1 (pos=0 spread=0 bid=47.12x1400 ask=47.12x100)
2026-04-28T15:50:38.327692980 VZ order replaced: replaced buy 100 @ 47.07 pos=0 filled=0/100
2026-04-28T15:50:39.894379544 BALANCE long=$77689 (4) short=$21899 (3) expose=$55790 | realize=-5.84925 fee=-13.4852 net=7.63595 unrealized=-13.86075 equity=-6.2248 liquidate=-18.7248 | fills=184 pending=12 | ofails=4/174
2026-04-28T15:50:39.894438547 SPREAD INTC NASDAQ  [83.88]  83.91x300 | 83.92x400  [83.92]  pos=100  realized=-1.97255 fees=-4.986239 net=3.013689 unrealized=3.47255
2026-04-28T15:50:39.894451138 SPREAD PYPL NASDAQ  [0]  49.57x600 | 49.58x1000  [49.61]  pos=400  realized=7.5 fees=-1.407312 net=8.907312 unrealized=-2
2026-04-28T15:50:39.894466672 SPREAD CMCSA NASDAQ  [27.62]  27.62x4700 | 27.63x4500  [0]  pos=0  realized=3 fees=-0.277962 net=3.277962 unrealized=0
2026-04-28T15:50:39.894476554 SPREAD DKNG NASDAQ  [23.36]  23.37x1100 | 23.38x900  [23.4]  pos=-200  realized=-0.6667 fees=-0.505914 net=-0.160786 unrealized=-2.3333
2026-04-28T15:50:39.894484182 SPREAD RIVN NASDAQ  [0]  16.09x3800 | 16.1x4400  [16.14]  pos=0  realized=0 fees=0 net=0 unrealized=0
2026-04-28T15:50:39.894493967 SPREAD AAL NASDAQ  [0]  11.63x15300 | 11.64x63800  [11.65]  pos=0  realized=0 fees=0 net=0 unrealized=0
2026-04-28T15:50:39.894503992 SPREAD NKE NYSE  [44.97]  45x2000 | 45.01x1500  [45.01]  pos=-200  realized=0 fees=-0.130061 net=0.130061 unrealized=-4
2026-04-28T15:50:39.894511102 SPREAD SOFI NASDAQ  [0]  18.55x13000 | 18.56x11700  [18.58]  pos=800  realized=0 fees=-1.4176 net=1.4176 unrealized=-5
2026-04-28T15:50:39.894527684 SPREAD HOOD NASDAQ  [82.21]  82.22x500 | 82.24x2000  [82.26]  pos=-100  realized=-19.71 fees=-2.983352 net=-16.726648 unrealized=1
2026-04-28T15:50:39.894537602 SPREAD XLE ARCA  [0]  57.7x9200 | 57.71x47000  [57.73]  pos=600  realized=0 fees=-1.0632 net=1.0632 unrealized=-5
2026-04-28T15:50:39.894546431 SPREAD FXI ARCA  [0]  36.28x5400 | 36.29x87500  [36.3]  pos=0  realized=0 fees=0 net=0 unrealized=0
2026-04-28T15:50:39.894553604 SPREAD VZ NYSE  [47.1]  47.11x2500 | 47.12x1000  [0]  pos=0  realized=6 fees=-0.71356 net=6.71356 unrealized=0
2026-04-28T15:50:39.982403511 INTC order fill: filled sell 100 @ 83.92 pos=0 filled=100/100
2026-04-28T15:50:39.982425276 INTC filled -100 @ 83.92 | pos=0 | fill_pnl=3.9726 | fee=0.015175 | realized=2.00005 | total_pnl=-1.87665 | total_fees=-13.470025 | fills=185 shares=15500
2026-04-28T15:50:40.710271116 INTC replacing buy order: 83.88 -> 83.91 (pos=0 spread=0.02 bid=83.92x900 ask=83.94x400)
2026-04-28T15:50:40.736577679 INTC order replaced: replaced buy 100 @ 83.88 pos=0 filled=0/100
2026-04-28T15:50:41.390737082 HOOD order fill: filled buy 100 @ 82.21 pos=0 filled=100/100
2026-04-28T15:50:41.390759205 HOOD filled 100 @ 82.21 | pos=0 | fill_pnl=3 | fee=-0.1772 | realized=-16.71 | total_pnl=1.12335 | total_fees=-13.647225 | fills=186 shares=15600
2026-04-28T15:50:41.683357188 HOOD replacing sell order: 82.26 -> 82.23 (pos=0 spread=0.02 bid=82.2x1200 ask=82.22x200)
2026-04-28T15:50:41.707620655 HOOD order replaced: replaced sell 100 @ 82.26 pos=0 filled=0/100
2026-04-28T15:50:42.615184913 PYPL replacing sell order: 49.61 -> 49.58 (pos=400 spread=0 bid=49.56x100 ask=49.56x200)
2026-04-28T15:50:42.619473717 INTC replacing buy order: 83.91 -> 83.94 (pos=0 spread=0.02 bid=83.95x1500 ask=83.97x1100)
2026-04-28T15:50:42.638198698 PYPL order replaced: replaced sell 100 @ 49.61 pos=0 filled=0/100
2026-04-28T15:50:42.638213194 INTC order replaced: replaced buy 100 @ 83.91 pos=0 filled=0/100
2026-04-28T15:50:44.103092560 HOOD replacing sell order: 82.23 -> 82.2 (pos=0 spread=0.02 bid=82.17x400 ask=82.19x500)
2026-04-28T15:50:44.136352834 HOOD order replaced: replaced sell 100 @ 82.23 pos=0 filled=0/100
2026-04-28T15:50:44.894631539 BALANCE long=$69289 (3) short=$13674 (2) expose=$55615 | realize=1.12335 fee=-13.647225 net=14.770575 unrealized=-24.3333 equity=-9.562725 liquidate=-20.562725 | fills=186 pending=12 | ofails=4/174
2026-04-28T15:50:44.894675964 SPREAD RIVN NASDAQ  [0]  16.09x5600 | 16.1x3000  [16.14]  pos=0  realized=0 fees=0 net=0 unrealized=0
2026-04-28T15:50:44.894687540 SPREAD AAL NASDAQ  [0]  11.62x25300 | 11.63x19600  [11.65]  pos=0  realized=0 fees=0 net=0 unrealized=0
2026-04-28T15:50:44.894702392 SPREAD NKE NYSE  [44.97]  45x500 | 45.01x2000  [45.01]  pos=-200  realized=0 fees=-0.130061 net=0.130061 unrealized=-4
2026-04-28T15:50:44.894713820 SPREAD SOFI NASDAQ  [0]  18.55x11500 | 18.56x5100  [18.58]  pos=800  realized=0 fees=-1.4176 net=1.4176 unrealized=-5
2026-04-28T15:50:44.894723423 SPREAD HOOD NASDAQ  [0]  82.18x300 | 82.2x1700  [82.2]  pos=0  realized=-16.71 fees=-3.160552 net=-13.549448 unrealized=0
2026-04-28T15:50:44.894743034 SPREAD XLE ARCA  [0]  57.7x7800 | 57.71x46600  [57.73]  pos=600  realized=0 fees=-1.0632 net=1.0632 unrealized=-5
2026-04-28T15:50:44.894751445 SPREAD FXI ARCA  [0]  36.28x4100 | 36.29x86600  [36.3]  pos=0  realized=0 fees=0 net=0 unrealized=0
2026-04-28T15:50:44.894758106 SPREAD VZ NYSE  [47.1]  47.1x1000 | 47.11x2100  [0]  pos=0  realized=6 fees=-0.71356 net=6.71356 unrealized=0
2026-04-28T15:50:44.894768771 SPREAD INTC NASDAQ  [83.94]  83.97x100 | 83.98x800  [0]  pos=0  realized=2.00005 fees=-4.971064 net=6.971114 unrealized=0
2026-04-28T15:50:44.894779116 SPREAD PYPL NASDAQ  [0]  49.55x700 | 49.56x1000  [49.58]  pos=400  realized=7.5 fees=-1.407312 net=8.907312 unrealized=-10
2026-04-28T15:50:44.894785451 SPREAD CMCSA NASDAQ  [27.62]  27.62x4100 | 27.63x4600  [0]  pos=0  realized=3 fees=-0.277962 net=3.277962 unrealized=0
2026-04-28T15:50:44.894794552 SPREAD DKNG NASDAQ  [23.36]  23.36x1000 | 23.37x700  [23.4]  pos=-200  realized=-0.6667 fees=-0.505914 net=-0.160786 unrealized=-0.3333
2026-04-28T15:50:50.894323670 BALANCE long=$69281 (3) short=$13674 (2) expose=$55607 | realize=1.12335 fee=-13.647225 net=14.770575 unrealized=-32.3333 equity=-17.562725 liquidate=-28.562725 | fills=186 pending=12 | ofails=4/174
2026-04-28T15:50:50.894381558 SPREAD CMCSA NASDAQ  [27.62]  27.63x4200 | 27.64x3700  [0]  pos=0  realized=3 fees=-0.277962 net=3.277962 unrealized=0
2026-04-28T15:50:50.894394786 SPREAD DKNG NASDAQ  [23.36]  23.36x2300 | 23.37x1400  [23.4]  pos=-200  realized=-0.6667 fees=-0.505914 net=-0.160786 unrealized=-0.3333
2026-04-28T15:50:50.894402029 SPREAD RIVN NASDAQ  [0]  16.09x3800 | 16.1x3100  [16.14]  pos=0  realized=0 fees=0 net=0 unrealized=0
2026-04-28T15:50:50.894411849 SPREAD AAL NASDAQ  [0]  11.62x25200 | 11.63x14900  [11.65]  pos=0  realized=0 fees=0 net=0 unrealized=0
2026-04-28T15:50:50.894422911 SPREAD NKE NYSE  [44.97]  45x500 | 45.01x2400  [45.01]  pos=-200  realized=0 fees=-0.130061 net=0.130061 unrealized=-4
2026-04-28T15:50:50.894448629 SPREAD SOFI NASDAQ  [0]  18.55x13100 | 18.56x3800  [18.58]  pos=800  realized=0 fees=-1.4176 net=1.4176 unrealized=-5
2026-04-28T15:50:50.894459030 SPREAD HOOD NASDAQ  [0]  82.18x100 | 82.2x1600  [82.2]  pos=0  realized=-16.71 fees=-3.160552 net=-13.549448 unrealized=0
2026-04-28T15:50:50.894468614 SPREAD XLE ARCA  [0]  57.7x8100 | 57.71x45600  [57.73]  pos=600  realized=0 fees=-1.0632 net=1.0632 unrealized=-5
2026-04-28T15:50:50.894474778 SPREAD FXI ARCA  [0]  36.28x4300 | 36.29x86600  [36.3]  pos=0  realized=0 fees=0 net=0 unrealized=0
2026-04-28T15:50:50.894481111 SPREAD VZ NYSE  [47.1]  47.1x2300 | 47.11x1200  [0]  pos=0  realized=6 fees=-0.71356 net=6.71356 unrealized=0
2026-04-28T15:50:50.894488429 SPREAD INTC NASDAQ  [83.94]  83.97x200 | 83.98x600  [0]  pos=0  realized=2.00005 fees=-4.971064 net=6.971114 unrealized=0
2026-04-28T15:50:50.894499023 SPREAD PYPL NASDAQ  [0]  49.53x2000 | 49.54x400  [49.58]  pos=400  realized=7.5 fees=-1.407312 net=8.907312 unrealized=-18
2026-04-28T15:50:52.370148996 INTC replacing buy order: 83.94 -> 83.97 (pos=0 spread=0.02 bid=83.98x1100 ask=84x9600)
2026-04-28T15:50:52.395777323 INTC order replaced: replaced buy 100 @ 83.94 pos=0 filled=0/100
2026-04-28T15:50:55.894734520 BALANCE long=$69285 (3) short=$13674 (2) expose=$55611 | realize=1.12335 fee=-13.647225 net=14.770575 unrealized=-28.3333 equity=-13.562725 liquidate=-24.562725 | fills=186 pending=12 | ofails=4/174
2026-04-28T15:50:55.894806931 SPREAD INTC NASDAQ  [83.97]  84x400 | 84.01x100  [0]  pos=0  realized=2.00005 fees=-4.971064 net=6.971114 unrealized=0
2026-04-28T15:50:55.894824574 SPREAD PYPL NASDAQ  [0]  49.54x500 | 49.55x1800  [49.58]  pos=400  realized=7.5 fees=-1.407312 net=8.907312 unrealized=-14
2026-04-28T15:50:55.894835844 SPREAD CMCSA NASDAQ  [27.62]  27.63x5700 | 27.64x3700  [0]  pos=0  realized=3 fees=-0.277962 net=3.277962 unrealized=0
2026-04-28T15:50:55.894843358 SPREAD DKNG NASDAQ  [23.36]  23.36x1500 | 23.37x800  [23.4]  pos=-200  realized=-0.6667 fees=-0.505914 net=-0.160786 unrealized=-0.3333
2026-04-28T15:50:55.894854491 SPREAD RIVN NASDAQ  [0]  16.09x4300 | 16.1x3700  [16.14]  pos=0  realized=0 fees=0 net=0 unrealized=0
2026-04-28T15:50:55.894863385 SPREAD AAL NASDAQ  [0]  11.62x25900 | 11.63x17600  [11.65]  pos=0  realized=0 fees=0 net=0 unrealized=0
2026-04-28T15:50:55.894875805 SPREAD NKE NYSE  [44.97]  45x2800 | 45.01x900  [45.01]  pos=-200  realized=0 fees=-0.130061 net=0.130061 unrealized=-4
2026-04-28T15:50:55.894961918 SPREAD SOFI NASDAQ  [0]  18.55x12700 | 18.56x4300  [18.58]  pos=800  realized=0 fees=-1.4176 net=1.4176 unrealized=-5
2026-04-28T15:50:55.894968524 SPREAD HOOD NASDAQ  [0]  82.18x400 | 82.19x200  [82.2]  pos=0  realized=-16.71 fees=-3.160552 net=-13.549448 unrealized=0
2026-04-28T15:50:55.894974830 SPREAD XLE ARCA  [0]  57.7x17100 | 57.71x36300  [57.73]  pos=600  realized=0 fees=-1.0632 net=1.0632 unrealized=-5
2026-04-28T15:50:55.894984124 SPREAD FXI ARCA  [0]  36.28x18000 | 36.29x81000  [36.3]  pos=0  realized=0 fees=0 net=0 unrealized=0
2026-04-28T15:50:55.894991595 SPREAD VZ NYSE  [47.1]  47.11x1600 | 47.12x1500  [0]  pos=0  realized=6 fees=-0.71356 net=6.71356 unrealized=0
2026-04-28T15:50:56.861759554 INTC replacing buy order: 83.97 -> 84 (pos=0 spread=0.02 bid=84.01x800 ask=84.03x14400)
2026-04-28T15:50:56.868109168 PYPL replacing sell order: 49.58 -> 49.55 (pos=400 spread=0.02 bid=49.52x800 ask=49.54x1500)
2026-04-28T15:50:56.888137563 INTC order replaced: replaced buy 100 @ 83.97 pos=0 filled=0/100
2026-04-28T15:50:56.888157530 PYPL order replaced: replaced sell 100 @ 49.58 pos=0 filled=0/100
2026-04-28T15:50:58.129907471 NKE order fill: filled sell 100 @ 45.01 pos=-300 filled=100/100
2026-04-28T15:50:58.129930906 NKE filled -100 @ 45.01 | pos=-300 | fill_pnl=0 | fee=-0.064979 | realized=0 | total_pnl=1.12335 | total_fees=-13.712204 | fills=187 shares=15700
2026-04-28T15:50:58.147108551 NKE placed sell 100 @ 45.03 -> NYSE (pos=-300 spread=0.01 bid=45x2800 ask=45.01x800)
2026-04-28T15:50:58.161805660 NKE order pending_new: pending_new sell 100 @ 45.03 pos=0 filled=0/100
2026-04-28T15:50:58.174282539 NKE order new: new sell 100 @ 45.03 pos=0 filled=0/100
2026-04-28T15:50:58.428641033 HOOD order fill: filled sell 100 @ 82.2 pos=-100 filled=100/100
2026-04-28T15:50:58.428669233 HOOD filled -100 @ 82.2 | pos=-100 | fill_pnl=0 | fee=0.011632 | realized=-16.71 | total_pnl=1.12335 | total_fees=-13.700572 | fills=188 shares=15800
2026-04-28T15:50:58.443944587 HOOD placed sell 100 @ 82.21 -> NASDAQ (pos=-100 spread=0.01 bid=82.18x400 ask=82.19x500)
2026-04-28T15:50:58.446360375 HOOD placed buy 100 @ 82.16 -> NASDAQ (pos=-100 spread=0.01 bid=82.18x400 ask=82.19x500)
2026-04-28T15:50:58.455276061 HOOD order pending_new: pending_new sell 100 @ 82.21 pos=0 filled=0/100
2026-04-28T15:50:58.455286421 HOOD order pending_new: pending_new buy 100 @ 82.16 pos=0 filled=0/100
2026-04-28T15:50:58.470409320 HOOD order new: new sell 100 @ 82.21 pos=0 filled=0/100
2026-04-28T15:50:58.470863310 HOOD order new: new buy 100 @ 82.16 pos=0 filled=0/100
2026-04-28T15:50:59.952962224 NKE replacing buy order: 44.97 -> 45 (pos=-300 spread=0 bid=45.02x100 ask=45.02x100)
2026-04-28T15:50:59.979970341 NKE order replaced: replaced buy 100 @ 44.97 pos=0 filled=0/100
2026-04-28T15:51:00.885388214 INTC order fill: filled buy 100 @ 84 pos=100 filled=100/100
2026-04-28T15:51:00.885414263 INTC filled 100 @ 84 | pos=100 | fill_pnl=0 | fee=-0.1772 | realized=2.00005 | total_pnl=1.12335 | total_fees=-13.877772 | fills=189 shares=15900
2026-04-28T15:51:00.897654600 INTC placed sell 100 @ 84.04 -> NASDAQ (pos=100 spread=0.01 bid=84.01x1900 ask=84.02x200)
2026-04-28T15:51:00.909329117 INTC order pending_new: pending_new sell 100 @ 84.04 pos=0 filled=0/100
2026-04-28T15:51:00.912328104 INTC placed buy 100 @ 83.99 -> NASDAQ (pos=100 spread=0.01 bid=84.01x1900 ask=84.02x200)
2026-04-28T15:51:00.924302432 INTC order pending_new: pending_new buy 100 @ 83.99 pos=0 filled=0/100
2026-04-28T15:51:00.924322362 INTC order new: new sell 100 @ 84.04 pos=0 filled=0/100
2026-04-28T15:51:00.936248366 INTC order new: new buy 100 @ 83.99 pos=0 filled=0/100
2026-04-28T15:51:01.069235775 INTC order fill: filled buy 100 @ 83.99 pos=200 filled=100/100
2026-04-28T15:51:01.069258629 INTC filled 100 @ 83.99 | pos=200 | fill_pnl=0 | fee=-0.1772 | realized=2.00005 | total_pnl=1.12335 | total_fees=-14.054972 | fills=190 shares=16000
2026-04-28T15:51:01.089859332 INTC placed buy 100 @ 83.97 -> NASDAQ (pos=200 spread=0.01 bid=83.99x200 ask=84x400)
2026-04-28T15:51:01.101669210 INTC order pending_new: pending_new buy 100 @ 83.97 pos=0 filled=0/100
2026-04-28T15:51:01.117495214 INTC order new: new buy 100 @ 83.97 pos=0 filled=0/100
2026-04-28T15:51:01.507039592 INTC replacing sell order: 84.04 -> 84.01 (pos=200 spread=0.02 bid=83.98x800 ask=84x1100)
2026-04-28T15:51:01.530091651 INTC order replaced: replaced sell 100 @ 84.04 pos=0 filled=0/100
2026-04-28T15:51:01.894029893 BALANCE long=$86082 (4) short=$26397 (3) expose=$59685 | realize=1.12335 fee=-14.054972 net=15.178322 unrealized=-32.33335 equity=-17.155028 liquidate=-30.155028 | fills=190 pending=12 | ofails=4/180
2026-04-28T15:51:01.894067221 SPREAD XLE ARCA  [0]  57.7x22800 | 57.71x19700  [57.73]  pos=600  realized=0 fees=-1.0632 net=1.0632 unrealized=-5
2026-04-28T15:51:01.894079076 SPREAD FXI ARCA  [0]  36.28x2300 | 36.29x81600  [36.3]  pos=0  realized=0 fees=0 net=0 unrealized=0
2026-04-28T15:51:01.894090117 SPREAD VZ NYSE  [47.1]  47.11x2400 | 47.12x1100  [0]  pos=0  realized=6 fees=-0.71356 net=6.71356 unrealized=0
2026-04-28T15:51:01.894099887 SPREAD INTC NASDAQ  [83.97]  84x200 | 84.01x400  [84.01]  pos=200  realized=2.00005 fees=-5.325464 net=7.325514 unrealized=1.99995
2026-04-28T15:51:01.894107345 SPREAD PYPL NASDAQ  [0]  49.51x600 | 49.52x1000  [49.55]  pos=400  realized=7.5 fees=-1.407312 net=8.907312 unrealized=-26
2026-04-28T15:51:01.894116788 SPREAD CMCSA NASDAQ  [27.62]  27.63x7100 | 27.64x4000  [0]  pos=0  realized=3 fees=-0.277962 net=3.277962 unrealized=0
2026-04-28T15:51:01.894127457 SPREAD DKNG NASDAQ  [23.36]  23.36x1800 | 23.37x800  [23.4]  pos=-200  realized=-0.6667 fees=-0.505914 net=-0.160786 unrealized=-0.3333
2026-04-28T15:51:01.894147987 SPREAD RIVN NASDAQ  [0]  16.09x3800 | 16.1x5300  [16.14]  pos=0  realized=0 fees=0 net=0 unrealized=0
2026-04-28T15:51:01.894156527 SPREAD AAL NASDAQ  [0]  11.62x26800 | 11.63x16800  [11.65]  pos=0  realized=0 fees=0 net=0 unrealized=0
2026-04-28T15:51:01.894166723 SPREAD NKE NYSE  [45]  45.01x1800 | 45.02x500  [45.03]  pos=-300  realized=0 fees=-0.19504 net=0.19504 unrealized=-6.5
2026-04-28T15:51:01.894176402 SPREAD SOFI NASDAQ  [0]  18.56x10300 | 18.57x6000  [18.58]  pos=800  realized=0 fees=-1.4176 net=1.4176 unrealized=3
2026-04-28T15:51:01.894186800 SPREAD HOOD NASDAQ  [82.16]  82.19x500 | 82.2x200  [82.21]  pos=-100  realized=-16.71 fees=-3.14892 net=-13.56108 unrealized=0.5
2026-04-28T15:51:02.717509079 INTC order partial_fill: partially_filled sell 100 @ 84.01 pos=150 filled=50/100
2026-04-28T15:51:02.717533379 INTC filled -50 @ 84.01 | pos=150 | fill_pnl=0.75 | fee=0.00908 | realized=2.75005 | total_pnl=1.87335 | total_fees=-14.045892 | fills=191 shares=16050
2026-04-28T15:51:02.732391039 INTC order fill: filled sell 100 @ 84.01 pos=100 filled=100/100
2026-04-28T15:51:02.732408738 INTC filled -50 @ 84.01 | pos=100 | fill_pnl=0.75 | fee=0.00628 | realized=3.50005 | total_pnl=2.62335 | total_fees=-14.039612 | fills=192 shares=16100
2026-04-28T15:51:02.745392716 INTC placed sell 100 @ 84.03 -> NASDAQ (pos=100 spread=0.01 bid=84x700 ask=84.01x200)
2026-04-28T15:51:02.758206332 INTC order pending_new: pending_new sell 100 @ 84.03 pos=0 filled=0/100
2026-04-28T15:51:02.772968401 INTC order new: new sell 100 @ 84.03 pos=0 filled=0/100
2026-04-28T15:51:02.985301994 INTC replacing buy order: 83.97 -> 84 (pos=100 spread=0.02 bid=84.01x800 ask=84.03x600)
2026-04-28T15:51:03.011196277 INTC order replaced: replaced buy 100 @ 83.97 pos=0 filled=0/100
2026-04-28T15:51:04.507970711 INTC order partial_fill: partially_filled sell 100 @ 84.03 pos=80 filled=20/100
2026-04-28T15:51:04.507998646 INTC filled -20 @ 84.03 | pos=80 | fill_pnl=0.7 | fee=0.00532 | realized=4.20005 | total_pnl=3.32335 | total_fees=-14.034292 | fills=193 shares=16120
2026-04-28T15:51:04.508012121 INTC order partial_fill: partially_filled sell 100 @ 84.03 pos=15 filled=85/100
2026-04-28T15:51:04.508022074 INTC filled -65 @ 84.03 | pos=15 | fill_pnl=2.274935 | fee=0.008191 | realized=6.474985 | total_pnl=5.598285 | total_fees=-14.026101 | fills=194 shares=16185
2026-04-28T15:51:05.921692969 INTC order fill: filled sell 100 @ 84.03 pos=0 filled=100/100
2026-04-28T15:51:05.922369324 INTC filled -15 @ 84.03 | pos=0 | fill_pnl=0.525015 | fee=0.00189 | realized=7 | total_pnl=6.1233 | total_fees=-14.024211 | fills=195 shares=16200
2026-04-28T15:51:06.894412360 BALANCE long=$69293 (3) short=$26398 (3) expose=$42895 | realize=6.1233 fee=-14.024211 net=20.147511 unrealized=-23.3333 equity=-3.185789 liquidate=-15.185789 | fills=195 pending=12 | ofails=4/181
2026-04-28T15:51:06.894472647 SPREAD RIVN NASDAQ  [0]  16.09x3800 | 16.1x5600  [16.14]  pos=0  realized=0 fees=0 net=0 unrealized=0
2026-04-28T15:51:06.894481510 SPREAD AAL NASDAQ  [0]  11.62x24800 | 11.63x17900  [11.65]  pos=0  realized=0 fees=0 net=0 unrealized=0
2026-04-28T15:51:06.894486786 SPREAD NKE NYSE  [45]  45.01x2100 | 45.02x900  [45.03]  pos=-300  realized=0 fees=-0.19504 net=0.19504 unrealized=-6.5
2026-04-28T15:51:06.894492346 SPREAD SOFI NASDAQ  [0]  18.56x12600 | 18.57x4200  [18.58]  pos=800  realized=0 fees=-1.4176 net=1.4176 unrealized=3
2026-04-28T15:51:06.894504357 SPREAD HOOD NASDAQ  [82.16]  82.18x300 | 82.19x100  [82.21]  pos=-100  realized=-16.71 fees=-3.14892 net=-13.56108 unrealized=1.5
2026-04-28T15:51:06.894511514 SPREAD XLE ARCA  [0]  57.7x23100 | 57.71x18700  [57.73]  pos=600  realized=0 fees=-1.0632 net=1.0632 unrealized=-5
2026-04-28T15:51:06.894515647 SPREAD FXI ARCA  [0]  36.28x1300 | 36.28x28000  [36.3]  pos=0  realized=0 fees=0 net=0 unrealized=0
2026-04-28T15:51:06.894520502 SPREAD VZ NYSE  [47.1]  47.13x2400 | 47.14x900  [0]  pos=0  realized=6 fees=-0.71356 net=6.71356 unrealized=0
2026-04-28T15:51:06.894538534 SPREAD INTC NASDAQ  [84]  84.04x500 | 84.05x1100  [0]  pos=0  realized=7 fees=-5.294703 net=12.294703 unrealized=0
2026-04-28T15:51:06.894547124 SPREAD PYPL NASDAQ  [0]  49.54x400 | 49.55x1300  [49.55]  pos=400  realized=7.5 fees=-1.407312 net=8.907312 unrealized=-14
2026-04-28T15:51:06.894552877 SPREAD CMCSA NASDAQ  [27.62]  27.63x8300 | 27.64x4200  [0]  pos=0  realized=3 fees=-0.277962 net=3.277962 unrealized=0
2026-04-28T15:51:06.894562563 SPREAD DKNG NASDAQ  [23.36]  23.37x1400 | 23.38x300  [23.4]  pos=-200  realized=-0.6667 fees=-0.505914 net=-0.160786 unrealized=-2.3333
2026-04-28T15:51:07.007445842 PYPL order fill: filled sell 100 @ 49.55 pos=300 filled=100/100
2026-04-28T15:51:07.007467064 PYPL filled -100 @ 49.55 | pos=300 | fill_pnl=-3 | fee=-0.055627 | realized=4.5 | total_pnl=3.1233 | total_fees=-14.079838 | fills=196 shares=16300
2026-04-28T15:51:07.023393150 PYPL placed buy 100 @ 49.52 -> NASDAQ (pos=300 spread=0.01 bid=49.54x400 ask=49.55x1300)
2026-04-28T15:51:07.025476830 PYPL placed sell 100 @ 49.57 -> NASDAQ (pos=300 spread=0.01 bid=49.54x400 ask=49.55x1300)
2026-04-28T15:51:07.035375310 PYPL order pending_new: pending_new buy 100 @ 49.52 pos=0 filled=0/100
2026-04-28T15:51:07.035389487 PYPL order pending_new: pending_new sell 100 @ 49.57 pos=0 filled=0/100
2026-04-28T15:51:07.047432172 PYPL order new: new buy 100 @ 49.52 pos=0 filled=0/100
2026-04-28T15:51:07.047447522 PYPL order new: new sell 100 @ 49.57 pos=0 filled=0/100
2026-04-28T15:51:08.250550202 INTC replacing buy order: 84 -> 84.03 (pos=0 spread=0.02 bid=84.04x900 ask=84.06x600)
2026-04-28T15:51:08.275934652 INTC order replaced: replaced buy 100 @ 84 pos=0 filled=0/100
2026-04-28T15:51:09.439635450 INTC replacing buy order: 84.03 -> 84.06 (pos=0 spread=0.02 bid=84.07x600 ask=84.09x700)
2026-04-28T15:51:09.464218606 INTC order replaced: replaced buy 100 @ 84.03 pos=0 filled=0/100
2026-04-28T15:51:10.065032953 INTC order partial_fill: partially_filled buy 100 @ 84.06 pos=40 filled=40/100
2026-04-28T15:51:10.065057249 INTC filled 40 @ 84.06 | pos=40 | fill_pnl=0 | fee=-0.0692 | realized=7 | total_pnl=3.1233 | total_fees=-14.149038 | fills=197 shares=16340
2026-04-28T15:51:11.894547553 BALANCE long=$67700 (4) short=$26403 (3) expose=$41297 | realize=3.1233 fee=-14.149038 net=17.272338 unrealized=-26.0333 equity=-8.760962 liquidate=-20.460962 | fills=197 pending=12 | ofails=4/183
2026-04-28T15:51:11.894601132 SPREAD XLE ARCA  [0]  57.7x12800 | 57.71x37000  [57.73]  pos=600  realized=0 fees=-1.0632 net=1.0632 unrealized=-5
2026-04-28T15:51:11.894611823 SPREAD FXI ARCA  [0]  36.28x10200 | 36.28x11500  [36.3]  pos=0  realized=0 fees=0 net=0 unrealized=0
2026-04-28T15:51:11.894623034 SPREAD VZ NYSE  [47.1]  47.14x1400 | 47.15x2300  [0]  pos=0  realized=6 fees=-0.71356 net=6.71356 unrealized=0
2026-04-28T15:51:11.894646106 SPREAD INTC NASDAQ  [84.06]  84.1x1000 | 84.11x800  [0]  pos=40  realized=7 fees=-5.363903 net=12.363903 unrealized=1.8
2026-04-28T15:51:11.894654467 SPREAD PYPL NASDAQ  [49.52]  49.53x100 | 49.54x1500  [49.57]  pos=300  realized=4.5 fees=-1.462939 net=5.962939 unrealized=-13.5
2026-04-28T15:51:11.894676216 SPREAD CMCSA NASDAQ  [27.62]  27.63x8300 | 27.64x4300  [0]  pos=0  realized=3 fees=-0.277962 net=3.277962 unrealized=0
2026-04-28T15:51:11.894688615 SPREAD DKNG NASDAQ  [23.36]  23.37x1300 | 23.38x400  [23.4]  pos=-200  realized=-0.6667 fees=-0.505914 net=-0.160786 unrealized=-2.3333
2026-04-28T15:51:11.894704736 SPREAD RIVN NASDAQ  [0]  16.09x4200 | 16.1x3200  [16.14]  pos=0  realized=0 fees=0 net=0 unrealized=0
2026-04-28T15:51:11.894711398 SPREAD AAL NASDAQ  [0]  11.62x12500 | 11.63x24100  [11.65]  pos=0  realized=0 fees=0 net=0 unrealized=0
2026-04-28T15:51:11.894722951 SPREAD NKE NYSE  [45]  45.02x900 | 45.03x1100  [45.03]  pos=-300  realized=0 fees=-0.19504 net=0.19504 unrealized=-9.5
2026-04-28T15:51:11.894730416 SPREAD SOFI NASDAQ  [0]  18.56x12200 | 18.57x1000  [18.58]  pos=800  realized=0 fees=-1.4176 net=1.4176 unrealized=3
2026-04-28T15:51:11.894745371 SPREAD HOOD NASDAQ  [82.16]  82.2x200 | 82.21x500  [82.21]  pos=-100  realized=-16.71 fees=-3.14892 net=-13.56108 unrealized=-0.5
2026-04-28T15:51:17.894029741 BALANCE long=$67696 (4) short=$26402 (3) expose=$41294 | realize=3.1233 fee=-14.149038 net=17.272338 unrealized=-28.5333 equity=-11.260962 liquidate=-23.660962 | fills=197 pending=12 | ofails=4/183
2026-04-28T15:51:17.894091172 SPREAD FXI ARCA  [0]  36.27x37700 | 36.28x49100  [36.3]  pos=0  realized=0 fees=0 net=0 unrealized=0
2026-04-28T15:51:17.894103263 SPREAD VZ NYSE  [47.1]  47.14x2300 | 47.15x1200  [0]  pos=0  realized=6 fees=-0.71356 net=6.71356 unrealized=0
2026-04-28T15:51:17.894110760 SPREAD INTC NASDAQ  [84.06]  84.07x800 | 84.09x400  [0]  pos=40  realized=7 fees=-5.363903 net=12.363903 unrealized=0.8
2026-04-28T15:51:17.894124547 SPREAD PYPL NASDAQ  [49.52]  49.52x200 | 49.53x700  [49.57]  pos=300  realized=4.5 fees=-1.462939 net=5.962939 unrealized=-16.5
2026-04-28T15:51:17.894134389 SPREAD CMCSA NASDAQ  [27.62]  27.63x8300 | 27.64x6400  [0]  pos=0  realized=3 fees=-0.277962 net=3.277962 unrealized=0
2026-04-28T15:51:17.894142455 SPREAD DKNG NASDAQ  [23.36]  23.37x900 | 23.38x1200  [23.4]  pos=-200  realized=-0.6667 fees=-0.505914 net=-0.160786 unrealized=-2.3333
2026-04-28T15:51:17.894149461 SPREAD RIVN NASDAQ  [0]  16.09x4000 | 16.1x3700  [16.14]  pos=0  realized=0 fees=0 net=0 unrealized=0
2026-04-28T15:51:17.894155607 SPREAD AAL NASDAQ  [0]  11.62x8400 | 11.63x24100  [11.65]  pos=0  realized=0 fees=0 net=0 unrealized=0
2026-04-28T15:51:17.894162367 SPREAD NKE NYSE  [45]  45.02x1000 | 45.03x1000  [45.03]  pos=-300  realized=0 fees=-0.19504 net=0.19504 unrealized=-9.5
2026-04-28T15:51:17.894169022 SPREAD SOFI NASDAQ  [0]  18.56x8200 | 18.57x11500  [18.58]  pos=800  realized=0 fees=-1.4176 net=1.4176 unrealized=3
2026-04-28T15:51:17.894176310 SPREAD HOOD NASDAQ  [82.16]  82.18x300 | 82.2x800  [82.21]  pos=-100  realized=-16.71 fees=-3.14892 net=-13.56108 unrealized=1
2026-04-28T15:51:17.894184473 SPREAD XLE ARCA  [0]  57.7x22200 | 57.71x16700  [57.73]  pos=600  realized=0 fees=-1.0632 net=1.0632 unrealized=-5
2026-04-28T15:51:20.126651740 VZ replacing buy order: 47.1 -> 47.13 (pos=0 spread=0.02 bid=47.14x2400 ask=47.16x1700)
2026-04-28T15:51:20.151149331 VZ order replaced: replaced buy 100 @ 47.1 pos=0 filled=0/100
2026-04-28T15:51:21.017359733 HOOD order fill: filled buy 100 @ 82.16 pos=0 filled=100/100
2026-04-28T15:51:21.017385964 HOOD filled 100 @ 82.16 | pos=0 | fill_pnl=4 | fee=-0.1772 | realized=-12.71 | total_pnl=7.1233 | total_fees=-14.326238 | fills=198 shares=16440
2026-04-28T15:51:21.236951318 HOOD replacing sell order: 82.21 -> 82.18 (pos=0 spread=0.02 bid=82.15x1100 ask=82.17x400)
2026-04-28T15:51:21.261360702 HOOD order replaced: replaced sell 100 @ 82.21 pos=0 filled=0/100
2026-04-28T15:51:22.894554254 BALANCE long=$67699 (4) short=$18183 (2) expose=$49516 | realize=7.1233 fee=-14.326238 net=21.449538 unrealized=-26.7333 equity=-5.283762 liquidate=-16.483762 | fills=198 pending=12 | ofails=4/183
2026-04-28T15:51:22.894628035 SPREAD XLE ARCA  [0]  57.7x23200 | 57.71x10600  [57.73]  pos=600  realized=0 fees=-1.0632 net=1.0632 unrealized=-5
2026-04-28T15:51:22.894638918 SPREAD FXI ARCA  [0]  36.27x38000 | 36.28x72300  [36.3]  pos=0  realized=0 fees=0 net=0 unrealized=0
2026-04-28T15:51:22.894656689 SPREAD VZ NYSE  [47.13]  47.15x900 | 47.16x2000  [0]  pos=0  realized=6 fees=-0.71356 net=6.71356 unrealized=0
2026-04-28T15:51:22.894667008 SPREAD INTC NASDAQ  [84.06]  84.07x600 | 84.08x200  [0]  pos=40  realized=7 fees=-5.363903 net=12.363903 unrealized=0.6
2026-04-28T15:51:22.894676310 SPREAD PYPL NASDAQ  [49.52]  49.53x500 | 49.54x100  [49.57]  pos=300  realized=4.5 fees=-1.462939 net=5.962939 unrealized=-13.5
2026-04-28T15:51:22.894683397 SPREAD CMCSA NASDAQ  [27.62]  27.63x8200 | 27.64x5600  [0]  pos=0  realized=3 fees=-0.277962 net=3.277962 unrealized=0
2026-04-28T15:51:22.894690467 SPREAD DKNG NASDAQ  [23.36]  23.37x1000 | 23.38x1300  [23.4]  pos=-200  realized=-0.6667 fees=-0.505914 net=-0.160786 unrealized=-2.3333
2026-04-28T15:51:22.894712719 SPREAD RIVN NASDAQ  [0]  16.09x3800 | 16.1x5600  [16.14]  pos=0  realized=0 fees=0 net=0 unrealized=0
2026-04-28T15:51:22.894728759 SPREAD AAL NASDAQ  [0]  11.62x8300 | 11.63x26700  [11.65]  pos=0  realized=0 fees=0 net=0 unrealized=0
2026-04-28T15:51:22.894739255 SPREAD NKE NYSE  [45]  45.02x900 | 45.03x1800  [45.03]  pos=-300  realized=0 fees=-0.19504 net=0.19504 unrealized=-9.5
2026-04-28T15:51:22.894746194 SPREAD SOFI NASDAQ  [0]  18.56x8400 | 18.57x9800  [18.58]  pos=800  realized=0 fees=-1.4176 net=1.4176 unrealized=3
2026-04-28T15:51:22.894752826 SPREAD HOOD NASDAQ  [0]  82.13x200 | 82.14x200  [82.18]  pos=0  realized=-12.71 fees=-3.32612 net=-9.38388 unrealized=0
2026-04-28T15:51:27.607906281 INTC replacing buy order: 84.06 -> 84.09 (pos=40 spread=0.02 bid=84.1x1000 ask=84.12x1000)
2026-04-28T15:51:27.633063006 INTC order replaced: replaced buy 100 @ 84.06 pos=0 filled=40/100
2026-04-28T15:51:28.815691111 INTC replacing buy order: 84.09 -> 84.12 (pos=40 spread=0 bid=84.14x200 ask=84.14x100)
2026-04-28T15:51:28.842045740 INTC order replaced: replaced buy 100 @ 84.09 pos=0 filled=40/100
2026-04-28T15:51:28.894123281 BALANCE long=$67701 (4) short=$18183 (2) expose=$49519 | realize=7.1233 fee=-14.326238 net=21.449538 unrealized=-23.9333 equity=-2.483762 liquidate=-13.683762 | fills=198 pending=12 | ofails=4/183
2026-04-28T15:51:28.894152855 SPREAD INTC NASDAQ  [84.12]  84.14x400 | 84.15x1600  [0]  pos=40  realized=7 fees=-5.363903 net=12.363903 unrealized=3.4
2026-04-28T15:51:28.894159177 SPREAD PYPL NASDAQ  [49.52]  49.53x200 | 49.54x700  [49.57]  pos=300  realized=4.5 fees=-1.462939 net=5.962939 unrealized=-13.5
2026-04-28T15:51:28.894177701 SPREAD CMCSA NASDAQ  [27.62]  27.63x6700 | 27.64x5700  [0]  pos=0  realized=3 fees=-0.277962 net=3.277962 unrealized=0
2026-04-28T15:51:28.894202351 SPREAD DKNG NASDAQ  [23.36]  23.37x1300 | 23.38x700  [23.4]  pos=-200  realized=-0.6667 fees=-0.505914 net=-0.160786 unrealized=-2.3333
2026-04-28T15:51:28.894222175 SPREAD RIVN NASDAQ  [0]  16.09x3900 | 16.1x5700  [16.14]  pos=0  realized=0 fees=0 net=0 unrealized=0
2026-04-28T15:51:28.894228898 SPREAD AAL NASDAQ  [0]  11.61x19400 | 11.62x21400  [11.65]  pos=0  realized=0 fees=0 net=0 unrealized=0
2026-04-28T15:51:28.894235895 SPREAD NKE NYSE  [45]  45.02x900 | 45.03x2100  [45.03]  pos=-300  realized=0 fees=-0.19504 net=0.19504 unrealized=-9.5
2026-04-28T15:51:28.894244741 SPREAD SOFI NASDAQ  [0]  18.56x10400 | 18.57x10200  [18.58]  pos=800  realized=0 fees=-1.4176 net=1.4176 unrealized=3
2026-04-28T15:51:28.894255283 SPREAD HOOD NASDAQ  [0]  82.14x400 | 82.15x600  [82.18]  pos=0  realized=-12.71 fees=-3.32612 net=-9.38388 unrealized=0
2026-04-28T15:51:28.894266309 SPREAD XLE ARCA  [0]  57.7x10100 | 57.71x37400  [57.73]  pos=600  realized=0 fees=-1.0632 net=1.0632 unrealized=-5
2026-04-28T15:51:28.894272815 SPREAD FXI ARCA  [0]  36.27x37500 | 36.28x72300  [36.3]  pos=0  realized=0 fees=0 net=0 unrealized=0
2026-04-28T15:51:28.894279129 SPREAD VZ NYSE  [47.13]  47.15x900 | 47.16x2300  [0]  pos=0  realized=6 fees=-0.71356 net=6.71356 unrealized=0
2026-04-28T15:51:30.262539010 HOOD replacing sell order: 82.18 -> 82.15 (pos=0 spread=0.02 bid=82.12x900 ask=82.14x1800)
2026-04-28T15:51:30.287696033 HOOD order replaced: replaced sell 100 @ 82.18 pos=0 filled=0/100
2026-04-28T15:51:31.274253129 HOOD replacing sell order: 82.15 -> 82.12 (pos=0 spread=0 bid=82.1x1000 ask=82.1x100)
2026-04-28T15:51:31.299274852 HOOD order replaced: replaced sell 100 @ 82.15 pos=0 filled=0/100
2026-04-28T15:51:33.519694218 INTC replacing buy order: 84.12 -> 84.15 (pos=40 spread=0.02 bid=84.16x900 ask=84.18x1400)
2026-04-28T15:51:33.545944825 INTC order replaced: replaced buy 100 @ 84.12 pos=0 filled=40/100
2026-04-28T15:51:34.894050300 BALANCE long=$67693 (4) short=$18183 (2) expose=$49510 | realize=7.1233 fee=-14.326238 net=21.449538 unrealized=-32.5333 equity=-11.083762 liquidate=-22.283762 | fills=198 pending=12 | ofails=4/183
2026-04-28T15:51:34.894116453 SPREAD VZ NYSE  [47.13]  47.14x2400 | 47.15x1000  [0]  pos=0  realized=6 fees=-0.71356 net=6.71356 unrealized=0
2026-04-28T15:51:34.894129277 SPREAD INTC NASDAQ  [84.15]  84.15x500 | 84.16x600  [0]  pos=40  realized=7 fees=-5.363903 net=12.363903 unrealized=3.8
2026-04-28T15:51:34.894152021 SPREAD PYPL NASDAQ  [49.52]  49.52x600 | 49.53x1300  [49.57]  pos=300  realized=4.5 fees=-1.462939 net=5.962939 unrealized=-16.5
2026-04-28T15:51:34.894161997 SPREAD CMCSA NASDAQ  [27.62]  27.63x8900 | 27.64x1400  [0]  pos=0  realized=3 fees=-0.277962 net=3.277962 unrealized=0
2026-04-28T15:51:34.894168659 SPREAD DKNG NASDAQ  [23.36]  23.37x1200 | 23.38x600  [23.4]  pos=-200  realized=-0.6667 fees=-0.505914 net=-0.160786 unrealized=-2.3333
2026-04-28T15:51:34.894175321 SPREAD RIVN NASDAQ  [0]  16.09x4400 | 16.1x5600  [16.14]  pos=0  realized=0 fees=0 net=0 unrealized=0
2026-04-28T15:51:34.894181263 SPREAD AAL NASDAQ  [0]  11.61x19100 | 11.62x23200  [11.65]  pos=0  realized=0 fees=0 net=0 unrealized=0
2026-04-28T15:51:34.894190907 SPREAD NKE NYSE  [45]  45.02x900 | 45.03x1900  [45.03]  pos=-300  realized=0 fees=-0.19504 net=0.19504 unrealized=-9.5
2026-04-28T15:51:34.894197994 SPREAD SOFI NASDAQ  [0]  18.56x6400 | 18.57x7600  [18.58]  pos=800  realized=0 fees=-1.4176 net=1.4176 unrealized=3
2026-04-28T15:51:34.894207291 SPREAD HOOD NASDAQ  [0]  82.09x1500 | 82.1x100  [82.12]  pos=0  realized=-12.71 fees=-3.32612 net=-9.38388 unrealized=0
2026-04-28T15:51:34.894216830 SPREAD XLE ARCA  [0]  57.69x14200 | 57.7x28800  [57.73]  pos=600  realized=0 fees=-1.0632 net=1.0632 unrealized=-11
2026-04-28T15:51:34.894225746 SPREAD FXI ARCA  [0]  36.27x36100 | 36.28x73300  [36.3]  pos=0  realized=0 fees=0 net=0 unrealized=0
2026-04-28T15:51:35.525840763 INTC order fill: filled buy 100 @ 84.15 pos=100 filled=100/100
2026-04-28T15:51:35.525866390 INTC filled 60 @ 84.15 | pos=100 | fill_pnl=0 | fee=-0.108 | realized=7 | total_pnl=7.1233 | total_fees=-14.434238 | fills=199 shares=16500
2026-04-28T15:51:35.538110185 INTC placed sell 100 @ 84.18 -> NASDAQ (pos=100 spread=0.01 bid=84.15x500 ask=84.16x600)
2026-04-28T15:51:35.544911164 INTC placed buy 100 @ 84.13 -> NASDAQ (pos=100 spread=0.01 bid=84.15x500 ask=84.16x600)
2026-04-28T15:51:35.549481321 INTC order pending_new: pending_new sell 100 @ 84.18 pos=0 filled=0/100
2026-04-28T15:51:35.549509273 INTC order pending_new: pending_new buy 100 @ 84.13 pos=0 filled=0/100
2026-04-28T15:51:35.562618926 INTC order new: new sell 100 @ 84.18 pos=0 filled=0/100
2026-04-28T15:51:35.562633442 INTC order new: new buy 100 @ 84.13 pos=0 filled=0/100
2026-04-28T15:51:36.323724965 PYPL order fill: filled buy 100 @ 49.52 pos=400 filled=100/100
2026-04-28T15:51:36.323750859 PYPL filled 100 @ 49.52 | pos=400 | fill_pnl=0 | fee=-0.1772 | realized=4.5 | total_pnl=7.1233 | total_fees=-14.611438 | fills=200 shares=16600
2026-04-28T15:51:36.464706730 PYPL replacing sell order: 49.57 -> 49.54 (pos=400 spread=0 bid=49.52x600 ask=49.52x200)
2026-04-28T15:51:36.490113032 PYPL order replaced: replaced sell 100 @ 49.57 pos=0 filled=0/100
2026-04-28T15:51:37.674848488 HOOD replacing sell order: 82.12 -> 82.09 (pos=0 spread=0.02 bid=82.06x400 ask=82.08x100)
2026-04-28T15:51:37.702845613 HOOD order replaced: replaced sell 100 @ 82.12 pos=0 filled=0/100
2026-04-28T15:51:39.894608390 BALANCE long=$77695 (4) short=$18180 (2) expose=$59515 | realize=7.1233 fee=-14.611438 net=21.734738 unrealized=-28.7333 equity=-6.998562 liquidate=-18.998562 | fills=200 pending=12 | ofails=4/185
2026-04-28T15:51:39.894671740 SPREAD FXI ARCA  [0]  36.27x33800 | 36.28x73300  [36.3]  pos=0  realized=0 fees=0 net=0 unrealized=0
2026-04-28T15:51:39.894684640 SPREAD VZ NYSE  [47.13]  47.14x1400 | 47.15x1300  [0]  pos=0  realized=6 fees=-0.71356 net=6.71356 unrealized=0
2026-04-28T15:51:39.894700518 SPREAD INTC NASDAQ  [84.13]  84.15x300 | 84.16x900  [84.18]  pos=100  realized=7 fees=-5.471903 net=12.471903 unrealized=4.1
2026-04-28T15:51:39.894712208 SPREAD PYPL NASDAQ  [0]  49.52x300 | 49.53x1400  [49.54]  pos=400  realized=4.5 fees=-1.640139 net=6.140139 unrealized=-16
2026-04-28T15:51:39.894719850 SPREAD CMCSA NASDAQ  [27.62]  27.64x8700 | 27.65x5500  [0]  pos=0  realized=3 fees=-0.277962 net=3.277962 unrealized=0
2026-04-28T15:51:39.894740985 SPREAD DKNG NASDAQ  [23.36]  23.37x900 | 23.38x900  [23.4]  pos=-200  realized=-0.6667 fees=-0.505914 net=-0.160786 unrealized=-2.3333
2026-04-28T15:51:39.894748018 SPREAD RIVN NASDAQ  [0]  16.09x3800 | 16.1x5700  [16.14]  pos=0  realized=0 fees=0 net=0 unrealized=0
2026-04-28T15:51:39.894756305 SPREAD AAL NASDAQ  [0]  11.61x18900 | 11.62x22900  [11.65]  pos=0  realized=0 fees=0 net=0 unrealized=0
2026-04-28T15:51:39.894764078 SPREAD NKE NYSE  [45]  45.01x1500 | 45.02x2500  [45.03]  pos=-300  realized=0 fees=-0.19504 net=0.19504 unrealized=-6.5
2026-04-28T15:51:39.894771142 SPREAD SOFI NASDAQ  [0]  18.56x7900 | 18.57x9300  [18.58]  pos=800  realized=0 fees=-1.4176 net=1.4176 unrealized=3
2026-04-28T15:51:39.894780725 SPREAD HOOD NASDAQ  [0]  82.08x600 | 82.09x500  [82.09]  pos=0  realized=-12.71 fees=-3.32612 net=-9.38388 unrealized=0
2026-04-28T15:51:39.894787435 SPREAD XLE ARCA  [0]  57.69x20600 | 57.7x16600  [57.73]  pos=600  realized=0 fees=-1.0632 net=1.0632 unrealized=-11
2026-04-28T15:51:45.894313648 BALANCE long=$77683 (4) short=$18180 (2) expose=$59503 | realize=7.1233 fee=-14.611438 net=21.734738 unrealized=-40.7333 equity=-18.998562 liquidate=-30.998562 | fills=200 pending=12 | ofails=4/185
2026-04-28T15:51:45.894361240 SPREAD INTC NASDAQ  [84.13]  84.15x1100 | 84.16x900  [84.18]  pos=100  realized=7 fees=-5.471903 net=12.471903 unrealized=4.1
2026-04-28T15:51:45.894376920 SPREAD PYPL NASDAQ  [0]  49.51x800 | 49.52x300  [49.54]  pos=400  realized=4.5 fees=-1.640139 net=6.140139 unrealized=-20
2026-04-28T15:51:45.894386977 SPREAD CMCSA NASDAQ  [27.62]  27.64x9600 | 27.65x5300  [0]  pos=0  realized=3 fees=-0.277962 net=3.277962 unrealized=0
2026-04-28T15:51:45.894393162 SPREAD DKNG NASDAQ  [23.36]  23.37x800 | 23.38x900  [23.4]  pos=-200  realized=-0.6667 fees=-0.505914 net=-0.160786 unrealized=-2.3333
2026-04-28T15:51:45.894402101 SPREAD RIVN NASDAQ  [0]  16.1x2700 | 16.11x9100  [16.14]  pos=0  realized=0 fees=0 net=0 unrealized=0
2026-04-28T15:51:45.894411536 SPREAD AAL NASDAQ  [0]  11.61x19400 | 11.62x23100  [11.65]  pos=0  realized=0 fees=0 net=0 unrealized=0
2026-04-28T15:51:45.894422852 SPREAD NKE NYSE  [45]  45.01x1400 | 45.02x2800  [45.03]  pos=-300  realized=0 fees=-0.19504 net=0.19504 unrealized=-6.5
2026-04-28T15:51:45.894435879 SPREAD SOFI NASDAQ  [0]  18.55x6900 | 18.56x14000  [18.58]  pos=800  realized=0 fees=-1.4176 net=1.4176 unrealized=-5
2026-04-28T15:51:45.894446816 SPREAD HOOD NASDAQ  [0]  82.04x300 | 82.06x100  [82.09]  pos=0  realized=-12.71 fees=-3.32612 net=-9.38388 unrealized=0
2026-04-28T15:51:45.894458386 SPREAD XLE ARCA  [0]  57.69x21700 | 57.7x18100  [57.73]  pos=600  realized=0 fees=-1.0632 net=1.0632 unrealized=-11
2026-04-28T15:51:45.894466431 SPREAD FXI ARCA  [0]  36.27x41200 | 36.28x51500  [36.3]  pos=0  realized=0 fees=0 net=0 unrealized=0
2026-04-28T15:51:45.894476184 SPREAD VZ NYSE  [47.13]  47.13x1300 | 47.14x1000  [0]  pos=0  realized=6 fees=-0.71356 net=6.71356 unrealized=0
2026-04-28T15:51:47.590265518 VZ order fill: filled buy 100 @ 47.13 pos=100 filled=100/100
2026-04-28T15:51:47.590286625 VZ filled 100 @ 47.13 | pos=100 | fill_pnl=0 | fee=-0.1772 | realized=6 | total_pnl=7.1233 | total_fees=-14.788638 | fills=201 shares=16700
2026-04-28T15:51:47.607935130 VZ placed buy 100 @ 47.11 -> NYSE (pos=100 spread=0.01 bid=47.13x1100 ask=47.14x1200)
2026-04-28T15:51:47.610715360 VZ placed sell 100 @ 47.16 -> NYSE (pos=100 spread=0.01 bid=47.13x1100 ask=47.14x1200)
2026-04-28T15:51:47.618927581 VZ order pending_new: pending_new buy 100 @ 47.11 pos=0 filled=0/100
2026-04-28T15:51:47.618941693 VZ order pending_new: pending_new sell 100 @ 47.16 pos=0 filled=0/100
2026-04-28T15:51:47.632777553 VZ order new: new buy 100 @ 47.11 pos=0 filled=0/100
2026-04-28T15:51:47.632792895 VZ order new: new sell 100 @ 47.16 pos=0 filled=0/100
2026-04-28T15:51:51.095494479 HOOD replacing sell order: 82.09 -> 82.06 (pos=0 spread=0.02 bid=82.03x500 ask=82.05x2400)
2026-04-28T15:51:51.119519805 HOOD order replaced: replaced sell 100 @ 82.09 pos=0 filled=0/100
2026-04-28T15:51:51.453528876 VZ order partial_fill: partially_filled buy 100 @ 47.11 pos=190 filled=90/100
2026-04-28T15:51:51.453550089 VZ filled 90 @ 47.11 | pos=190 | fill_pnl=0 | fee=-0.1592 | realized=6 | total_pnl=7.1233 | total_fees=-14.947838 | fills=202 shares=16790
2026-04-28T15:51:51.453563469 VZ order fill: filled buy 100 @ 47.11 pos=200 filled=100/100
2026-04-28T15:51:51.453568660 VZ filled 10 @ 47.11 | pos=200 | fill_pnl=0 | fee=-0.018 | realized=6 | total_pnl=7.1233 | total_fees=-14.965838 | fills=203 shares=16800
2026-04-28T15:51:51.469843778 VZ placed buy 100 @ 47.1 -> NYSE (pos=200 spread=0.01 bid=47.12x1500 ask=47.13x3000)
2026-04-28T15:51:51.481720056 VZ order pending_new: pending_new buy 100 @ 47.1 pos=0 filled=0/100
2026-04-28T15:51:51.493025851 VZ order new: new buy 100 @ 47.1 pos=0 filled=0/100
2026-04-28T15:51:51.592364613 VZ replacing sell order: 47.16 -> 47.13 (pos=200 spread=0 bid=47.11x1300 ask=47.11x500)
2026-04-28T15:51:51.618207120 VZ order replaced: replaced sell 100 @ 47.16 pos=0 filled=0/100
2026-04-28T15:51:51.894072598 BALANCE long=$87098 (5) short=$18177 (2) expose=$68921 | realize=7.1233 fee=-14.965838 net=22.089138 unrealized=-46.7333 equity=-24.644162 liquidate=-37.644162 | fills=203 pending=12 | ofails=4/188
2026-04-28T15:51:51.894133710 SPREAD INTC NASDAQ  [84.13]  84.15x200 | 84.16x700  [84.18]  pos=100  realized=7 fees=-5.471903 net=12.471903 unrealized=4.1
2026-04-28T15:51:51.894146274 SPREAD PYPL NASDAQ  [0]  49.51x700 | 49.52x200  [49.54]  pos=400  realized=4.5 fees=-1.640139 net=6.140139 unrealized=-20
2026-04-28T15:51:51.894153348 SPREAD CMCSA NASDAQ  [27.62]  27.64x7400 | 27.65x5300  [0]  pos=0  realized=3 fees=-0.277962 net=3.277962 unrealized=0
2026-04-28T15:51:51.894162507 SPREAD DKNG NASDAQ  [23.36]  23.37x1100 | 23.38x400  [23.4]  pos=-200  realized=-0.6667 fees=-0.505914 net=-0.160786 unrealized=-2.3333
2026-04-28T15:51:51.894171945 SPREAD RIVN NASDAQ  [0]  16.1x1800 | 16.11x9200  [16.14]  pos=0  realized=0 fees=0 net=0 unrealized=0
2026-04-28T15:51:51.894181701 SPREAD AAL NASDAQ  [0]  11.61x18900 | 11.62x23000  [11.65]  pos=0  realized=0 fees=0 net=0 unrealized=0
2026-04-28T15:51:51.894189078 SPREAD NKE NYSE  [45]  45x1200 | 45.01x2500  [45.03]  pos=-300  realized=0 fees=-0.19504 net=0.19504 unrealized=-3.5
2026-04-28T15:51:51.894199562 SPREAD SOFI NASDAQ  [0]  18.55x9000 | 18.56x13700  [18.58]  pos=800  realized=0 fees=-1.4176 net=1.4176 unrealized=-5
2026-04-28T15:51:51.894209284 SPREAD HOOD NASDAQ  [0]  82.03x300 | 82.04x500  [82.06]  pos=0  realized=-12.71 fees=-3.32612 net=-9.38388 unrealized=0
2026-04-28T15:51:51.894219000 SPREAD XLE ARCA  [0]  57.68x6800 | 57.69x41700  [57.73]  pos=600  realized=0 fees=-1.0632 net=1.0632 unrealized=-17
2026-04-28T15:51:51.894226228 SPREAD FXI ARCA  [0]  36.27x35500 | 36.28x72000  [36.3]  pos=0  realized=0 fees=0 net=0 unrealized=0
2026-04-28T15:51:51.894236325 SPREAD VZ NYSE  [47.1]  47.1x2000 | 47.11x1100  [47.13]  pos=200  realized=6 fees=-1.06796 net=7.06796 unrealized=-3
2026-04-28T15:51:54.434915937 VZ order partial_fill: partially_filled buy 100 @ 47.1 pos=210 filled=10/100
2026-04-28T15:51:54.434939394 VZ filled 10 @ 47.1 | pos=210 | fill_pnl=0 | fee=-0.0152 | realized=6 | total_pnl=7.1233 | total_fees=-14.981038 | fills=204 shares=16810
2026-04-28T15:51:55.401049029 VZ order fill: filled buy 100 @ 47.1 pos=300 filled=100/100
2026-04-28T15:51:55.401069334 VZ filled 90 @ 47.1 | pos=300 | fill_pnl=0 | fee=-0.162 | realized=6 | total_pnl=7.1233 | total_fees=-15.143038 | fills=205 shares=16900
2026-04-28T15:51:55.417329265 VZ placed buy 100 @ 47.08 -> NYSE (pos=300 spread=0.01 bid=47.1x900 ask=47.11x1700)
2026-04-28T15:51:55.428193992 VZ order pending_new: pending_new buy 100 @ 47.08 pos=0 filled=0/100
2026-04-28T15:51:55.443945139 VZ order new: new buy 100 @ 47.08 pos=0 filled=0/100
2026-04-28T15:51:56.894182180 BALANCE long=$91795 (5) short=$18177 (2) expose=$73619 | realize=7.1233 fee=-15.143038 net=22.266338 unrealized=-59.2333 equity=-36.966962 liquidate=-50.466962 | fills=205 pending=12 | ofails=4/189
2026-04-28T15:51:56.894241740 SPREAD INTC NASDAQ  [84.13]  84.14x100 | 84.15x1200  [84.18]  pos=100  realized=7 fees=-5.471903 net=12.471903 unrealized=3.1
2026-04-28T15:51:56.894256116 SPREAD PYPL NASDAQ  [0]  49.5x400 | 49.51x300  [49.54]  pos=400  realized=4.5 fees=-1.640139 net=6.140139 unrealized=-24
2026-04-28T15:51:56.894266265 SPREAD CMCSA NASDAQ  [27.62]  27.64x8300 | 27.65x1700  [0]  pos=0  realized=3 fees=-0.277962 net=3.277962 unrealized=0
2026-04-28T15:51:56.894273598 SPREAD DKNG NASDAQ  [23.36]  23.37x1100 | 23.38x500  [23.4]  pos=-200  realized=-0.6667 fees=-0.505914 net=-0.160786 unrealized=-2.3333
2026-04-28T15:51:56.894280630 SPREAD RIVN NASDAQ  [0]  16.1x1600 | 16.11x9500  [16.14]  pos=0  realized=0 fees=0 net=0 unrealized=0
2026-04-28T15:51:56.894291246 SPREAD AAL NASDAQ  [0]  11.61x18700 | 11.62x23000  [11.65]  pos=0  realized=0 fees=0 net=0 unrealized=0
2026-04-28T15:51:56.894303342 SPREAD NKE NYSE  [45]  45x1300 | 45.01x2700  [45.03]  pos=-300  realized=0 fees=-0.19504 net=0.19504 unrealized=-3.5
2026-04-28T15:51:56.894310460 SPREAD SOFI NASDAQ  [0]  18.54x7700 | 18.55x9700  [18.58]  pos=800  realized=0 fees=-1.4176 net=1.4176 unrealized=-13
2026-04-28T15:51:56.894317130 SPREAD HOOD NASDAQ  [0]  82.03x300 | 82.04x1400  [82.06]  pos=0  realized=-12.71 fees=-3.32612 net=-9.38388 unrealized=0
2026-04-28T15:51:56.894326560 SPREAD XLE ARCA  [0]  57.68x20500 | 57.69x28300  [57.73]  pos=600  realized=0 fees=-1.0632 net=1.0632 unrealized=-17
2026-04-28T15:51:56.894334614 SPREAD FXI ARCA  [0]  36.27x41600 | 36.28x72000  [36.3]  pos=0  realized=0 fees=0 net=0 unrealized=0
2026-04-28T15:51:56.894344047 SPREAD VZ NYSE  [47.08]  47.1x1400 | 47.11x2600  [47.13]  pos=300  realized=6 fees=-1.24516 net=7.24516 unrealized=-2.5
2026-04-28T15:51:58.854511316 INTC order fill: filled buy 100 @ 84.13 pos=200 filled=100/100
2026-04-28T15:51:58.854536058 INTC filled 100 @ 84.13 | pos=200 | fill_pnl=0 | fee=-0.1772 | realized=7 | total_pnl=7.1233 | total_fees=-15.320238 | fills=206 shares=17000
2026-04-28T15:51:58.875540293 INTC placed buy 100 @ 84.11 -> NASDAQ (pos=200 spread=0.01 bid=84.13x700 ask=84.14x200)
2026-04-28T15:51:58.882967224 INTC order pending_new: pending_new buy 100 @ 84.11 pos=0 filled=0/100
2026-04-28T15:51:58.897451786 INTC order new: new buy 100 @ 84.11 pos=0 filled=0/100
2026-04-28T15:51:58.988399929 INTC replacing sell order: 84.18 -> 84.15 (pos=200 spread=0 bid=84.13x300 ask=84.13x200)
2026-04-28T15:51:59.015276144 INTC order replaced: replaced sell 100 @ 84.18 pos=0 filled=0/100
2026-04-28T15:51:59.478130851 HOOD replacing sell order: 82.06 -> 82.03 (pos=0 spread=0.02 bid=82x12300 ask=82.02x300)
2026-04-28T15:51:59.503511318 HOOD order replaced: replaced sell 100 @ 82.06 pos=0 filled=0/100
2026-04-28T15:52:00.675047760 INTC order fill: filled buy 100 @ 84.11 pos=300 filled=100/100
2026-04-28T15:52:00.675075418 INTC filled 100 @ 84.11 | pos=300 | fill_pnl=0 | fee=-0.1772 | realized=7 | total_pnl=7.1233 | total_fees=-15.497438 | fills=207 shares=17100
2026-04-28T15:52:00.693248831 INTC placed buy 100 @ 84.1 -> NASDAQ (pos=300 spread=0.02 bid=84.11x1100 ask=84.13x300)
2026-04-28T15:52:00.703827747 INTC order pending_new: pending_new buy 100 @ 84.1 pos=0 filled=0/100
2026-04-28T15:52:00.719267362 INTC order new: new buy 100 @ 84.1 pos=0 filled=0/100
2026-04-28T15:52:00.719289529 INTC order fill: filled buy 100 @ 84.1 pos=400 filled=100/100
2026-04-28T15:52:00.719299593 INTC filled 100 @ 84.1 | pos=400 | fill_pnl=0 | fee=-0.1772 | realized=7 | total_pnl=7.1233 | total_fees=-15.674638 | fills=208 shares=17200
2026-04-28T15:52:00.738059644 INTC placed buy 100 @ 84.1 -> NASDAQ (pos=400 spread=0.02 bid=84.11x1100 ask=84.13x300)
2026-04-28T15:52:00.748529017 INTC order pending_new: pending_new buy 100 @ 84.1 pos=0 filled=0/100
2026-04-28T15:52:00.763233625 INTC order new: new buy 100 @ 84.1 pos=0 filled=0/100
2026-04-28T15:52:00.763253741 INTC order fill: filled buy 100 @ 84.1 pos=500 filled=100/100
2026-04-28T15:52:00.763266602 INTC filled 100 @ 84.095 | pos=500 | fill_pnl=0 | fee=-0.1772 | realized=7 | total_pnl=7.1233 | total_fees=-15.851838 | fills=209 shares=17300
2026-04-28T15:52:00.780643542 INTC placed buy 100 @ 84.1 -> NASDAQ (pos=500 spread=0.02 bid=84.11x1100 ask=84.13x300)
2026-04-28T15:52:00.793023369 INTC order pending_new: pending_new buy 100 @ 84.1 pos=0 filled=0/100
2026-04-28T15:52:00.811841287 INTC order new: new buy 100 @ 84.1 pos=0 filled=0/100
2026-04-28T15:52:00.811864384 INTC order fill: filled buy 100 @ 84.1 pos=600 filled=100/100
2026-04-28T15:52:00.811875282 INTC filled 100 @ 84.095 | pos=600 | fill_pnl=0 | fee=-0.1772 | realized=7 | total_pnl=7.1233 | total_fees=-16.029038 | fills=210 shares=17400
2026-04-28T15:52:00.843917363 INTC replacing sell order: 84.15 -> 84.12 (pos=600 spread=0 bid=84.1x100 ask=84.1x100)
2026-04-28T15:52:00.870926094 INTC order replaced: replaced sell 100 @ 84.15 pos=0 filled=0/100
2026-04-28T15:52:01.417741262 HOOD order fill: filled sell 100 @ 82.03 pos=-100 filled=100/100
2026-04-28T15:52:01.417765783 HOOD filled -100 @ 82.03 | pos=-100 | fill_pnl=0 | fee=0.011282 | realized=-12.71 | total_pnl=7.1233 | total_fees=-16.017756 | fills=211 shares=17500
2026-04-28T15:52:01.431131959 HOOD error placing order: 40310000: insufficient buying power
2026-04-28T15:52:01.433687095 HOOD placed buy 100 @ 81.99 -> NASDAQ (pos=-100 spread=0.01 bid=82.01x400 ask=82.02x200)
2026-04-28T15:52:01.445698852 HOOD order pending_new: pending_new buy 100 @ 81.99 pos=0 filled=0/100
2026-04-28T15:52:01.459069544 HOOD order new: new buy 100 @ 81.99 pos=0 filled=0/100
2026-04-28T15:52:01.571242957 HOOD error placing order: 40310000: insufficient buying power
2026-04-28T15:52:01.770936505 HOOD error placing order: 40310000: insufficient buying power
2026-04-28T15:52:01.832671659 HOOD error placing order: 40310000: insufficient buying power
2026-04-28T15:52:02.064255676 HOOD error placing order: 40310000: insufficient buying power
2026-04-28T15:52:02.246549281 HOOD error placing order: 40310000: insufficient buying power
2026-04-28T15:52:02.265930449 HOOD error placing order: 40310000: insufficient buying power
2026-04-28T15:52:02.536817248 HOOD error placing order: 40310000: insufficient buying power
2026-04-28T15:52:02.709763891 HOOD error placing order: 40310000: insufficient buying power
2026-04-28T15:52:02.734339497 HOOD error placing order: 40310000: insufficient buying power
2026-04-28T15:52:02.893950271 BALANCE long=$133828 (5) short=$26381 (3) expose=$107447 | realize=7.1233 fee=-16.017756 net=23.141056 unrealized=-81.2333 equity=-58.092244 liquidate=-76.592244 | fills=211 pending=12 | ofails=14/204
2026-04-28T15:52:02.893992309 SPREAD DKNG NASDAQ  [23.36]  23.37x1100 | 23.38x700  [23.4]  pos=-200  realized=-0.6667 fees=-0.505914 net=-0.160786 unrealized=-2.3333
2026-04-28T15:52:02.894004271 SPREAD RIVN NASDAQ  [0]  16.1x1600 | 16.11x9300  [16.14]  pos=0  realized=0 fees=0 net=0 unrealized=0
2026-04-28T15:52:02.894010733 SPREAD AAL NASDAQ  [0]  11.61x18600 | 11.62x23100  [11.65]  pos=0  realized=0 fees=0 net=0 unrealized=0
2026-04-28T15:52:02.894020921 SPREAD NKE NYSE  [45]  45.01x800 | 45.02x2000  [45.03]  pos=-300  realized=0 fees=-0.19504 net=0.19504 unrealized=-6.5
2026-04-28T15:52:02.894030816 SPREAD SOFI NASDAQ  [0]  18.53x8000 | 18.54x8200  [18.58]  pos=800  realized=0 fees=-1.4176 net=1.4176 unrealized=-21
2026-04-28T15:52:02.894039769 SPREAD HOOD NASDAQ  [81.99]  82.01x200 | 82.02x600  [0]  pos=-100  realized=-12.71 fees=-3.314838 net=-9.395162 unrealized=1.5
2026-04-28T15:52:02.894046121 SPREAD XLE ARCA  [0]  57.68x23600 | 57.69x11800  [57.73]  pos=600  realized=0 fees=-1.0632 net=1.0632 unrealized=-17
2026-04-28T15:52:02.894060360 SPREAD FXI ARCA  [0]  36.27x41000 | 36.28x50200  [36.3]  pos=0  realized=0 fees=0 net=0 unrealized=0
2026-04-28T15:52:02.894067971 SPREAD VZ NYSE  [47.08]  47.1x1700 | 47.11x2300  [47.13]  pos=300  realized=6 fees=-1.24516 net=7.24516 unrealized=-2.5
2026-04-28T15:52:02.894078044 SPREAD INTC NASDAQ  [0]  84.09x100 | 84.1x400  [84.12]  pos=600  realized=7 fees=-6.357903 net=13.357903 unrealized=-7.4
2026-04-28T15:52:02.894088060 SPREAD PYPL NASDAQ  [0]  49.49x1200 | 49.51x900  [49.54]  pos=400  realized=4.5 fees=-1.640139 net=6.140139 unrealized=-26
2026-04-28T15:52:02.894109689 SPREAD CMCSA NASDAQ  [27.62]  27.64x5500 | 27.65x4800  [0]  pos=0  realized=3 fees=-0.277962 net=3.277962 unrealized=0
2026-04-28T15:52:02.922859783 HOOD error placing order: 40310000: insufficient buying power
2026-04-28T15:52:03.765616245 HOOD error placing order: 40310000: insufficient buying power
2026-04-28T15:52:03.795247633 HOOD error placing order: 40310000: insufficient buying power
2026-04-28T15:52:03.819530783 HOOD error placing order: 40310000: insufficient buying power
2026-04-28T15:52:03.849928080 HOOD error placing order: 40310000: insufficient buying power
2026-04-28T15:52:04.095156127 HOOD error placing order: 40310000: insufficient buying power
2026-04-28T15:52:04.490701515 HOOD error placing order: 40310000: insufficient buying power
2026-04-28T15:52:04.683014566 HOOD error placing order: 40310000: insufficient buying power
2026-04-28T15:52:04.806902607 HOOD error placing order: 40310000: insufficient buying power
2026-04-28T15:52:05.017964293 HOOD error placing order: 40310000: insufficient buying power
2026-04-28T15:52:05.334460407 INTC order partial_fill: partially_filled sell 100 @ 84.12 pos=580 filled=20/100
2026-04-28T15:52:05.334488252 INTC filled -20 @ 84.12 | pos=580 | fill_pnl=0.25334 | fee=0.005357 | realized=7.25334 | total_pnl=7.37664 | total_fees=-16.012399 | fills=212 shares=17520
2026-04-28T15:52:05.433410798 INTC order partial_fill: partially_filled sell 100 @ 84.12 pos=560 filled=40/100
2026-04-28T15:52:05.433436666 INTC filled -20 @ 84.12 | pos=560 | fill_pnl=0.25334 | fee=0.002557 | realized=7.50668 | total_pnl=7.62998 | total_fees=-16.009842 | fills=213 shares=17540
2026-04-28T15:52:05.433445696 INTC order partial_fill: partially_filled sell 100 @ 84.12 pos=512 filled=88/100
2026-04-28T15:52:05.433455472 INTC filled -48 @ 84.12 | pos=512 | fill_pnl=0.608016 | fee=0.006138 | realized=8.114696 | total_pnl=8.237996 | total_fees=-16.003704 | fills=214 shares=17588
2026-04-28T15:52:05.433465243 INTC order fill: filled sell 100 @ 84.12 pos=500 filled=100/100
2026-04-28T15:52:05.433474841 INTC filled -12 @ 84.12 | pos=500 | fill_pnl=0.152004 | fee=0.001534 | realized=8.2667 | total_pnl=8.39 | total_fees=-16.00217 | fills=215 shares=17600
2026-04-28T15:52:05.445189004 HOOD placed sell 100 @ 82.04 -> NASDAQ (pos=-100 spread=0.02 bid=82.01x500 ask=82.03x200)
2026-04-28T15:52:05.447114460 INTC placed sell 100 @ 84.14 -> NASDAQ (pos=500 spread=0.01 bid=84.11x1400 ask=84.12x100)
2026-04-28T15:52:05.454557251 HOOD order pending_new: pending_new sell 100 @ 82.04 pos=0 filled=0/100
2026-04-28T15:52:05.454595051 INTC order pending_new: pending_new sell 100 @ 84.14 pos=0 filled=0/100
2026-04-28T15:52:05.462000120 INTC error placing order: 40310000: insufficient buying power
2026-04-28T15:52:05.468807964 HOOD order new: new sell 100 @ 82.04 pos=0 filled=0/100
2026-04-28T15:52:05.468826323 INTC order new: new sell 100 @ 84.14 pos=0 filled=0/100
2026-04-28T15:52:05.580125153 HOOD order fill: filled sell 100 @ 82.04 pos=-200 filled=100/100
2026-04-28T15:52:05.580144772 HOOD filled -100 @ 82.04 | pos=-200 | fill_pnl=0 | fee=0.011302 | realized=-12.71 | total_pnl=8.39 | total_fees=-15.990868 | fills=216 shares=17700
2026-04-28T15:52:05.593983540 HOOD error placing order: 40310000: insufficient buying power
2026-04-28T15:52:05.681833154 INTC error placing order: 40310000: insufficient buying power
2026-04-28T15:52:05.907899282 HOOD replacing buy order: 81.99 -> 82.02 (pos=-200 spread=0.02 bid=82.03x1000 ask=82.05x1300)
2026-04-28T15:52:05.912033320 HOOD error placing order: 40310000: insufficient buying power
2026-04-28T15:52:05.915894417 INTC error placing order: 40310000: insufficient buying power
2026-04-28T15:52:05.933236557 HOOD order replaced: replaced buy 100 @ 81.99 pos=0 filled=0/100
2026-04-28T15:52:05.947861528 HOOD error placing order: 40310000: insufficient buying power
2026-04-28T15:52:06.004308418 INTC error placing order: 40310000: insufficient buying power
2026-04-28T15:52:06.008530125 HOOD error placing order: 40310000: insufficient buying power
2026-04-28T15:52:06.080012137 HOOD error placing order: 40310000: insufficient buying power
2026-04-28T15:52:06.130978617 HOOD error placing order: 40310000: insufficient buying power
2026-04-28T15:52:06.320497329 HOOD error placing order: 40310000: insufficient buying power
2026-04-28T15:52:06.324267735 INTC error placing order: 40310000: insufficient buying power
2026-04-28T15:52:06.564561195 HOOD error placing order: 40310000: insufficient buying power
2026-04-28T15:52:06.568876979 INTC error placing order: 40310000: insufficient buying power
2026-04-28T15:52:06.649553900 INTC error placing order: 40310000: insufficient buying power
2026-04-28T15:52:06.854628610 HOOD error placing order: 40310000: insufficient buying power
2026-04-28T15:52:06.873496148 INTC error placing order: 40310000: insufficient buying power
2026-04-28T15:52:06.919839138 HOOD error placing order: 40310000: insufficient buying power
2026-04-28T15:52:06.922659730 INTC error placing order: 40310000: insufficient buying power
2026-04-28T15:52:07.077400686 HOOD error placing order: 40310000: insufficient buying power
2026-04-28T15:52:07.194463092 HOOD error placing order: 40310000: insufficient buying power
2026-04-28T15:52:07.197713038 INTC error placing order: 40310000: insufficient buying power
2026-04-28T15:52:07.455618185 HOOD error placing order: 40310000: insufficient buying power
2026-04-28T15:52:07.458618210 INTC error placing order: 40310000: insufficient buying power
2026-04-28T15:52:07.481016471 INTC error placing order: 40310000: insufficient buying power
2026-04-28T15:52:07.675355758 HOOD error placing order: 40310000: insufficient buying power
2026-04-28T15:52:07.710055173 INTC error placing order: 40310000: insufficient buying power
2026-04-28T15:52:07.714978845 HOOD error placing order: 40310000: insufficient buying power
2026-04-28T15:52:07.752260271 HOOD error placing order: 40310000: insufficient buying power
2026-04-28T15:52:07.813294235 HOOD error placing order: 40310000: insufficient buying power
2026-04-28T15:52:07.894362296 BALANCE long=$125435 (5) short=$34593 (3) expose=$90843 | realize=8.39 fee=-15.990868 net=24.380868 unrealized=-70.5 equity=-46.119132 liquidate=-62.619132 | fills=216 pending=12 | ofails=54/246
2026-04-28T15:52:07.894404009 SPREAD XLE ARCA  [0]  57.68x21100 | 57.69x21100  [57.73]  pos=600  realized=0 fees=-1.0632 net=1.0632 unrealized=-17
2026-04-28T15:52:07.894413425 SPREAD FXI ARCA  [0]  36.27x45200 | 36.28x50000  [36.3]  pos=0  realized=0 fees=0 net=0 unrealized=0
2026-04-28T15:52:07.894422157 SPREAD VZ NYSE  [47.08]  47.1x1900 | 47.11x2400  [47.13]  pos=300  realized=6 fees=-1.24516 net=7.24516 unrealized=-2.5
2026-04-28T15:52:07.894430392 SPREAD INTC NASDAQ  [0]  84.12x500 | 84.13x600  [84.14]  pos=500  realized=8.2667 fees=-6.342317 net=14.609017 unrealized=8.8333
2026-04-28T15:52:07.894440053 SPREAD PYPL NASDAQ  [0]  49.5x1200 | 49.51x700  [49.54]  pos=400  realized=4.5 fees=-1.640139 net=6.140139 unrealized=-24
2026-04-28T15:52:07.894447568 SPREAD CMCSA NASDAQ  [27.62]  27.64x7100 | 27.65x4600  [0]  pos=0  realized=3 fees=-0.277962 net=3.277962 unrealized=0
2026-04-28T15:52:07.894454796 SPREAD DKNG NASDAQ  [23.36]  23.37x1300 | 23.38x500  [23.4]  pos=-200  realized=-0.6667 fees=-0.505914 net=-0.160786 unrealized=-2.3333
2026-04-28T15:52:07.894460808 SPREAD RIVN NASDAQ  [0]  16.1x2500 | 16.11x8800  [16.14]  pos=0  realized=0 fees=0 net=0 unrealized=0
2026-04-28T15:52:07.894467046 SPREAD AAL NASDAQ  [0]  11.61x19200 | 11.62x20700  [11.65]  pos=0  realized=0 fees=0 net=0 unrealized=0
2026-04-28T15:52:07.894476798 SPREAD NKE NYSE  [45]  45.01x2500 | 45.02x700  [45.03]  pos=-300  realized=0 fees=-0.19504 net=0.19504 unrealized=-6.5
2026-04-28T15:52:07.894484469 SPREAD SOFI NASDAQ  [0]  18.53x9600 | 18.54x8100  [18.58]  pos=800  realized=0 fees=-1.4176 net=1.4176 unrealized=-21
2026-04-28T15:52:07.894493754 SPREAD HOOD NASDAQ  [82.02]  82.06x400 | 82.07x500  [0]  pos=-200  realized=-12.71 fees=-3.303536 net=-9.406464 unrealized=-6
2026-04-28T15:52:08.136788363 INTC error placing order: 40310000: insufficient buying power
2026-04-28T15:52:08.159590484 INTC error placing order: 40310000: insufficient buying power
2026-04-28T15:52:08.322425964 INTC order partial_fill: partially_filled sell 100 @ 84.14 pos=452 filled=48/100
2026-04-28T15:52:08.322459084 INTC filled -48 @ 84.14 | pos=452 | fill_pnl=1.568016 | fee=0.008958 | realized=9.834716 | total_pnl=9.958016 | total_fees=-15.98191 | fills=217 shares=17748
2026-04-28T15:52:08.322476262 INTC order fill: filled sell 100 @ 84.14 pos=400 filled=100/100
2026-04-28T15:52:08.322484317 INTC filled -52 @ 84.14 | pos=400 | fill_pnl=1.698684 | fee=0.006671 | realized=11.5334 | total_pnl=11.6567 | total_fees=-15.975239 | fills=218 shares=17800
2026-04-28T15:52:08.337879294 INTC placed buy 100 @ 84.1 -> NASDAQ (pos=400 spread=0.01 bid=84.12x1500 ask=84.13x300)
2026-04-28T15:52:08.339938782 INTC placed sell 100 @ 84.15 -> NASDAQ (pos=400 spread=0.01 bid=84.12x1500 ask=84.13x300)
2026-04-28T15:52:08.348983911 INTC order pending_new: pending_new buy 100 @ 84.1 pos=0 filled=0/100
2026-04-28T15:52:08.349001104 INTC order pending_new: pending_new sell 100 @ 84.15 pos=0 filled=0/100
2026-04-28T15:52:08.362401114 INTC order new: new buy 100 @ 84.1 pos=0 filled=0/100
2026-04-28T15:52:08.362419603 INTC order new: new sell 100 @ 84.15 pos=0 filled=0/100
2026-04-28T15:52:08.628815412 HOOD error placing order: 40310000: insufficient buying power
2026-04-28T15:52:08.729689202 HOOD error placing order: 40310000: insufficient buying power
2026-04-28T15:52:08.878767674 HOOD error placing order: 40310000: insufficient buying power
2026-04-28T15:52:09.161502108 HOOD error placing order: 40310000: insufficient buying power
2026-04-28T15:52:09.227223066 HOOD error placing order: 40310000: insufficient buying power
2026-04-28T15:52:09.363136834 HOOD error placing order: 40310000: insufficient buying power
2026-04-28T15:52:10.107373797 HOOD error placing order: 40310000: insufficient buying power
2026-04-28T15:52:10.391980171 HOOD error placing order: 40310000: insufficient buying power
2026-04-28T15:52:10.570818369 INTC order fill: filled sell 100 @ 84.15 pos=300 filled=100/100
2026-04-28T15:52:10.570842442 INTC filled -100 @ 84.15 | pos=300 | fill_pnl=4.2666 | fee=0.015649 | realized=15.8 | total_pnl=15.9233 | total_fees=-15.95959 | fills=219 shares=17900
2026-04-28T15:52:10.587798562 INTC placed sell 100 @ 84.17 -> NASDAQ (pos=300 spread=0.01 bid=84.14x300 ask=84.15x9900)
2026-04-28T15:52:10.598564257 INTC order pending_new: pending_new sell 100 @ 84.17 pos=0 filled=0/100
2026-04-28T15:52:10.613360482 INTC order new: new sell 100 @ 84.17 pos=0 filled=0/100
2026-04-28T15:52:10.864154692 INTC replacing buy order: 84.1 -> 84.13 (pos=300 spread=0.02 bid=84.14x1500 ask=84.16x800)
2026-04-28T15:52:10.888083195 INTC order replaced: replaced buy 100 @ 84.1 pos=0 filled=0/100
2026-04-28T15:52:11.483782893 HOOD placed sell 100 @ 82.08 -> NASDAQ (pos=-200 spread=0.02 bid=82.05x1000 ask=82.07x600)
2026-04-28T15:52:11.494405707 HOOD order pending_new: pending_new sell 100 @ 82.08 pos=0 filled=0/100
2026-04-28T15:52:11.508967117 HOOD order new: new sell 100 @ 82.08 pos=0 filled=0/100
2026-04-28T15:52:12.450644571 HOOD replacing buy order: 82.02 -> 82.05 (pos=-200 spread=0.02 bid=82.06x700 ask=82.08x400)
2026-04-28T15:52:12.478716652 HOOD order replaced: replaced buy 100 @ 82.02 pos=0 filled=0/100
2026-04-28T15:52:12.573717962 HOOD order fill: filled sell 100 @ 82.08 pos=-300 filled=100/100
2026-04-28T15:52:12.573739321 HOOD filled -100 @ 82.08 | pos=-300 | fill_pnl=0 | fee=0.011385 | realized=-12.71 | total_pnl=15.9233 | total_fees=-15.948205 | fills=220 shares=18000
2026-04-28T15:52:12.586860337 HOOD error placing order: 40310000: insufficient buying power
2026-04-28T15:52:12.727341315 HOOD error placing order: 40310000: insufficient buying power
2026-04-28T15:52:12.894432480 BALANCE long=$108621 (5) short=$42810 (3) expose=$65811 | realize=15.9233 fee=-15.948205 net=31.871505 unrealized=-72.5333 equity=-40.661795 liquidate=-59.661795 | fills=220 pending=12 | ofails=66/262
2026-04-28T15:52:12.894494143 SPREAD SOFI NASDAQ  [0]  18.53x9600 | 18.54x8600  [18.58]  pos=800  realized=0 fees=-1.4176 net=1.4176 unrealized=-21
2026-04-28T15:52:12.894506637 SPREAD HOOD NASDAQ  [82.05]  82.08x200 | 82.1x2000  [0]  pos=-300  realized=-12.71 fees=-3.292151 net=-9.417849 unrealized=-12
2026-04-28T15:52:12.894515497 SPREAD XLE ARCA  [0]  57.68x17600 | 57.69x26300  [57.73]  pos=600  realized=0 fees=-1.0632 net=1.0632 unrealized=-17
2026-04-28T15:52:12.894523002 SPREAD FXI ARCA  [0]  36.27x62200 | 36.28x22700  [36.3]  pos=0  realized=0 fees=0 net=0 unrealized=0
2026-04-28T15:52:12.894533805 SPREAD VZ NYSE  [47.08]  47.1x1300 | 47.11x3700  [47.13]  pos=300  realized=6 fees=-1.24516 net=7.24516 unrealized=-2.5
2026-04-28T15:52:12.894543571 SPREAD INTC NASDAQ  [84.13]  84.15x1400 | 84.17x800  [84.17]  pos=300  realized=15.8 fees=-6.311039 net=22.111039 unrealized=15.8
2026-04-28T15:52:12.894550470 SPREAD PYPL NASDAQ  [0]  49.5x1200 | 49.51x700  [49.54]  pos=400  realized=4.5 fees=-1.640139 net=6.140139 unrealized=-24
2026-04-28T15:52:12.894557714 SPREAD CMCSA NASDAQ  [27.62]  27.63x5000 | 27.64x5200  [0]  pos=0  realized=3 fees=-0.277962 net=3.277962 unrealized=0
2026-04-28T15:52:12.894565372 SPREAD DKNG NASDAQ  [23.36]  23.37x1300 | 23.38x800  [23.4]  pos=-200  realized=-0.6667 fees=-0.505914 net=-0.160786 unrealized=-2.3333
2026-04-28T15:52:12.894574018 SPREAD RIVN NASDAQ  [0]  16.1x1700 | 16.11x8600  [16.14]  pos=0  realized=0 fees=0 net=0 unrealized=0
2026-04-28T15:52:12.894579330 SPREAD AAL NASDAQ  [0]  11.61x18800 | 11.62x20300  [11.65]  pos=0  realized=0 fees=0 net=0 unrealized=0
2026-04-28T15:52:12.894586360 SPREAD NKE NYSE  [45]  45.02x1900 | 45.03x800  [45.03]  pos=-300  realized=0 fees=-0.19504 net=0.19504 unrealized=-9.5
2026-04-28T15:52:13.150944573 HOOD error placing order: 40310000: insufficient buying power
2026-04-28T15:52:13.424053429 HOOD error placing order: 40310000: insufficient buying power
2026-04-28T15:52:13.567034989 HOOD error placing order: 40310000: insufficient buying power
2026-04-28T15:52:14.039918151 HOOD error placing order: 40310000: insufficient buying power
2026-04-28T15:52:14.230407141 INTC order fill: filled sell 100 @ 84.17 pos=200 filled=100/100
2026-04-28T15:52:14.230430688 INTC filled -100 @ 84.17 | pos=200 | fill_pnl=6.2667 | fee=0.01569 | realized=22.0667 | total_pnl=22.19 | total_fees=-15.932515 | fills=221 shares=18100
2026-04-28T15:52:14.241826916 INTC placed sell 100 @ 84.18 -> NASDAQ (pos=200 spread=0.01 bid=84.15x3300 ask=84.16x200)
2026-04-28T15:52:14.254280462 INTC order pending_new: pending_new sell 100 @ 84.18 pos=0 filled=0/100
2026-04-28T15:52:14.265505609 INTC order new: new sell 100 @ 84.18 pos=0 filled=0/100
2026-04-28T15:52:14.390033397 HOOD replacing buy order: 82.05 -> 82.08 (pos=-300 spread=0.02 bid=82.09x600 ask=82.11x800)
2026-04-28T15:52:14.399640746 HOOD error placing order: 40310000: insufficient buying power
2026-04-28T15:52:14.415267451 HOOD order replaced: replaced buy 100 @ 82.05 pos=0 filled=0/100
2026-04-28T15:52:14.429808980 HOOD error placing order: 40310000: insufficient buying power
2026-04-28T15:52:14.806400124 HOOD error placing order: 40310000: insufficient buying power
2026-04-28T15:52:15.238901135 HOOD error placing order: 40310000: insufficient buying power
2026-04-28T15:52:15.657339225 XLE replacing sell order: 57.73 -> 57.7 (pos=600 spread=0 bid=57.68x500 ask=57.68x21100)
2026-04-28T15:52:15.682680285 XLE order replaced: replaced sell 100 @ 57.73 pos=0 filled=0/100
2026-04-28T15:52:16.319181299 HOOD error placing order: 40310000: insufficient buying power
2026-04-28T15:52:16.821361964 HOOD error placing order: 40310000: insufficient buying power
2026-04-28T15:52:17.430876908 HOOD error placing order: 40310000: insufficient buying power
2026-04-28T15:52:17.690137317 HOOD error placing order: 40310000: insufficient buying power
2026-04-28T15:52:17.936059825 INTC order fill: filled buy 100 @ 84.13 pos=300 filled=100/100
2026-04-28T15:52:17.936082158 INTC filled 100 @ 84.13 | pos=300 | fill_pnl=0 | fee=-0.1772 | realized=22.0667 | total_pnl=22.19 | total_fees=-16.109715 | fills=222 shares=18200
2026-04-28T15:52:17.959331685 INTC placed buy 100 @ 84.11 -> NASDAQ (pos=300 spread=0.01 bid=84.13x200 ask=84.14x400)
2026-04-28T15:52:17.971245160 INTC order pending_new: pending_new buy 100 @ 84.11 pos=0 filled=0/100
2026-04-28T15:52:17.983462499 INTC order new: new buy 100 @ 84.11 pos=0 filled=0/100
2026-04-28T15:52:18.150409008 INTC replacing sell order: 84.18 -> 84.15 (pos=300 spread=0.02 bid=84.12x1500 ask=84.14x600)
2026-04-28T15:52:18.175256050 INTC order replaced: replaced sell 100 @ 84.18 pos=0 filled=0/100
2026-04-28T15:52:18.335137944 HOOD error placing order: 40310000: insufficient buying power
2026-04-28T15:52:18.558954902 HOOD error placing order: 40310000: insufficient buying power
2026-04-28T15:52:18.623608768 HOOD error placing order: 40310000: insufficient buying power
2026-04-28T15:52:18.843446797 HOOD error placing order: 40310000: insufficient buying power
2026-04-28T15:52:18.894519059 BALANCE long=$108601 (5) short=$42822 (3) expose=$65779 | realize=22.19 fee=-16.109715 net=38.299715 unrealized=-106.8 equity=-68.500285 liquidate=-84.500285 | fills=222 pending=12 | ofails=82/280
2026-04-28T15:52:18.894560718 SPREAD FXI ARCA  [0]  36.27x62200 | 36.28x30400  [36.3]  pos=0  realized=0 fees=0 net=0 unrealized=0
2026-04-28T15:52:18.894577991 SPREAD VZ NYSE  [47.08]  47.09x1400 | 47.1x1500  [47.13]  pos=300  realized=6 fees=-1.24516 net=7.24516 unrealized=-5.5
2026-04-28T15:52:18.894594313 SPREAD INTC NASDAQ  [84.11]  84.12x200 | 84.13x600  [84.15]  pos=300  realized=22.0667 fees=-6.472549 net=28.539249 unrealized=3.0333
2026-04-28T15:52:18.894604829 SPREAD PYPL NASDAQ  [0]  49.5x1200 | 49.51x2200  [49.54]  pos=400  realized=4.5 fees=-1.640139 net=6.140139 unrealized=-24
2026-04-28T15:52:18.894614674 SPREAD CMCSA NASDAQ  [27.62]  27.63x4300 | 27.64x5800  [0]  pos=0  realized=3 fees=-0.277962 net=3.277962 unrealized=0
2026-04-28T15:52:18.894625487 SPREAD DKNG NASDAQ  [23.36]  23.38x1800 | 23.39x400  [23.4]  pos=-200  realized=-0.6667 fees=-0.505914 net=-0.160786 unrealized=-4.3333
2026-04-28T15:52:18.894634819 SPREAD RIVN NASDAQ  [0]  16.1x1700 | 16.11x8900  [16.14]  pos=0  realized=0 fees=0 net=0 unrealized=0
2026-04-28T15:52:18.894643334 SPREAD AAL NASDAQ  [0]  11.61x18800 | 11.62x24300  [11.65]  pos=0  realized=0 fees=0 net=0 unrealized=0
2026-04-28T15:52:18.894654064 SPREAD NKE NYSE  [45]  45.02x1900 | 45.03x1000  [45.03]  pos=-300  realized=0 fees=-0.19504 net=0.19504 unrealized=-9.5
2026-04-28T15:52:18.894661425 SPREAD SOFI NASDAQ  [0]  18.53x12100 | 18.54x8600  [18.58]  pos=800  realized=0 fees=-1.4176 net=1.4176 unrealized=-21
2026-04-28T15:52:18.894672326 SPREAD HOOD NASDAQ  [82.08]  82.12x100 | 82.13x900  [0]  pos=-300  realized=-12.71 fees=-3.292151 net=-9.417849 unrealized=-22.5
2026-04-28T15:52:18.894680461 SPREAD XLE ARCA  [0]  57.67x9300 | 57.68x35400  [57.7]  pos=600  realized=0 fees=-1.0632 net=1.0632 unrealized=-23
2026-04-28T15:52:19.126285751 HOOD error placing order: 40310000: insufficient buying power
2026-04-28T15:52:19.225826294 HOOD error placing order: 40310000: insufficient buying power
2026-04-28T15:52:19.917859899 HOOD error placing order: 40310000: insufficient buying power
2026-04-28T15:52:20.043589546 INTC order fill: filled buy 100 @ 84.11 pos=400 filled=100/100
2026-04-28T15:52:20.043617994 INTC filled 100 @ 84.11 | pos=400 | fill_pnl=0 | fee=-0.1772 | realized=22.0667 | total_pnl=22.19 | total_fees=-16.286915 | fills=223 shares=18300
2026-04-28T15:52:20.077131681 INTC error placing order: 40310000: insufficient buying power
2026-04-28T15:52:20.335841599 INTC replacing sell order: 84.15 -> 84.12 (pos=400 spread=0.02 bid=84.09x500 ask=84.11x1000)
2026-04-28T15:52:20.356555896 HOOD error placing order: 40310000: insufficient buying power
2026-04-28T15:52:20.370154062 INTC order replaced: replaced sell 100 @ 84.15 pos=0 filled=0/100
2026-04-28T15:52:20.371146848 INTC error placing order: 40310000: insufficient buying power
2026-04-28T15:52:20.388518611 INTC replacing sell order: 84.12 -> 84.09 (pos=400 spread=0.01 bid=84.06x200 ask=84.07x100)
2026-04-28T15:52:20.422081611 INTC order replaced: replaced sell 100 @ 84.12 pos=0 filled=0/100
2026-04-28T15:52:20.451563676 INTC error placing order: 40310000: insufficient buying power
2026-04-28T15:52:20.778624621 HOOD error placing order: 40310000: insufficient buying power
2026-04-28T15:52:20.790893625 INTC error placing order: 40310000: insufficient buying power
2026-04-28T15:52:21.063652355 INTC error placing order: 40310000: insufficient buying power
2026-04-28T15:52:21.305707285 INTC error placing order: 40310000: insufficient buying power
2026-04-28T15:52:21.311567927 HOOD error placing order: 40310000: insufficient buying power
2026-04-28T15:52:21.726106753 INTC error placing order: 40310000: insufficient buying power
2026-04-28T15:52:21.946163557 HOOD error placing order: 40310000: insufficient buying power
2026-04-28T15:52:21.952435050 INTC error placing order: 40310000: insufficient buying power
2026-04-28T15:52:22.210559167 INTC error placing order: 40310000: insufficient buying power
2026-04-28T15:52:22.573430525 HOOD replacing buy order: 82.08 -> 82.11 (pos=-300 spread=0.02 bid=82.12x500 ask=82.14x300)
2026-04-28T15:52:22.577887537 HOOD error placing order: 40310000: insufficient buying power
2026-04-28T15:52:22.580889945 INTC error placing order: 40310000: insufficient buying power
2026-04-28T15:52:22.598424285 HOOD order replaced: replaced buy 100 @ 82.08 pos=0 filled=0/100
2026-04-28T15:52:22.615376715 HOOD error placing order: 40310000: insufficient buying power
2026-04-28T15:52:22.740822868 NKE order fill: filled sell 100 @ 45.03 pos=-400 filled=100/100
2026-04-28T15:52:22.740841690 NKE filled -100 @ 45.03 | pos=-400 | fill_pnl=0 | fee=-0.064938 | realized=0 | total_pnl=22.19 | total_fees=-16.351853 | fills=224 shares=18400
2026-04-28T15:52:22.756054401 NKE error placing order: 40310000: insufficient buying power
2026-04-28T15:52:22.775401202 INTC error placing order: 40310000: insufficient buying power
2026-04-28T15:52:22.779003108 HOOD error placing order: 40310000: insufficient buying power
2026-04-28T15:52:22.785978089 NKE error placing order: 40310000: insufficient buying power
2026-04-28T15:52:22.791185644 HOOD error placing order: 40310000: insufficient buying power
2026-04-28T15:52:22.979004668 NKE error placing order: 40310000: insufficient buying power
2026-04-28T15:52:22.982525170 HOOD error placing order: 40310000: insufficient buying power
2026-04-28T15:52:23.044073915 HOOD error placing order: 40310000: insufficient buying power
2026-04-28T15:52:23.190128835 HOOD error placing order: 40310000: insufficient buying power
2026-04-28T15:52:23.213499202 NKE error placing order: 40310000: insufficient buying power
2026-04-28T15:52:23.217680837 INTC error placing order: 40310000: insufficient buying power
2026-04-28T15:52:23.396266658 INTC error placing order: 40310000: insufficient buying power
2026-04-28T15:52:23.399619953 HOOD error placing order: 40310000: insufficient buying power
2026-04-28T15:52:23.452646541 HOOD error placing order: 40310000: insufficient buying power
2026-04-28T15:52:23.455871633 INTC error placing order: 40310000: insufficient buying power
2026-04-28T15:52:23.458771158 NKE error placing order: 40310000: insufficient buying power
2026-04-28T15:52:23.826887259 INTC error placing order: 40310000: insufficient buying power
2026-04-28T15:52:23.831414143 HOOD error placing order: 40310000: insufficient buying power
2026-04-28T15:52:23.838413334 NKE error placing order: 40310000: insufficient buying power
2026-04-28T15:52:23.868711247 HOOD error placing order: 40310000: insufficient buying power
2026-04-28T15:52:24.105740798 NKE error placing order: 40310000: insufficient buying power
2026-04-28T15:52:24.109294265 INTC error placing order: 40310000: insufficient buying power
2026-04-28T15:52:24.113065770 HOOD error placing order: 40310000: insufficient buying power
2026-04-28T15:52:24.302761026 INTC error placing order: 40310000: insufficient buying power
2026-04-28T15:52:24.305913048 HOOD error placing order: 40310000: insufficient buying power
2026-04-28T15:52:24.308832616 NKE error placing order: 40310000: insufficient buying power
2026-04-28T15:52:24.530576357 HOOD error placing order: 40310000: insufficient buying power
2026-04-28T15:52:24.538296620 INTC error placing order: 40310000: insufficient buying power
2026-04-28T15:52:24.618616040 NKE error placing order: 40310000: insufficient buying power
2026-04-28T15:52:24.623188178 HOOD error placing order: 40310000: insufficient buying power
2026-04-28T15:52:24.627320049 INTC error placing order: 40310000: insufficient buying power
2026-04-28T15:52:24.828470549 INTC error placing order: 40310000: insufficient buying power
2026-04-28T15:52:24.894491428 BALANCE long=$117002 (5) short=$47329 (3) expose=$69673 | realize=22.19 fee=-16.351853 net=38.541853 unrealized=-120.8 equity=-82.258147 liquidate=-99.258147 | fills=224 pending=12 | ofails=133/331
2026-04-28T15:52:24.894539240 SPREAD INTC NASDAQ  [0]  84.08x100 | 84.09x800  [84.09]  pos=400  realized=22.0667 fees=-6.649749 net=28.716449 unrealized=-11.4667
2026-04-28T15:52:24.894550803 SPREAD PYPL NASDAQ  [0]  49.51x1200 | 49.52x900  [49.54]  pos=400  realized=4.5 fees=-1.640139 net=6.140139 unrealized=-20
2026-04-28T15:52:24.894560797 SPREAD CMCSA NASDAQ  [27.62]  27.63x4000 | 27.64x7500  [0]  pos=0  realized=3 fees=-0.277962 net=3.277962 unrealized=0
2026-04-28T15:52:24.894570050 SPREAD DKNG NASDAQ  [23.36]  23.38x1800 | 23.39x300  [23.4]  pos=-200  realized=-0.6667 fees=-0.505914 net=-0.160786 unrealized=-4.3333
2026-04-28T15:52:24.894577158 SPREAD RIVN NASDAQ  [0]  16.09x4600 | 16.1x4200  [16.14]  pos=0  realized=0 fees=0 net=0 unrealized=0
2026-04-28T15:52:24.894586716 SPREAD AAL NASDAQ  [0]  11.61x29300 | 11.62x15100  [11.65]  pos=0  realized=0 fees=0 net=0 unrealized=0
2026-04-28T15:52:24.894593023 SPREAD NKE NYSE  [45]  45.03x2200 | 45.04x800  [0]  pos=-400  realized=0 fees=-0.259978 net=0.259978 unrealized=-13
2026-04-28T15:52:24.894599970 SPREAD SOFI NASDAQ  [0]  18.53x9200 | 18.54x3500  [18.58]  pos=800  realized=0 fees=-1.4176 net=1.4176 unrealized=-21
2026-04-28T15:52:24.894611890 SPREAD HOOD NASDAQ  [82.11]  82.12x300 | 82.13x500  [0]  pos=-300  realized=-12.71 fees=-3.292151 net=-9.417849 unrealized=-22.5
2026-04-28T15:52:24.894623446 SPREAD XLE ARCA  [0]  57.67x22200 | 57.68x22000  [57.7]  pos=600  realized=0 fees=-1.0632 net=1.0632 unrealized=-23
2026-04-28T15:52:24.894632706 SPREAD FXI ARCA  [0]  36.27x62300 | 36.28x32800  [36.3]  pos=0  realized=0 fees=0 net=0 unrealized=0
2026-04-28T15:52:24.894643088 SPREAD VZ NYSE  [47.08]  47.09x2300 | 47.1x500  [47.13]  pos=300  realized=6 fees=-1.24516 net=7.24516 unrealized=-5.5
2026-04-28T15:52:24.916805204 NKE error placing order: 40310000: insufficient buying power
2026-04-28T15:52:24.920184207 HOOD error placing order: 40310000: insufficient buying power
2026-04-28T15:52:25.116033399 INTC error placing order: 40310000: insufficient buying power
2026-04-28T15:52:25.210183723 HOOD error placing order: 40310000: insufficient buying power
2026-04-28T15:52:25.218064819 NKE error placing order: 40310000: insufficient buying power
2026-04-28T15:52:25.219822955 INTC error placing order: 40310000: insufficient buying power
2026-04-28T15:52:25.255424592 INTC error placing order: 40310000: insufficient buying power
2026-04-28T15:52:25.504526827 INTC error placing order: 40310000: insufficient buying power
2026-04-28T15:52:25.617625708 HOOD error placing order: 40310000: insufficient buying power
2026-04-28T15:52:25.621409922 INTC error placing order: 40310000: insufficient buying power
2026-04-28T15:52:25.638868949 NKE error placing order: 40310000: insufficient buying power
2026-04-28T15:52:26.056505516 INTC order fill: filled sell 100 @ 84.09 pos=300 filled=100/100
2026-04-28T15:52:26.056531753 INTC filled -100 @ 84.09 | pos=300 | fill_pnl=-2.3667 | fee=0.015525 | realized=19.7 | total_pnl=19.8233 | total_fees=-16.336328 | fills=225 shares=18500
2026-04-28T15:52:26.074068664 INTC placed buy 100 @ 84.06 -> NASDAQ (pos=300 spread=0.01 bid=84.08x200 ask=84.09x1200)
2026-04-28T15:52:26.076261776 INTC placed sell 100 @ 84.11 -> NASDAQ (pos=300 spread=0.01 bid=84.08x200 ask=84.09x1200)
2026-04-28T15:52:26.087159045 INTC order pending_new: pending_new buy 100 @ 84.06 pos=0 filled=0/100
2026-04-28T15:52:26.087178760 INTC order pending_new: pending_new sell 100 @ 84.11 pos=0 filled=0/100
2026-04-28T15:52:26.099210724 INTC order new: new buy 100 @ 84.06 pos=0 filled=0/100
2026-04-28T15:52:26.099227266 INTC order new: new sell 100 @ 84.11 pos=0 filled=0/100
2026-04-28T15:52:26.382459280 HOOD error placing order: 40310000: insufficient buying power
2026-04-28T15:52:26.385524544 NKE error placing order: 40310000: insufficient buying power
2026-04-28T15:52:26.403429572 NKE error placing order: 40310000: insufficient buying power
2026-04-28T15:52:26.425631612 NKE error placing order: 40310000: insufficient buying power
2026-04-28T15:52:26.613291313 NKE error placing order: 40310000: insufficient buying power
2026-04-28T15:52:26.819213910 HOOD error placing order: 40310000: insufficient buying power
2026-04-28T15:52:26.822585590 NKE error placing order: 40310000: insufficient buying power
2026-04-28T15:52:26.963784235 HOOD error placing order: 40310000: insufficient buying power
2026-04-28T15:52:27.193929564 HOOD error placing order: 40310000: insufficient buying power
2026-04-28T15:52:27.464516941 HOOD error placing order: 40310000: insufficient buying power
2026-04-28T15:52:27.467729957 NKE error placing order: 40310000: insufficient buying power
2026-04-28T15:52:27.486038271 NKE error placing order: 40310000: insufficient buying power
2026-04-28T15:52:27.719331188 NKE error placing order: 40310000: insufficient buying power
2026-04-28T15:52:27.722366043 HOOD error placing order: 40310000: insufficient buying power
2026-04-28T15:52:27.766661963 NKE error placing order: 40310000: insufficient buying power
2026-04-28T15:52:27.855115027 HOOD error placing order: 40310000: insufficient buying power
2026-04-28T15:52:28.033929552 HOOD error placing order: 40310000: insufficient buying power
2026-04-28T15:52:28.037769227 NKE error placing order: 40310000: insufficient buying power
2026-04-28T15:52:28.175635497 HOOD error placing order: 40310000: insufficient buying power
2026-04-28T15:52:28.782575935 HOOD error placing order: 40310000: insufficient buying power
2026-04-28T15:52:28.858950133 HOOD error placing order: 40310000: insufficient buying power
2026-04-28T15:52:28.883359307 HOOD error placing order: 40310000: insufficient buying power
2026-04-28T15:52:29.188104321 NKE error placing order: 40310000: insufficient buying power
2026-04-28T15:52:29.243984364 NKE error placing order: 40310000: insufficient buying power
2026-04-28T15:52:29.586568450 NKE error placing order: 40310000: insufficient buying power
2026-04-28T15:52:29.868118071 HOOD error placing order: 40310000: insufficient buying power
2026-04-28T15:52:30.065421286 NKE error placing order: 40310000: insufficient buying power
2026-04-28T15:52:30.073656239 HOOD error placing order: 40310000: insufficient buying power
2026-04-28T15:52:30.491176120 HOOD error placing order: 40310000: insufficient buying power
2026-04-28T15:52:30.494262831 NKE error placing order: 40310000: insufficient buying power
2026-04-28T15:52:30.659392592 HOOD error placing order: 40310000: insufficient buying power
2026-04-28T15:52:30.806161192 HOOD error placing order: 40310000: insufficient buying power
2026-04-28T15:52:30.893819232 BALANCE long=$108597 (5) short=$47329 (3) expose=$61269 | realize=19.8233 fee=-16.336328 net=36.159628 unrealized=-113.9333 equity=-77.773672 liquidate=-94.273672 | fills=225 pending=12 | ofails=176/376
2026-04-28T15:52:30.893847636 SPREAD CMCSA NASDAQ  [27.62]  27.63x3600 | 27.64x7500  [0]  pos=0  realized=3 fees=-0.277962 net=3.277962 unrealized=0
2026-04-28T15:52:30.893859902 SPREAD DKNG NASDAQ  [23.36]  23.38x1900 | 23.39x200  [23.4]  pos=-200  realized=-0.6667 fees=-0.505914 net=-0.160786 unrealized=-4.3333
2026-04-28T15:52:30.893867748 SPREAD RIVN NASDAQ  [0]  16.09x4500 | 16.1x3600  [16.14]  pos=0  realized=0 fees=0 net=0 unrealized=0
2026-04-28T15:52:30.893883654 SPREAD AAL NASDAQ  [0]  11.61x32300 | 11.62x19000  [11.65]  pos=0  realized=0 fees=0 net=0 unrealized=0
2026-04-28T15:52:30.893893324 SPREAD NKE NYSE  [45]  45.03x800 | 45.04x1100  [0]  pos=-400  realized=0 fees=-0.259978 net=0.259978 unrealized=-13
2026-04-28T15:52:30.893898181 SPREAD SOFI NASDAQ  [0]  18.53x11000 | 18.54x4300  [18.58]  pos=800  realized=0 fees=-1.4176 net=1.4176 unrealized=-21
2026-04-28T15:52:30.893907475 SPREAD HOOD NASDAQ  [82.11]  82.12x200 | 82.13x600  [0]  pos=-300  realized=-12.71 fees=-3.292151 net=-9.417849 unrealized=-22.5
2026-04-28T15:52:30.893911972 SPREAD XLE ARCA  [0]  57.67x23900 | 57.68x11400  [57.7]  pos=600  realized=0 fees=-1.0632 net=1.0632 unrealized=-23
2026-04-28T15:52:30.893919099 SPREAD FXI ARCA  [0]  36.27x61500 | 36.28x32300  [36.3]  pos=0  realized=0 fees=0 net=0 unrealized=0
2026-04-28T15:52:30.893924282 SPREAD VZ NYSE  [47.08]  47.08x1900 | 47.09x2100  [47.13]  pos=300  realized=6 fees=-1.24516 net=7.24516 unrealized=-8.5
2026-04-28T15:52:30.893931182 SPREAD INTC NASDAQ  [84.06]  84.09x800 | 84.1x200  [84.11]  pos=300  realized=19.7 fees=-6.634224 net=26.334224 unrealized=-5.6
2026-04-28T15:52:30.893938137 SPREAD PYPL NASDAQ  [0]  49.52x1100 | 49.53x200  [49.54]  pos=400  realized=4.5 fees=-1.640139 net=6.140139 unrealized=-16
2026-04-28T15:52:31.122154956 HOOD error placing order: 40310000: insufficient buying power
2026-04-28T15:52:31.430904260 HOOD error placing order: 40310000: insufficient buying power
2026-04-28T15:52:31.585105283 NKE error placing order: 40310000: insufficient buying power
2026-04-28T15:52:31.588575670 HOOD error placing order: 40310000: insufficient buying power
2026-04-28T15:52:31.835753960 NKE error placing order: 40310000: insufficient buying power
2026-04-28T15:52:31.840035081 HOOD error placing order: 40310000: insufficient buying power
2026-04-28T15:52:32.230444806 HOOD error placing order: 40310000: insufficient buying power
2026-04-28T15:52:32.257540512 PYPL order fill: filled sell 100 @ 49.54 pos=300 filled=100/100
2026-04-28T15:52:32.257553996 PYPL filled -100 @ 49.54 | pos=300 | fill_pnl=-2.5 | fee=-0.055648 | realized=2 | total_pnl=17.3233 | total_fees=-16.391976 | fills=226 shares=18600
2026-04-28T15:52:32.273256356 PYPL placed buy 100 @ 49.51 -> NASDAQ (pos=300 spread=0.01 bid=49.53x1100 ask=49.54x700)
2026-04-28T15:52:32.275651928 PYPL placed sell 100 @ 49.56 -> NASDAQ (pos=300 spread=0.01 bid=49.53x1100 ask=49.54x700)
2026-04-28T15:52:32.284498913 PYPL order pending_new: pending_new buy 100 @ 49.51 pos=0 filled=0/100
2026-04-28T15:52:32.284518885 PYPL order pending_new: pending_new sell 100 @ 49.56 pos=0 filled=0/100
2026-04-28T15:52:32.296878105 PYPL order new: new buy 100 @ 49.51 pos=0 filled=0/100
2026-04-28T15:52:32.296892203 PYPL order new: new sell 100 @ 49.56 pos=0 filled=0/100
2026-04-28T15:52:32.657592735 HOOD error placing order: 40310000: insufficient buying power
2026-04-28T15:52:32.661092327 NKE error placing order: 40310000: insufficient buying power
2026-04-28T15:52:32.692694742 HOOD error placing order: 40310000: insufficient buying power
2026-04-28T15:52:32.961268932 HOOD error placing order: 40310000: insufficient buying power
2026-04-28T15:52:33.137336325 HOOD error placing order: 40310000: insufficient buying power
2026-04-28T15:52:33.161895479 HOOD error placing order: 40310000: insufficient buying power
2026-04-28T15:52:33.302412250 HOOD error placing order: 40310000: insufficient buying power
2026-04-28T15:52:33.472022252 HOOD error placing order: 40310000: insufficient buying power
2026-04-28T15:52:33.865418171 NKE error placing order: 40310000: insufficient buying power
2026-04-28T15:52:33.868536081 HOOD error placing order: 40310000: insufficient buying power
2026-04-28T15:52:34.075748312 HOOD error placing order: 40310000: insufficient buying power
2026-04-28T15:52:34.375167604 NKE error placing order: 40310000: insufficient buying power
2026-04-28T15:52:34.396067611 HOOD error placing order: 40310000: insufficient buying power
2026-04-28T15:52:34.635268294 HOOD error placing order: 40310000: insufficient buying power
2026-04-28T15:52:34.795743866 HOOD error placing order: 40310000: insufficient buying power
2026-04-28T15:52:34.898966959 HOOD error placing order: 40310000: insufficient buying power
2026-04-28T15:52:35.098867403 HOOD error placing order: 40310000: insufficient buying power
2026-04-28T15:52:35.352457384 HOOD error placing order: 40310000: insufficient buying power
2026-04-28T15:52:35.706661843 INTC order fill: filled sell 100 @ 84.11 pos=200 filled=100/100
2026-04-28T15:52:35.706682352 INTC filled -100 @ 84.11 | pos=200 | fill_pnl=-0.3667 | fee=0.015567 | realized=19.3333 | total_pnl=16.9566 | total_fees=-16.376409 | fills=227 shares=18700
2026-04-28T15:52:35.719796252 INTC placed sell 100 @ 84.12 -> NASDAQ (pos=200 spread=0.01 bid=84.09x600 ask=84.1x600)
2026-04-28T15:52:35.731225652 INTC order pending_new: pending_new sell 100 @ 84.12 pos=0 filled=0/100
2026-04-28T15:52:35.743694296 INTC order new: new sell 100 @ 84.12 pos=0 filled=0/100
2026-04-28T15:52:35.758211011 HOOD error placing order: 40310000: insufficient buying power
2026-04-28T15:52:35.793921132 HOOD error placing order: 40310000: insufficient buying power
2026-04-28T15:52:35.799896357 INTC replacing buy order: 84.06 -> 84.09 (pos=200 spread=0.02 bid=84.1x700 ask=84.12x600)
2026-04-28T15:52:35.805318335 NKE placed sell 100 @ 45.06 -> NYSE (pos=-400 spread=0.01 bid=45.03x1200 ask=45.04x1100)
2026-04-28T15:52:35.818714847 NKE order pending_new: pending_new sell 100 @ 45.06 pos=0 filled=0/100
2026-04-28T15:52:35.818728048 INTC order replaced: replaced buy 100 @ 84.06 pos=0 filled=0/100
2026-04-28T15:52:35.828139897 NKE order new: new sell 100 @ 45.06 pos=0 filled=0/100
2026-04-28T15:52:35.894214691 BALANCE long=$95249 (5) short=$47329 (3) expose=$47921 | realize=16.9566 fee=-16.376409 net=33.333009 unrealized=-94.0666 equity=-60.733591 liquidate=-76.233591 | fills=227 pending=12 | ofails=203/407
2026-04-28T15:52:35.894243978 SPREAD AAL NASDAQ  [0]  11.62x20800 | 11.63x18700  [11.65]  pos=0  realized=0 fees=0 net=0 unrealized=0
2026-04-28T15:52:35.894252579 SPREAD NKE NYSE  [45]  45.03x1200 | 45.04x1100  [45.06]  pos=-400  realized=0 fees=-0.259978 net=0.259978 unrealized=-13
2026-04-28T15:52:35.894263383 SPREAD SOFI NASDAQ  [0]  18.53x10000 | 18.54x4400  [18.58]  pos=800  realized=0 fees=-1.4176 net=1.4176 unrealized=-21
2026-04-28T15:52:35.894277119 SPREAD HOOD NASDAQ  [82.11]  82.12x500 | 82.13x900  [0]  pos=-300  realized=-12.71 fees=-3.292151 net=-9.417849 unrealized=-22.5
2026-04-28T15:52:35.894284063 SPREAD XLE ARCA  [0]  57.68x10400 | 57.69x36900  [57.7]  pos=600  realized=0 fees=-1.0632 net=1.0632 unrealized=-17
2026-04-28T15:52:35.894293747 SPREAD FXI ARCA  [0]  36.27x62300 | 36.28x32600  [36.3]  pos=0  realized=0 fees=0 net=0 unrealized=0
2026-04-28T15:52:35.894308373 SPREAD VZ NYSE  [47.08]  47.08x3500 | 47.09x100  [47.13]  pos=300  realized=6 fees=-1.24516 net=7.24516 unrealized=-8.5
2026-04-28T15:52:35.894319776 SPREAD INTC NASDAQ  [84.09]  84.1x500 | 84.11x800  [84.12]  pos=200  realized=19.3333 fees=-6.618657 net=25.951957 unrealized=-1.7333
2026-04-28T15:52:35.894330674 SPREAD PYPL NASDAQ  [49.51]  49.54x1000 | 49.55x2600  [49.56]  pos=300  realized=2 fees=-1.695787 net=3.695787 unrealized=-6
2026-04-28T15:52:35.894339387 SPREAD CMCSA NASDAQ  [27.62]  27.63x3700 | 27.64x7600  [0]  pos=0  realized=3 fees=-0.277962 net=3.277962 unrealized=0
2026-04-28T15:52:35.894345238 SPREAD DKNG NASDAQ  [23.36]  23.38x2100 | 23.39x400  [23.4]  pos=-200  realized=-0.6667 fees=-0.505914 net=-0.160786 unrealized=-4.3333
2026-04-28T15:52:35.894351371 SPREAD RIVN NASDAQ  [0]  16.09x4500 | 16.1x3800  [16.14]  pos=0  realized=0 fees=0 net=0 unrealized=0
2026-04-28T15:52:36.240330636 HOOD error placing order: 40310000: insufficient buying power
2026-04-28T15:52:36.352166746 HOOD error placing order: 40310000: insufficient buying power
2026-04-28T15:52:36.408236861 INTC order fill: filled sell 100 @ 84.12 pos=100 filled=100/100
2026-04-28T15:52:36.408258181 INTC filled -100 @ 84.12 | pos=100 | fill_pnl=0.6334 | fee=0.015587 | realized=19.9667 | total_pnl=17.59 | total_fees=-16.360822 | fills=228 shares=18800
2026-04-28T15:52:36.419775241 INTC placed sell 100 @ 84.14 -> NASDAQ (pos=100 spread=0.01 bid=84.11x500 ask=84.12x300)
2026-04-28T15:52:36.433187835 INTC order pending_new: pending_new sell 100 @ 84.14 pos=0 filled=0/100
2026-04-28T15:52:36.444668585 INTC order new: new sell 100 @ 84.14 pos=0 filled=0/100
2026-04-28T15:52:36.493328653 HOOD placed sell 100 @ 82.15 -> NASDAQ (pos=-300 spread=0.01 bid=82.12x600 ask=82.13x300)
2026-04-28T15:52:36.504078167 HOOD order pending_new: pending_new sell 100 @ 82.15 pos=0 filled=0/100
2026-04-28T15:52:36.516858622 HOOD order new: new sell 100 @ 82.15 pos=0 filled=0/100
2026-04-28T15:52:37.089093734 HOOD order fill: filled buy 100 @ 82.11 pos=-200 filled=100/100
2026-04-28T15:52:37.089119506 HOOD filled 100 @ 82.11 | pos=-200 | fill_pnl=-6 | fee=-0.1772 | realized=-18.71 | total_pnl=11.59 | total_fees=-16.538022 | fills=229 shares=18900
2026-04-28T15:52:37.103096889 HOOD placed buy 100 @ 82.09 -> NASDAQ (pos=-200 spread=0.01 bid=82.11x200 ask=82.12x300)
2026-04-28T15:52:37.114448409 HOOD order pending_new: pending_new buy 100 @ 82.09 pos=0 filled=0/100
2026-04-28T15:52:37.128580409 HOOD order new: new buy 100 @ 82.09 pos=0 filled=0/100
2026-04-28T15:52:40.081636903 INTC order fill: filled buy 100 @ 84.09 pos=200 filled=100/100
2026-04-28T15:52:40.081663998 INTC filled 100 @ 84.09 | pos=200 | fill_pnl=0 | fee=-0.1772 | realized=19.9667 | total_pnl=11.59 | total_fees=-16.715222 | fills=230 shares=19000
2026-04-28T15:52:40.095583526 INTC placed buy 100 @ 84.08 -> NASDAQ (pos=200 spread=0.01 bid=84.1x500 ask=84.11x800)
2026-04-28T15:52:40.106021362 INTC order pending_new: pending_new buy 100 @ 84.08 pos=0 filled=0/100
2026-04-28T15:52:40.120985551 INTC order new: new buy 100 @ 84.08 pos=0 filled=0/100
2026-04-28T15:52:40.194909332 INTC order fill: filled buy 100 @ 84.08 pos=300 filled=100/100
2026-04-28T15:52:40.194928597 INTC filled 100 @ 84.08 | pos=300 | fill_pnl=0 | fee=-0.1772 | realized=19.9667 | total_pnl=11.59 | total_fees=-16.892422 | fills=231 shares=19100
2026-04-28T15:52:40.209132990 INTC error placing order: 40310000: insufficient buying power
2026-04-28T15:52:40.270264332 INTC error placing order: 40310000: insufficient buying power
2026-04-28T15:52:40.287339046 INTC replacing sell order: 84.14 -> 84.11 (pos=300 spread=0 bid=84.09x100 ask=84.09x200)
2026-04-28T15:52:40.291128082 INTC error placing order: 40310000: insufficient buying power
2026-04-28T15:52:40.311770073 INTC order replaced: replaced sell 100 @ 84.14 pos=0 filled=0/100
2026-04-28T15:52:40.323768022 INTC error placing order: 40310000: insufficient buying power
2026-04-28T15:52:40.505819043 HOOD replacing sell order: 82.15 -> 82.12 (pos=-200 spread=0.02 bid=82.09x200 ask=82.11x500)
2026-04-28T15:52:40.509046129 INTC error placing order: 40310000: insufficient buying power
2026-04-28T15:52:40.540498879 HOOD order replaced: replaced sell 100 @ 82.15 pos=0 filled=0/100
2026-04-28T15:52:40.984383018 INTC error placing order: 40310000: insufficient buying power
2026-04-28T15:52:41.042051594 INTC error placing order: 40310000: insufficient buying power
2026-04-28T15:52:41.203807952 INTC error placing order: 40310000: insufficient buying power
2026-04-28T15:52:41.494429845 INTC error placing order: 40310000: insufficient buying power
2026-04-28T15:52:41.714441463 INTC error placing order: 40310000: insufficient buying power
2026-04-28T15:52:41.894611900 BALANCE long=$103655 (5) short=$39106 (3) expose=$64549 | realize=11.59 fee=-16.892422 net=28.482422 unrealized=-76.2 equity=-47.717578 liquidate=-64.717578 | fills=231 pending=12 | ofails=215/423
2026-04-28T15:52:41.894659829 SPREAD SOFI NASDAQ  [0]  18.53x10800 | 18.54x4500  [18.58]  pos=800  realized=0 fees=-1.4176 net=1.4176 unrealized=-21
2026-04-28T15:52:41.894667230 SPREAD HOOD NASDAQ  [82.09]  82.09x500 | 82.1x1600  [82.12]  pos=-200  realized=-18.71 fees=-3.469351 net=-15.240649 unrealized=-9
2026-04-28T15:52:41.894675724 SPREAD XLE ARCA  [0]  57.68x11400 | 57.69x30900  [57.7]  pos=600  realized=0 fees=-1.0632 net=1.0632 unrealized=-17
2026-04-28T15:52:41.894697927 SPREAD FXI ARCA  [0]  36.27x61000 | 36.28x32100  [36.3]  pos=0  realized=0 fees=0 net=0 unrealized=0
2026-04-28T15:52:41.894706331 SPREAD VZ NYSE  [47.08]  47.09x1900 | 47.1x1700  [47.13]  pos=300  realized=6 fees=-1.24516 net=7.24516 unrealized=-5.5
2026-04-28T15:52:41.894711478 SPREAD INTC NASDAQ  [0]  84.08x1400 | 84.1x300  [84.11]  pos=300  realized=19.9667 fees=-6.95747 net=26.92417 unrealized=-1.3667
2026-04-28T15:52:41.894716436 SPREAD PYPL NASDAQ  [49.51]  49.53x800 | 49.54x200  [49.56]  pos=300  realized=2 fees=-1.695787 net=3.695787 unrealized=-9
2026-04-28T15:52:41.894727026 SPREAD CMCSA NASDAQ  [27.62]  27.63x3900 | 27.64x7400  [0]  pos=0  realized=3 fees=-0.277962 net=3.277962 unrealized=0
2026-04-28T15:52:41.894736692 SPREAD DKNG NASDAQ  [23.36]  23.38x1900 | 23.39x600  [23.4]  pos=-200  realized=-0.6667 fees=-0.505914 net=-0.160786 unrealized=-4.3333
2026-04-28T15:52:41.894742301 SPREAD RIVN NASDAQ  [0]  16.09x4200 | 16.1x5100  [16.14]  pos=0  realized=0 fees=0 net=0 unrealized=0
2026-04-28T15:52:41.894748771 SPREAD AAL NASDAQ  [0]  11.62x14200 | 11.63x18600  [11.65]  pos=0  realized=0 fees=0 net=0 unrealized=0
2026-04-28T15:52:41.894758473 SPREAD NKE NYSE  [45]  45.02x1900 | 45.03x900  [45.06]  pos=-400  realized=0 fees=-0.259978 net=0.259978 unrealized=-9
2026-04-28T15:52:42.209105974 INTC error placing order: 40310000: insufficient buying power
2026-04-28T15:52:42.363446250 INTC error placing order: 40310000: insufficient buying power
2026-04-28T15:52:42.544684203 INTC error placing order: 40310000: insufficient buying power
2026-04-28T15:52:42.571901268 INTC error placing order: 40310000: insufficient buying power
2026-04-28T15:52:43.096397716 INTC error placing order: 40310000: insufficient buying power
2026-04-28T15:52:43.638330268 INTC error placing order: 40310000: insufficient buying power
2026-04-28T15:52:43.824566861 INTC error placing order: 40310000: insufficient buying power
2026-04-28T15:52:43.830871218 RIVN replacing sell order: 16.14 -> 16.11 (pos=0 spread=0.02 bid=16.08x3400 ask=16.1x6400)
2026-04-28T15:52:43.855199574 RIVN order replaced: replaced sell 100 @ 16.14 pos=0 filled=0/100
2026-04-28T15:52:43.996448882 INTC error placing order: 40310000: insufficient buying power
2026-04-28T15:52:44.139913159 HOOD order fill: filled buy 100 @ 82.09 pos=-100 filled=100/100
2026-04-28T15:52:44.139938354 HOOD filled 100 @ 82.09 | pos=-100 | fill_pnl=-4 | fee=-0.1772 | realized=-22.71 | total_pnl=7.59 | total_fees=-17.069622 | fills=232 shares=19200
2026-04-28T15:52:44.153858156 HOOD placed buy 100 @ 82.07 -> NASDAQ (pos=-100 spread=0.01 bid=82.09x500 ask=82.1x1100)
2026-04-28T15:52:44.165034123 HOOD order pending_new: pending_new buy 100 @ 82.07 pos=0 filled=0/100
2026-04-28T15:52:44.181146423 HOOD order new: new buy 100 @ 82.07 pos=0 filled=0/100
2026-04-28T15:52:44.213221598 INTC placed buy 100 @ 84.06 -> NASDAQ (pos=300 spread=0.01 bid=84.08x800 ask=84.09x100)
2026-04-28T15:52:44.224302129 INTC order pending_new: pending_new buy 100 @ 84.06 pos=0 filled=0/100
2026-04-28T15:52:44.237172695 INTC order new: new buy 100 @ 84.06 pos=0 filled=0/100
2026-04-28T15:52:46.307758416 INTC order fill: filled sell 100 @ 84.11 pos=200 filled=100/100
2026-04-28T15:52:46.307782177 INTC filled -100 @ 84.11 | pos=200 | fill_pnl=1.5444 | fee=0.015567 | realized=21.5111 | total_pnl=9.1344 | total_fees=-17.054055 | fills=233 shares=19300
2026-04-28T15:52:46.319769117 INTC placed sell 100 @ 84.12 -> NASDAQ (pos=200 spread=0.01 bid=84.09x300 ask=84.1x600)
2026-04-28T15:52:46.331337290 INTC order pending_new: pending_new sell 100 @ 84.12 pos=0 filled=0/100
2026-04-28T15:52:46.344888751 INTC order new: new sell 100 @ 84.12 pos=0 filled=0/100
2026-04-28T15:52:46.402211404 INTC replacing buy order: 84.06 -> 84.09 (pos=200 spread=0 bid=84.11x200 ask=84.11x100)
2026-04-28T15:52:46.426939273 INTC order replaced: replaced buy 100 @ 84.06 pos=0 filled=0/100
2026-04-28T15:52:47.894499915 BALANCE long=$95250 (5) short=$30896 (3) expose=$64354 | realize=9.1344 fee=-17.054055 net=26.188455 unrealized=-66.7444 equity=-40.555945 liquidate=-56.555945 | fills=233 pending=12 | ofails=223/434
2026-04-28T15:52:47.894562485 SPREAD AAL NASDAQ  [0]  11.62x13900 | 11.63x18100  [11.65]  pos=0  realized=0 fees=0 net=0 unrealized=0
2026-04-28T15:52:47.894574745 SPREAD NKE NYSE  [45]  45.02x1600 | 45.03x1400  [45.06]  pos=-400  realized=0 fees=-0.259978 net=0.259978 unrealized=-9
2026-04-28T15:52:47.894582955 SPREAD SOFI NASDAQ  [0]  18.53x10900 | 18.54x5100  [18.58]  pos=800  realized=0 fees=-1.4176 net=1.4176 unrealized=-21
2026-04-28T15:52:47.894593535 SPREAD HOOD NASDAQ  [82.07]  82.08x600 | 82.1x1100  [82.12]  pos=-100  realized=-22.71 fees=-3.646551 net=-19.063449 unrealized=-4
2026-04-28T15:52:47.894600242 SPREAD XLE ARCA  [0]  57.68x10600 | 57.69x35400  [57.7]  pos=600  realized=0 fees=-1.0632 net=1.0632 unrealized=-17
2026-04-28T15:52:47.894606470 SPREAD FXI ARCA  [0]  36.27x61100 | 36.28x31900  [36.3]  pos=0  realized=0 fees=0 net=0 unrealized=0
2026-04-28T15:52:47.894613526 SPREAD VZ NYSE  [47.08]  47.09x2400 | 47.1x1600  [47.13]  pos=300  realized=6 fees=-1.24516 net=7.24516 unrealized=-5.5
2026-04-28T15:52:47.894623060 SPREAD INTC NASDAQ  [84.09]  84.1x200 | 84.12x800  [84.12]  pos=200  realized=21.5111 fees=-6.941903 net=28.453003 unrealized=3.0889
2026-04-28T15:52:47.894631417 SPREAD PYPL NASDAQ  [49.51]  49.53x900 | 49.54x1500  [49.56]  pos=300  realized=2 fees=-1.695787 net=3.695787 unrealized=-9
2026-04-28T15:52:47.894643431 SPREAD CMCSA NASDAQ  [27.62]  27.63x3900 | 27.64x7400  [0]  pos=0  realized=3 fees=-0.277962 net=3.277962 unrealized=0
2026-04-28T15:52:47.894650542 SPREAD DKNG NASDAQ  [23.36]  23.38x2100 | 23.39x700  [23.4]  pos=-200  realized=-0.6667 fees=-0.505914 net=-0.160786 unrealized=-4.3333
2026-04-28T15:52:47.894659270 SPREAD RIVN NASDAQ  [0]  16.08x5000 | 16.09x3800  [16.11]  pos=0  realized=0 fees=0 net=0 unrealized=0
2026-04-28T15:52:53.248488897 INTC order fill: filled sell 100 @ 84.12 pos=100 filled=100/100
2026-04-28T15:52:53.248515248 INTC filled -100 @ 84.12 | pos=100 | fill_pnl=2.5444 | fee=0.015587 | realized=24.0555 | total_pnl=11.6788 | total_fees=-17.038468 | fills=234 shares=19400
2026-04-28T15:52:53.261616758 INTC placed sell 100 @ 84.14 -> NASDAQ (pos=100 spread=0.01 bid=84.11x100 ask=84.12x900)
2026-04-28T15:52:53.273724980 INTC order pending_new: pending_new sell 100 @ 84.14 pos=0 filled=0/100
2026-04-28T15:52:53.285409400 INTC order new: new sell 100 @ 84.14 pos=0 filled=0/100
2026-04-28T15:52:53.894457812 BALANCE long=$86834 (5) short=$30897 (3) expose=$55937 | realize=11.6788 fee=-17.038468 net=28.717268 unrealized=-74.2888 equity=-45.571532 liquidate=-59.571532 | fills=234 pending=12 | ofails=223/435
2026-04-28T15:52:53.894512375 SPREAD SOFI NASDAQ  [0]  18.53x10600 | 18.54x4000  [18.58]  pos=800  realized=0 fees=-1.4176 net=1.4176 unrealized=-21
2026-04-28T15:52:53.894521733 SPREAD HOOD NASDAQ  [82.07]  82.09x500 | 82.1x1100  [82.12]  pos=-100  realized=-22.71 fees=-3.646551 net=-19.063449 unrealized=-4.5
2026-04-28T15:52:53.894527538 SPREAD XLE ARCA  [0]  57.67x7600 | 57.68x42500  [57.7]  pos=600  realized=0 fees=-1.0632 net=1.0632 unrealized=-23
2026-04-28T15:52:53.894531782 SPREAD FXI ARCA  [0]  36.27x62000 | 36.28x18800  [36.3]  pos=0  realized=0 fees=0 net=0 unrealized=0
2026-04-28T15:52:53.894540468 SPREAD VZ NYSE  [47.08]  47.09x400 | 47.1x3300  [47.13]  pos=300  realized=6 fees=-1.24516 net=7.24516 unrealized=-5.5
2026-04-28T15:52:53.894548515 SPREAD INTC NASDAQ  [84.09]  84.11x300 | 84.12x400  [84.14]  pos=100  realized=24.0555 fees=-6.926316 net=30.981816 unrealized=2.0445
2026-04-28T15:52:53.894561252 SPREAD PYPL NASDAQ  [49.51]  49.53x700 | 49.54x2000  [49.56]  pos=300  realized=2 fees=-1.695787 net=3.695787 unrealized=-9
2026-04-28T15:52:53.894568475 SPREAD CMCSA NASDAQ  [27.62]  27.63x4800 | 27.64x6400  [0]  pos=0  realized=3 fees=-0.277962 net=3.277962 unrealized=0
2026-04-28T15:52:53.894578716 SPREAD DKNG NASDAQ  [23.36]  23.38x2100 | 23.39x700  [23.4]  pos=-200  realized=-0.6667 fees=-0.505914 net=-0.160786 unrealized=-4.3333
2026-04-28T15:52:53.894599602 SPREAD RIVN NASDAQ  [0]  16.08x4900 | 16.09x5700  [16.11]  pos=0  realized=0 fees=0 net=0 unrealized=0
2026-04-28T15:52:53.894606059 SPREAD AAL NASDAQ  [0]  11.62x7100 | 11.63x23900  [11.65]  pos=0  realized=0 fees=0 net=0 unrealized=0
2026-04-28T15:52:53.894612660 SPREAD NKE NYSE  [45]  45.02x1900 | 45.03x1400  [45.06]  pos=-400  realized=0 fees=-0.259978 net=0.259978 unrealized=-9
2026-04-28T15:52:57.666298810 INTC order fill: filled buy 100 @ 84.09 pos=200 filled=100/100
2026-04-28T15:52:57.666319250 INTC filled 100 @ 84.09 | pos=200 | fill_pnl=0 | fee=-0.1772 | realized=24.0555 | total_pnl=11.6788 | total_fees=-17.215668 | fills=235 shares=19500
2026-04-28T15:52:57.685689025 INTC placed buy 100 @ 84.07 -> NASDAQ (pos=200 spread=0.01 bid=84.09x300 ask=84.1x400)
2026-04-28T15:52:57.689185657 INTC order pending_new: pending_new buy 100 @ 84.07 pos=0 filled=0/100
2026-04-28T15:52:57.705118944 INTC order new: new buy 100 @ 84.07 pos=0 filled=0/100
2026-04-28T15:52:57.738445524 INTC replacing sell order: 84.14 -> 84.11 (pos=200 spread=0 bid=84.09x200 ask=84.09x200)
2026-04-28T15:52:57.762317963 INTC order replaced: replaced sell 100 @ 84.14 pos=0 filled=0/100
2026-04-28T15:52:57.835618344 CMCSA order fill: filled buy 100 @ 27.62 pos=100 filled=100/100
2026-04-28T15:52:57.835638227 CMCSA filled 100 @ 27.62 | pos=100 | fill_pnl=0 | fee=-0.1772 | realized=3 | total_pnl=11.6788 | total_fees=-17.392868 | fills=236 shares=19600
2026-04-28T15:52:57.848180051 CMCSA placed sell 100 @ 27.65 -> NASDAQ (pos=100 spread=0.01 bid=27.62x1800 ask=27.63x6000)
2026-04-28T15:52:57.853796478 CMCSA placed buy 100 @ 27.6 -> NASDAQ (pos=100 spread=0.01 bid=27.62x1800 ask=27.63x6000)
2026-04-28T15:52:57.859443613 CMCSA order pending_new: pending_new sell 100 @ 27.65 pos=0 filled=0/100
2026-04-28T15:52:57.859457822 CMCSA order pending_new: pending_new buy 100 @ 27.6 pos=0 filled=0/100
2026-04-28T15:52:57.872673028 CMCSA order new: new sell 100 @ 27.65 pos=0 filled=0/100
2026-04-28T15:52:57.872687889 CMCSA order new: new buy 100 @ 27.6 pos=0 filled=0/100
2026-04-28T15:52:58.240380731 INTC order fill: filled buy 100 @ 84.07 pos=300 filled=100/100
2026-04-28T15:52:58.240400813 INTC filled 100 @ 84.07 | pos=300 | fill_pnl=0 | fee=0.2028 | realized=24.0555 | total_pnl=11.6788 | total_fees=-17.190068 | fills=237 shares=19700
2026-04-28T15:52:58.244936172 failed to replace order: 42210000: order is not open
2026-04-28T15:52:58.254877184 INTC placed buy 100 @ 84.04 -> NASDAQ (pos=300 spread=0.01 bid=84.06x600 ask=84.07x300)
2026-04-28T15:52:58.266496556 INTC order pending_new: pending_new buy 100 @ 84.04 pos=0 filled=0/100
2026-04-28T15:52:58.279194074 INTC order new: new buy 100 @ 84.04 pos=0 filled=0/100
2026-04-28T15:52:59.893796431 BALANCE long=$106392 (6) short=$30898 (3) expose=$75495 | realize=11.6788 fee=-17.190068 net=28.868868 unrealized=-94.7888 equity=-65.919932 liquidate=-81.419932 | fills=237 pending=12 | ofails=223/439
2026-04-28T15:52:59.893843769 SPREAD PYPL NASDAQ  [49.51]  49.52x800 | 49.53x200  [49.56]  pos=300  realized=2 fees=-1.695787 net=3.695787 unrealized=-12
2026-04-28T15:52:59.893855309 SPREAD CMCSA NASDAQ  [27.6]  27.62x700 | 27.63x7500  [27.65]  pos=100  realized=3 fees=-0.455162 net=3.455162 unrealized=0.5
2026-04-28T15:52:59.893865913 SPREAD DKNG NASDAQ  [23.36]  23.38x1800 | 23.39x1100  [23.4]  pos=-200  realized=-0.6667 fees=-0.505914 net=-0.160786 unrealized=-4.3333
2026-04-28T15:52:59.893876012 SPREAD RIVN NASDAQ  [0]  16.08x2400 | 16.09x4700  [16.11]  pos=0  realized=0 fees=0 net=0 unrealized=0
2026-04-28T15:52:59.893885344 SPREAD AAL NASDAQ  [0]  11.62x6600 | 11.63x26600  [11.65]  pos=0  realized=0 fees=0 net=0 unrealized=0
2026-04-28T15:52:59.893895123 SPREAD NKE NYSE  [45]  45.02x1500 | 45.03x1700  [45.06]  pos=-400  realized=0 fees=-0.259978 net=0.259978 unrealized=-9
2026-04-28T15:52:59.893905122 SPREAD SOFI NASDAQ  [0]  18.53x9800 | 18.54x7900  [18.58]  pos=800  realized=0 fees=-1.4176 net=1.4176 unrealized=-21
2026-04-28T15:52:59.893915039 SPREAD HOOD NASDAQ  [82.07]  82.1x400 | 82.11x500  [82.12]  pos=-100  realized=-22.71 fees=-3.646551 net=-19.063449 unrealized=-5.5
2026-04-28T15:52:59.893936859 SPREAD XLE ARCA  [0]  57.66x19700 | 57.67x13900  [57.7]  pos=600  realized=0 fees=-1.0632 net=1.0632 unrealized=-29
2026-04-28T15:52:59.893945690 SPREAD FXI ARCA  [0]  36.27x73500 | 36.28x23400  [36.3]  pos=0  realized=0 fees=0 net=0 unrealized=0
2026-04-28T15:52:59.893952821 SPREAD VZ NYSE  [47.08]  47.08x1200 | 47.09x4200  [47.13]  pos=300  realized=6 fees=-1.24516 net=7.24516 unrealized=-8.5
2026-04-28T15:52:59.893963908 SPREAD INTC NASDAQ  [84.04]  84.06x600 | 84.07x400  [84.11]  pos=300  realized=24.0555 fees=-6.900716 net=30.956216 unrealized=-5.9555
2026-04-28T15:53:00.903262672 INTC replacing sell order: 84.11 -> 84.08 (pos=300 spread=0.02 bid=84.05x3000 ask=84.07x600)
2026-04-28T15:53:00.934098073 INTC order replaced: replaced sell 100 @ 84.11 pos=0 filled=0/100
2026-04-28T15:53:01.242316509 INTC order fill: filled sell 100 @ 84.08 pos=200 filled=100/100
2026-04-28T15:53:01.242337019 INTC filled -100 @ 84.08 | pos=200 | fill_pnl=-0.4852 | fee=0.015505 | realized=23.5703 | total_pnl=11.1936 | total_fees=-17.174563 | fills=238 shares=19800
2026-04-28T15:53:01.256502205 INTC placed sell 100 @ 84.1 -> NASDAQ (pos=200 spread=0.01 bid=84.07x300 ask=84.08x200)
2026-04-28T15:53:01.267199251 INTC order pending_new: pending_new sell 100 @ 84.1 pos=0 filled=0/100
2026-04-28T15:53:01.280689767 INTC order new: new sell 100 @ 84.1 pos=0 filled=0/100
2026-04-28T15:53:04.035432784 HOOD order fill: filled sell 100 @ 82.12 pos=-200 filled=100/100
2026-04-28T15:53:04.036142254 HOOD filled -100 @ 82.12 | pos=-200 | fill_pnl=0 | fee=0.011467 | realized=-22.71 | total_pnl=11.1936 | total_fees=-17.163096 | fills=239 shares=19900
2026-04-28T15:53:04.060913056 HOOD placed sell 100 @ 82.14 -> NASDAQ (pos=-200 spread=0.01 bid=82.11x300 ask=82.12x1900)
2026-04-28T15:53:04.072797971 HOOD order pending_new: pending_new sell 100 @ 82.14 pos=0 filled=0/100
2026-04-28T15:53:04.086425749 HOOD order new: new sell 100 @ 82.14 pos=0 filled=0/100
2026-04-28T15:53:04.219848449 HOOD replacing buy order: 82.07 -> 82.1 (pos=-200 spread=0.02 bid=82.11x700 ask=82.13x1000)
2026-04-28T15:53:04.244397109 HOOD order replaced: replaced buy 100 @ 82.07 pos=0 filled=0/100
2026-04-28T15:53:04.894095010 BALANCE long=$97991 (6) short=$39118 (3) expose=$58873 | realize=11.1936 fee=-17.163096 net=28.356696 unrealized=-96.3036 equity=-67.946904 liquidate=-84.446904 | fills=239 pending=12 | ofails=223/441
2026-04-28T15:53:04.894140150 SPREAD INTC NASDAQ  [84.04]  84.07x1500 | 84.09x700  [84.1]  pos=200  realized=23.5703 fees=-6.885211 net=30.455511 unrealized=-0.9703
2026-04-28T15:53:04.894152594 SPREAD PYPL NASDAQ  [49.51]  49.53x400 | 49.54x2200  [49.56]  pos=300  realized=2 fees=-1.695787 net=3.695787 unrealized=-9
2026-04-28T15:53:04.894163567 SPREAD CMCSA NASDAQ  [27.6]  27.61x6900 | 27.62x7700  [27.65]  pos=100  realized=3 fees=-0.455162 net=3.455162 unrealized=-0.5
2026-04-28T15:53:04.894173763 SPREAD DKNG NASDAQ  [23.36]  23.38x2000 | 23.39x800  [23.4]  pos=-200  realized=-0.6667 fees=-0.505914 net=-0.160786 unrealized=-4.3333
2026-04-28T15:53:04.894183845 SPREAD RIVN NASDAQ  [0]  16.08x2500 | 16.09x7000  [16.11]  pos=0  realized=0 fees=0 net=0 unrealized=0
2026-04-28T15:53:04.894193332 SPREAD AAL NASDAQ  [0]  11.61x28300 | 11.62x12100  [11.65]  pos=0  realized=0 fees=0 net=0 unrealized=0
2026-04-28T15:53:04.894199831 SPREAD NKE NYSE  [45]  45.03x1900 | 45.04x600  [45.06]  pos=-400  realized=0 fees=-0.259978 net=0.259978 unrealized=-13
2026-04-28T15:53:04.894206571 SPREAD SOFI NASDAQ  [0]  18.53x8200 | 18.54x5000  [18.58]  pos=800  realized=0 fees=-1.4176 net=1.4176 unrealized=-21
2026-04-28T15:53:04.894216016 SPREAD HOOD NASDAQ  [82.1]  82.13x200 | 82.14x800  [82.14]  pos=-200  realized=-22.71 fees=-3.635084 net=-19.074916 unrealized=-10
2026-04-28T15:53:04.894224578 SPREAD XLE ARCA  [0]  57.66x28400 | 57.67x11300  [57.7]  pos=600  realized=0 fees=-1.0632 net=1.0632 unrealized=-29
2026-04-28T15:53:04.894233235 SPREAD FXI ARCA  [0]  36.27x71800 | 36.28x17900  [36.3]  pos=0  realized=0 fees=0 net=0 unrealized=0
2026-04-28T15:53:04.894255837 SPREAD VZ NYSE  [47.08]  47.08x800 | 47.09x2700  [47.13]  pos=300  realized=6 fees=-1.24516 net=7.24516 unrealized=-8.5
2026-04-28T15:53:05.058286471 HOOD order fill: filled sell 100 @ 82.14 pos=-300 filled=100/100
2026-04-28T15:53:05.058309537 HOOD filled -100 @ 82.14 | pos=-300 | fill_pnl=0 | fee=0.011508 | realized=-22.71 | total_pnl=11.1936 | total_fees=-17.151588 | fills=240 shares=20000
2026-04-28T15:53:05.074983840 HOOD error placing order: 40310000: insufficient buying power
2026-04-28T15:53:05.183036886 HOOD error placing order: 40310000: insufficient buying power
2026-04-28T15:53:05.621168595 HOOD error placing order: 40310000: insufficient buying power
2026-04-28T15:53:05.846109188 INTC replacing buy order: 84.04 -> 84.07 (pos=200 spread=0.02 bid=84.08x1300 ask=84.1x1300)
2026-04-28T15:53:05.869744604 INTC order replaced: replaced buy 100 @ 84.04 pos=0 filled=0/100
2026-04-28T15:53:06.079866016 HOOD replacing buy order: 82.1 -> 82.13 (pos=-300 spread=0.02 bid=82.14x600 ask=82.16x1100)
2026-04-28T15:53:06.083790961 HOOD error placing order: 40310000: insufficient buying power
2026-04-28T15:53:06.103711242 HOOD order replaced: replaced buy 100 @ 82.1 pos=0 filled=0/100
2026-04-28T15:53:06.120904495 HOOD error placing order: 40310000: insufficient buying power
2026-04-28T15:53:06.241922691 HOOD error placing order: 40310000: insufficient buying power
2026-04-28T15:53:06.537832619 HOOD error placing order: 40310000: insufficient buying power
2026-04-28T15:53:06.714782227 HOOD error placing order: 40310000: insufficient buying power
2026-04-28T15:53:06.905707971 INTC order fill: filled sell 100 @ 84.1 pos=100 filled=100/100
2026-04-28T15:53:06.905730238 INTC filled -100 @ 84.1 | pos=100 | fill_pnl=1.5148 | fee=0.015546 | realized=25.0851 | total_pnl=12.7084 | total_fees=-17.136042 | fills=241 shares=20100
2026-04-28T15:53:06.919904858 INTC placed sell 100 @ 84.12 -> NASDAQ (pos=100 spread=0.01 bid=84.09x200 ask=84.1x800)
2026-04-28T15:53:06.934273803 INTC order pending_new: pending_new sell 100 @ 84.12 pos=0 filled=0/100
2026-04-28T15:53:06.950647392 INTC order new: new sell 100 @ 84.12 pos=0 filled=0/100
2026-04-28T15:53:07.064628723 HOOD error placing order: 40310000: insufficient buying power
2026-04-28T15:53:07.216631721 HOOD error placing order: 40310000: insufficient buying power
2026-04-28T15:53:07.488557371 HOOD error placing order: 40310000: insufficient buying power
2026-04-28T15:53:07.869134879 VZ order fill: filled buy 100 @ 47.08 pos=400 filled=100/100
2026-04-28T15:53:07.869160173 VZ filled 100 @ 47.08 | pos=400 | fill_pnl=0 | fee=-0.1772 | realized=6 | total_pnl=12.7084 | total_fees=-17.313242 | fills=242 shares=20200
2026-04-28T15:53:07.893306425 VZ placed buy 100 @ 47.06 -> NYSE (pos=400 spread=0.01 bid=47.08x800 ask=47.09x1800)
2026-04-28T15:53:07.901254491 VZ order pending_new: pending_new buy 100 @ 47.06 pos=0 filled=0/100
2026-04-28T15:53:07.915735586 VZ order new: new buy 100 @ 47.06 pos=0 filled=0/100
2026-04-28T15:53:08.018545376 VZ replacing sell order: 47.13 -> 47.1 (pos=400 spread=0 bid=47.08x800 ask=47.08x100)
2026-04-28T15:53:08.024986606 HOOD error placing order: 40310000: insufficient buying power
2026-04-28T15:53:08.043169663 VZ order replaced: replaced sell 100 @ 47.13 pos=0 filled=0/100
2026-04-28T15:53:08.405702438 HOOD error placing order: 40310000: insufficient buying power
2026-04-28T15:53:08.420814201 INTC order fill: filled sell 100 @ 84.12 pos=0 filled=100/100
2026-04-28T15:53:08.420837647 INTC filled -100 @ 84.12 | pos=0 | fill_pnl=3.5149 | fee=0.015587 | realized=28.6 | total_pnl=16.2233 | total_fees=-17.297655 | fills=243 shares=20300
2026-04-28T15:53:08.619797645 INTC replacing buy order: 84.07 -> 84.1 (pos=0 spread=0.02 bid=84.11x500 ask=84.13x500)
2026-04-28T15:53:08.637624045 HOOD placed sell 100 @ 82.17 -> NASDAQ (pos=-300 spread=0.01 bid=82.14x700 ask=82.15x500)
2026-04-28T15:53:08.648220869 HOOD order pending_new: pending_new sell 100 @ 82.17 pos=0 filled=0/100
2026-04-28T15:53:08.648245134 INTC order replaced: replaced buy 100 @ 84.07 pos=0 filled=0/100
2026-04-28T15:53:08.658351086 HOOD order new: new sell 100 @ 82.17 pos=0 filled=0/100
2026-04-28T15:53:09.894471624 BALANCE long=$85873 (5) short=$47335 (3) expose=$38539 | realize=16.2233 fee=-17.297655 net=33.520955 unrealized=-107.3333 equity=-73.812345 liquidate=-89.312345 | fills=243 pending=12 | ofails=236/457
2026-04-28T15:53:09.894522295 SPREAD SOFI NASDAQ  [0]  18.53x8700 | 18.54x6200  [18.58]  pos=800  realized=0 fees=-1.4176 net=1.4176 unrealized=-21
2026-04-28T15:53:09.894545522 SPREAD HOOD NASDAQ  [82.13]  82.14x700 | 82.15x600  [82.17]  pos=-300  realized=-22.71 fees=-3.623576 net=-19.086424 unrealized=-12.5
2026-04-28T15:53:09.894556189 SPREAD XLE ARCA  [0]  57.65x24300 | 57.66x13300  [57.7]  pos=600  realized=0 fees=-1.0632 net=1.0632 unrealized=-35
2026-04-28T15:53:09.894565731 SPREAD FXI ARCA  [0]  36.27x73700 | 36.28x18500  [36.3]  pos=0  realized=0 fees=0 net=0 unrealized=0
2026-04-28T15:53:09.894574971 SPREAD VZ NYSE  [47.06]  47.07x1100 | 47.08x4200  [47.1]  pos=400  realized=6 fees=-1.42236 net=7.42236 unrealized=-12
2026-04-28T15:53:09.894584162 SPREAD INTC NASDAQ  [84.1]  84.13x1000 | 84.15x600  [0]  pos=0  realized=28.6 fees=-6.854078 net=35.454078 unrealized=0
2026-04-28T15:53:09.894593724 SPREAD PYPL NASDAQ  [49.51]  49.53x600 | 49.54x2100  [49.56]  pos=300  realized=2 fees=-1.695787 net=3.695787 unrealized=-9
2026-04-28T15:53:09.894603953 SPREAD CMCSA NASDAQ  [27.6]  27.61x3100 | 27.62x9800  [27.65]  pos=100  realized=3 fees=-0.455162 net=3.455162 unrealized=-0.5
2026-04-28T15:53:09.894612839 SPREAD DKNG NASDAQ  [23.36]  23.38x2000 | 23.39x500  [23.4]  pos=-200  realized=-0.6667 fees=-0.505914 net=-0.160786 unrealized=-4.3333
2026-04-28T15:53:09.894621346 SPREAD RIVN NASDAQ  [0]  16.08x4500 | 16.09x5600  [16.11]  pos=0  realized=0 fees=0 net=0 unrealized=0
2026-04-28T15:53:09.894630009 SPREAD AAL NASDAQ  [0]  11.61x29100 | 11.62x8800  [11.65]  pos=0  realized=0 fees=0 net=0 unrealized=0
2026-04-28T15:53:09.894637201 SPREAD NKE NYSE  [45]  45.03x1800 | 45.04x1400  [45.06]  pos=-400  realized=0 fees=-0.259978 net=0.259978 unrealized=-13
2026-04-28T15:53:10.054208935 INTC order fill: filled buy 100 @ 84.1 pos=100 filled=100/100
2026-04-28T15:53:10.054230266 INTC filled 100 @ 84.1 | pos=100 | fill_pnl=0 | fee=-0.1772 | realized=28.6 | total_pnl=16.2233 | total_fees=-17.474855 | fills=244 shares=20400
2026-04-28T15:53:10.067875675 INTC error placing order: 40310000: insufficient buying power
2026-04-28T15:53:10.082966835 INTC placed sell 100 @ 84.16 -> NASDAQ (pos=100 spread=0.02 bid=84.13x500 ask=84.15x400)
2026-04-28T15:53:10.096989893 INTC order pending_new: pending_new sell 100 @ 84.16 pos=0 filled=0/100
2026-04-28T15:53:10.116085655 INTC order new: new sell 100 @ 84.16 pos=0 filled=0/100
2026-04-28T15:53:10.411524632 INTC replacing sell order: 84.16 -> 84.13 (pos=100 spread=0 bid=84.11x200 ask=84.11x200)
2026-04-28T15:53:10.420017084 INTC error placing order: 40310000: insufficient buying power
2026-04-28T15:53:10.437355229 INTC order replaced: replaced sell 100 @ 84.16 pos=0 filled=0/100
2026-04-28T15:53:10.447340122 INTC replacing sell order: 84.13 -> 84.03 (pos=100 spread=0.01 bid=84x100 ask=84.01x300)
2026-04-28T15:53:10.453968088 INTC error placing order: 40310000: insufficient buying power
2026-04-28T15:53:10.466378369 INTC order replaced: replaced sell 100 @ 84.13 pos=0 filled=0/100
2026-04-28T15:53:10.487084601 INTC error placing order: 40310000: insufficient buying power
2026-04-28T15:53:10.850392406 INTC replacing sell order: 84.03 -> 84 (pos=100 spread=0.02 bid=83.97x300 ask=83.99x200)
2026-04-28T15:53:10.857419473 INTC error placing order: 40310000: insufficient buying power
2026-04-28T15:53:10.875458620 INTC order replaced: replaced sell 100 @ 84.03 pos=0 filled=0/100
2026-04-28T15:53:10.889605324 INTC error placing order: 40310000: insufficient buying power
2026-04-28T15:53:11.193069305 INTC order fill: filled sell 100 @ 84 pos=0 filled=100/100
2026-04-28T15:53:11.193108039 INTC filled -100 @ 84 | pos=0 | fill_pnl=-10 | fee=0.01534 | realized=18.6 | total_pnl=6.2233 | total_fees=-17.459515 | fills=245 shares=20500
2026-04-28T15:53:11.218093499 INTC placed buy 100 @ 83.96 -> NASDAQ (pos=0 spread=0.03 bid=83.97x300 ask=84x300)
2026-04-28T15:53:11.224272828 INTC order pending_new: pending_new buy 100 @ 83.96 pos=0 filled=0/100
2026-04-28T15:53:11.236454093 INTC order new: new buy 100 @ 83.96 pos=0 filled=0/100
2026-04-28T15:53:14.008582616 INTC replacing buy order: 83.96 -> 83.99 (pos=0 spread=0 bid=84.01x100 ask=84.01x200)
2026-04-28T15:53:14.027704674 INTC order replaced: replaced buy 100 @ 83.96 pos=0 filled=0/100
2026-04-28T15:53:14.571073494 INTC order partial_fill: partially_filled buy 100 @ 83.99 pos=78 filled=78/100
2026-04-28T15:53:14.571109882 INTC filled 78 @ 83.99 | pos=78 | fill_pnl=0 | fee=-0.1376 | realized=18.6 | total_pnl=6.2233 | total_fees=-17.597115 | fills=246 shares=20578
2026-04-28T15:53:14.571122409 INTC order fill: filled buy 100 @ 83.99 pos=100 filled=100/100
2026-04-28T15:53:14.571134889 INTC filled 22 @ 83.99 | pos=100 | fill_pnl=0 | fee=-0.0396 | realized=18.6 | total_pnl=6.2233 | total_fees=-17.636715 | fills=247 shares=20600
2026-04-28T15:53:14.582356427 INTC placed sell 100 @ 84.03 -> NASDAQ (pos=100 spread=0.01 bid=84x300 ask=84.01x700)
2026-04-28T15:53:14.587358304 INTC error placing order: 40310000: insufficient buying power
2026-04-28T15:53:14.593757876 INTC order pending_new: pending_new sell 100 @ 84.03 pos=0 filled=0/100
2026-04-28T15:53:14.605121810 INTC order new: new sell 100 @ 84.03 pos=0 filled=0/100
2026-04-28T15:53:14.825139149 INTC error placing order: 40310000: insufficient buying power
2026-04-28T15:53:15.043289528 INTC error placing order: 40310000: insufficient buying power
2026-04-28T15:53:15.246140293 INTC error placing order: 40310000: insufficient buying power
2026-04-28T15:53:15.487189315 INTC error placing order: 40310000: insufficient buying power
2026-04-28T15:53:15.733555498 INTC error placing order: 40310000: insufficient buying power
2026-04-28T15:53:15.894591075 BALANCE long=$94277 (6) short=$47338 (3) expose=$46940 | realize=6.2233 fee=-17.636715 net=23.860015 unrealized=-105.3333 equity=-81.473285 liquidate=-97.973285 | fills=247 pending=12 | ofails=248/472
2026-04-28T15:53:15.894630492 SPREAD FXI ARCA  [0]  36.27x64400 | 36.28x20100  [36.3]  pos=0  realized=0 fees=0 net=0 unrealized=0
2026-04-28T15:53:15.894639753 SPREAD VZ NYSE  [47.06]  47.07x1400 | 47.08x1700  [47.1]  pos=400  realized=6 fees=-1.42236 net=7.42236 unrealized=-12
2026-04-28T15:53:15.894645142 SPREAD INTC NASDAQ  [0]  84x300 | 84.02x1000  [84.03]  pos=100  realized=18.6 fees=-7.193138 net=25.793138 unrealized=2
2026-04-28T15:53:15.894652895 SPREAD PYPL NASDAQ  [49.51]  49.54x1100 | 49.55x300  [49.56]  pos=300  realized=2 fees=-1.695787 net=3.695787 unrealized=-6
2026-04-28T15:53:15.894657729 SPREAD CMCSA NASDAQ  [27.6]  27.61x3100 | 27.62x5600  [27.65]  pos=100  realized=3 fees=-0.455162 net=3.455162 unrealized=-0.5
2026-04-28T15:53:15.894665048 SPREAD DKNG NASDAQ  [23.36]  23.38x2200 | 23.39x400  [23.4]  pos=-200  realized=-0.6667 fees=-0.505914 net=-0.160786 unrealized=-4.3333
2026-04-28T15:53:15.894669465 SPREAD RIVN NASDAQ  [0]  16.08x4500 | 16.09x5000  [16.11]  pos=0  realized=0 fees=0 net=0 unrealized=0
2026-04-28T15:53:15.894676276 SPREAD AAL NASDAQ  [0]  11.61x32900 | 11.62x8000  [11.65]  pos=0  realized=0 fees=0 net=0 unrealized=0
2026-04-28T15:53:15.894680731 SPREAD NKE NYSE  [45]  45.03x2100 | 45.04x2300  [45.06]  pos=-400  realized=0 fees=-0.259978 net=0.259978 unrealized=-13
2026-04-28T15:53:15.894687972 SPREAD SOFI NASDAQ  [0]  18.53x8600 | 18.54x8600  [18.58]  pos=800  realized=0 fees=-1.4176 net=1.4176 unrealized=-21
2026-04-28T15:53:15.894692515 SPREAD HOOD NASDAQ  [82.13]  82.15x1000 | 82.16x300  [82.17]  pos=-300  realized=-22.71 fees=-3.623576 net=-19.086424 unrealized=-15.5
2026-04-28T15:53:15.894707695 SPREAD XLE ARCA  [0]  57.65x31400 | 57.66x5600  [57.7]  pos=600  realized=0 fees=-1.0632 net=1.0632 unrealized=-35
2026-04-28T15:53:15.964276691 INTC error placing order: 40310000: insufficient buying power
2026-04-28T15:53:16.150809247 INTC error placing order: 40310000: insufficient buying power
2026-04-28T15:53:16.484603120 INTC error placing order: 40310000: insufficient buying power
2026-04-28T15:53:16.557807271 INTC error placing order: 40310000: insufficient buying power
2026-04-28T15:53:16.573323989 INTC error placing order: 40310000: insufficient buying power
2026-04-28T15:53:16.622444097 INTC error placing order: 40310000: insufficient buying power
2026-04-28T15:53:16.957792060 INTC error placing order: 40310000: insufficient buying power
2026-04-28T15:53:17.533406065 INTC error placing order: 40310000: insufficient buying power
2026-04-28T15:53:17.562280809 INTC error placing order: 40310000: insufficient buying power
2026-04-28T15:53:17.726927075 INTC error placing order: 40310000: insufficient buying power
2026-04-28T15:53:17.968249749 INTC error placing order: 40310000: insufficient buying power
2026-04-28T15:53:18.094597066 INTC error placing order: 40310000: insufficient buying power
2026-04-28T15:53:18.380334443 INTC error placing order: 40310000: insufficient buying power
2026-04-28T15:53:18.417071240 INTC error placing order: 40310000: insufficient buying power
2026-04-28T15:53:18.691186649 INTC error placing order: 40310000: insufficient buying power
2026-04-28T15:53:18.961308325 INTC error placing order: 40310000: insufficient buying power
2026-04-28T15:53:19.009329214 INTC error placing order: 40310000: insufficient buying power
2026-04-28T15:53:19.203226070 INTC error placing order: 40310000: insufficient buying power
2026-04-28T15:53:19.384469150 INTC error placing order: 40310000: insufficient buying power
2026-04-28T15:53:19.427640952 INTC error placing order: 40310000: insufficient buying power
2026-04-28T15:53:19.613103406 INTC error placing order: 40310000: insufficient buying power
2026-04-28T15:53:19.916925229 INTC error placing order: 40310000: insufficient buying power
2026-04-28T15:53:20.060923267 INTC order partial_fill: partially_filled sell 100 @ 84.03 pos=50 filled=50/100
2026-04-28T15:53:20.061445809 INTC filled -50 @ 84.03 | pos=50 | fill_pnl=2 | fee=0.009101 | realized=20.6 | total_pnl=8.2233 | total_fees=-17.627614 | fills=248 shares=20650
2026-04-28T15:53:20.061494176 INTC order fill: filled sell 100 @ 84.03 pos=0 filled=100/100
2026-04-28T15:53:20.061512302 INTC filled -50 @ 84.03 | pos=0 | fill_pnl=2 | fee=0.006301 | realized=22.6 | total_pnl=10.2233 | total_fees=-17.621313 | fills=249 shares=20700
2026-04-28T15:53:20.084448398 INTC placed buy 100 @ 84 -> NASDAQ (pos=0 spread=0.01 bid=84.02x100 ask=84.03x1500)
2026-04-28T15:53:20.097951048 INTC order pending_new: pending_new buy 100 @ 84 pos=0 filled=0/100
2026-04-28T15:53:20.108427181 INTC order new: new buy 100 @ 84 pos=0 filled=0/100
2026-04-28T15:53:20.108443075 INTC order fill: filled buy 100 @ 84 pos=100 filled=100/100
2026-04-28T15:53:20.108451005 INTC filled 100 @ 83.99 | pos=100 | fill_pnl=0 | fee=-0.1772 | realized=22.6 | total_pnl=10.2233 | total_fees=-17.798513 | fills=250 shares=20800
2026-04-28T15:53:20.122730659 INTC error placing order: 40310000: insufficient buying power
2026-04-28T15:53:20.126359049 INTC placed sell 100 @ 84.03 -> NASDAQ (pos=100 spread=0.01 bid=84x100 ask=84.01x600)
2026-04-28T15:53:20.136506188 INTC order pending_new: pending_new sell 100 @ 84.03 pos=0 filled=0/100
2026-04-28T15:53:20.152265352 INTC order new: new sell 100 @ 84.03 pos=0 filled=0/100
2026-04-28T15:53:20.510824225 INTC replacing sell order: 84.03 -> 84 (pos=100 spread=0.02 bid=83.97x300 ask=83.99x400)
2026-04-28T15:53:20.520040486 INTC error placing order: 40310000: insufficient buying power
2026-04-28T15:53:20.535414101 INTC order replaced: replaced sell 100 @ 84.03 pos=0 filled=0/100
2026-04-28T15:53:20.551849799 INTC error placing order: 40310000: insufficient buying power
2026-04-28T15:53:20.912901607 INTC error placing order: 40310000: insufficient buying power
2026-04-28T15:53:21.225934051 INTC error placing order: 40310000: insufficient buying power
2026-04-28T15:53:21.285970302 INTC error placing order: 40310000: insufficient buying power
2026-04-28T15:53:21.823412989 INTC error placing order: 40310000: insufficient buying power
2026-04-28T15:53:21.842964717 INTC error placing order: 40310000: insufficient buying power
2026-04-28T15:53:21.862880637 INTC error placing order: 40310000: insufficient buying power
2026-04-28T15:53:21.893926724 BALANCE long=$94283 (6) short=$47335 (3) expose=$46949 | realize=10.2233 fee=-17.798513 net=28.021813 unrealized=-96.3333 equity=-68.311487 liquidate=-84.811487 | fills=250 pending=12 | ofails=279/505
2026-04-28T15:53:21.893965153 SPREAD CMCSA NASDAQ  [27.6]  27.61x3400 | 27.62x6300  [27.65]  pos=100  realized=3 fees=-0.455162 net=3.455162 unrealized=-0.5
2026-04-28T15:53:21.893974565 SPREAD DKNG NASDAQ  [23.36]  23.38x2100 | 23.39x400  [23.4]  pos=-200  realized=-0.6667 fees=-0.505914 net=-0.160786 unrealized=-4.3333
2026-04-28T15:53:21.893982262 SPREAD RIVN NASDAQ  [0]  16.09x3700 | 16.1x2400  [16.11]  pos=0  realized=0 fees=0 net=0 unrealized=0
2026-04-28T15:53:21.893989646 SPREAD AAL NASDAQ  [0]  11.62x17600 | 11.63x17900  [11.65]  pos=0  realized=0 fees=0 net=0 unrealized=0
2026-04-28T15:53:21.894000811 SPREAD NKE NYSE  [45]  45.03x2000 | 45.04x2400  [45.06]  pos=-400  realized=0 fees=-0.259978 net=0.259978 unrealized=-13
2026-04-28T15:53:21.894007044 SPREAD SOFI NASDAQ  [0]  18.53x8600 | 18.54x6100  [18.58]  pos=800  realized=0 fees=-1.4176 net=1.4176 unrealized=-21
2026-04-28T15:53:21.894017087 SPREAD HOOD NASDAQ  [82.13]  82.14x300 | 82.15x1500  [82.17]  pos=-300  realized=-22.71 fees=-3.623576 net=-19.086424 unrealized=-12.5
2026-04-28T15:53:21.894024603 SPREAD XLE ARCA  [0]  57.66x16100 | 57.67x34600  [57.7]  pos=600  realized=0 fees=-1.0632 net=1.0632 unrealized=-29
2026-04-28T15:53:21.894030911 SPREAD FXI ARCA  [0]  36.27x64300 | 36.28x20200  [36.3]  pos=0  realized=0 fees=0 net=0 unrealized=0
2026-04-28T15:53:21.894041212 SPREAD VZ NYSE  [47.06]  47.08x1900 | 47.09x1400  [47.1]  pos=400  realized=6 fees=-1.42236 net=7.42236 unrealized=-8
2026-04-28T15:53:21.894051144 SPREAD INTC NASDAQ  [0]  83.96x200 | 83.98x1400  [84]  pos=100  realized=22.6 fees=-7.354936 net=29.954936 unrealized=-2
2026-04-28T15:53:21.894058476 SPREAD PYPL NASDAQ  [49.51]  49.54x1100 | 49.55x1200  [49.56]  pos=300  realized=2 fees=-1.695787 net=3.695787 unrealized=-6
2026-04-28T15:53:22.110470244 INTC error placing order: 40310000: insufficient buying power
2026-04-28T15:53:22.502959972 INTC error placing order: 40310000: insufficient buying power
2026-04-28T15:53:22.933056085 INTC error placing order: 40310000: insufficient buying power
2026-04-28T15:53:23.270195151 INTC error placing order: 40310000: insufficient buying power
2026-04-28T15:53:23.744981597 INTC error placing order: 40310000: insufficient buying power
2026-04-28T15:53:23.937888817 INTC error placing order: 40310000: insufficient buying power
2026-04-28T15:53:23.970685283 INTC order fill: filled sell 100 @ 84 pos=0 filled=100/100
2026-04-28T15:53:23.970702136 INTC filled -100 @ 84 | pos=0 | fill_pnl=1 | fee=0.01534 | realized=23.6 | total_pnl=11.2233 | total_fees=-17.783173 | fills=251 shares=20900
2026-04-28T15:53:23.987719345 INTC placed buy 100 @ 83.97 -> NASDAQ (pos=0 spread=0.01 bid=83.99x300 ask=84x800)
2026-04-28T15:53:24.001427541 INTC order pending_new: pending_new buy 100 @ 83.97 pos=0 filled=0/100
2026-04-28T15:53:24.012338935 INTC order new: new buy 100 @ 83.97 pos=0 filled=0/100
2026-04-28T15:53:25.796438063 VZ order partial_fill: partially_filled sell 100 @ 47.1 pos=369 filled=31/100
2026-04-28T15:53:25.796966933 VZ filled -31 @ 47.1 | pos=369 | fill_pnl=-0.155 | fee=-0.016877 | realized=5.845 | total_pnl=11.0683 | total_fees=-17.80005 | fills=252 shares=20931
2026-04-28T15:53:25.796994920 VZ order fill: filled sell 100 @ 47.1 pos=300 filled=100/100
2026-04-28T15:53:25.797012435 VZ filled -69 @ 47.1 | pos=300 | fill_pnl=-0.345 | fee=-0.043797 | realized=5.5 | total_pnl=10.7233 | total_fees=-17.843847 | fills=253 shares=21000
2026-04-28T15:53:25.808365793 VZ placed sell 100 @ 47.11 -> NYSE (pos=300 spread=0.01 bid=47.08x2200 ask=47.09x1100)
2026-04-28T15:53:25.819386268 VZ order pending_new: pending_new sell 100 @ 47.11 pos=0 filled=0/100
2026-04-28T15:53:25.833199002 VZ order new: new sell 100 @ 47.11 pos=0 filled=0/100
2026-04-28T15:53:26.387089951 SOFI replacing sell order: 18.58 -> 18.55 (pos=800 spread=0 bid=18.53x2400 ask=18.53x1500)
2026-04-28T15:53:26.411464147 SOFI order replaced: replaced sell 100 @ 18.58 pos=0 filled=0/100
2026-04-28T15:53:26.886511847 HOOD order fill: filled buy 100 @ 82.13 pos=-200 filled=100/100
2026-04-28T15:53:26.886532182 HOOD filled 100 @ 82.13 | pos=-200 | fill_pnl=-2.6667 | fee=-0.1772 | realized=-25.3767 | total_pnl=8.0566 | total_fees=-18.021047 | fills=254 shares=21100
2026-04-28T15:53:26.894571962 BALANCE long=$81165 (5) short=$39122 (3) expose=$42043 | realize=8.0566 fee=-18.021047 net=26.077647 unrealized=-103.1666 equity=-77.088953 liquidate=-91.588953 | fills=254 pending=12 | ofails=285/514
2026-04-28T15:53:26.894606014 SPREAD DKNG NASDAQ  [23.36]  23.38x2100 | 23.39x300  [23.4]  pos=-200  realized=-0.6667 fees=-0.505914 net=-0.160786 unrealized=-4.3333
2026-04-28T15:53:26.894617639 SPREAD RIVN NASDAQ  [0]  16.09x3600 | 16.1x3300  [16.11]  pos=0  realized=0 fees=0 net=0 unrealized=0
2026-04-28T15:53:26.894625527 SPREAD AAL NASDAQ  [0]  11.62x16100 | 11.63x16500  [11.65]  pos=0  realized=0 fees=0 net=0 unrealized=0
2026-04-28T15:53:26.894635914 SPREAD NKE NYSE  [45]  45.04x1800 | 45.05x2100  [45.06]  pos=-400  realized=0 fees=-0.259978 net=0.259978 unrealized=-17
2026-04-28T15:53:26.894645912 SPREAD SOFI NASDAQ  [0]  18.51x9700 | 18.52x6500  [18.55]  pos=800  realized=0 fees=-1.4176 net=1.4176 unrealized=-37
2026-04-28T15:53:26.894653210 SPREAD HOOD NASDAQ  [82.11]  82.13x300 | 82.14x500  [82.17]  pos=-200  realized=-25.3767 fees=-3.800776 net=-21.575924 unrealized=-6.3333
2026-04-28T15:53:26.894659428 SPREAD XLE ARCA  [0]  57.66x12300 | 57.67x33600  [57.7]  pos=600  realized=0 fees=-1.0632 net=1.0632 unrealized=-29
2026-04-28T15:53:26.894668649 SPREAD FXI ARCA  [0]  36.27x73600 | 36.28x18400  [36.3]  pos=0  realized=0 fees=0 net=0 unrealized=0
2026-04-28T15:53:26.894679293 SPREAD VZ NYSE  [47.06]  47.1x400 | 47.11x3400  [47.11]  pos=300  realized=5.5 fees=-1.483034 net=6.983034 unrealized=0
2026-04-28T15:53:26.894688614 SPREAD INTC NASDAQ  [83.97]  83.99x600 | 84x100  [0]  pos=0  realized=23.6 fees=-7.339596 net=30.939596 unrealized=0
2026-04-28T15:53:26.894697703 SPREAD PYPL NASDAQ  [49.51]  49.53x900 | 49.54x400  [49.56]  pos=300  realized=2 fees=-1.695787 net=3.695787 unrealized=-9
2026-04-28T15:53:26.894704313 SPREAD CMCSA NASDAQ  [27.6]  27.61x2400 | 27.62x6400  [27.65]  pos=100  realized=3 fees=-0.455162 net=3.455162 unrealized=-0.5
2026-04-28T15:53:26.912571081 HOOD placed buy 100 @ 82.11 -> NASDAQ (pos=-200 spread=0.01 bid=82.13x300 ask=82.14x500)
2026-04-28T15:53:26.922615236 HOOD order pending_new: pending_new buy 100 @ 82.11 pos=0 filled=0/100
2026-04-28T15:53:26.945597345 HOOD order new: new buy 100 @ 82.11 pos=0 filled=0/100
2026-04-28T15:53:29.939832753 HOOD order fill: filled buy 100 @ 82.11 pos=-100 filled=100/100
2026-04-28T15:53:29.939859056 HOOD filled 100 @ 82.11 | pos=-100 | fill_pnl=-0.6666 | fee=-0.1772 | realized=-26.0433 | total_pnl=7.39 | total_fees=-18.198247 | fills=255 shares=21200
2026-04-28T15:53:29.951987535 HOOD placed buy 100 @ 82.11 -> NASDAQ (pos=-100 spread=0.02 bid=82.12x500 ask=82.14x1400)
2026-04-28T15:53:29.962739381 HOOD order pending_new: pending_new buy 100 @ 82.11 pos=0 filled=0/100
2026-04-28T15:53:29.976906441 HOOD order new: new buy 100 @ 82.11 pos=0 filled=0/100
2026-04-28T15:53:30.121503466 VZ order fill: filled sell 100 @ 47.11 pos=200 filled=100/100
2026-04-28T15:53:30.121524895 VZ filled -100 @ 47.11 | pos=200 | fill_pnl=0.5 | fee=-0.060653 | realized=6 | total_pnl=7.89 | total_fees=-18.2589 | fills=256 shares=21300
2026-04-28T15:53:30.135440562 VZ placed sell 100 @ 47.13 -> NYSE (pos=200 spread=0.01 bid=47.1x700 ask=47.11x3400)
2026-04-28T15:53:30.146775836 VZ order pending_new: pending_new sell 100 @ 47.13 pos=0 filled=0/100
2026-04-28T15:53:30.159413137 VZ order new: new sell 100 @ 47.13 pos=0 filled=0/100
2026-04-28T15:53:30.310208294 HOOD replacing sell order: 82.17 -> 82.14 (pos=-100 spread=0.02 bid=82.11x400 ask=82.13x800)
2026-04-28T15:53:30.335339178 HOOD order replaced: replaced sell 100 @ 82.17 pos=0 filled=0/100
2026-04-28T15:53:30.355929386 INTC replacing buy order: 83.97 -> 84 (pos=0 spread=0.02 bid=84.01x1000 ask=84.03x1200)
2026-04-28T15:53:30.380422787 INTC order replaced: replaced buy 100 @ 83.97 pos=0 filled=0/100
2026-04-28T15:53:30.774467204 VZ replacing buy order: 47.06 -> 47.09 (pos=200 spread=0.01 bid=47.11x100 ask=47.12x1700)
2026-04-28T15:53:30.798185298 VZ order replaced: replaced buy 100 @ 47.06 pos=0 filled=0/100
2026-04-28T15:53:30.864478996 INTC order fill: filled buy 100 @ 84 pos=100 filled=100/100
2026-04-28T15:53:30.864500416 INTC filled 100 @ 84 | pos=100 | fill_pnl=0 | fee=-0.1772 | realized=23.6 | total_pnl=7.89 | total_fees=-18.4361 | fills=257 shares=21400
2026-04-28T15:53:30.879032313 INTC placed buy 100 @ 83.98 -> NASDAQ (pos=100 spread=0.01 bid=84x200 ask=84.01x200)
2026-04-28T15:53:30.881601802 INTC placed sell 100 @ 84.03 -> NASDAQ (pos=100 spread=0.01 bid=84x200 ask=84.01x200)
2026-04-28T15:53:30.892219640 INTC order pending_new: pending_new buy 100 @ 83.98 pos=0 filled=0/100
2026-04-28T15:53:30.892235681 INTC order pending_new: pending_new sell 100 @ 84.03 pos=0 filled=0/100
2026-04-28T15:53:30.903388011 INTC order new: new buy 100 @ 83.98 pos=0 filled=0/100
2026-04-28T15:53:30.903402478 INTC order new: new sell 100 @ 84.03 pos=0 filled=0/100
2026-04-28T15:53:30.919226106 INTC order fill: filled buy 100 @ 83.98 pos=200 filled=100/100
2026-04-28T15:53:30.919240770 INTC filled 100 @ 83.98 | pos=200 | fill_pnl=0 | fee=-0.1772 | realized=23.6 | total_pnl=7.89 | total_fees=-18.6133 | fills=258 shares=21500
2026-04-28T15:53:30.937202776 INTC placed buy 100 @ 83.98 -> NASDAQ (pos=200 spread=0.01 bid=84x200 ask=84.01x200)
2026-04-28T15:53:30.948899829 INTC order pending_new: pending_new buy 100 @ 83.98 pos=0 filled=0/100
2026-04-28T15:53:30.959789682 INTC order new: new buy 100 @ 83.98 pos=0 filled=0/100
2026-04-28T15:53:31.894682510 BALANCE long=$93251 (6) short=$30907 (3) expose=$62345 | realize=7.89 fee=-18.6133 net=26.5033 unrealized=-99 equity=-72.4967 liquidate=-87.9967 | fills=258 pending=12 | ofails=285/519
2026-04-28T15:53:31.894722794 SPREAD RIVN NASDAQ  [0]  16.09x3700 | 16.1x2700  [16.11]  pos=0  realized=0 fees=0 net=0 unrealized=0
2026-04-28T15:53:31.894731303 SPREAD AAL NASDAQ  [0]  11.61x26100 | 11.62x15400  [11.65]  pos=0  realized=0 fees=0 net=0 unrealized=0
2026-04-28T15:53:31.894749729 SPREAD NKE NYSE  [45]  45.04x1700 | 45.05x2300  [45.06]  pos=-400  realized=0 fees=-0.259978 net=0.259978 unrealized=-17
2026-04-28T15:53:31.894759918 SPREAD SOFI NASDAQ  [0]  18.51x8000 | 18.52x9100  [18.55]  pos=800  realized=0 fees=-1.4176 net=1.4176 unrealized=-37
2026-04-28T15:53:31.894766738 SPREAD HOOD NASDAQ  [82.11]  82.11x500 | 82.12x300  [82.14]  pos=-100  realized=-26.0433 fees=-3.977976 net=-22.065324 unrealized=-1.1667
2026-04-28T15:53:31.894774213 SPREAD XLE ARCA  [0]  57.66x14200 | 57.67x37400  [57.7]  pos=600  realized=0 fees=-1.0632 net=1.0632 unrealized=-29
2026-04-28T15:53:31.894783494 SPREAD FXI ARCA  [0]  36.27x72700 | 36.28x19500  [36.3]  pos=0  realized=0 fees=0 net=0 unrealized=0
2026-04-28T15:53:31.894791757 SPREAD VZ NYSE  [47.09]  47.1x3400 | 47.11x100  [47.13]  pos=200  realized=6 fees=-1.543687 net=7.543687 unrealized=0
2026-04-28T15:53:31.894799974 SPREAD INTC NASDAQ  [83.98]  83.99x500 | 84.01x1300  [84.03]  pos=200  realized=23.6 fees=-7.693996 net=31.293996 unrealized=2
2026-04-28T15:53:31.894807973 SPREAD PYPL NASDAQ  [49.51]  49.52x600 | 49.53x200  [49.56]  pos=300  realized=2 fees=-1.695787 net=3.695787 unrealized=-12
2026-04-28T15:53:31.894815735 SPREAD CMCSA NASDAQ  [27.6]  27.61x2900 | 27.62x6800  [27.65]  pos=100  realized=3 fees=-0.455162 net=3.455162 unrealized=-0.5
2026-04-28T15:53:31.894827096 SPREAD DKNG NASDAQ  [23.36]  23.38x2000 | 23.39x900  [23.4]  pos=-200  realized=-0.6667 fees=-0.505914 net=-0.160786 unrealized=-4.3333
2026-04-28T15:53:32.516504553 INTC order fill: filled buy 100 @ 83.98 pos=300 filled=100/100
2026-04-28T15:53:32.516530459 INTC filled 100 @ 83.98 | pos=300 | fill_pnl=0 | fee=-0.1772 | realized=23.6 | total_pnl=7.89 | total_fees=-18.7905 | fills=259 shares=21600
2026-04-28T15:53:32.533448963 INTC placed buy 100 @ 83.97 -> NASDAQ (pos=300 spread=0.01 bid=83.99x200 ask=84x800)
2026-04-28T15:53:32.544924620 INTC order pending_new: pending_new buy 100 @ 83.97 pos=0 filled=0/100
2026-04-28T15:53:32.557309498 INTC order new: new buy 100 @ 83.97 pos=0 filled=0/100
2026-04-28T15:53:32.557352920 INTC order fill: filled buy 100 @ 83.97 pos=400 filled=100/100
2026-04-28T15:53:32.557364900 INTC filled 100 @ 83.97 | pos=400 | fill_pnl=0 | fee=-0.1772 | realized=23.6 | total_pnl=7.89 | total_fees=-18.9677 | fills=260 shares=21700
2026-04-28T15:53:32.577997379 INTC error placing order: 40310000: insufficient buying power
2026-04-28T15:53:32.700121311 INTC replacing sell order: 84.03 -> 84 (pos=400 spread=0.02 bid=83.97x700 ask=83.99x600)
2026-04-28T15:53:32.708034769 INTC error placing order: 40310000: insufficient buying power
2026-04-28T15:53:32.715888922 INTC order replaced: replaced sell 100 @ 84.03 pos=0 filled=0/100
2026-04-28T15:53:32.728653779 INTC error placing order: 40310000: insufficient buying power
2026-04-28T15:53:32.966548746 INTC error placing order: 40310000: insufficient buying power
2026-04-28T15:53:33.295912315 INTC error placing order: 40310000: insufficient buying power
2026-04-28T15:53:33.380050228 INTC error placing order: 40310000: insufficient buying power
2026-04-28T15:53:33.586795701 INTC error placing order: 40310000: insufficient buying power
2026-04-28T15:53:33.742892743 INTC error placing order: 40310000: insufficient buying power
2026-04-28T15:53:34.110192608 INTC error placing order: 40310000: insufficient buying power
2026-04-28T15:53:34.246330837 INTC error placing order: 40310000: insufficient buying power
2026-04-28T15:53:34.509001181 INTC error placing order: 40310000: insufficient buying power
2026-04-28T15:53:34.651439819 INTC error placing order: 40310000: insufficient buying power
2026-04-28T15:53:35.187626185 INTC error placing order: 40310000: insufficient buying power
2026-04-28T15:53:35.215093188 INTC error placing order: 40310000: insufficient buying power
2026-04-28T15:53:35.353682833 INTC error placing order: 40310000: insufficient buying power
2026-04-28T15:53:36.044212572 INTC error placing order: 40310000: insufficient buying power
2026-04-28T15:53:36.191216760 INTC error placing order: 40310000: insufficient buying power
2026-04-28T15:53:36.405488468 INTC error placing order: 40310000: insufficient buying power
2026-04-28T15:53:36.580524817 INTC error placing order: 40310000: insufficient buying power
2026-04-28T15:53:36.865846196 INTC error placing order: 40310000: insufficient buying power
2026-04-28T15:53:36.900115093 INTC error placing order: 40310000: insufficient buying power
2026-04-28T15:53:37.044989274 INTC error placing order: 40310000: insufficient buying power
2026-04-28T15:53:37.241500160 INTC error placing order: 40310000: insufficient buying power
2026-04-28T15:53:37.441364852 INTC order partial_fill: partially_filled sell 100 @ 84 pos=372 filled=28/100
2026-04-28T15:53:37.441405585 INTC filled -28 @ 84 | pos=372 | fill_pnl=0.49 | fee=0.006311 | realized=24.09 | total_pnl=8.38 | total_fees=-18.961389 | fills=261 shares=21728
2026-04-28T15:53:37.441418190 INTC order partial_fill: partially_filled sell 100 @ 84 pos=324 filled=76/100
2026-04-28T15:53:37.441428196 INTC filled -48 @ 84 | pos=324 | fill_pnl=0.84 | fee=0.006019 | realized=24.93 | total_pnl=9.22 | total_fees=-18.95537 | fills=262 shares=21776
2026-04-28T15:53:37.655275744 INTC placed buy 100 @ 83.97 -> NASDAQ (pos=324 spread=0.02 bid=83.98x1500 ask=84x1400)
2026-04-28T15:53:37.666366154 INTC order pending_new: pending_new buy 100 @ 83.97 pos=0 filled=0/100
2026-04-28T15:53:37.666385781 INTC order fill: filled sell 100 @ 84 pos=300 filled=100/100
2026-04-28T15:53:37.666407785 INTC filled -24 @ 84 | pos=300 | fill_pnl=0.42 | fee=0.00301 | realized=25.35 | total_pnl=9.64 | total_fees=-18.95236 | fills=263 shares=21800
2026-04-28T15:53:37.678448468 INTC order new: new buy 100 @ 83.97 pos=0 filled=0/100
2026-04-28T15:53:37.679314376 INTC placed sell 100 @ 84.02 -> NASDAQ (pos=300 spread=0.01 bid=83.99x500 ask=84x600)
2026-04-28T15:53:37.690243994 INTC order pending_new: pending_new sell 100 @ 84.02 pos=0 filled=0/100
2026-04-28T15:53:37.704594807 INTC order new: new sell 100 @ 84.02 pos=0 filled=0/100
2026-04-28T15:53:37.894461376 BALANCE long=$101642 (6) short=$30908 (3) expose=$70735 | realize=9.64 fee=-18.95236 net=28.59236 unrealized=-105.75 equity=-77.15764 liquidate=-93.65764 | fills=263 pending=12 | ofails=308/545
2026-04-28T15:53:37.894502952 SPREAD NKE NYSE  [45]  45.04x1900 | 45.05x1300  [45.06]  pos=-400  realized=0 fees=-0.259978 net=0.259978 unrealized=-17
2026-04-28T15:53:37.894513538 SPREAD SOFI NASDAQ  [0]  18.51x10200 | 18.52x7900  [18.55]  pos=800  realized=0 fees=-1.4176 net=1.4176 unrealized=-37
2026-04-28T15:53:37.894523403 SPREAD HOOD NASDAQ  [82.11]  82.12x700 | 82.13x200  [82.14]  pos=-100  realized=-26.0433 fees=-3.977976 net=-22.065324 unrealized=-2.1667
2026-04-28T15:53:37.894533078 SPREAD XLE ARCA  [0]  57.65x23800 | 57.66x15300  [57.7]  pos=600  realized=0 fees=-1.0632 net=1.0632 unrealized=-35
2026-04-28T15:53:37.894541306 SPREAD FXI ARCA  [0]  36.27x72700 | 36.28x11600  [36.3]  pos=0  realized=0 fees=0 net=0 unrealized=0
2026-04-28T15:53:37.894551331 SPREAD VZ NYSE  [47.09]  47.1x3300 | 47.11x300  [47.13]  pos=200  realized=6 fees=-1.543687 net=7.543687 unrealized=0
2026-04-28T15:53:37.894557348 SPREAD INTC NASDAQ  [83.97]  83.99x500 | 84.01x800  [84.02]  pos=300  realized=25.35 fees=-8.033056 net=33.383056 unrealized=5.25
2026-04-28T15:53:37.894563935 SPREAD PYPL NASDAQ  [49.51]  49.51x800 | 49.52x300  [49.56]  pos=300  realized=2 fees=-1.695787 net=3.695787 unrealized=-15
2026-04-28T15:53:37.894574948 SPREAD CMCSA NASDAQ  [27.6]  27.61x2800 | 27.62x6600  [27.65]  pos=100  realized=3 fees=-0.455162 net=3.455162 unrealized=-0.5
2026-04-28T15:53:37.894584365 SPREAD DKNG NASDAQ  [23.36]  23.38x1200 | 23.39x1500  [23.4]  pos=-200  realized=-0.6667 fees=-0.505914 net=-0.160786 unrealized=-4.3333
2026-04-28T15:53:37.894590460 SPREAD RIVN NASDAQ  [0]  16.09x3600 | 16.1x2600  [16.11]  pos=0  realized=0 fees=0 net=0 unrealized=0
2026-04-28T15:53:37.894603414 SPREAD AAL NASDAQ  [0]  11.61x29100 | 11.62x8100  [11.65]  pos=0  realized=0 fees=0 net=0 unrealized=0
2026-04-28T15:53:38.477061764 INTC order fill: filled sell 100 @ 84.02 pos=200 filled=100/100
2026-04-28T15:53:38.477086154 INTC filled -100 @ 84.02 | pos=200 | fill_pnl=3.75 | fee=0.015381 | realized=29.1 | total_pnl=13.39 | total_fees=-18.936979 | fills=264 shares=21900
2026-04-28T15:53:38.489940747 INTC placed sell 100 @ 84.02 -> NASDAQ (pos=200 spread=0.02 bid=83.99x400 ask=84.01x500)
2026-04-28T15:53:38.502156507 INTC order pending_new: pending_new sell 100 @ 84.02 pos=0 filled=0/100
2026-04-28T15:53:38.514547063 INTC order new: new sell 100 @ 84.02 pos=0 filled=0/100
2026-04-28T15:53:38.531857122 INTC order partial_fill: partially_filled sell 100 @ 84.02 pos=165 filled=35/100
2026-04-28T15:53:38.531876026 INTC filled -35 @ 84.02 | pos=165 | fill_pnl=1.3125 | fee=0.007203 | realized=30.4125 | total_pnl=14.7025 | total_fees=-18.929776 | fills=265 shares=21935
2026-04-28T15:53:38.531882776 INTC order partial_fill: partially_filled sell 100 @ 84.02 pos=141 filled=59/100
2026-04-28T15:53:38.531893893 INTC filled -24 @ 84.02 | pos=141 | fill_pnl=0.9 | fee=0.003019 | realized=31.3125 | total_pnl=15.6025 | total_fees=-18.926757 | fills=266 shares=21959
2026-04-28T15:53:38.531928981 INTC order fill: filled sell 100 @ 84.02 pos=100 filled=100/100
2026-04-28T15:53:38.531946515 INTC filled -41 @ 84.02 | pos=100 | fill_pnl=1.5375 | fee=0.005158 | realized=32.85 | total_pnl=17.14 | total_fees=-18.921599 | fills=267 shares=22000
2026-04-28T15:53:38.542826008 INTC placed sell 100 @ 84.02 -> NASDAQ (pos=100 spread=0.02 bid=83.99x400 ask=84.01x500)
2026-04-28T15:53:38.553571124 INTC order pending_new: pending_new sell 100 @ 84.02 pos=0 filled=0/100
2026-04-28T15:53:38.570924548 INTC order new: new sell 100 @ 84.02 pos=0 filled=0/100
2026-04-28T15:53:38.622004810 INTC replacing buy order: 83.97 -> 84 (pos=100 spread=0.02 bid=84.01x200 ask=84.03x1200)
2026-04-28T15:53:38.646275844 INTC order replaced: replaced buy 100 @ 83.97 pos=0 filled=0/100
2026-04-28T15:53:38.805863005 INTC order partial_fill: partially_filled buy 100 @ 84 pos=122 filled=22/100
2026-04-28T15:53:38.805889867 INTC filled 22 @ 84 | pos=122 | fill_pnl=0 | fee=-0.0368 | realized=32.85 | total_pnl=17.14 | total_fees=-18.958399 | fills=268 shares=22022
2026-04-28T15:53:39.277087077 PYPL order fill: filled buy 100 @ 49.51 pos=400 filled=100/100
2026-04-28T15:53:39.277112715 PYPL filled 100 @ 49.51 | pos=400 | fill_pnl=0 | fee=-0.1772 | realized=2 | total_pnl=17.14 | total_fees=-19.135599 | fills=269 shares=22122
2026-04-28T15:53:39.339895762 INTC order fill: filled buy 100 @ 84 pos=200 filled=100/100
2026-04-28T15:53:39.339916751 INTC filled 78 @ 84 | pos=200 | fill_pnl=0 | fee=-0.1404 | realized=32.85 | total_pnl=17.14 | total_fees=-19.275999 | fills=270 shares=22200
2026-04-28T15:53:39.356470573 INTC placed buy 100 @ 83.98 -> NASDAQ (pos=200 spread=0.02 bid=83.99x500 ask=84.01x400)
2026-04-28T15:53:39.361245204 INTC order pending_new: pending_new buy 100 @ 83.98 pos=0 filled=0/100
2026-04-28T15:53:39.371827239 INTC order new: new buy 100 @ 83.98 pos=0 filled=0/100
2026-04-28T15:53:39.829548632 INTC order fill: filled buy 100 @ 83.98 pos=300 filled=100/100
2026-04-28T15:53:39.829573223 INTC filled 100 @ 83.98 | pos=300 | fill_pnl=0 | fee=-0.1772 | realized=32.85 | total_pnl=17.14 | total_fees=-19.453199 | fills=271 shares=22300
2026-04-28T15:53:39.852569904 INTC placed buy 100 @ 83.97 -> NASDAQ (pos=300 spread=0.01 bid=83.99x300 ask=84x500)
2026-04-28T15:53:39.862984776 INTC order pending_new: pending_new buy 100 @ 83.97 pos=0 filled=0/100
2026-04-28T15:53:39.875452411 INTC order new: new buy 100 @ 83.97 pos=0 filled=0/100
2026-04-28T15:53:39.875476059 INTC order fill: filled buy 100 @ 83.97 pos=400 filled=100/100
2026-04-28T15:53:39.875489758 INTC filled 100 @ 83.965 | pos=400 | fill_pnl=0 | fee=-0.1772 | realized=32.85 | total_pnl=17.14 | total_fees=-19.630399 | fills=272 shares=22400
2026-04-28T15:53:39.890120123 INTC error placing order: 40310000: insufficient buying power
2026-04-28T15:53:40.048209651 INTC replacing sell order: 84.02 -> 83.99 (pos=400 spread=0 bid=83.97x300 ask=83.97x100)
2026-04-28T15:53:40.057462147 INTC error placing order: 40310000: insufficient buying power
2026-04-28T15:53:40.071938182 INTC order replaced: replaced sell 100 @ 84.02 pos=0 filled=0/100
2026-04-28T15:53:40.071966800 HOOD order fill: filled buy 100 @ 82.11 pos=0 filled=100/100
2026-04-28T15:53:40.071978904 HOOD filled 100 @ 82.11 | pos=0 | fill_pnl=-0.6667 | fee=-0.1772 | realized=-26.71 | total_pnl=16.4733 | total_fees=-19.807599 | fills=273 shares=22500
2026-04-28T15:53:40.109312244 INTC placed buy 100 @ 83.94 -> NASDAQ (pos=400 spread=0.01 bid=83.96x1100 ask=83.97x200)
2026-04-28T15:53:40.117784591 INTC order pending_new: pending_new buy 100 @ 83.94 pos=0 filled=0/100
2026-04-28T15:53:40.130391634 INTC order new: new buy 100 @ 83.94 pos=0 filled=0/100
2026-04-28T15:53:40.569421102 INTC order fill: filled buy 100 @ 83.94 pos=500 filled=100/100
2026-04-28T15:53:40.569445378 INTC filled 100 @ 83.94 | pos=500 | fill_pnl=0 | fee=-0.1772 | realized=32.85 | total_pnl=16.4733 | total_fees=-19.984799 | fills=274 shares=22600
2026-04-28T15:53:40.581711718 INTC error placing order: 40310000: insufficient buying power
2026-04-28T15:53:40.600682533 INTC error placing order: 40310000: insufficient buying power
2026-04-28T15:53:40.626491559 INTC replacing sell order: 83.99 -> 83.96 (pos=500 spread=0.02 bid=83.93x1100 ask=83.95x1100)
2026-04-28T15:53:40.630690255 INTC error placing order: 40310000: insufficient buying power
2026-04-28T15:53:40.653371350 INTC order replaced: replaced sell 100 @ 83.99 pos=0 filled=0/100
2026-04-28T15:53:40.670466940 INTC error placing order: 40310000: insufficient buying power
2026-04-28T15:53:40.878509045 INTC error placing order: 40310000: insufficient buying power
2026-04-28T15:53:41.099938216 INTC error placing order: 40310000: insufficient buying power
2026-04-28T15:53:41.264463122 INTC error placing order: 40310000: insufficient buying power
2026-04-28T15:53:41.458735887 INTC error placing order: 40310000: insufficient buying power
2026-04-28T15:53:41.477642520 INTC error placing order: 40310000: insufficient buying power
2026-04-28T15:53:41.496495454 INTC error placing order: 40310000: insufficient buying power
2026-04-28T15:53:41.678160347 INTC error placing order: 40310000: insufficient buying power
2026-04-28T15:53:42.015376103 INTC error placing order: 40310000: insufficient buying power
2026-04-28T15:53:42.375041887 INTC error placing order: 40310000: insufficient buying power
2026-04-28T15:53:42.406077899 INTC error placing order: 40310000: insufficient buying power
2026-04-28T15:53:42.425926500 INTC error placing order: 40310000: insufficient buying power
2026-04-28T15:53:42.589041117 INTC error placing order: 40310000: insufficient buying power
2026-04-28T15:53:42.836069385 INTC error placing order: 40310000: insufficient buying power
2026-04-28T15:53:42.865573745 INTC error placing order: 40310000: insufficient buying power
2026-04-28T15:53:43.104078141 INTC error placing order: 40310000: insufficient buying power
2026-04-28T15:53:43.126904251 INTC error placing order: 40310000: insufficient buying power
2026-04-28T15:53:43.334627408 INTC error placing order: 40310000: insufficient buying power
2026-04-28T15:53:43.504237598 INTC error placing order: 40310000: insufficient buying power
2026-04-28T15:53:43.575566081 INTC error placing order: 40310000: insufficient buying power
2026-04-28T15:53:43.767130570 PYPL replacing sell order: 49.56 -> 49.53 (pos=400 spread=0 bid=49.51x100 ask=49.51x200)
2026-04-28T15:53:43.781451096 INTC error placing order: 40310000: insufficient buying power
2026-04-28T15:53:43.793778772 PYPL order replaced: replaced sell 100 @ 49.56 pos=0 filled=0/100
2026-04-28T15:53:43.893872061 BALANCE long=$123361 (6) short=$22691 (2) expose=$100670 | realize=16.4733 fee=-19.984799 net=36.458099 unrealized=-123.5833 equity=-87.125201 liquidate=-103.125201 | fills=274 pending=12 | ofails=334/576
2026-04-28T15:53:43.893921576 SPREAD SOFI NASDAQ  [0]  18.51x10500 | 18.52x8700  [18.55]  pos=800  realized=0 fees=-1.4176 net=1.4176 unrealized=-37
2026-04-28T15:53:43.893933133 SPREAD HOOD NASDAQ  [0]  82.11x200 | 82.12x400  [82.14]  pos=0  realized=-26.71 fees=-4.155176 net=-22.554824 unrealized=0
2026-04-28T15:53:43.893940096 SPREAD XLE ARCA  [0]  57.65x18800 | 57.66x15000  [57.7]  pos=600  realized=0 fees=-1.0632 net=1.0632 unrealized=-35
2026-04-28T15:53:43.893950200 SPREAD FXI ARCA  [0]  36.27x63500 | 36.28x34900  [36.3]  pos=0  realized=0 fees=0 net=0 unrealized=0
2026-04-28T15:53:43.893959104 SPREAD VZ NYSE  [47.09]  47.1x1900 | 47.11x800  [47.13]  pos=200  realized=6 fees=-1.543687 net=7.543687 unrealized=0
2026-04-28T15:53:43.893966141 SPREAD INTC NASDAQ  [0]  83.93x100 | 83.94x400  [83.96]  pos=500  realized=32.85 fees=-8.711095 net=41.561095 unrealized=-19.25
2026-04-28T15:53:43.893973014 SPREAD PYPL NASDAQ  [0]  49.51x900 | 49.52x2400  [49.53]  pos=400  realized=2 fees=-1.872987 net=3.872987 unrealized=-14.5
2026-04-28T15:53:43.893979486 SPREAD CMCSA NASDAQ  [27.6]  27.61x2900 | 27.62x6800  [27.65]  pos=100  realized=3 fees=-0.455162 net=3.455162 unrealized=-0.5
2026-04-28T15:53:43.893986088 SPREAD DKNG NASDAQ  [23.36]  23.36x1700 | 23.37x1400  [23.4]  pos=-200  realized=-0.6667 fees=-0.505914 net=-0.160786 unrealized=-0.3333
2026-04-28T15:53:43.893995033 SPREAD RIVN NASDAQ  [0]  16.09x2200 | 16.1x6200  [16.11]  pos=0  realized=0 fees=0 net=0 unrealized=0
2026-04-28T15:53:43.894001842 SPREAD AAL NASDAQ  [0]  11.61x26800 | 11.62x10200  [11.65]  pos=0  realized=0 fees=0 net=0 unrealized=0
2026-04-28T15:53:43.894027435 SPREAD NKE NYSE  [45]  45.04x1700 | 45.05x1800  [45.06]  pos=-400  realized=0 fees=-0.259978 net=0.259978 unrealized=-17
2026-04-28T15:53:44.165539102 INTC error placing order: 40310000: insufficient buying power
2026-04-28T15:53:44.384071696 INTC error placing order: 40310000: insufficient buying power
2026-04-28T15:53:44.783157050 INTC error placing order: 40310000: insufficient buying power
2026-04-28T15:53:44.984355038 INTC error placing order: 40310000: insufficient buying power
2026-04-28T15:53:45.313798901 INTC error placing order: 40310000: insufficient buying power
2026-04-28T15:53:45.419498534 INTC error placing order: 40310000: insufficient buying power
2026-04-28T15:53:45.627086672 INTC error placing order: 40310000: insufficient buying power
2026-04-28T15:53:45.680219154 INTC error placing order: 40310000: insufficient buying power
2026-04-28T15:53:46.173763108 HOOD replacing sell order: 82.14 -> 82.11 (pos=0 spread=0.02 bid=82.08x1500 ask=82.1x500)
2026-04-28T15:53:46.177960550 INTC error placing order: 40310000: insufficient buying power
2026-04-28T15:53:46.198483606 HOOD order replaced: replaced sell 100 @ 82.14 pos=0 filled=0/100
2026-04-28T15:53:46.545101342 INTC error placing order: 40310000: insufficient buying power
2026-04-28T15:53:47.042490131 INTC error placing order: 40310000: insufficient buying power
2026-04-28T15:53:47.401876824 INTC error placing order: 40310000: insufficient buying power
2026-04-28T15:53:47.603675916 INTC error placing order: 40310000: insufficient buying power
2026-04-28T15:53:47.646623195 INTC error placing order: 40310000: insufficient buying power
2026-04-28T15:53:47.837626981 INTC error placing order: 40310000: insufficient buying power
2026-04-28T15:53:47.989033524 INTC error placing order: 40310000: insufficient buying power
2026-04-28T15:53:48.055371570 INTC order fill: filled sell 100 @ 83.96 pos=400 filled=100/100
2026-04-28T15:53:48.055396510 INTC filled -100 @ 83.96 | pos=400 | fill_pnl=-1.35 | fee=0.015258 | realized=31.5 | total_pnl=15.1233 | total_fees=-19.969541 | fills=275 shares=22700
2026-04-28T15:53:48.069959135 INTC placed sell 100 @ 83.98 -> NASDAQ (pos=400 spread=0.01 bid=83.95x1000 ask=83.96x200)
2026-04-28T15:53:48.076985209 INTC placed buy 100 @ 83.93 -> NASDAQ (pos=400 spread=0.01 bid=83.95x1000 ask=83.96x200)
2026-04-28T15:53:48.085653034 INTC order pending_new: pending_new sell 100 @ 83.98 pos=0 filled=0/100
2026-04-28T15:53:48.085667431 INTC order pending_new: pending_new buy 100 @ 83.93 pos=0 filled=0/100
2026-04-28T15:53:48.093369952 INTC order new: new sell 100 @ 83.98 pos=0 filled=0/100
2026-04-28T15:53:48.093383192 INTC order new: new buy 100 @ 83.93 pos=0 filled=0/100
2026-04-28T15:53:49.894100177 BALANCE long=$114982 (6) short=$22679 (2) expose=$92303 | realize=15.1233 fee=-19.969541 net=35.092841 unrealized=-93.7333 equity=-58.640459 liquidate=-74.140459 | fills=275 pending=12 | ofails=350/594
2026-04-28T15:53:49.894148408 SPREAD RIVN NASDAQ  [0]  16.08x4100 | 16.09x3100  [16.11]  pos=0  realized=0 fees=0 net=0 unrealized=0
2026-04-28T15:53:49.894160611 SPREAD AAL NASDAQ  [0]  11.61x25700 | 11.62x10400  [11.65]  pos=0  realized=0 fees=0 net=0 unrealized=0
2026-04-28T15:53:49.894168254 SPREAD NKE NYSE  [45]  45.01x1700 | 45.02x1800  [45.06]  pos=-400  realized=0 fees=-0.259978 net=0.259978 unrealized=-5
2026-04-28T15:53:49.894179379 SPREAD SOFI NASDAQ  [0]  18.51x10400 | 18.52x8600  [18.55]  pos=800  realized=0 fees=-1.4176 net=1.4176 unrealized=-37
2026-04-28T15:53:49.894193336 SPREAD HOOD NASDAQ  [0]  82.09x400 | 82.1x1700  [82.11]  pos=0  realized=-26.71 fees=-4.155176 net=-22.554824 unrealized=0
2026-04-28T15:53:49.894200179 SPREAD XLE ARCA  [0]  57.66x39700 | 57.67x9000  [57.7]  pos=600  realized=0 fees=-1.0632 net=1.0632 unrealized=-29
2026-04-28T15:53:49.894205919 SPREAD FXI ARCA  [0]  36.27x64600 | 36.28x36300  [36.3]  pos=0  realized=0 fees=0 net=0 unrealized=0
2026-04-28T15:53:49.894216451 SPREAD VZ NYSE  [47.09]  47.1x2400 | 47.11x600  [47.13]  pos=200  realized=6 fees=-1.543687 net=7.543687 unrealized=0
2026-04-28T15:53:49.894239516 SPREAD INTC NASDAQ  [83.93]  83.96x900 | 83.97x1200  [83.98]  pos=400  realized=31.5 fees=-8.695837 net=40.195837 unrealized=-3.4
2026-04-28T15:53:49.894250263 SPREAD PYPL NASDAQ  [0]  49.5x100 | 49.51x1000  [49.53]  pos=400  realized=2 fees=-1.872987 net=3.872987 unrealized=-18.5
2026-04-28T15:53:49.894256463 SPREAD CMCSA NASDAQ  [27.6]  27.61x4000 | 27.62x6700  [27.65]  pos=100  realized=3 fees=-0.455162 net=3.455162 unrealized=-0.5
2026-04-28T15:53:49.894264345 SPREAD DKNG NASDAQ  [23.36]  23.36x1200 | 23.37x1200  [23.4]  pos=-200  realized=-0.6667 fees=-0.505914 net=-0.160786 unrealized=-0.3333
2026-04-28T15:53:51.876544210 HOOD order fill: filled sell 100 @ 82.11 pos=-100 filled=100/100
2026-04-28T15:53:51.877264878 HOOD filled -100 @ 82.11 | pos=-100 | fill_pnl=0 | fee=0.011447 | realized=-26.71 | total_pnl=15.1233 | total_fees=-19.958094 | fills=276 shares=22800
2026-04-28T15:53:51.938979353 HOOD error placing order: 40310000: insufficient buying power
2026-04-28T15:53:51.943568310 HOOD placed buy 100 @ 82.08 -> NASDAQ (pos=-100 spread=0.01 bid=82.1x300 ask=82.11x500)
2026-04-28T15:53:51.952887099 HOOD order pending_new: pending_new buy 100 @ 82.08 pos=0 filled=0/100
2026-04-28T15:53:51.965172606 HOOD order new: new buy 100 @ 82.08 pos=0 filled=0/100
2026-04-28T15:53:52.155391770 HOOD error placing order: 40310000: insufficient buying power
2026-04-28T15:53:52.898029614 HOOD error placing order: 40310000: insufficient buying power
2026-04-28T15:53:52.921570747 HOOD error placing order: 40310000: insufficient buying power
2026-04-28T15:53:53.673191591 HOOD replacing buy order: 82.08 -> 82.11 (pos=-100 spread=0.02 bid=82.12x300 ask=82.14x200)
2026-04-28T15:53:53.678862986 HOOD error placing order: 40310000: insufficient buying power
2026-04-28T15:53:53.698150092 HOOD order replaced: replaced buy 100 @ 82.08 pos=0 filled=0/100
2026-04-28T15:53:53.714454442 HOOD error placing order: 40310000: insufficient buying power
2026-04-28T15:53:53.882128158 HOOD error placing order: 40310000: insufficient buying power
2026-04-28T15:53:54.450812252 HOOD error placing order: 40310000: insufficient buying power
2026-04-28T15:53:54.658314682 HOOD error placing order: 40310000: insufficient buying power
2026-04-28T15:53:54.877732587 HOOD error placing order: 40310000: insufficient buying power
2026-04-28T15:53:54.959347365 HOOD error placing order: 40310000: insufficient buying power
2026-04-28T15:53:55.158740476 HOOD error placing order: 40310000: insufficient buying power
2026-04-28T15:53:55.206148678 VZ order fill: filled sell 100 @ 47.13 pos=100 filled=100/100
2026-04-28T15:53:55.206169670 VZ filled -100 @ 47.13 | pos=100 | fill_pnl=2.5 | fee=-0.060612 | realized=8.5 | total_pnl=17.6233 | total_fees=-20.018706 | fills=277 shares=22900
2026-04-28T15:53:55.219251778 VZ placed sell 100 @ 47.15 -> NYSE (pos=100 spread=0.01 bid=47.12x1900 ask=47.13x500)
2026-04-28T15:53:55.230094179 VZ order pending_new: pending_new sell 100 @ 47.15 pos=0 filled=0/100
2026-04-28T15:53:55.243730402 VZ order new: new sell 100 @ 47.15 pos=0 filled=0/100
2026-04-28T15:53:55.331768199 HOOD placed sell 100 @ 82.15 -> NASDAQ (pos=-100 spread=0.02 bid=82.12x600 ask=82.14x200)
2026-04-28T15:53:55.344621352 HOOD order pending_new: pending_new sell 100 @ 82.15 pos=0 filled=0/100
2026-04-28T15:53:55.355337679 HOOD order new: new sell 100 @ 82.15 pos=0 filled=0/100
2026-04-28T15:53:55.894596011 BALANCE long=$110271 (6) short=$30896 (3) expose=$79375 | realize=17.6233 fee=-20.018706 net=37.642006 unrealized=-99.7333 equity=-62.091294 liquidate=-78.091294 | fills=277 pending=12 | ofails=362/609
2026-04-28T15:53:55.894640096 SPREAD DKNG NASDAQ  [23.36]  23.36x1300 | 23.37x1400  [23.4]  pos=-200  realized=-0.6667 fees=-0.505914 net=-0.160786 unrealized=-0.3333
2026-04-28T15:53:55.894648676 SPREAD RIVN NASDAQ  [0]  16.08x3200 | 16.09x5300  [16.11]  pos=0  realized=0 fees=0 net=0 unrealized=0
2026-04-28T15:53:55.894657375 SPREAD AAL NASDAQ  [0]  11.61x26000 | 11.62x10400  [11.65]  pos=0  realized=0 fees=0 net=0 unrealized=0
2026-04-28T15:53:55.894677341 SPREAD NKE NYSE  [45]  45.02x3100 | 45.03x200  [45.06]  pos=-400  realized=0 fees=-0.259978 net=0.259978 unrealized=-9
2026-04-28T15:53:55.894686186 SPREAD SOFI NASDAQ  [0]  18.51x10400 | 18.52x6000  [18.55]  pos=800  realized=0 fees=-1.4176 net=1.4176 unrealized=-37
2026-04-28T15:53:55.894693930 SPREAD HOOD NASDAQ  [82.11]  82.12x700 | 82.14x300  [82.15]  pos=-100  realized=-26.71 fees=-4.143729 net=-22.566271 unrealized=-2
2026-04-28T15:53:55.894698575 SPREAD XLE ARCA  [0]  57.67x22400 | 57.68x23100  [57.7]  pos=600  realized=0 fees=-1.0632 net=1.0632 unrealized=-23
2026-04-28T15:53:55.894702540 SPREAD FXI ARCA  [0]  36.27x51400 | 36.28x40100  [36.3]  pos=0  realized=0 fees=0 net=0 unrealized=0
2026-04-28T15:53:55.894712325 SPREAD VZ NYSE  [47.09]  47.12x2000 | 47.13x500  [47.15]  pos=100  realized=8.5 fees=-1.604299 net=10.104299 unrealized=2
2026-04-28T15:53:55.894721808 SPREAD INTC NASDAQ  [83.93]  83.93x600 | 83.94x300  [83.98]  pos=400  realized=31.5 fees=-8.695837 net=40.195837 unrealized=-15.4
2026-04-28T15:53:55.894727974 SPREAD PYPL NASDAQ  [0]  49.51x300 | 49.52x400  [49.53]  pos=400  realized=2 fees=-1.872987 net=3.872987 unrealized=-14.5
2026-04-28T15:53:55.894734540 SPREAD CMCSA NASDAQ  [27.6]  27.61x5400 | 27.62x14400  [27.65]  pos=100  realized=3 fees=-0.455162 net=3.455162 unrealized=-0.5
2026-04-28T15:53:56.921196725 INTC order fill: filled buy 100 @ 83.93 pos=500 filled=100/100
2026-04-28T15:53:56.921895143 INTC filled 100 @ 83.93 | pos=500 | fill_pnl=0 | fee=-0.1772 | realized=31.5 | total_pnl=17.6233 | total_fees=-20.195906 | fills=278 shares=23000
2026-04-28T15:53:56.936920402 INTC error placing order: 40310000: insufficient buying power
2026-04-28T15:53:56.993559816 INTC replacing sell order: 83.98 -> 83.95 (pos=500 spread=0 bid=83.93x100 ask=83.93x100)
2026-04-28T15:53:56.997691271 INTC error placing order: 40310000: insufficient buying power
2026-04-28T15:53:57.018749343 INTC order replaced: replaced sell 100 @ 83.98 pos=0 filled=0/100
2026-04-28T15:53:57.031716574 INTC error placing order: 40310000: insufficient buying power
2026-04-28T15:53:57.420104745 INTC error placing order: 40310000: insufficient buying power
2026-04-28T15:53:57.481002941 INTC error placing order: 40310000: insufficient buying power
2026-04-28T15:53:57.785651141 INTC error placing order: 40310000: insufficient buying power
2026-04-28T15:53:58.222251670 INTC error placing order: 40310000: insufficient buying power
2026-04-28T15:53:58.330318675 INTC error placing order: 40310000: insufficient buying power
2026-04-28T15:53:58.768328068 INTC error placing order: 40310000: insufficient buying power
2026-04-28T15:53:58.842437888 INTC error placing order: 40310000: insufficient buying power
2026-04-28T15:53:59.220913143 INTC error placing order: 40310000: insufficient buying power
2026-04-28T15:53:59.450016030 INTC error placing order: 40310000: insufficient buying power
2026-04-28T15:53:59.604502645 INTC error placing order: 40310000: insufficient buying power
2026-04-28T15:53:59.842952038 INTC error placing order: 40310000: insufficient buying power
2026-04-28T15:54:00.043389401 INTC order fill: filled sell 100 @ 83.95 pos=400 filled=100/100
2026-04-28T15:54:00.043411810 INTC filled -100 @ 83.95 | pos=400 | fill_pnl=-1.48 | fee=0.015237 | realized=30.02 | total_pnl=16.1433 | total_fees=-20.180669 | fills=279 shares=23100
2026-04-28T15:54:00.058088644 INTC placed sell 100 @ 83.94 -> NASDAQ (pos=400 spread=0.02 bid=83.91x500 ask=83.93x1100)
2026-04-28T15:54:00.068904417 INTC order pending_new: pending_new sell 100 @ 83.94 pos=0 filled=0/100
2026-04-28T15:54:00.084302870 INTC placed buy 100 @ 83.9 -> NASDAQ (pos=400 spread=0.02 bid=83.91x500 ask=83.93x1100)
2026-04-28T15:54:00.094625724 INTC order pending_new: pending_new buy 100 @ 83.9 pos=0 filled=0/100
2026-04-28T15:54:00.094649597 INTC order new: new sell 100 @ 83.94 pos=0 filled=0/100
2026-04-28T15:54:00.094663361 INTC order fill: filled sell 100 @ 83.94 pos=300 filled=100/100
2026-04-28T15:54:00.094676382 INTC filled -100 @ 83.95 | pos=300 | fill_pnl=-1.48 | fee=0.015237 | realized=28.54 | total_pnl=14.6633 | total_fees=-20.165432 | fills=280 shares=23200
2026-04-28T15:54:00.104688349 INTC order new: new buy 100 @ 83.9 pos=0 filled=0/100
2026-04-28T15:54:00.112815143 INTC placed sell 100 @ 83.94 -> NASDAQ (pos=300 spread=0.02 bid=83.91x500 ask=83.93x1100)
2026-04-28T15:54:00.125150139 INTC order pending_new: pending_new sell 100 @ 83.94 pos=0 filled=0/100
2026-04-28T15:54:00.139545185 INTC order new: new sell 100 @ 83.94 pos=0 filled=0/100
2026-04-28T15:54:00.139560704 INTC order partial_fill: partially_filled sell 100 @ 83.94 pos=248 filled=52/100
2026-04-28T15:54:00.139569564 INTC filled -52 @ 83.95 | pos=248 | fill_pnl=-0.7696 | fee=0.009267 | realized=27.7704 | total_pnl=13.8937 | total_fees=-20.156165 | fills=281 shares=23252
2026-04-28T15:54:00.139581760 INTC order fill: filled sell 100 @ 83.94 pos=200 filled=100/100
2026-04-28T15:54:00.139591679 INTC filled -48 @ 83.95 | pos=200 | fill_pnl=-0.7104 | fee=0.00597 | realized=27.06 | total_pnl=13.1833 | total_fees=-20.150195 | fills=282 shares=23300
2026-04-28T15:54:00.156134444 INTC placed sell 100 @ 83.94 -> NASDAQ (pos=200 spread=0.02 bid=83.91x500 ask=83.93x1100)
2026-04-28T15:54:00.167955178 INTC order pending_new: pending_new sell 100 @ 83.94 pos=0 filled=0/100
2026-04-28T15:54:00.179555146 INTC order new: new sell 100 @ 83.94 pos=0 filled=0/100
2026-04-28T15:54:00.179569638 INTC order partial_fill: partially_filled sell 100 @ 83.94 pos=196 filled=4/100
2026-04-28T15:54:00.179582274 INTC filled -4 @ 83.95 | pos=196 | fill_pnl=-0.0592 | fee=0.003297 | realized=27.0008 | total_pnl=13.1241 | total_fees=-20.146898 | fills=283 shares=23304
2026-04-28T15:54:00.179594555 INTC order partial_fill: partially_filled sell 100 @ 83.94 pos=152 filled=48/100
2026-04-28T15:54:00.179602591 INTC filled -44 @ 83.95 | pos=152 | fill_pnl=-0.6512 | fee=0.005472 | realized=26.3496 | total_pnl=12.4729 | total_fees=-20.141426 | fills=284 shares=23348
2026-04-28T15:54:00.179625161 INTC order fill: filled sell 100 @ 83.94 pos=100 filled=100/100
2026-04-28T15:54:00.179636094 INTC filled -52 @ 83.95 | pos=100 | fill_pnl=-0.7696 | fee=0.006467 | realized=25.58 | total_pnl=11.7033 | total_fees=-20.134959 | fills=285 shares=23400
2026-04-28T15:54:00.192286293 INTC placed sell 100 @ 83.94 -> NASDAQ (pos=100 spread=0.02 bid=83.91x500 ask=83.93x1100)
2026-04-28T15:54:00.205319159 INTC order pending_new: pending_new sell 100 @ 83.94 pos=0 filled=0/100
2026-04-28T15:54:00.216274265 INTC order new: new sell 100 @ 83.94 pos=0 filled=0/100
2026-04-28T15:54:00.216287622 INTC order fill: filled sell 100 @ 83.94 pos=0 filled=100/100
2026-04-28T15:54:00.216295770 INTC filled -100 @ 83.95 | pos=0 | fill_pnl=-1.48 | fee=0.015237 | realized=24.1 | total_pnl=10.2233 | total_fees=-20.119722 | fills=286 shares=23500
2026-04-28T15:54:00.333879273 INTC replacing buy order: 83.9 -> 83.93 (pos=0 spread=0 bid=83.95x200 ask=83.95x500)
2026-04-28T15:54:00.358437689 INTC order replaced: replaced buy 100 @ 83.9 pos=0 filled=0/100
2026-04-28T15:54:00.755335866 INTC order fill: filled buy 100 @ 83.93 pos=100 filled=100/100
2026-04-28T15:54:00.755360104 INTC filled 100 @ 83.93 | pos=100 | fill_pnl=0 | fee=-0.1772 | realized=24.1 | total_pnl=10.2233 | total_fees=-20.296922 | fills=287 shares=23600
2026-04-28T15:54:00.775728401 INTC placed buy 100 @ 83.93 -> NASDAQ (pos=100 spread=0.01 bid=83.95x200 ask=83.96x300)
2026-04-28T15:54:00.776696468 INTC placed sell 100 @ 83.98 -> NASDAQ (pos=100 spread=0.01 bid=83.95x200 ask=83.96x300)
2026-04-28T15:54:00.786221774 INTC order pending_new: pending_new buy 100 @ 83.93 pos=0 filled=0/100
2026-04-28T15:54:00.786243403 INTC order pending_new: pending_new sell 100 @ 83.98 pos=0 filled=0/100
2026-04-28T15:54:00.799375105 INTC order new: new buy 100 @ 83.93 pos=0 filled=0/100
2026-04-28T15:54:00.799393198 INTC order new: new sell 100 @ 83.98 pos=0 filled=0/100
2026-04-28T15:54:01.332699597 INTC order fill: filled buy 100 @ 83.93 pos=200 filled=100/100
2026-04-28T15:54:01.332723541 INTC filled 100 @ 83.93 | pos=200 | fill_pnl=0 | fee=-0.1772 | realized=24.1 | total_pnl=10.2233 | total_fees=-20.474122 | fills=288 shares=23700
2026-04-28T15:54:01.364393251 INTC placed buy 100 @ 83.91 -> NASDAQ (pos=200 spread=0.01 bid=83.93x200 ask=83.94x600)
2026-04-28T15:54:01.376818951 INTC order pending_new: pending_new buy 100 @ 83.91 pos=0 filled=0/100
2026-04-28T15:54:01.387506283 INTC order new: new buy 100 @ 83.91 pos=0 filled=0/100
2026-04-28T15:54:01.616320521 INTC replacing sell order: 83.98 -> 83.95 (pos=200 spread=0 bid=83.93x100 ask=83.93x200)
2026-04-28T15:54:01.641158260 INTC order replaced: replaced sell 100 @ 83.98 pos=0 filled=0/100
2026-04-28T15:54:01.894750851 BALANCE long=$93512 (6) short=$30896 (3) expose=$62616 | realize=10.2233 fee=-20.474122 net=30.697422 unrealized=-55.3333 equity=-24.635878 liquidate=-40.635878 | fills=288 pending=12 | ofails=376/631
2026-04-28T15:54:01.894798434 SPREAD INTC NASDAQ  [83.91]  83.92x200 | 83.94x1600  [83.95]  pos=200  realized=24.1 fees=-9.151253 net=33.251253 unrealized=0
2026-04-28T15:54:01.894811016 SPREAD PYPL NASDAQ  [0]  49.51x300 | 49.52x500  [49.53]  pos=400  realized=2 fees=-1.872987 net=3.872987 unrealized=-14.5
2026-04-28T15:54:01.894818401 SPREAD CMCSA NASDAQ  [27.6]  27.61x4000 | 27.62x13400  [27.65]  pos=100  realized=3 fees=-0.455162 net=3.455162 unrealized=-0.5
2026-04-28T15:54:01.894828821 SPREAD DKNG NASDAQ  [23.36]  23.36x3500 | 23.37x1300  [23.4]  pos=-200  realized=-0.6667 fees=-0.505914 net=-0.160786 unrealized=-0.3333
2026-04-28T15:54:01.894838696 SPREAD RIVN NASDAQ  [0]  16.08x3100 | 16.09x4600  [16.11]  pos=0  realized=0 fees=0 net=0 unrealized=0
2026-04-28T15:54:01.894846000 SPREAD AAL NASDAQ  [0]  11.61x25100 | 11.62x9900  [11.65]  pos=0  realized=0 fees=0 net=0 unrealized=0
2026-04-28T15:54:01.894852503 SPREAD NKE NYSE  [45]  45.02x2800 | 45.03x2200  [45.06]  pos=-400  realized=0 fees=-0.259978 net=0.259978 unrealized=-9
2026-04-28T15:54:01.894859156 SPREAD SOFI NASDAQ  [0]  18.53x7600 | 18.54x5600  [18.55]  pos=800  realized=0 fees=-1.4176 net=1.4176 unrealized=-21
2026-04-28T15:54:01.894885016 SPREAD HOOD NASDAQ  [82.11]  82.12x200 | 82.14x600  [82.15]  pos=-100  realized=-26.71 fees=-4.143729 net=-22.566271 unrealized=-2
2026-04-28T15:54:01.894891073 SPREAD XLE ARCA  [0]  57.69x20800 | 57.7x15400  [57.7]  pos=600  realized=0 fees=-1.0632 net=1.0632 unrealized=-11
2026-04-28T15:54:01.894896283 SPREAD FXI ARCA  [0]  36.27x26100 | 36.28x66100  [36.3]  pos=0  realized=0 fees=0 net=0 unrealized=0
2026-04-28T15:54:01.894902967 SPREAD VZ NYSE  [47.09]  47.13x2800 | 47.14x800  [47.15]  pos=100  realized=8.5 fees=-1.604299 net=10.104299 unrealized=3
2026-04-28T15:54:03.097677504 INTC order partial_fill: partially_filled sell 100 @ 83.95 pos=101 filled=99/100
2026-04-28T15:54:03.097702102 INTC filled -99 @ 83.95 | pos=101 | fill_pnl=1.98 | fee=0.015113 | realized=26.08 | total_pnl=12.2033 | total_fees=-20.459009 | fills=289 shares=23799
2026-04-28T15:54:03.097714841 INTC order fill: filled sell 100 @ 83.95 pos=100 filled=100/100
2026-04-28T15:54:03.097725474 INTC filled -1 @ 83.95 | pos=100 | fill_pnl=0.02 | fee=0.000124 | realized=26.1 | total_pnl=12.2233 | total_fees=-20.458885 | fills=290 shares=23800
2026-04-28T15:54:03.109778933 INTC placed sell 100 @ 83.96 -> NASDAQ (pos=100 spread=0.01 bid=83.93x600 ask=83.94x300)
2026-04-28T15:54:03.121697071 INTC order pending_new: pending_new sell 100 @ 83.96 pos=0 filled=0/100
2026-04-28T15:54:03.133329700 INTC order new: new sell 100 @ 83.96 pos=0 filled=0/100
2026-04-28T15:54:06.208277628 HOOD order fill: filled buy 100 @ 82.11 pos=0 filled=100/100
2026-04-28T15:54:06.208300630 HOOD filled 100 @ 82.11 | pos=0 | fill_pnl=0 | fee=-0.1772 | realized=-26.71 | total_pnl=12.2233 | total_fees=-20.636085 | fills=291 shares=23900
2026-04-28T15:54:06.404831030 HOOD replacing sell order: 82.15 -> 82.12 (pos=0 spread=0.02 bid=82.09x200 ask=82.11x600)
2026-04-28T15:54:06.428141359 HOOD order replaced: replaced sell 100 @ 82.15 pos=0 filled=0/100
2026-04-28T15:54:07.894331958 BALANCE long=$85112 (6) short=$22683 (2) expose=$62429 | realize=12.2233 fee=-20.636085 net=32.859385 unrealized=-60.8333 equity=-27.973915 liquidate=-41.473915 | fills=291 pending=12 | ofails=376/632
2026-04-28T15:54:07.894404757 SPREAD NKE NYSE  [45]  45.02x1700 | 45.03x2800  [45.06]  pos=-400  realized=0 fees=-0.259978 net=0.259978 unrealized=-9
2026-04-28T15:54:07.894431617 SPREAD SOFI NASDAQ  [0]  18.52x5300 | 18.53x8200  [18.55]  pos=800  realized=0 fees=-1.4176 net=1.4176 unrealized=-29
2026-04-28T15:54:07.894440053 SPREAD HOOD NASDAQ  [0]  82.09x500 | 82.1x500  [82.12]  pos=0  realized=-26.71 fees=-4.320929 net=-22.389071 unrealized=0
2026-04-28T15:54:07.894450378 SPREAD XLE ARCA  [0]  57.69x18300 | 57.7x24800  [57.7]  pos=600  realized=0 fees=-1.0632 net=1.0632 unrealized=-11
2026-04-28T15:54:07.894459376 SPREAD FXI ARCA  [0]  36.26x29500 | 36.27x61200  [36.3]  pos=0  realized=0 fees=0 net=0 unrealized=0
2026-04-28T15:54:07.894466961 SPREAD VZ NYSE  [47.09]  47.13x2900 | 47.14x2000  [47.15]  pos=100  realized=8.5 fees=-1.604299 net=10.104299 unrealized=3
2026-04-28T15:54:07.894476898 SPREAD INTC NASDAQ  [83.91]  83.93x500 | 83.94x400  [83.96]  pos=100  realized=26.1 fees=-9.136016 net=35.236016 unrealized=0.5
2026-04-28T15:54:07.894483485 SPREAD PYPL NASDAQ  [0]  49.51x200 | 49.52x600  [49.53]  pos=400  realized=2 fees=-1.872987 net=3.872987 unrealized=-14.5
2026-04-28T15:54:07.894490597 SPREAD CMCSA NASDAQ  [27.6]  27.61x2000 | 27.62x16300  [27.65]  pos=100  realized=3 fees=-0.455162 net=3.455162 unrealized=-0.5
2026-04-28T15:54:07.894497348 SPREAD DKNG NASDAQ  [23.36]  23.36x3400 | 23.37x1700  [23.4]  pos=-200  realized=-0.6667 fees=-0.505914 net=-0.160786 unrealized=-0.3333
2026-04-28T15:54:07.894506308 SPREAD RIVN NASDAQ  [0]  16.08x2600 | 16.09x4500  [16.11]  pos=0  realized=0 fees=0 net=0 unrealized=0
2026-04-28T15:54:07.894512139 SPREAD AAL NASDAQ  [0]  11.61x25200 | 11.62x9800  [11.65]  pos=0  realized=0 fees=0 net=0 unrealized=0
2026-04-28T15:54:08.933583679 CMCSA order fill: filled buy 100 @ 27.6 pos=200 filled=100/100
2026-04-28T15:54:08.934233778 CMCSA filled 100 @ 27.6 | pos=200 | fill_pnl=0 | fee=-0.1772 | realized=3 | total_pnl=12.2233 | total_fees=-20.813285 | fills=292 shares=24000
2026-04-28T15:54:08.963559184 CMCSA placed buy 100 @ 27.58 -> NASDAQ (pos=200 spread=0.01 bid=27.6x3900 ask=27.61x4600)
2026-04-28T15:54:08.974987476 CMCSA order pending_new: pending_new buy 100 @ 27.58 pos=0 filled=0/100
2026-04-28T15:54:08.987148833 CMCSA order new: new buy 100 @ 27.58 pos=0 filled=0/100
2026-04-28T15:54:10.021088220 DKNG order fill: filled buy 100 @ 23.36 pos=-100 filled=100/100
2026-04-28T15:54:10.021172344 DKNG filled 100 @ 23.36 | pos=-100 | fill_pnl=0.3334 | fee=-0.1772 | realized=-0.3333 | total_pnl=12.5567 | total_fees=-20.990485 | fills=293 shares=24100
2026-04-28T15:54:10.033424152 DKNG placed buy 100 @ 23.34 -> NASDAQ (pos=-100 spread=0.01 bid=23.36x3500 ask=23.37x1700)
2026-04-28T15:54:10.039073308 INTC order fill: filled sell 100 @ 83.96 pos=0 filled=100/100
2026-04-28T15:54:10.039089961 INTC filled -100 @ 83.96 | pos=0 | fill_pnl=3 | fee=0.015258 | realized=29.1 | total_pnl=15.5567 | total_fees=-20.975227 | fills=294 shares=24200
2026-04-28T15:54:10.039104603 DKNG order pending_new: pending_new buy 100 @ 23.34 pos=0 filled=0/100
2026-04-28T15:54:10.056530275 DKNG order new: new buy 100 @ 23.34 pos=0 filled=0/100
2026-04-28T15:54:10.097584764 CMCSA order fill: filled buy 100 @ 27.58 pos=300 filled=100/100
2026-04-28T15:54:10.097603291 CMCSA filled 100 @ 27.58 | pos=300 | fill_pnl=0 | fee=-0.1772 | realized=3 | total_pnl=15.5567 | total_fees=-21.152427 | fills=295 shares=24300
2026-04-28T15:54:10.115782615 CMCSA placed buy 100 @ 27.58 -> NASDAQ (pos=300 spread=0.01 bid=27.6x3100 ask=27.61x6900)
2026-04-28T15:54:10.127365069 CMCSA order pending_new: pending_new buy 100 @ 27.58 pos=0 filled=0/100
2026-04-28T15:54:10.139246688 CMCSA order new: new buy 100 @ 27.58 pos=0 filled=0/100
2026-04-28T15:54:10.139255177 CMCSA order fill: filled buy 100 @ 27.58 pos=400 filled=100/100
2026-04-28T15:54:10.139261420 CMCSA filled 100 @ 27.56 | pos=400 | fill_pnl=0 | fee=-0.1772 | realized=3 | total_pnl=15.5567 | total_fees=-21.329627 | fills=296 shares=24400
2026-04-28T15:54:10.161097932 CMCSA placed buy 100 @ 27.58 -> NASDAQ (pos=400 spread=0.01 bid=27.6x3100 ask=27.61x6900)
2026-04-28T15:54:10.169240851 CMCSA order pending_new: pending_new buy 100 @ 27.58 pos=0 filled=0/100
2026-04-28T15:54:10.183559885 CMCSA order new: new buy 100 @ 27.58 pos=0 filled=0/100
2026-04-28T15:54:10.183572973 CMCSA order fill: filled buy 100 @ 27.58 pos=500 filled=100/100
2026-04-28T15:54:10.183581499 CMCSA filled 100 @ 27.57 | pos=500 | fill_pnl=0 | fee=-0.1772 | realized=3 | total_pnl=15.5567 | total_fees=-21.506827 | fills=297 shares=24500
2026-04-28T15:54:10.202363944 CMCSA placed buy 100 @ 27.58 -> NASDAQ (pos=500 spread=0.01 bid=27.6x3500 ask=27.61x6900)
2026-04-28T15:54:10.213602511 CMCSA order pending_new: pending_new buy 100 @ 27.58 pos=0 filled=0/100
2026-04-28T15:54:10.226500184 CMCSA order new: new buy 100 @ 27.58 pos=0 filled=0/100
2026-04-28T15:54:10.226536758 CMCSA order fill: filled buy 100 @ 27.58 pos=600 filled=100/100
2026-04-28T15:54:10.226551345 CMCSA filled 100 @ 27.565 | pos=600 | fill_pnl=0 | fee=-0.1772 | realized=3 | total_pnl=15.5567 | total_fees=-21.684027 | fills=298 shares=24600
2026-04-28T15:54:10.564803091 CMCSA replacing sell order: 27.65 -> 27.62 (pos=600 spread=0 bid=27.6x3700 ask=27.6x400)
2026-04-28T15:54:10.583329459 DKNG replacing sell order: 23.4 -> 23.37 (pos=-100 spread=0.02 bid=23.34x900 ask=23.36x900)
2026-04-28T15:54:10.588644876 CMCSA order replaced: replaced sell 100 @ 27.65 pos=0 filled=0/100
2026-04-28T15:54:10.604805479 CMCSA replacing sell order: 27.62 -> 27.59 (pos=600 spread=0.01 bid=27.56x900 ask=27.57x3900)
2026-04-28T15:54:10.609028002 DKNG order replaced: replaced sell 100 @ 23.4 pos=0 filled=0/100
2026-04-28T15:54:10.626019454 CMCSA order replaced: replaced sell 100 @ 27.62 pos=0 filled=0/100
2026-04-28T15:54:12.138681142 INTC order fill: filled buy 100 @ 83.91 pos=100 filled=100/100
2026-04-28T15:54:12.138708050 INTC filled 100 @ 83.91 | pos=100 | fill_pnl=0 | fee=-0.1772 | realized=29.1 | total_pnl=15.5567 | total_fees=-21.861227 | fills=299 shares=24700
2026-04-28T15:54:12.152279987 INTC placed sell 100 @ 83.95 -> NASDAQ (pos=100 spread=0.02 bid=83.92x400 ask=83.94x1700)
2026-04-28T15:54:12.164500887 INTC order pending_new: pending_new sell 100 @ 83.95 pos=0 filled=0/100
2026-04-28T15:54:12.168083505 INTC placed buy 100 @ 83.91 -> NASDAQ (pos=100 spread=0.02 bid=83.92x400 ask=83.94x1700)
2026-04-28T15:54:12.178158764 INTC order pending_new: pending_new buy 100 @ 83.91 pos=0 filled=0/100
2026-04-28T15:54:12.178181320 INTC order new: new sell 100 @ 83.95 pos=0 filled=0/100
2026-04-28T15:54:12.190008411 INTC order new: new buy 100 @ 83.91 pos=0 filled=0/100
2026-04-28T15:54:12.190075560 INTC order partial_fill: partially_filled buy 100 @ 83.91 pos=123 filled=23/100
2026-04-28T15:54:12.190089469 INTC filled 23 @ 83.91 | pos=123 | fill_pnl=0 | fee=-0.0386 | realized=29.1 | total_pnl=15.5567 | total_fees=-21.899827 | fills=300 shares=24723
2026-04-28T15:54:12.190097824 INTC order fill: filled buy 100 @ 83.91 pos=200 filled=100/100
2026-04-28T15:54:12.190107360 INTC filled 77 @ 83.91 | pos=200 | fill_pnl=0 | fee=-0.1386 | realized=29.1 | total_pnl=15.5567 | total_fees=-22.038427 | fills=301 shares=24800
2026-04-28T15:54:12.206066744 INTC placed buy 100 @ 83.91 -> NASDAQ (pos=200 spread=0.02 bid=83.92x400 ask=83.94x1700)
2026-04-28T15:54:12.217972513 INTC order pending_new: pending_new buy 100 @ 83.91 pos=0 filled=0/100
2026-04-28T15:54:12.231980597 INTC order new: new buy 100 @ 83.91 pos=0 filled=0/100
2026-04-28T15:54:12.231994197 INTC order fill: filled buy 100 @ 83.91 pos=300 filled=100/100
2026-04-28T15:54:12.232000877 INTC filled 100 @ 83.905 | pos=300 | fill_pnl=0 | fee=-0.1772 | realized=29.1 | total_pnl=15.5567 | total_fees=-22.215627 | fills=302 shares=24900
2026-04-28T15:54:12.250060312 INTC placed buy 100 @ 83.91 -> NASDAQ (pos=300 spread=0.02 bid=83.92x400 ask=83.94x1700)
2026-04-28T15:54:12.261591669 INTC order pending_new: pending_new buy 100 @ 83.91 pos=0 filled=0/100
2026-04-28T15:54:12.275051709 INTC order new: new buy 100 @ 83.91 pos=0 filled=0/100
2026-04-28T15:54:12.275064803 INTC order fill: filled buy 100 @ 83.91 pos=400 filled=100/100
2026-04-28T15:54:12.275072029 INTC filled 100 @ 83.905 | pos=400 | fill_pnl=0 | fee=-0.1772 | realized=29.1 | total_pnl=15.5567 | total_fees=-22.392827 | fills=303 shares=25000
2026-04-28T15:54:12.296149149 HOOD replacing sell order: 82.12 -> 82.09 (pos=0 spread=0.02 bid=82.06x200 ask=82.08x700)
2026-04-28T15:54:12.303125465 INTC placed buy 100 @ 83.91 -> NASDAQ (pos=400 spread=0.02 bid=83.92x400 ask=83.94x1700)
2026-04-28T15:54:12.314808097 INTC order pending_new: pending_new buy 100 @ 83.91 pos=0 filled=0/100
2026-04-28T15:54:12.314824793 HOOD order replaced: replaced sell 100 @ 82.12 pos=0 filled=0/100
2026-04-28T15:54:12.328497902 INTC order new: new buy 100 @ 83.91 pos=0 filled=0/100
2026-04-28T15:54:12.328511173 INTC order fill: filled buy 100 @ 83.91 pos=500 filled=100/100
2026-04-28T15:54:12.328520795 INTC filled 100 @ 83.895 | pos=500 | fill_pnl=0 | fee=-0.1772 | realized=29.1 | total_pnl=15.5567 | total_fees=-22.570027 | fills=304 shares=25100
2026-04-28T15:54:12.348622193 INTC error placing order: 40310000: insufficient buying power
2026-04-28T15:54:12.682890713 INTC replacing sell order: 83.95 -> 83.92 (pos=500 spread=0 bid=83.9x1100 ask=83.9x200)
2026-04-28T15:54:12.688511764 INTC error placing order: 40310000: insufficient buying power
2026-04-28T15:54:12.703799034 INTC order replaced: replaced sell 100 @ 83.95 pos=0 filled=0/100
2026-04-28T15:54:12.719446837 INTC error placing order: 40310000: insufficient buying power
2026-04-28T15:54:12.894509045 BALANCE long=$132425 (6) short=$20346 (2) expose=$112080 | realize=15.5567 fee=-22.570027 net=38.126727 unrealized=-93.1667 equity=-55.039973 liquidate=-72.539973 | fills=304 pending=12 | ofails=379/645
2026-04-28T15:54:12.894547999 SPREAD AAL NASDAQ  [0]  11.61x19400 | 11.62x14500  [11.65]  pos=0  realized=0 fees=0 net=0 unrealized=0
2026-04-28T15:54:12.894556945 SPREAD NKE NYSE  [45]  45.02x1400 | 45.03x2600  [45.06]  pos=-400  realized=0 fees=-0.259978 net=0.259978 unrealized=-9
2026-04-28T15:54:12.894562409 SPREAD SOFI NASDAQ  [0]  18.51x8900 | 18.52x8400  [18.55]  pos=800  realized=0 fees=-1.4176 net=1.4176 unrealized=-37
2026-04-28T15:54:12.894567451 SPREAD HOOD NASDAQ  [0]  82.06x200 | 82.07x300  [82.09]  pos=0  realized=-26.71 fees=-4.320929 net=-22.389071 unrealized=0
2026-04-28T15:54:12.894575025 SPREAD XLE ARCA  [0]  57.68x23200 | 57.69x17700  [57.7]  pos=600  realized=0 fees=-1.0632 net=1.0632 unrealized=-17
2026-04-28T15:54:12.894582309 SPREAD FXI ARCA  [0]  36.26x39400 | 36.27x72300  [36.3]  pos=0  realized=0 fees=0 net=0 unrealized=0
2026-04-28T15:54:12.894595614 SPREAD VZ NYSE  [47.09]  47.13x2100 | 47.14x1200  [47.15]  pos=100  realized=8.5 fees=-1.604299 net=10.104299 unrealized=3
2026-04-28T15:54:12.894604664 SPREAD INTC NASDAQ  [0]  83.89x400 | 83.9x300  [83.92]  pos=500  realized=29.1 fees=-10.006758 net=39.106758 unrealized=-5
2026-04-28T15:54:12.894613602 SPREAD PYPL NASDAQ  [0]  49.5x400 | 49.51x600  [49.53]  pos=400  realized=2 fees=-1.872987 net=3.872987 unrealized=-18.5
2026-04-28T15:54:12.894619735 SPREAD CMCSA NASDAQ  [0]  27.56x1200 | 27.57x4900  [27.59]  pos=600  realized=3 fees=-1.341162 net=4.341162 unrealized=-10.5
2026-04-28T15:54:12.894626728 SPREAD DKNG NASDAQ  [23.34]  23.35x400 | 23.36x1200  [23.37]  pos=-100  realized=-0.3333 fees=-0.683114 net=0.349814 unrealized=0.8333
2026-04-28T15:54:12.894635622 SPREAD RIVN NASDAQ  [0]  16.08x2600 | 16.09x3400  [16.11]  pos=0  realized=0 fees=0 net=0 unrealized=0
2026-04-28T15:54:13.280443870 INTC error placing order: 40310000: insufficient buying power
2026-04-28T15:54:13.351970433 INTC error placing order: 40310000: insufficient buying power
2026-04-28T15:54:13.882150222 INTC error placing order: 40310000: insufficient buying power
2026-04-28T15:54:13.907807370 VZ replacing buy order: 47.09 -> 47.12 (pos=100 spread=0 bid=47.14x600 ask=47.14x200)
2026-04-28T15:54:13.910888512 INTC error placing order: 40310000: insufficient buying power
2026-04-28T15:54:13.933971589 VZ order replaced: replaced buy 100 @ 47.09 pos=0 filled=0/100
2026-04-28T15:54:14.101577410 INTC error placing order: 40310000: insufficient buying power
2026-04-28T15:54:14.292019694 INTC error placing order: 40310000: insufficient buying power
2026-04-28T15:54:14.469352611 INTC error placing order: 40310000: insufficient buying power
2026-04-28T15:54:14.917398931 INTC error placing order: 40310000: insufficient buying power
2026-04-28T15:54:14.944213600 INTC error placing order: 40310000: insufficient buying power
2026-04-28T15:54:14.976801221 INTC error placing order: 40310000: insufficient buying power
2026-04-28T15:54:15.153749638 INTC error placing order: 40310000: insufficient buying power
2026-04-28T15:54:15.343093370 INTC error placing order: 40310000: insufficient buying power
2026-04-28T15:54:15.361396293 INTC error placing order: 40310000: insufficient buying power
2026-04-28T15:54:16.168930814 INTC error placing order: 40310000: insufficient buying power
2026-04-28T15:54:16.196702376 INTC error placing order: 40310000: insufficient buying power
2026-04-28T15:54:16.226905316 INTC error placing order: 40310000: insufficient buying power
2026-04-28T15:54:16.463554525 INTC error placing order: 40310000: insufficient buying power
2026-04-28T15:54:16.650144855 INTC error placing order: 40310000: insufficient buying power
2026-04-28T15:54:16.690055483 INTC error placing order: 40310000: insufficient buying power
2026-04-28T15:54:16.878996554 INTC error placing order: 40310000: insufficient buying power
2026-04-28T15:54:16.916284410 INTC error placing order: 40310000: insufficient buying power
2026-04-28T15:54:16.955289704 INTC error placing order: 40310000: insufficient buying power
2026-04-28T15:54:16.983713787 INTC error placing order: 40310000: insufficient buying power
2026-04-28T15:54:17.149473150 INTC error placing order: 40310000: insufficient buying power
2026-04-28T15:54:17.595245165 INTC error placing order: 40310000: insufficient buying power
2026-04-28T15:54:17.768880035 INTC error placing order: 40310000: insufficient buying power
2026-04-28T15:54:18.010785515 INTC error placing order: 40310000: insufficient buying power
2026-04-28T15:54:18.111579001 INTC order partial_fill: partially_filled sell 100 @ 83.92 pos=446 filled=54/100
2026-04-28T15:54:18.111602478 INTC filled -54 @ 83.92 | pos=446 | fill_pnl=0.81 | fee=0.009483 | realized=29.91 | total_pnl=16.3667 | total_fees=-22.560544 | fills=305 shares=25154
2026-04-28T15:54:18.111615088 INTC order fill: filled sell 100 @ 83.92 pos=400 filled=100/100
2026-04-28T15:54:18.111625576 INTC filled -46 @ 83.92 | pos=400 | fill_pnl=0.69 | fee=0.005693 | realized=30.6 | total_pnl=17.0567 | total_fees=-22.554851 | fills=306 shares=25200
2026-04-28T15:54:18.124023646 INTC placed sell 100 @ 83.91 -> NASDAQ (pos=400 spread=0.02 bid=83.88x1400 ask=83.9x1300)
2026-04-28T15:54:18.130087241 INTC placed buy 100 @ 83.87 -> NASDAQ (pos=400 spread=0.02 bid=83.88x1400 ask=83.9x1300)
2026-04-28T15:54:18.136341500 INTC order pending_new: pending_new sell 100 @ 83.91 pos=0 filled=0/100
2026-04-28T15:54:18.136368868 INTC order pending_new: pending_new buy 100 @ 83.87 pos=0 filled=0/100
2026-04-28T15:54:18.147737821 INTC order new: new sell 100 @ 83.91 pos=0 filled=0/100
2026-04-28T15:54:18.147752570 INTC order new: new buy 100 @ 83.87 pos=0 filled=0/100
2026-04-28T15:54:18.258740077 INTC replacing sell order: 83.91 -> 83.94 (pos=400 spread=0.01 bid=83.91x200 ask=83.92x2100)
2026-04-28T15:54:18.284210490 INTC order replaced: replaced sell 100 @ 83.91 pos=0 filled=0/100
2026-04-28T15:54:18.893790002 BALANCE long=$124028 (6) short=$20346 (2) expose=$103682 | realize=17.0567 fee=-22.554851 net=39.611551 unrealized=-100.1667 equity=-60.555149 liquidate=-77.555149 | fills=306 pending=12 | ofails=406/674
2026-04-28T15:54:18.893827623 SPREAD INTC NASDAQ  [83.87]  83.89x200 | 83.9x900  [83.94]  pos=400  realized=30.6 fees=-9.991582 net=40.591582 unrealized=-4
2026-04-28T15:54:18.893837830 SPREAD PYPL NASDAQ  [0]  49.5x700 | 49.51x700  [49.53]  pos=400  realized=2 fees=-1.872987 net=3.872987 unrealized=-18.5
2026-04-28T15:54:18.893857277 SPREAD CMCSA NASDAQ  [0]  27.56x2900 | 27.57x5000  [27.59]  pos=600  realized=3 fees=-1.341162 net=4.341162 unrealized=-10.5
2026-04-28T15:54:18.893866307 SPREAD DKNG NASDAQ  [23.34]  23.35x300 | 23.36x1200  [23.37]  pos=-100  realized=-0.3333 fees=-0.683114 net=0.349814 unrealized=0.8333
2026-04-28T15:54:18.893873272 SPREAD RIVN NASDAQ  [0]  16.08x3100 | 16.09x3300  [16.11]  pos=0  realized=0 fees=0 net=0 unrealized=0
2026-04-28T15:54:18.893880922 SPREAD AAL NASDAQ  [0]  11.61x19600 | 11.62x11400  [11.65]  pos=0  realized=0 fees=0 net=0 unrealized=0
2026-04-28T15:54:18.893885653 SPREAD NKE NYSE  [45]  45.02x500 | 45.03x3000  [45.06]  pos=-400  realized=0 fees=-0.259978 net=0.259978 unrealized=-9
2026-04-28T15:54:18.893893362 SPREAD SOFI NASDAQ  [0]  18.5x28400 | 18.51x5600  [18.55]  pos=800  realized=0 fees=-1.4176 net=1.4176 unrealized=-45
2026-04-28T15:54:18.893898517 SPREAD HOOD NASDAQ  [0]  82.06x600 | 82.07x700  [82.09]  pos=0  realized=-26.71 fees=-4.320929 net=-22.389071 unrealized=0
2026-04-28T15:54:18.893903408 SPREAD XLE ARCA  [0]  57.68x25800 | 57.69x18900  [57.7]  pos=600  realized=0 fees=-1.0632 net=1.0632 unrealized=-17
2026-04-28T15:54:18.893909777 SPREAD FXI ARCA  [0]  36.26x34000 | 36.27x73700  [36.3]  pos=0  realized=0 fees=0 net=0 unrealized=0
2026-04-28T15:54:18.893920892 SPREAD VZ NYSE  [47.12]  47.13x2700 | 47.14x1000  [47.15]  pos=100  realized=8.5 fees=-1.604299 net=10.104299 unrealized=3
2026-04-28T15:54:20.084176138 INTC replacing sell order: 83.94 -> 83.91 (pos=400 spread=0 bid=83.89x100 ask=83.89x100)
2026-04-28T15:54:20.110519441 INTC order replaced: replaced sell 100 @ 83.94 pos=0 filled=0/100
2026-04-28T15:54:20.325324186 INTC order fill: filled buy 100 @ 83.87 pos=500 filled=100/100
2026-04-28T15:54:20.325348321 INTC filled 100 @ 83.87 | pos=500 | fill_pnl=0 | fee=-0.1772 | realized=30.6 | total_pnl=17.0567 | total_fees=-22.732051 | fills=307 shares=25300
2026-04-28T15:54:20.339389909 INTC error placing order: 40310000: insufficient buying power
2026-04-28T15:54:20.508951584 INTC error placing order: 40310000: insufficient buying power
2026-04-28T15:54:20.721559648 INTC error placing order: 40310000: insufficient buying power
2026-04-28T15:54:21.062072538 INTC replacing sell order: 83.91 -> 83.88 (pos=500 spread=0.02 bid=83.85x1000 ask=83.87x700)
2026-04-28T15:54:21.068861083 INTC error placing order: 40310000: insufficient buying power
2026-04-28T15:54:21.089972895 INTC order replaced: replaced sell 100 @ 83.91 pos=0 filled=0/100
2026-04-28T15:54:21.090003703 INTC order fill: filled sell 100 @ 83.88 pos=400 filled=100/100
2026-04-28T15:54:21.090011385 INTC filled -100 @ 83.88 | pos=400 | fill_pnl=-1.8 | fee=0.015093 | realized=28.8 | total_pnl=15.2567 | total_fees=-22.716958 | fills=308 shares=25400
2026-04-28T15:54:21.105200947 INTC placed buy 100 @ 83.86 -> NASDAQ (pos=500 spread=0.02 bid=83.87x400 ask=83.89x100)
2026-04-28T15:54:21.108776587 INTC placed sell 100 @ 83.9 -> NASDAQ (pos=400 spread=0.02 bid=83.87x400 ask=83.89x100)
2026-04-28T15:54:21.118310607 INTC order pending_new: pending_new buy 100 @ 83.86 pos=0 filled=0/100
2026-04-28T15:54:21.118322787 INTC order pending_new: pending_new sell 100 @ 83.9 pos=0 filled=0/100
2026-04-28T15:54:21.128672423 INTC order new: new buy 100 @ 83.86 pos=0 filled=0/100
2026-04-28T15:54:21.128684814 INTC order new: new sell 100 @ 83.9 pos=0 filled=0/100
2026-04-28T15:54:23.184720619 INTC order fill: filled buy 100 @ 83.86 pos=500 filled=100/100
2026-04-28T15:54:23.184747003 INTC filled 100 @ 83.86 | pos=500 | fill_pnl=0 | fee=-0.1772 | realized=28.8 | total_pnl=15.2567 | total_fees=-22.894158 | fills=309 shares=25500
2026-04-28T15:54:23.206743256 INTC error placing order: 40310000: insufficient buying power
2026-04-28T15:54:23.242816320 INTC error placing order: 40310000: insufficient buying power
2026-04-28T15:54:23.637966759 INTC error placing order: 40310000: insufficient buying power
2026-04-28T15:54:23.894028532 BALANCE long=$132411 (6) short=$20346 (2) expose=$112065 | realize=15.2567 fee=-22.894158 net=38.150858 unrealized=-100.3667 equity=-62.215842 liquidate=-82.215842 | fills=309 pending=12 | ofails=413/683
2026-04-28T15:54:23.894077359 SPREAD SOFI NASDAQ  [0]  18.5x25900 | 18.51x4400  [18.55]  pos=800  realized=0 fees=-1.4176 net=1.4176 unrealized=-45
2026-04-28T15:54:23.894088470 SPREAD HOOD NASDAQ  [0]  82.05x100 | 82.06x700  [82.09]  pos=0  realized=-26.71 fees=-4.320929 net=-22.389071 unrealized=0
2026-04-28T15:54:23.894096806 SPREAD XLE ARCA  [0]  57.68x15200 | 57.69x31800  [57.7]  pos=600  realized=0 fees=-1.0632 net=1.0632 unrealized=-17
2026-04-28T15:54:23.894106455 SPREAD FXI ARCA  [0]  36.26x57300 | 36.27x44500  [36.3]  pos=0  realized=0 fees=0 net=0 unrealized=0
2026-04-28T15:54:23.894113945 SPREAD VZ NYSE  [47.12]  47.13x2600 | 47.14x800  [47.15]  pos=100  realized=8.5 fees=-1.604299 net=10.104299 unrealized=3
2026-04-28T15:54:23.894121289 SPREAD INTC NASDAQ  [0]  83.86x200 | 83.88x700  [83.9]  pos=500  realized=28.8 fees=-10.330889 net=39.130889 unrealized=-10.2
2026-04-28T15:54:23.894131194 SPREAD PYPL NASDAQ  [0]  49.5x1100 | 49.51x400  [49.53]  pos=400  realized=2 fees=-1.872987 net=3.872987 unrealized=-18.5
2026-04-28T15:54:23.894138323 SPREAD CMCSA NASDAQ  [0]  27.57x3500 | 27.58x4200  [27.59]  pos=600  realized=3 fees=-1.341162 net=4.341162 unrealized=-4.5
2026-04-28T15:54:23.894145564 SPREAD DKNG NASDAQ  [23.34]  23.35x1100 | 23.36x1100  [23.37]  pos=-100  realized=-0.3333 fees=-0.683114 net=0.349814 unrealized=0.8333
2026-04-28T15:54:23.894155017 SPREAD RIVN NASDAQ  [0]  16.08x7800 | 16.09x3300  [16.11]  pos=0  realized=0 fees=0 net=0 unrealized=0
2026-04-28T15:54:23.894161061 SPREAD AAL NASDAQ  [0]  11.61x19700 | 11.62x16000  [11.65]  pos=0  realized=0 fees=0 net=0 unrealized=0
2026-04-28T15:54:23.894171428 SPREAD NKE NYSE  [45]  45.02x2100 | 45.03x2400  [45.06]  pos=-400  realized=0 fees=-0.259978 net=0.259978 unrealized=-9
2026-04-28T15:54:23.998128055 INTC error placing order: 40310000: insufficient buying power
2026-04-28T15:54:24.085103316 INTC error placing order: 40310000: insufficient buying power
2026-04-28T15:54:24.122207235 INTC error placing order: 40310000: insufficient buying power
2026-04-28T15:54:24.301714711 INTC error placing order: 40310000: insufficient buying power
2026-04-28T15:54:24.582573536 INTC error placing order: 40310000: insufficient buying power
2026-04-28T15:54:24.925194068 INTC error placing order: 40310000: insufficient buying power
2026-04-28T15:54:25.072164944 INTC error placing order: 40310000: insufficient buying power
2026-04-28T15:54:25.383063111 INTC error placing order: 40310000: insufficient buying power
2026-04-28T15:54:25.824101774 INTC error placing order: 40310000: insufficient buying power
2026-04-28T15:54:26.018444432 INTC error placing order: 40310000: insufficient buying power
2026-04-28T15:54:26.236839762 INTC error placing order: 40310000: insufficient buying power
2026-04-28T15:54:26.256776932 INTC error placing order: 40310000: insufficient buying power
2026-04-28T15:54:26.351836418 INTC error placing order: 40310000: insufficient buying power
2026-04-28T15:54:26.677256311 INTC error placing order: 40310000: insufficient buying power
2026-04-28T15:54:27.060978347 INTC error placing order: 40310000: insufficient buying power
2026-04-28T15:54:27.232941862 INTC error placing order: 40310000: insufficient buying power
2026-04-28T15:54:28.262711490 INTC error placing order: 40310000: insufficient buying power
2026-04-28T15:54:28.315193391 INTC error placing order: 40310000: insufficient buying power
2026-04-28T15:54:28.535808996 INTC error placing order: 40310000: insufficient buying power
2026-04-28T15:54:28.652238142 INTC error placing order: 40310000: insufficient buying power
2026-04-28T15:54:28.991496547 INTC order partial_fill: partially_filled sell 100 @ 83.9 pos=452 filled=48/100
2026-04-28T15:54:28.991522944 INTC filled -48 @ 83.9 | pos=452 | fill_pnl=0.4608 | fee=0.00872 | realized=29.2608 | total_pnl=15.7175 | total_fees=-22.885438 | fills=310 shares=25548
2026-04-28T15:54:28.991550955 INTC order fill: filled sell 100 @ 83.9 pos=400 filled=100/100
2026-04-28T15:54:28.991558876 INTC filled -52 @ 83.9 | pos=400 | fill_pnl=0.4992 | fee=0.006414 | realized=29.76 | total_pnl=16.2167 | total_fees=-22.879024 | fills=311 shares=25600
2026-04-28T15:54:29.004255326 INTC placed sell 100 @ 83.91 -> NASDAQ (pos=400 spread=0.01 bid=83.88x200 ask=83.89x600)
2026-04-28T15:54:29.009577474 INTC placed buy 100 @ 83.86 -> NASDAQ (pos=400 spread=0.01 bid=83.88x200 ask=83.89x600)
2026-04-28T15:54:29.015609626 INTC order pending_new: pending_new sell 100 @ 83.91 pos=0 filled=0/100
2026-04-28T15:54:29.015625918 INTC order pending_new: pending_new buy 100 @ 83.86 pos=0 filled=0/100
2026-04-28T15:54:29.027902410 INTC order new: new sell 100 @ 83.91 pos=0 filled=0/100
2026-04-28T15:54:29.027918193 INTC order new: new buy 100 @ 83.86 pos=0 filled=0/100
2026-04-28T15:54:29.893838922 BALANCE long=$124045 (6) short=$20346 (2) expose=$103699 | realize=16.2167 fee=-22.879024 net=39.095724 unrealized=-77.3267 equity=-38.230976 liquidate=-55.230976 | fills=311 pending=12 | ofails=433/705
2026-04-28T15:54:29.893888197 SPREAD NKE NYSE  [45]  45.02x2000 | 45.03x1200  [45.06]  pos=-400  realized=0 fees=-0.259978 net=0.259978 unrealized=-9
2026-04-28T15:54:29.893897368 SPREAD SOFI NASDAQ  [0]  18.52x3800 | 18.53x4800  [18.55]  pos=800  realized=0 fees=-1.4176 net=1.4176 unrealized=-29
2026-04-28T15:54:29.893903428 SPREAD HOOD NASDAQ  [0]  82.05x700 | 82.07x1600  [82.09]  pos=0  realized=-26.71 fees=-4.320929 net=-22.389071 unrealized=0
2026-04-28T15:54:29.893911718 SPREAD XLE ARCA  [0]  57.66x19400 | 57.67x18700  [57.7]  pos=600  realized=0 fees=-1.0632 net=1.0632 unrealized=-29
2026-04-28T15:54:29.893915802 SPREAD FXI ARCA  [0]  36.26x69800 | 36.27x53800  [36.3]  pos=0  realized=0 fees=0 net=0 unrealized=0
2026-04-28T15:54:29.893924105 SPREAD VZ NYSE  [47.12]  47.12x3000 | 47.13x500  [47.15]  pos=100  realized=8.5 fees=-1.604299 net=10.104299 unrealized=2
2026-04-28T15:54:29.893929686 SPREAD INTC NASDAQ  [83.86]  83.9x100 | 83.91x400  [83.91]  pos=400  realized=29.76 fees=-10.315755 net=40.075755 unrealized=5.84
2026-04-28T15:54:29.893937182 SPREAD PYPL NASDAQ  [0]  49.51x500 | 49.52x500  [49.53]  pos=400  realized=2 fees=-1.872987 net=3.872987 unrealized=-14.5
2026-04-28T15:54:29.893941469 SPREAD CMCSA NASDAQ  [0]  27.57x4700 | 27.58x2800  [27.59]  pos=600  realized=3 fees=-1.341162 net=4.341162 unrealized=-4.5
2026-04-28T15:54:29.893949222 SPREAD DKNG NASDAQ  [23.34]  23.35x1700 | 23.36x1500  [23.37]  pos=-100  realized=-0.3333 fees=-0.683114 net=0.349814 unrealized=0.8333
2026-04-28T15:54:29.893953666 SPREAD RIVN NASDAQ  [0]  16.08x7700 | 16.09x3600  [16.11]  pos=0  realized=0 fees=0 net=0 unrealized=0
2026-04-28T15:54:29.893959496 SPREAD AAL NASDAQ  [0]  11.61x21100 | 11.62x16700  [11.65]  pos=0  realized=0 fees=0 net=0 unrealized=0
2026-04-28T15:54:30.075292898 INTC order fill: filled sell 100 @ 83.91 pos=300 filled=100/100
2026-04-28T15:54:30.075877863 INTC filled -100 @ 83.91 | pos=300 | fill_pnl=1.96 | fee=0.015155 | realized=31.72 | total_pnl=18.1767 | total_fees=-22.863869 | fills=312 shares=25700
2026-04-28T15:54:30.093992929 INTC placed sell 100 @ 83.93 -> NASDAQ (pos=300 spread=0.01 bid=83.9x100 ask=83.91x400)
2026-04-28T15:54:30.106197689 INTC order pending_new: pending_new sell 100 @ 83.93 pos=0 filled=0/100
2026-04-28T15:54:30.120185246 INTC order new: new sell 100 @ 83.93 pos=0 filled=0/100
2026-04-28T15:54:30.120203084 INTC order fill: filled sell 100 @ 83.93 pos=200 filled=100/100
2026-04-28T15:54:30.120211990 INTC filled -100 @ 83.94 | pos=200 | fill_pnl=4.96 | fee=0.015216 | realized=36.68 | total_pnl=23.1367 | total_fees=-22.848653 | fills=313 shares=25800
2026-04-28T15:54:30.139522517 INTC placed sell 100 @ 83.93 -> NASDAQ (pos=200 spread=0.01 bid=83.9x100 ask=83.91x700)
2026-04-28T15:54:30.152097121 INTC order pending_new: pending_new sell 100 @ 83.93 pos=0 filled=0/100
2026-04-28T15:54:30.165213336 INTC order new: new sell 100 @ 83.93 pos=0 filled=0/100
2026-04-28T15:54:30.165235135 INTC order fill: filled sell 100 @ 83.93 pos=100 filled=100/100
2026-04-28T15:54:30.165247209 INTC filled -100 @ 83.94 | pos=100 | fill_pnl=4.96 | fee=0.015216 | realized=41.64 | total_pnl=28.0967 | total_fees=-22.833437 | fills=314 shares=25900
2026-04-28T15:54:30.185044704 INTC placed sell 100 @ 83.93 -> NASDAQ (pos=100 spread=0.01 bid=83.9x100 ask=83.91x700)
2026-04-28T15:54:30.196076777 INTC order pending_new: pending_new sell 100 @ 83.93 pos=0 filled=0/100
2026-04-28T15:54:30.209427889 INTC order new: new sell 100 @ 83.93 pos=0 filled=0/100
2026-04-28T15:54:30.209447639 INTC order fill: filled sell 100 @ 83.93 pos=0 filled=100/100
2026-04-28T15:54:30.209456784 INTC filled -100 @ 83.955 | pos=0 | fill_pnl=6.46 | fee=0.015247 | realized=48.1 | total_pnl=34.5567 | total_fees=-22.81819 | fills=315 shares=26000
2026-04-28T15:54:30.374951482 INTC replacing buy order: 83.86 -> 83.89 (pos=0 spread=0 bid=83.91x200 ask=83.91x100)
2026-04-28T15:54:30.399466643 INTC order replaced: replaced buy 100 @ 83.86 pos=0 filled=0/100
2026-04-28T15:54:30.416306215 INTC replacing buy order: 83.89 -> 83.93 (pos=0 spread=0.02 bid=83.94x600 ask=83.96x300)
2026-04-28T15:54:30.439910740 INTC order replaced: replaced buy 100 @ 83.89 pos=0 filled=0/100
2026-04-28T15:54:32.632675169 VZ order fill: filled buy 100 @ 47.12 pos=200 filled=100/100
2026-04-28T15:54:32.632697277 VZ filled 100 @ 47.12 | pos=200 | fill_pnl=0 | fee=-0.1772 | realized=8.5 | total_pnl=34.5567 | total_fees=-22.99539 | fills=316 shares=26100
2026-04-28T15:54:32.652535493 VZ placed buy 100 @ 47.11 -> NYSE (pos=200 spread=0.01 bid=47.13x600 ask=47.14x3500)
2026-04-28T15:54:32.661445768 VZ order pending_new: pending_new buy 100 @ 47.11 pos=0 filled=0/100
2026-04-28T15:54:32.675909033 VZ order new: new buy 100 @ 47.11 pos=0 filled=0/100
2026-04-28T15:54:34.894072773 BALANCE long=$95179 (5) short=$20346 (2) expose=$74834 | realize=34.5567 fee=-22.99539 net=57.55209 unrealized=-98.6667 equity=-41.11461 liquidate=-56.61461 | fills=316 pending=12 | ofails=433/709
2026-04-28T15:54:34.894124780 SPREAD INTC NASDAQ  [83.93]  83.95x200 | 83.96x900  [0]  pos=0  realized=48.1 fees=-10.254921 net=58.354921 unrealized=0
2026-04-28T15:54:34.894136363 SPREAD PYPL NASDAQ  [0]  49.51x400 | 49.52x500  [49.53]  pos=400  realized=2 fees=-1.872987 net=3.872987 unrealized=-14.5
2026-04-28T15:54:34.894144043 SPREAD CMCSA NASDAQ  [0]  27.56x1100 | 27.57x4300  [27.59]  pos=600  realized=3 fees=-1.341162 net=4.341162 unrealized=-10.5
2026-04-28T15:54:34.894154195 SPREAD DKNG NASDAQ  [23.34]  23.35x1700 | 23.36x1700  [23.37]  pos=-100  realized=-0.3333 fees=-0.683114 net=0.349814 unrealized=0.8333
2026-04-28T15:54:34.894161060 SPREAD RIVN NASDAQ  [0]  16.08x7800 | 16.09x1300  [16.11]  pos=0  realized=0 fees=0 net=0 unrealized=0
2026-04-28T15:54:34.894167430 SPREAD AAL NASDAQ  [0]  11.61x8600 | 11.62x17700  [11.65]  pos=0  realized=0 fees=0 net=0 unrealized=0
2026-04-28T15:54:34.894174918 SPREAD NKE NYSE  [45]  45.02x1800 | 45.03x2900  [45.06]  pos=-400  realized=0 fees=-0.259978 net=0.259978 unrealized=-9
2026-04-28T15:54:34.894185538 SPREAD SOFI NASDAQ  [0]  18.51x8500 | 18.52x3800  [18.55]  pos=800  realized=0 fees=-1.4176 net=1.4176 unrealized=-37
2026-04-28T15:54:34.894195101 SPREAD HOOD NASDAQ  [0]  82.05x600 | 82.06x500  [82.09]  pos=0  realized=-26.71 fees=-4.320929 net=-22.389071 unrealized=0
2026-04-28T15:54:34.894201490 SPREAD XLE ARCA  [0]  57.66x20100 | 57.67x19700  [57.7]  pos=600  realized=0 fees=-1.0632 net=1.0632 unrealized=-29
2026-04-28T15:54:34.894207493 SPREAD FXI ARCA  [0]  36.26x71900 | 36.27x53500  [36.3]  pos=0  realized=0 fees=0 net=0 unrealized=0
2026-04-28T15:54:34.894214476 SPREAD VZ NYSE  [47.11]  47.11x1800 | 47.12x1400  [47.15]  pos=200  realized=8.5 fees=-1.781499 net=10.281499 unrealized=0.5
2026-04-28T15:54:35.970598150 INTC replacing buy order: 83.93 -> 83.96 (pos=0 spread=0.02 bid=83.97x600 ask=83.99x1900)
2026-04-28T15:54:35.994550908 INTC order replaced: replaced buy 100 @ 83.93 pos=0 filled=0/100
2026-04-28T15:54:36.399499358 INTC order fill: filled buy 100 @ 83.96 pos=100 filled=100/100
2026-04-28T15:54:36.399534374 INTC filled 100 @ 83.96 | pos=100 | fill_pnl=0 | fee=-0.1772 | realized=48.1 | total_pnl=34.5567 | total_fees=-23.17259 | fills=317 shares=26200
2026-04-28T15:54:36.411805204 INTC placed sell 100 @ 83.99 -> NASDAQ (pos=100 spread=0.01 bid=83.96x200 ask=83.97x600)
2026-04-28T15:54:36.418188859 INTC placed buy 100 @ 83.94 -> NASDAQ (pos=100 spread=0.01 bid=83.96x200 ask=83.97x600)
2026-04-28T15:54:36.423434100 INTC order pending_new: pending_new sell 100 @ 83.99 pos=0 filled=0/100
2026-04-28T15:54:36.423451363 INTC order pending_new: pending_new buy 100 @ 83.94 pos=0 filled=0/100
2026-04-28T15:54:36.437548531 INTC order new: new sell 100 @ 83.99 pos=0 filled=0/100
2026-04-28T15:54:36.437562231 INTC order new: new buy 100 @ 83.94 pos=0 filled=0/100
2026-04-28T15:54:39.894351243 BALANCE long=$103580 (6) short=$20346 (2) expose=$83234 | realize=34.5567 fee=-23.17259 net=57.72929 unrealized=-94.1667 equity=-36.43741 liquidate=-52.43741 | fills=317 pending=12 | ofails=433/711
2026-04-28T15:54:39.894402106 SPREAD XLE ARCA  [0]  57.66x22100 | 57.67x29800  [57.7]  pos=600  realized=0 fees=-1.0632 net=1.0632 unrealized=-29
2026-04-28T15:54:39.894413514 SPREAD FXI ARCA  [0]  36.26x72200 | 36.27x44700  [36.3]  pos=0  realized=0 fees=0 net=0 unrealized=0
2026-04-28T15:54:39.894428551 SPREAD VZ NYSE  [47.11]  47.12x2100 | 47.13x900  [47.15]  pos=200  realized=8.5 fees=-1.781499 net=10.281499 unrealized=2.5
2026-04-28T15:54:39.894438048 SPREAD INTC NASDAQ  [83.94]  83.98x200 | 83.99x500  [83.99]  pos=100  realized=48.1 fees=-10.432121 net=58.532121 unrealized=2.5
2026-04-28T15:54:39.894445112 SPREAD PYPL NASDAQ  [0]  49.51x900 | 49.52x600  [49.53]  pos=400  realized=2 fees=-1.872987 net=3.872987 unrealized=-14.5
2026-04-28T15:54:39.894452186 SPREAD CMCSA NASDAQ  [0]  27.56x1900 | 27.57x3800  [27.59]  pos=600  realized=3 fees=-1.341162 net=4.341162 unrealized=-10.5
2026-04-28T15:54:39.894458525 SPREAD DKNG NASDAQ  [23.34]  23.35x2000 | 23.36x2100  [23.37]  pos=-100  realized=-0.3333 fees=-0.683114 net=0.349814 unrealized=0.8333
2026-04-28T15:54:39.894469102 SPREAD RIVN NASDAQ  [0]  16.08x7400 | 16.09x1600  [16.11]  pos=0  realized=0 fees=0 net=0 unrealized=0
2026-04-28T15:54:39.894473613 SPREAD AAL NASDAQ  [0]  11.61x7400 | 11.62x16900  [11.65]  pos=0  realized=0 fees=0 net=0 unrealized=0
2026-04-28T15:54:39.894477841 SPREAD NKE NYSE  [45]  45.02x1900 | 45.03x2500  [45.06]  pos=-400  realized=0 fees=-0.259978 net=0.259978 unrealized=-9
2026-04-28T15:54:39.894483699 SPREAD SOFI NASDAQ  [0]  18.51x9900 | 18.52x2900  [18.55]  pos=800  realized=0 fees=-1.4176 net=1.4176 unrealized=-37
2026-04-28T15:54:39.894490461 SPREAD HOOD NASDAQ  [0]  82.05x200 | 82.06x400  [82.09]  pos=0  realized=-26.71 fees=-4.320929 net=-22.389071 unrealized=0
2026-04-28T15:54:40.038078935 INTC order fill: filled sell 100 @ 83.99 pos=0 filled=100/100
2026-04-28T15:54:40.038102419 INTC filled -100 @ 83.99 | pos=0 | fill_pnl=3 | fee=0.015319 | realized=51.1 | total_pnl=37.5567 | total_fees=-23.157271 | fills=318 shares=26300
2026-04-28T15:54:40.089673355 RIVN order fill: filled sell 100 @ 16.11 pos=-100 filled=100/100
2026-04-28T15:54:40.089694520 RIVN filled -100 @ 16.11 | pos=-100 | fill_pnl=0 | fee=-0.124513 | realized=0 | total_pnl=37.5567 | total_fees=-23.281784 | fills=319 shares=26400
2026-04-28T15:54:40.101218925 RIVN placed buy 100 @ 16.06 -> NASDAQ (pos=-100 spread=0.01 bid=16.08x7400 ask=16.09x1600)
2026-04-28T15:54:40.107153404 RIVN placed sell 100 @ 16.11 -> NASDAQ (pos=-100 spread=0.01 bid=16.08x7400 ask=16.09x1600)
2026-04-28T15:54:40.113397488 RIVN order pending_new: pending_new buy 100 @ 16.06 pos=0 filled=0/100
2026-04-28T15:54:40.113427035 RIVN order pending_new: pending_new sell 100 @ 16.11 pos=0 filled=0/100
2026-04-28T15:54:40.124688554 DKNG order fill: filled buy 100 @ 23.34 pos=0 filled=100/100
2026-04-28T15:54:40.124706961 DKNG filled 100 @ 23.34 | pos=0 | fill_pnl=2.3333 | fee=-0.1772 | realized=2 | total_pnl=39.89 | total_fees=-23.458984 | fills=320 shares=26500
2026-04-28T15:54:40.124729899 RIVN order new: new buy 100 @ 16.06 pos=0 filled=0/100
2026-04-28T15:54:40.124738425 RIVN order new: new sell 100 @ 16.11 pos=0 filled=0/100
2026-04-28T15:54:40.138005577 RIVN order fill: filled sell 100 @ 16.11 pos=-200 filled=100/100
2026-04-28T15:54:40.138023966 RIVN filled -100 @ 16.11 | pos=-200 | fill_pnl=0 | fee=-0.124513 | realized=0 | total_pnl=39.89 | total_fees=-23.583497 | fills=321 shares=26600
2026-04-28T15:54:40.163801702 RIVN placed sell 100 @ 16.11 -> NASDAQ (pos=-200 spread=0.01 bid=16.08x7400 ask=16.09x1600)
2026-04-28T15:54:40.173158553 RIVN order pending_new: pending_new sell 100 @ 16.11 pos=0 filled=0/100
2026-04-28T15:54:40.185892958 RIVN order new: new sell 100 @ 16.11 pos=0 filled=0/100
2026-04-28T15:54:40.185907305 RIVN order fill: filled sell 100 @ 16.11 pos=-300 filled=100/100
2026-04-28T15:54:40.185915566 RIVN filled -100 @ 16.11 | pos=-300 | fill_pnl=0 | fee=-0.124513 | realized=0 | total_pnl=39.89 | total_fees=-23.70801 | fills=322 shares=26700
2026-04-28T15:54:40.202195291 RIVN placed sell 100 @ 16.11 -> NASDAQ (pos=-300 spread=0.01 bid=16.08x7400 ask=16.09x1600)
2026-04-28T15:54:40.213837106 RIVN order pending_new: pending_new sell 100 @ 16.11 pos=0 filled=0/100
2026-04-28T15:54:40.229628678 RIVN order new: new sell 100 @ 16.11 pos=0 filled=0/100
2026-04-28T15:54:40.229644936 RIVN order fill: filled sell 100 @ 16.11 pos=-400 filled=100/100
2026-04-28T15:54:40.229655743 RIVN filled -100 @ 16.115 | pos=-400 | fill_pnl=0 | fee=-0.124503 | realized=0 | total_pnl=39.89 | total_fees=-23.832513 | fills=323 shares=26800
2026-04-28T15:54:40.247767578 RIVN placed sell 100 @ 16.11 -> NASDAQ (pos=-400 spread=0.01 bid=16.08x7400 ask=16.09x1600)
2026-04-28T15:54:40.259711963 RIVN order pending_new: pending_new sell 100 @ 16.11 pos=0 filled=0/100
2026-04-28T15:54:40.271860415 RIVN order new: new sell 100 @ 16.11 pos=0 filled=0/100
2026-04-28T15:54:40.271874943 RIVN order fill: filled sell 100 @ 16.11 pos=-500 filled=100/100
2026-04-28T15:54:40.271883599 RIVN filled -100 @ 16.115 | pos=-500 | fill_pnl=0 | fee=-0.124503 | realized=0 | total_pnl=39.89 | total_fees=-23.957016 | fills=324 shares=26900
2026-04-28T15:54:40.299794739 RIVN placed sell 100 @ 16.11 -> NASDAQ (pos=-500 spread=0.01 bid=16.08x7400 ask=16.09x1600)
2026-04-28T15:54:40.312727280 RIVN order pending_new: pending_new sell 100 @ 16.11 pos=0 filled=0/100
2026-04-28T15:54:40.323534853 RIVN order new: new sell 100 @ 16.11 pos=0 filled=0/100
2026-04-28T15:54:40.323552411 RIVN order fill: filled sell 100 @ 16.11 pos=-600 filled=100/100
2026-04-28T15:54:40.323560378 RIVN filled -100 @ 16.11 | pos=-600 | fill_pnl=0 | fee=0.255487 | realized=0 | total_pnl=39.89 | total_fees=-23.701529 | fills=325 shares=27000
2026-04-28T15:54:40.329313427 failed to replace order: 42210000: order is not open
2026-04-28T15:54:40.329472587 RIVN replacing buy order: 16.06 -> 16.09 (pos=-600 spread=0 bid=16.11x600 ask=16.11x1100)
2026-04-28T15:54:40.330348927 INTC replacing buy order: 83.94 -> 83.97 (pos=0 spread=0.02 bid=83.98x900 ask=84x1200)
2026-04-28T15:54:40.342420556 RIVN error placing order: 40310000: insufficient buying power
2026-04-28T15:54:40.357592132 INTC order replaced: replaced buy 100 @ 83.94 pos=0 filled=0/100
2026-04-28T15:54:40.357606851 RIVN order replaced: replaced buy 100 @ 16.06 pos=0 filled=0/100
2026-04-28T15:54:40.373165993 RIVN error placing order: 40310000: insufficient buying power
2026-04-28T15:54:40.866353332 HOOD replacing sell order: 82.09 -> 82.06 (pos=0 spread=0.02 bid=82.03x200 ask=82.05x600)
2026-04-28T15:54:40.881455437 RIVN error placing order: 40310000: insufficient buying power
2026-04-28T15:54:40.894281051 HOOD order replaced: replaced sell 100 @ 82.09 pos=0 filled=0/100
2026-04-28T15:54:41.486598736 INTC replacing buy order: 83.97 -> 84 (pos=0 spread=0.02 bid=84.01x1000 ask=84.03x1100)
2026-04-28T15:54:41.493382302 RIVN error placing order: 40310000: insufficient buying power
2026-04-28T15:54:41.510032082 INTC order replaced: replaced buy 100 @ 83.97 pos=0 filled=0/100
2026-04-28T15:54:41.575470866 RIVN error placing order: 40310000: insufficient buying power
2026-04-28T15:54:41.946902162 RIVN error placing order: 40310000: insufficient buying power
2026-04-28T15:54:41.962865641 RIVN error placing order: 40310000: insufficient buying power
2026-04-28T15:54:42.344235000 RIVN error placing order: 40310000: insufficient buying power
2026-04-28T15:54:42.432284710 RIVN error placing order: 40310000: insufficient buying power
2026-04-28T15:54:43.057069211 RIVN error placing order: 40310000: insufficient buying power
2026-04-28T15:54:44.689257451 RIVN error placing order: 40310000: insufficient buying power
2026-04-28T15:54:44.974774077 RIVN error placing order: 40310000: insufficient buying power
2026-04-28T15:54:45.894664257 BALANCE long=$95183 (5) short=$27685 (2) expose=$67498 | realize=39.89 fee=-23.701529 net=63.591529 unrealized=-103.5 equity=-39.908471 liquidate=-57.908471 | fills=325 pending=12 | ofails=445/729
2026-04-28T15:54:45.894716517 SPREAD RIVN NASDAQ  [16.09]  16.12x3500 | 16.13x1500  [0]  pos=-600  realized=0 fees=-0.367058 net=0.367058 unrealized=-8
2026-04-28T15:54:45.894728557 SPREAD AAL NASDAQ  [0]  11.61x16800 | 11.62x17600  [11.65]  pos=0  realized=0 fees=0 net=0 unrealized=0
2026-04-28T15:54:45.894745263 SPREAD NKE NYSE  [45]  45.02x800 | 45.03x2500  [45.06]  pos=-400  realized=0 fees=-0.259978 net=0.259978 unrealized=-9
2026-04-28T15:54:45.894753867 SPREAD SOFI NASDAQ  [0]  18.52x9700 | 18.53x6600  [18.55]  pos=800  realized=0 fees=-1.4176 net=1.4176 unrealized=-29
2026-04-28T15:54:45.894763614 SPREAD HOOD NASDAQ  [0]  82.05x200 | 82.06x500  [82.06]  pos=0  realized=-26.71 fees=-4.320929 net=-22.389071 unrealized=0
2026-04-28T15:54:45.894770627 SPREAD XLE ARCA  [0]  57.66x25300 | 57.67x26400  [57.7]  pos=600  realized=0 fees=-1.0632 net=1.0632 unrealized=-29
2026-04-28T15:54:45.894777788 SPREAD FXI ARCA  [0]  36.26x77100 | 36.27x34100  [36.3]  pos=0  realized=0 fees=0 net=0 unrealized=0
2026-04-28T15:54:45.894787967 SPREAD VZ NYSE  [47.11]  47.13x2500 | 47.14x900  [47.15]  pos=200  realized=8.5 fees=-1.781499 net=10.281499 unrealized=4.5
2026-04-28T15:54:45.894794330 SPREAD INTC NASDAQ  [84]  84.03x300 | 84.04x200  [0]  pos=0  realized=51.1 fees=-10.416802 net=61.516802 unrealized=0
2026-04-28T15:54:45.894808129 SPREAD PYPL NASDAQ  [0]  49.49x1100 | 49.5x600  [49.53]  pos=400  realized=2 fees=-1.872987 net=3.872987 unrealized=-22.5
2026-04-28T15:54:45.894817710 SPREAD CMCSA NASDAQ  [0]  27.56x1100 | 27.57x3500  [27.59]  pos=600  realized=3 fees=-1.341162 net=4.341162 unrealized=-10.5
2026-04-28T15:54:45.894824284 SPREAD DKNG NASDAQ  [0]  23.32x2700 | 23.33x1400  [23.37]  pos=0  realized=2 fees=-0.860314 net=2.860314 unrealized=0
2026-04-28T15:54:46.223491165 HOOD order fill: filled sell 100 @ 82.06 pos=-100 filled=100/100
2026-04-28T15:54:46.223511080 HOOD filled -100 @ 82.06 | pos=-100 | fill_pnl=0 | fee=0.011344 | realized=-26.71 | total_pnl=39.89 | total_fees=-23.690185 | fills=326 shares=27100
2026-04-28T15:54:46.237386709 HOOD error placing order: 40310000: insufficient buying power
2026-04-28T15:54:46.242219967 HOOD placed buy 100 @ 82.02 -> NASDAQ (pos=-100 spread=0.01 bid=82.04x200 ask=82.05x300)
2026-04-28T15:54:46.254200735 HOOD order pending_new: pending_new buy 100 @ 82.02 pos=0 filled=0/100
2026-04-28T15:54:46.266832155 HOOD order new: new buy 100 @ 82.02 pos=0 filled=0/100
2026-04-28T15:54:46.356959200 HOOD replacing buy order: 82.02 -> 82.05 (pos=-100 spread=0.02 bid=82.06x1200 ask=82.08x500)
2026-04-28T15:54:46.361036955 HOOD error placing order: 40310000: insufficient buying power
2026-04-28T15:54:46.382651214 HOOD order replaced: replaced buy 100 @ 82.02 pos=0 filled=0/100
2026-04-28T15:54:46.401281069 HOOD error placing order: 40310000: insufficient buying power
2026-04-28T15:54:46.682506205 HOOD error placing order: 40310000: insufficient buying power
2026-04-28T15:54:46.683194614 RIVN error placing order: 40310000: insufficient buying power
2026-04-28T15:54:46.748802943 HOOD error placing order: 40310000: insufficient buying power
2026-04-28T15:54:46.958058025 INTC replacing buy order: 84 -> 84.03 (pos=0 spread=0.02 bid=84.04x300 ask=84.06x1200)
2026-04-28T15:54:46.961875909 HOOD error placing order: 40310000: insufficient buying power
2026-04-28T15:54:46.982070867 INTC order replaced: replaced buy 100 @ 84 pos=0 filled=0/100
2026-04-28T15:54:47.219253354 HOOD error placing order: 40310000: insufficient buying power
2026-04-28T15:54:47.769135723 HOOD error placing order: 40310000: insufficient buying power
2026-04-28T15:54:47.822286286 HOOD error placing order: 40310000: insufficient buying power
2026-04-28T15:54:48.099302581 HOOD error placing order: 40310000: insufficient buying power
2026-04-28T15:54:48.101947805 RIVN error placing order: 40310000: insufficient buying power
2026-04-28T15:54:48.322420905 HOOD error placing order: 40310000: insufficient buying power
2026-04-28T15:54:48.642680859 RIVN error placing order: 40310000: insufficient buying power
2026-04-28T15:54:48.647675147 HOOD error placing order: 40310000: insufficient buying power
2026-04-28T15:54:48.764617492 HOOD error placing order: 40310000: insufficient buying power
2026-04-28T15:54:48.768367841 RIVN error placing order: 40310000: insufficient buying power
2026-04-28T15:54:49.138749569 HOOD error placing order: 40310000: insufficient buying power
2026-04-28T15:54:49.331828161 HOOD error placing order: 40310000: insufficient buying power
2026-04-28T15:54:49.613115006 RIVN error placing order: 40310000: insufficient buying power
2026-04-28T15:54:49.764159333 RIVN error placing order: 40310000: insufficient buying power
2026-04-28T15:54:50.046195565 INTC replacing buy order: 84.03 -> 84.06 (pos=0 spread=-0.02 bid=84.09x200 ask=84.07x200)
2026-04-28T15:54:50.059509917 CMCSA order fill: filled sell 100 @ 27.59 pos=500 filled=100/100
2026-04-28T15:54:50.059526741 CMCSA filled -100 @ 27.59 | pos=500 | fill_pnl=0.75 | fee=-0.100865 | realized=3.75 | total_pnl=40.64 | total_fees=-23.79105 | fills=327 shares=27200
2026-04-28T15:54:50.066142970 RIVN placed sell 100 @ 16.15 -> NASDAQ (pos=-600 spread=0.01 bid=16.12x4200 ask=16.13x3000)
2026-04-28T15:54:50.073665666 HOOD error placing order: 40310000: insufficient buying power
2026-04-28T15:54:50.076146597 CMCSA placed sell 100 @ 27.6 -> NASDAQ (pos=500 spread=0.01 bid=27.57x3300 ask=27.58x2400)
2026-04-28T15:54:50.077189162 RIVN order pending_new: pending_new sell 100 @ 16.15 pos=0 filled=0/100
2026-04-28T15:54:50.077202777 INTC order replaced: replaced buy 100 @ 84.03 pos=0 filled=0/100
2026-04-28T15:54:50.081233476 CMCSA error placing order: 40310000: insufficient buying power
2026-04-28T15:54:50.088842021 CMCSA order pending_new: pending_new sell 100 @ 27.6 pos=0 filled=0/100
2026-04-28T15:54:50.088880071 RIVN order new: new sell 100 @ 16.15 pos=0 filled=0/100
2026-04-28T15:54:50.103293513 CMCSA order new: new sell 100 @ 27.6 pos=0 filled=0/100
2026-04-28T15:54:50.129803655 PYPL order partial_fill: partially_filled sell 100 @ 49.53 pos=336 filled=64/100
2026-04-28T15:54:50.129820072 PYPL filled -64 @ 49.53 | pos=336 | fill_pnl=-1.36 | fee=-0.03462 | realized=0.64 | total_pnl=39.28 | total_fees=-23.82567 | fills=328 shares=27264
2026-04-28T15:54:50.540540568 INTC replacing buy order: 84.06 -> 84.09 (pos=0 spread=0.02 bid=84.1x1100 ask=84.12x300)
2026-04-28T15:54:50.543527392 HOOD replacing buy order: 82.05 -> 82.08 (pos=-100 spread=0.02 bid=82.09x300 ask=82.11x100)
2026-04-28T15:54:50.548949515 CMCSA placed buy 100 @ 27.55 -> NASDAQ (pos=500 spread=0.01 bid=27.57x3300 ask=27.58x2300)
2026-04-28T15:54:50.552649908 HOOD error placing order: 40310000: insufficient buying power
2026-04-28T15:54:50.561452533 CMCSA order pending_new: pending_new buy 100 @ 27.55 pos=0 filled=0/100
2026-04-28T15:54:50.561469259 INTC order replaced: replaced buy 100 @ 84.06 pos=0 filled=0/100
2026-04-28T15:54:50.561481395 HOOD order replaced: replaced buy 100 @ 82.05 pos=0 filled=0/100
2026-04-28T15:54:50.572144196 CMCSA order new: new buy 100 @ 27.55 pos=0 filled=0/100
2026-04-28T15:54:50.577712387 HOOD error placing order: 40310000: insufficient buying power
2026-04-28T15:54:51.041025006 HOOD error placing order: 40310000: insufficient buying power
2026-04-28T15:54:51.366423990 HOOD error placing order: 40310000: insufficient buying power
2026-04-28T15:54:51.893894927 BALANCE long=$89290 (5) short=$35906 (3) expose=$53384 | realize=39.28 fee=-23.82567 net=63.10567 unrealized=-81.57 equity=-18.46433 liquidate=-36.14433 | fills=328 pending=12 | ofails=472/761
2026-04-28T15:54:51.893929965 SPREAD XLE ARCA  [0]  57.67x18800 | 57.68x28100  [57.7]  pos=600  realized=0 fees=-1.0632 net=1.0632 unrealized=-23
2026-04-28T15:54:51.893940186 SPREAD FXI ARCA  [0]  36.26x78000 | 36.27x22000  [36.3]  pos=0  realized=0 fees=0 net=0 unrealized=0
2026-04-28T15:54:51.893951033 SPREAD VZ NYSE  [47.11]  47.13x2300 | 47.14x1000  [47.15]  pos=200  realized=8.5 fees=-1.781499 net=10.281499 unrealized=4.5
2026-04-28T15:54:51.893957976 SPREAD INTC NASDAQ  [84.09]  84.11x600 | 84.12x200  [0]  pos=0  realized=51.1 fees=-10.416802 net=61.516802 unrealized=0
2026-04-28T15:54:51.893966162 SPREAD PYPL NASDAQ  [0]  49.52x1000 | 49.53x500  [49.53]  pos=336  realized=0.64 fees=-1.907607 net=2.547607 unrealized=-8.82
2026-04-28T15:54:51.893978316 SPREAD CMCSA NASDAQ  [27.55]  27.59x1700 | 27.6x4200  [27.6]  pos=500  realized=3.75 fees=-1.442027 net=5.192027 unrealized=6.25
2026-04-28T15:54:51.893984418 SPREAD DKNG NASDAQ  [0]  23.33x500 | 23.34x800  [23.37]  pos=0  realized=2 fees=-0.860314 net=2.860314 unrealized=0
2026-04-28T15:54:51.893990201 SPREAD RIVN NASDAQ  [16.09]  16.13x3500 | 16.14x2300  [16.15]  pos=-600  realized=0 fees=-0.367058 net=0.367058 unrealized=-14
2026-04-28T15:54:51.893995559 SPREAD AAL NASDAQ  [0]  11.61x14500 | 11.62x15800  [11.65]  pos=0  realized=0 fees=0 net=0 unrealized=0
2026-04-28T15:54:51.894001866 SPREAD NKE NYSE  [45]  45.03x1400 | 45.04x2200  [45.06]  pos=-400  realized=0 fees=-0.259978 net=0.259978 unrealized=-13
2026-04-28T15:54:51.894013164 SPREAD SOFI NASDAQ  [0]  18.52x8800 | 18.53x3400  [18.55]  pos=800  realized=0 fees=-1.4176 net=1.4176 unrealized=-29
2026-04-28T15:54:51.894026304 SPREAD HOOD NASDAQ  [82.08]  82.1x200 | 82.11x400  [82.13]  pos=-100  realized=-26.71 fees=-4.309585 net=-22.400415 unrealized=-4.5
2026-04-28T15:54:51.899440236 HOOD error placing order: 40310000: insufficient buying power
2026-04-28T15:54:52.116256471 HOOD error placing order: 40310000: insufficient buying power
2026-04-28T15:54:52.388050912 HOOD error placing order: 40310000: insufficient buying power
2026-04-28T15:54:52.784282550 HOOD error placing order: 40310000: insufficient buying power
2026-04-28T15:54:52.966742055 HOOD error placing order: 40310000: insufficient buying power
2026-04-28T15:54:52.982633051 HOOD error placing order: 40310000: insufficient buying power
2026-04-28T15:54:53.154263858 HOOD error placing order: 40310000: insufficient buying power
2026-04-28T15:54:53.737176644 HOOD error placing order: 40310000: insufficient buying power
2026-04-28T15:54:53.895067978 HOOD error placing order: 40310000: insufficient buying power
2026-04-28T15:54:54.061705912 INTC replacing buy order: 84.09 -> 84.12 (pos=0 spread=0.02 bid=84.13x1200 ask=84.15x2000)
2026-04-28T15:54:54.065376529 HOOD error placing order: 40310000: insufficient buying power
2026-04-28T15:54:54.085068075 INTC order replaced: replaced buy 100 @ 84.09 pos=0 filled=0/100
2026-04-28T15:54:54.257723142 HOOD error placing order: 40310000: insufficient buying power
2026-04-28T15:54:54.652673988 HOOD error placing order: 40310000: insufficient buying power
2026-04-28T15:54:54.737827439 HOOD error placing order: 40310000: insufficient buying power
2026-04-28T15:54:54.902222567 HOOD error placing order: 40310000: insufficient buying power
2026-04-28T15:54:55.394828505 HOOD error placing order: 40310000: insufficient buying power
2026-04-28T15:54:55.591143517 INTC replacing buy order: 84.12 -> 84.15 (pos=0 spread=0.02 bid=84.16x400 ask=84.18x400)
2026-04-28T15:54:55.595203471 HOOD error placing order: 40310000: insufficient buying power
2026-04-28T15:54:55.615305219 INTC order replaced: replaced buy 100 @ 84.12 pos=0 filled=0/100
2026-04-28T15:54:55.917621829 HOOD error placing order: 40310000: insufficient buying power
2026-04-28T15:54:56.009798104 HOOD error placing order: 40310000: insufficient buying power
2026-04-28T15:54:56.028957868 HOOD error placing order: 40310000: insufficient buying power
2026-04-28T15:54:56.320462864 HOOD error placing order: 40310000: insufficient buying power
2026-04-28T15:54:56.340810014 HOOD error placing order: 40310000: insufficient buying power
2026-04-28T15:54:56.505513472 HOOD error placing order: 40310000: insufficient buying power
2026-04-28T15:54:56.691120365 HOOD error placing order: 40310000: insufficient buying power
2026-04-28T15:54:56.723994493 HOOD error placing order: 40310000: insufficient buying power
2026-04-28T15:54:56.866611630 HOOD error placing order: 40310000: insufficient buying power
2026-04-28T15:54:56.894638811 BALANCE long=$89290 (5) short=$35906 (3) expose=$53384 | realize=39.28 fee=-23.82567 net=63.10567 unrealized=-82.07 equity=-18.96433 liquidate=-37.14433 | fills=328 pending=12 | ofails=497/785
2026-04-28T15:54:56.894668857 SPREAD INTC NASDAQ  [84.15]  84.15x400 | 84.17x1500  [0]  pos=0  realized=51.1 fees=-10.416802 net=61.516802 unrealized=0
2026-04-28T15:54:56.894688618 SPREAD PYPL NASDAQ  [0]  49.52x300 | 49.53x1700  [49.53]  pos=336  realized=0.64 fees=-1.907607 net=2.547607 unrealized=-8.82
2026-04-28T15:54:56.894709031 SPREAD CMCSA NASDAQ  [27.55]  27.59x1800 | 27.6x3900  [27.6]  pos=500  realized=3.75 fees=-1.442027 net=5.192027 unrealized=6.25
2026-04-28T15:54:56.894717372 SPREAD DKNG NASDAQ  [0]  23.33x400 | 23.34x1000  [23.37]  pos=0  realized=2 fees=-0.860314 net=2.860314 unrealized=0
2026-04-28T15:54:56.894724814 SPREAD RIVN NASDAQ  [16.09]  16.13x2200 | 16.14x4400  [16.15]  pos=-600  realized=0 fees=-0.367058 net=0.367058 unrealized=-14
2026-04-28T15:54:56.894731128 SPREAD AAL NASDAQ  [0]  11.61x13100 | 11.62x16800  [11.65]  pos=0  realized=0 fees=0 net=0 unrealized=0
2026-04-28T15:54:56.894742205 SPREAD NKE NYSE  [45]  45.03x1900 | 45.04x700  [45.06]  pos=-400  realized=0 fees=-0.259978 net=0.259978 unrealized=-13
2026-04-28T15:54:56.894750797 SPREAD SOFI NASDAQ  [0]  18.52x6900 | 18.53x7600  [18.55]  pos=800  realized=0 fees=-1.4176 net=1.4176 unrealized=-29
2026-04-28T15:54:56.894760228 SPREAD HOOD NASDAQ  [82.08]  82.1x500 | 82.12x500  [0]  pos=-100  realized=-26.71 fees=-4.309585 net=-22.400415 unrealized=-5
2026-04-28T15:54:56.894768931 SPREAD XLE ARCA  [0]  57.67x28300 | 57.68x26100  [57.7]  pos=600  realized=0 fees=-1.0632 net=1.0632 unrealized=-23
2026-04-28T15:54:56.894775338 SPREAD FXI ARCA  [0]  36.27x69800 | 36.28x52100  [36.3]  pos=0  realized=0 fees=0 net=0 unrealized=0
2026-04-28T15:54:56.894781841 SPREAD VZ NYSE  [47.11]  47.13x1800 | 47.14x1300  [47.15]  pos=200  realized=8.5 fees=-1.781499 net=10.281499 unrealized=4.5
2026-04-28T15:54:57.038870891 HOOD error placing order: 40310000: insufficient buying power
2026-04-28T15:54:57.637134026 HOOD error placing order: 40310000: insufficient buying power
2026-04-28T15:54:57.763495054 HOOD error placing order: 40310000: insufficient buying power
2026-04-28T15:54:57.917967375 INTC order fill: filled buy 100 @ 84.15 pos=100 filled=100/100
2026-04-28T15:54:57.917988853 INTC filled 100 @ 84.15 | pos=100 | fill_pnl=0 | fee=-0.1772 | realized=51.1 | total_pnl=39.28 | total_fees=-24.00287 | fills=329 shares=27364
2026-04-28T15:54:57.931411854 INTC placed sell 100 @ 84.18 -> NASDAQ (pos=100 spread=0.01 bid=84.15x400 ask=84.16x2500)
2026-04-28T15:54:57.934897417 INTC error placing order: 40310000: insufficient buying power
2026-04-28T15:54:57.942746307 INTC order pending_new: pending_new sell 100 @ 84.18 pos=0 filled=0/100
2026-04-28T15:54:57.955696661 INTC order new: new sell 100 @ 84.18 pos=0 filled=0/100
2026-04-28T15:54:58.118116528 HOOD error placing order: 40310000: insufficient buying power
2026-04-28T15:54:58.121277181 INTC error placing order: 40310000: insufficient buying power
2026-04-28T15:54:58.173148708 INTC error placing order: 40310000: insufficient buying power
2026-04-28T15:54:58.522703707 HOOD error placing order: 40310000: insufficient buying power
2026-04-28T15:54:58.527917230 INTC error placing order: 40310000: insufficient buying power
2026-04-28T15:54:58.819251259 INTC error placing order: 40310000: insufficient buying power
2026-04-28T15:54:58.822473763 HOOD error placing order: 40310000: insufficient buying power
2026-04-28T15:54:59.010266438 INTC error placing order: 40310000: insufficient buying power
2026-04-28T15:54:59.175082650 INTC error placing order: 40310000: insufficient buying power
2026-04-28T15:54:59.421835704 INTC error placing order: 40310000: insufficient buying power
2026-04-28T15:54:59.424859455 HOOD error placing order: 40310000: insufficient buying power
2026-04-28T15:54:59.459059500 HOOD error placing order: 40310000: insufficient buying power
2026-04-28T15:54:59.758303550 INTC error placing order: 40310000: insufficient buying power
2026-04-28T15:54:59.766712959 HOOD error placing order: 40310000: insufficient buying power
2026-04-28T15:55:00.022095614 HOOD error placing order: 40310000: insufficient buying power
2026-04-28T15:55:00.042592095 INTC error placing order: 40310000: insufficient buying power
2026-04-28T15:55:00.088147157 PYPL order fill: filled sell 100 @ 49.53 pos=300 filled=100/100
2026-04-28T15:55:00.088170839 PYPL filled -36 @ 49.53 | pos=300 | fill_pnl=-0.765 | fee=-0.021049 | realized=-0.125 | total_pnl=38.515 | total_fees=-24.023919 | fills=330 shares=27400
2026-04-28T15:55:00.101093140 CMCSA order fill: filled sell 100 @ 27.6 pos=400 filled=100/100
2026-04-28T15:55:00.101113623 CMCSA filled -100 @ 27.6 | pos=400 | fill_pnl=1.75 | fee=-0.100844 | realized=5.5 | total_pnl=40.265 | total_fees=-24.124763 | fills=331 shares=27500
2026-04-28T15:55:00.101137546 INTC order fill: filled sell 100 @ 84.18 pos=0 filled=100/100
2026-04-28T15:55:00.101147932 INTC filled -100 @ 84.18 | pos=0 | fill_pnl=3 | fee=0.015711 | realized=54.1 | total_pnl=43.265 | total_fees=-24.109052 | fills=332 shares=27600
2026-04-28T15:55:00.120214164 PYPL placed sell 100 @ 49.55 -> NASDAQ (pos=300 spread=0.01 bid=49.52x300 ask=49.53x1800)
2026-04-28T15:55:00.131485745 PYPL order pending_new: pending_new sell 100 @ 49.55 pos=0 filled=0/100
2026-04-28T15:55:00.209260605 PYPL placed buy 100 @ 49.5 -> NASDAQ (pos=300 spread=0.01 bid=49.52x300 ask=49.53x1800)
2026-04-28T15:55:00.222119692 PYPL order pending_new: pending_new buy 100 @ 49.5 pos=0 filled=0/100
2026-04-28T15:55:00.222138289 PYPL order new: new sell 100 @ 49.55 pos=0 filled=0/100
2026-04-28T15:55:00.222186553 PYPL order partial_fill: partially_filled sell 100 @ 49.55 pos=277 filled=23/100
2026-04-28T15:55:00.222196362 PYPL filled -23 @ 49.59 | pos=277 | fill_pnl=0.89125 | fee=-0.010619 | realized=0.76625 | total_pnl=44.15625 | total_fees=-24.119671 | fills=333 shares=27623
2026-04-28T15:55:00.222231873 PYPL order fill: filled sell 100 @ 49.55 pos=200 filled=100/100
2026-04-28T15:55:00.222241989 PYPL filled -77 @ 49.58 | pos=200 | fill_pnl=2.21375 | fee=-0.044941 | realized=2.98 | total_pnl=46.37 | total_fees=-24.164612 | fills=334 shares=27700
2026-04-28T15:55:00.222265933 VZ order fill: filled sell 100 @ 47.15 pos=100 filled=100/100
2026-04-28T15:55:00.222275644 VZ filled -100 @ 47.15 | pos=100 | fill_pnl=3.75 | fee=-0.060571 | realized=12.25 | total_pnl=50.12 | total_fees=-24.225183 | fills=335 shares=27800
2026-04-28T15:55:00.222284963 SOFI order fill: filled sell 100 @ 18.55 pos=700 filled=100/100
2026-04-28T15:55:00.222298860 SOFI filled -100 @ 18.55 | pos=700 | fill_pnl=-1.125 | fee=-0.119487 | realized=-1.125 | total_pnl=48.995 | total_fees=-24.34467 | fills=336 shares=27900
2026-04-28T15:55:00.265935618 INTC placed buy 100 @ 84.14 -> NASDAQ (pos=0 spread=0.01 bid=84.16x200 ask=84.17x600)
2026-04-28T15:55:00.278243668 INTC order pending_new: pending_new buy 100 @ 84.14 pos=0 filled=0/100
2026-04-28T15:55:00.278260874 PYPL order new: new buy 100 @ 49.5 pos=0 filled=0/100
2026-04-28T15:55:00.281267858 CMCSA placed sell 100 @ 27.62 -> NASDAQ (pos=400 spread=0.01 bid=27.59x3400 ask=27.6x2500)
2026-04-28T15:55:00.287562934 VZ placed sell 100 @ 47.16 -> NYSE (pos=100 spread=0.01 bid=47.13x1600 ask=47.14x600)
2026-04-28T15:55:00.290111851 PYPL placed sell 100 @ 49.55 -> NASDAQ (pos=200 spread=0.01 bid=49.52x300 ask=49.53x1800)
2026-04-28T15:55:00.295197702 CMCSA order pending_new: pending_new sell 100 @ 27.62 pos=0 filled=0/100
2026-04-28T15:55:00.295212369 INTC order new: new buy 100 @ 84.14 pos=0 filled=0/100
2026-04-28T15:55:00.295260682 VZ order pending_new: pending_new sell 100 @ 47.16 pos=0 filled=0/100
2026-04-28T15:55:00.295269869 PYPL order pending_new: pending_new sell 100 @ 49.55 pos=0 filled=0/100
2026-04-28T15:55:00.301859582 SOFI placed buy 100 @ 18.5 -> NASDAQ (pos=700 spread=0.01 bid=18.52x7900 ask=18.53x7000)
2026-04-28T15:55:00.313836579 SOFI order pending_new: pending_new buy 100 @ 18.5 pos=0 filled=0/100
2026-04-28T15:55:00.313851666 CMCSA order new: new sell 100 @ 27.62 pos=0 filled=0/100
2026-04-28T15:55:00.313919183 CMCSA order partial_fill: partially_filled sell 100 @ 27.62 pos=306 filled=94/100
2026-04-28T15:55:00.313932286 CMCSA filled -94 @ 27.63 | pos=306 | fill_pnl=4.465 | fee=-0.094567 | realized=9.965 | total_pnl=53.46 | total_fees=-24.439237 | fills=337 shares=27994
2026-04-28T15:55:00.313940294 CMCSA order fill: filled sell 100 @ 27.62 pos=300 filled=100/100
2026-04-28T15:55:00.313950932 CMCSA filled -6 @ 27.63 | pos=300 | fill_pnl=0.285 | fee=-0.006215 | realized=10.25 | total_pnl=53.745 | total_fees=-24.445452 | fills=338 shares=28000
2026-04-28T15:55:00.313973758 VZ order new: new sell 100 @ 47.16 pos=0 filled=0/100
2026-04-28T15:55:00.313983728 PYPL order new: new sell 100 @ 49.55 pos=0 filled=0/100
2026-04-28T15:55:00.314015218 PYPL order fill: filled sell 100 @ 49.55 pos=100 filled=100/100
2026-04-28T15:55:00.314026416 PYPL filled -100 @ 49.57 | pos=100 | fill_pnl=1.875 | fee=-0.055586 | realized=4.855 | total_pnl=55.62 | total_fees=-24.501038 | fills=339 shares=28100
2026-04-28T15:55:00.337352421 SOFI placed sell 100 @ 18.55 -> NASDAQ (pos=700 spread=0.01 bid=18.52x7900 ask=18.53x7000)
2026-04-28T15:55:00.344375477 CMCSA placed sell 100 @ 27.62 -> NASDAQ (pos=300 spread=0.01 bid=27.59x3400 ask=27.6x2500)
2026-04-28T15:55:00.350728801 SOFI order pending_new: pending_new sell 100 @ 18.55 pos=0 filled=0/100
2026-04-28T15:55:00.350744205 SOFI order new: new buy 100 @ 18.5 pos=0 filled=0/100
2026-04-28T15:55:00.350786445 CMCSA order pending_new: pending_new sell 100 @ 27.62 pos=0 filled=0/100
2026-04-28T15:55:00.350829183 VZ order fill: filled sell 100 @ 47.16 pos=0 filled=100/100
2026-04-28T15:55:00.350843707 VZ filled -100 @ 47.16 | pos=0 | fill_pnl=4.75 | fee=-0.06055 | realized=17 | total_pnl=60.37 | total_fees=-24.561588 | fills=340 shares=28200
2026-04-28T15:55:00.351297368 PYPL placed sell 100 @ 49.55 -> NASDAQ (pos=100 spread=0.01 bid=49.52x300 ask=49.53x1800)
2026-04-28T15:55:00.362373304 PYPL order pending_new: pending_new sell 100 @ 49.55 pos=0 filled=0/100
2026-04-28T15:55:00.362386002 SOFI order new: new sell 100 @ 18.55 pos=0 filled=0/100
2026-04-28T15:55:00.362393178 CMCSA order new: new sell 100 @ 27.62 pos=0 filled=0/100
2026-04-28T15:55:00.362423574 CMCSA order fill: filled sell 100 @ 27.62 pos=200 filled=100/100
2026-04-28T15:55:00.362435689 CMCSA filled -100 @ 27.62 | pos=200 | fill_pnl=3.75 | fee=-0.100803 | realized=14 | total_pnl=64.12 | total_fees=-24.662391 | fills=341 shares=28300
2026-04-28T15:55:00.374991621 CMCSA placed sell 100 @ 27.62 -> NASDAQ (pos=200 spread=0.01 bid=27.59x3400 ask=27.6x2500)
2026-04-28T15:55:00.375435498 PYPL order new: new sell 100 @ 49.55 pos=0 filled=0/100
2026-04-28T15:55:00.375447231 PYPL order fill: filled sell 100 @ 49.55 pos=0 filled=100/100
2026-04-28T15:55:00.375456012 PYPL filled -100 @ 49.57 | pos=0 | fill_pnl=1.875 | fee=-0.055586 | realized=6.73 | total_pnl=65.995 | total_fees=-24.717977 | fills=342 shares=28400
2026-04-28T15:55:00.386216991 CMCSA order pending_new: pending_new sell 100 @ 27.62 pos=0 filled=0/100
2026-04-28T15:55:00.399754293 CMCSA order new: new sell 100 @ 27.62 pos=0 filled=0/100
2026-04-28T15:55:00.399768191 CMCSA order partial_fill: partially_filled sell 100 @ 27.62 pos=104 filled=96/100
2026-04-28T15:55:00.399783611 CMCSA filled -96 @ 27.62 | pos=104 | fill_pnl=3.6 | fee=-0.096659 | realized=17.6 | total_pnl=69.595 | total_fees=-24.814636 | fills=343 shares=28496
2026-04-28T15:55:00.399794417 CMCSA order fill: filled sell 100 @ 27.62 pos=100 filled=100/100
2026-04-28T15:55:00.399804387 CMCSA filled -4 @ 27.62 | pos=100 | fill_pnl=0.15 | fee=-0.004144 | realized=17.75 | total_pnl=69.745 | total_fees=-24.81878 | fills=344 shares=28500
2026-04-28T15:55:00.401293838 INTC replacing buy order: 84.14 -> 84.11 (pos=0 spread=0.01 bid=84.13x2600 ask=84.14x200)
2026-04-28T15:55:00.404495033 HOOD placed sell 100 @ 82.15 -> NASDAQ (pos=-100 spread=0.01 bid=82.12x300 ask=82.13x400)
2026-04-28T15:55:00.412521326 CMCSA placed sell 100 @ 27.62 -> NASDAQ (pos=100 spread=0.01 bid=27.59x2800 ask=27.6x2600)
2026-04-28T15:55:00.415314295 HOOD order pending_new: pending_new sell 100 @ 82.15 pos=0 filled=0/100
2026-04-28T15:55:00.415328291 INTC order replaced: replaced buy 100 @ 84.14 pos=0 filled=0/100
2026-04-28T15:55:00.415363064 CMCSA order pending_new: pending_new sell 100 @ 27.62 pos=0 filled=0/100
2026-04-28T15:55:00.428371382 HOOD order new: new sell 100 @ 82.15 pos=0 filled=0/100
2026-04-28T15:55:00.428388150 CMCSA order new: new sell 100 @ 27.62 pos=0 filled=0/100
2026-04-28T15:55:00.428398963 CMCSA order partial_fill: partially_filled sell 100 @ 27.62 pos=99 filled=1/100
2026-04-28T15:55:00.428408533 CMCSA filled -1 @ 27.62 | pos=99 | fill_pnl=0.0375 | fee=0.005564 | realized=17.7875 | total_pnl=69.7825 | total_fees=-24.813216 | fills=345 shares=28501
2026-04-28T15:55:00.435373801 PYPL replacing buy order: 49.5 -> 49.54 (pos=0 spread=-0.06 bid=49.59x200 ask=49.53x200)
2026-04-28T15:55:00.439544858 failed to replace order: 42210000: order is not open
2026-04-28T15:55:00.439654247 HOOD replacing buy order: 82.08 -> 82.11 (pos=-100 spread=0.02 bid=82.12x300 ask=82.14x1100)
2026-04-28T15:55:00.445848536 CMCSA replacing buy order: 27.55 -> 27.58 (pos=99 spread=-0.01 bid=27.61x1100 ask=27.6x2600)
2026-04-28T15:55:00.448339601 CMCSA order fill: filled sell 100 @ 27.62 pos=0 filled=100/100
2026-04-28T15:55:00.448351549 CMCSA filled -99 @ 27.62 | pos=0 | fill_pnl=3.7125 | fee=0.273633 | realized=21.5 | total_pnl=73.495 | total_fees=-24.539583 | fills=346 shares=28600
2026-04-28T15:55:00.527345896 INTC replacing buy order: 84.11 -> 84.14 (pos=0 spread=0.02 bid=84.15x400 ask=84.17x200)
2026-04-28T15:55:00.541462830 PYPL order replaced: replaced buy 100 @ 49.5 pos=0 filled=0/100
2026-04-28T15:55:00.541480584 HOOD order replaced: replaced buy 100 @ 82.08 pos=0 filled=0/100
2026-04-28T15:55:00.541491467 CMCSA order replaced: replaced buy 100 @ 27.55 pos=0 filled=0/100
2026-04-28T15:55:00.564256048 SOFI replacing buy order: 18.5 -> 18.53 (pos=700 spread=0 bid=18.55x200 ask=18.55x3400)
2026-04-28T15:55:00.569439533 SOFI replacing sell order: 18.55 -> 18.58 (pos=700 spread=0.01 bid=18.55x8000 ask=18.56x3300)
2026-04-28T15:55:00.578625615 INTC order replaced: replaced buy 100 @ 84.11 pos=0 filled=0/100
2026-04-28T15:55:00.580584892 CMCSA replacing buy order: 27.58 -> 27.61 (pos=0 spread=0.01 bid=27.63x1700 ask=27.64x4000)
2026-04-28T15:55:00.589941872 SOFI order replaced: replaced buy 100 @ 18.5 pos=0 filled=0/100
2026-04-28T15:55:00.589958601 SOFI order replaced: replaced sell 100 @ 18.55 pos=0 filled=0/100
2026-04-28T15:55:00.598357098 INTC replacing buy order: 84.14 -> 84.29 (pos=0 spread=0.02 bid=84.3x400 ask=84.32x3900)
2026-04-28T15:55:00.604632897 CMCSA order replaced: replaced buy 100 @ 27.58 pos=0 filled=0/100
2026-04-28T15:55:00.624049850 INTC order replaced: replaced buy 100 @ 84.14 pos=0 filled=0/100
2026-04-28T15:55:00.624079163 INTC order fill: filled buy 100 @ 84.29 pos=100 filled=100/100
2026-04-28T15:55:00.624093087 INTC filled 100 @ 84.255 | pos=100 | fill_pnl=0 | fee=-0.1772 | realized=54.1 | total_pnl=73.495 | total_fees=-24.716783 | fills=347 shares=28700
2026-04-28T15:55:00.637386474 INTC placed sell 100 @ 84.33 -> NASDAQ (pos=100 spread=0.02 bid=84.3x400 ask=84.32x3900)
2026-04-28T15:55:00.645035063 INTC placed buy 100 @ 84.29 -> NASDAQ (pos=100 spread=0.02 bid=84.3x400 ask=84.32x3900)
2026-04-28T15:55:00.648559972 INTC order pending_new: pending_new sell 100 @ 84.33 pos=0 filled=0/100
2026-04-28T15:55:00.648580865 INTC order pending_new: pending_new buy 100 @ 84.29 pos=0 filled=0/100
2026-04-28T15:55:00.662195483 INTC order new: new sell 100 @ 84.33 pos=0 filled=0/100
2026-04-28T15:55:00.662215218 INTC order new: new buy 100 @ 84.29 pos=0 filled=0/100
2026-04-28T15:55:00.662257426 INTC order fill: filled buy 100 @ 84.29 pos=200 filled=100/100
2026-04-28T15:55:00.662274858 INTC filled 100 @ 84.27 | pos=200 | fill_pnl=0 | fee=-0.1772 | realized=54.1 | total_pnl=73.495 | total_fees=-24.893983 | fills=348 shares=28800
2026-04-28T15:55:00.680933795 INTC placed buy 100 @ 84.29 -> NASDAQ (pos=200 spread=0.02 bid=84.3x400 ask=84.32x3900)
2026-04-28T15:55:00.691226059 INTC order pending_new: pending_new buy 100 @ 84.29 pos=0 filled=0/100
2026-04-28T15:55:00.709331843 INTC order new: new buy 100 @ 84.29 pos=0 filled=0/100
2026-04-28T15:55:00.709392119 INTC order partial_fill: partially_filled buy 100 @ 84.29 pos=255 filled=55/100
2026-04-28T15:55:00.709425352 INTC filled 55 @ 84.29 | pos=255 | fill_pnl=0 | fee=-0.0962 | realized=54.1 | total_pnl=73.495 | total_fees=-24.990183 | fills=349 shares=28855
2026-04-28T15:55:00.709437486 INTC order fill: filled buy 100 @ 84.29 pos=300 filled=100/100
2026-04-28T15:55:00.709449876 INTC filled 45 @ 84.29 | pos=300 | fill_pnl=0 | fee=-0.081 | realized=54.1 | total_pnl=73.495 | total_fees=-25.071183 | fills=350 shares=28900
2026-04-28T15:55:00.735637885 INTC placed buy 100 @ 84.29 -> NASDAQ (pos=300 spread=0.02 bid=84.3x400 ask=84.32x3900)
2026-04-28T15:55:00.747237657 INTC order pending_new: pending_new buy 100 @ 84.29 pos=0 filled=0/100
2026-04-28T15:55:00.758488062 INTC order new: new buy 100 @ 84.29 pos=0 filled=0/100
2026-04-28T15:55:01.139438566 INTC order fill: filled buy 100 @ 84.29 pos=400 filled=100/100
2026-04-28T15:55:01.139463770 INTC filled 100 @ 84.29 | pos=400 | fill_pnl=0 | fee=-0.1772 | realized=54.1 | total_pnl=73.495 | total_fees=-25.248383 | fills=351 shares=29000
2026-04-28T15:55:01.162092244 INTC error placing order: 40310000: insufficient buying power
2026-04-28T15:55:01.864914421 VZ replacing buy order: 47.11 -> 47.14 (pos=0 spread=0 bid=47.16x100 ask=47.16x200)
2026-04-28T15:55:01.865514797 INTC replacing sell order: 84.33 -> 84.3 (pos=400 spread=0.02 bid=84.27x200 ask=84.29x300)
2026-04-28T15:55:01.869142033 INTC error placing order: 40310000: insufficient buying power
2026-04-28T15:55:01.885995949 VZ order replaced: replaced buy 100 @ 47.11 pos=0 filled=0/100
2026-04-28T15:55:01.886019337 INTC order replaced: replaced sell 100 @ 84.33 pos=0 filled=0/100
2026-04-28T15:55:01.900550264 INTC error placing order: 40310000: insufficient buying power
2026-04-28T15:55:02.070763830 INTC order partial_fill: partially_filled sell 100 @ 84.3 pos=332 filled=68/100
2026-04-28T15:55:02.070789322 INTC filled -68 @ 84.3 | pos=332 | fill_pnl=1.615 | fee=0.011747 | realized=55.715 | total_pnl=75.11 | total_fees=-25.236636 | fills=352 shares=29068
2026-04-28T15:55:02.070804596 INTC order fill: filled sell 100 @ 84.3 pos=300 filled=100/100
2026-04-28T15:55:02.070816002 INTC filled -32 @ 84.3 | pos=300 | fill_pnl=0.76 | fee=0.004211 | realized=56.475 | total_pnl=75.87 | total_fees=-25.232425 | fills=353 shares=29100
2026-04-28T15:55:02.102325339 INTC placed buy 100 @ 84.24 -> NASDAQ (pos=300 spread=0.02 bid=84.25x1000 ask=84.27x100)
2026-04-28T15:55:02.105028458 INTC placed sell 100 @ 84.28 -> NASDAQ (pos=300 spread=0.02 bid=84.25x1000 ask=84.27x100)
2026-04-28T15:55:02.113903246 INTC order pending_new: pending_new buy 100 @ 84.24 pos=0 filled=0/100
2026-04-28T15:55:02.113932965 INTC order pending_new: pending_new sell 100 @ 84.28 pos=0 filled=0/100
2026-04-28T15:55:02.127136078 INTC order new: new buy 100 @ 84.24 pos=0 filled=0/100
2026-04-28T15:55:02.127158378 INTC order new: new sell 100 @ 84.28 pos=0 filled=0/100
2026-04-28T15:55:02.127168176 INTC order fill: filled sell 100 @ 84.28 pos=200 filled=100/100
2026-04-28T15:55:02.127192680 INTC filled -100 @ 84.305 | pos=200 | fill_pnl=2.875 | fee=0.015968 | realized=59.35 | total_pnl=78.745 | total_fees=-25.216457 | fills=354 shares=29200
2026-04-28T15:55:02.149442238 INTC placed sell 100 @ 84.28 -> NASDAQ (pos=200 spread=0.02 bid=84.25x1000 ask=84.27x100)
2026-04-28T15:55:02.154017432 SOFI order fill: filled buy 100 @ 18.53 pos=800 filled=100/100
2026-04-28T15:55:02.154033927 SOFI filled 100 @ 18.53 | pos=800 | fill_pnl=0 | fee=-0.1772 | realized=-1.125 | total_pnl=78.745 | total_fees=-25.393657 | fills=355 shares=29300
2026-04-28T15:55:02.154045712 INTC order pending_new: pending_new sell 100 @ 84.28 pos=0 filled=0/100
2026-04-28T15:55:02.174921190 INTC order new: new sell 100 @ 84.28 pos=0 filled=0/100
2026-04-28T15:55:02.174937064 INTC order fill: filled sell 100 @ 84.28 pos=100 filled=100/100
2026-04-28T15:55:02.174945729 INTC filled -100 @ 84.315 | pos=100 | fill_pnl=3.875 | fee=0.015989 | realized=63.225 | total_pnl=82.62 | total_fees=-25.377668 | fills=356 shares=29400
2026-04-28T15:55:02.189556560 INTC placed sell 100 @ 84.28 -> NASDAQ (pos=100 spread=0.02 bid=84.25x1000 ask=84.27x100)
2026-04-28T15:55:02.200681121 INTC order pending_new: pending_new sell 100 @ 84.28 pos=0 filled=0/100
2026-04-28T15:55:02.213922124 INTC order new: new sell 100 @ 84.28 pos=0 filled=0/100
2026-04-28T15:55:02.213937060 INTC order fill: filled sell 100 @ 84.28 pos=0 filled=100/100
2026-04-28T15:55:02.213949366 INTC filled -100 @ 84.315 | pos=0 | fill_pnl=3.875 | fee=0.015989 | realized=67.1 | total_pnl=86.495 | total_fees=-25.361679 | fills=357 shares=29500
2026-04-28T15:55:02.292741846 HOOD order fill: filled buy 100 @ 82.11 pos=0 filled=100/100
2026-04-28T15:55:02.292763865 HOOD filled 100 @ 82.11 | pos=0 | fill_pnl=-5 | fee=-0.1772 | realized=-31.71 | total_pnl=81.495 | total_fees=-25.538879 | fills=358 shares=29600
2026-04-28T15:55:02.581162471 INTC replacing buy order: 84.24 -> 84.21 (pos=0 spread=0.01 bid=84.23x1200 ask=84.24x200)
2026-04-28T15:55:02.609148213 INTC order replaced: replaced buy 100 @ 84.24 pos=0 filled=0/100
2026-04-28T15:55:02.625766681 INTC replacing buy order: 84.21 -> 84.27 (pos=0 spread=0.01 bid=84.29x1300 ask=84.3x100)
2026-04-28T15:55:02.651208518 INTC order replaced: replaced buy 100 @ 84.21 pos=0 filled=0/100
2026-04-28T15:55:02.660524043 SOFI replacing sell order: 18.58 -> 18.55 (pos=800 spread=0 bid=18.53x400 ask=18.53x4100)
2026-04-28T15:55:02.667802588 INTC replacing buy order: 84.27 -> 84.33 (pos=0 spread=0.01 bid=84.35x1600 ask=84.36x500)
2026-04-28T15:55:02.687877846 SOFI order replaced: replaced sell 100 @ 18.58 pos=0 filled=0/100
2026-04-28T15:55:02.687892062 INTC order replaced: replaced buy 100 @ 84.27 pos=0 filled=0/100
2026-04-28T15:55:02.894008209 BALANCE long=$49427 (2) short=$27677 (2) expose=$21750 | realize=81.495 fee=-25.538879 net=107.033879 unrealized=-55.875 equity=51.158879 liquidate=39.158879 | fills=358 pending=12 | ofails=520/830
2026-04-28T15:55:02.894053252 SPREAD SOFI NASDAQ  [0]  18.53x6700 | 18.54x8900  [18.55]  pos=800  realized=-1.125 fees=-1.714287 net=0.589287 unrealized=-17.875
2026-04-28T15:55:02.894070664 SPREAD HOOD NASDAQ  [0]  82.11x300 | 82.13x1200  [82.15]  pos=0  realized=-31.71 fees=-4.486785 net=-27.223215 unrealized=0
2026-04-28T15:55:02.894078037 SPREAD XLE ARCA  [0]  57.66x37600 | 57.67x13600  [57.7]  pos=600  realized=0 fees=-1.0632 net=1.0632 unrealized=-29
2026-04-28T15:55:02.894084208 SPREAD FXI ARCA  [0]  36.27x44800 | 36.28x70000  [36.3]  pos=0  realized=0 fees=0 net=0 unrealized=0
2026-04-28T15:55:02.894092287 SPREAD VZ NYSE  [47.14]  47.16x1800 | 47.17x900  [0]  pos=0  realized=17 fees=-1.90262 net=18.90262 unrealized=0
2026-04-28T15:55:02.894101855 SPREAD INTC NASDAQ  [84.33]  84.34x2000 | 84.35x1000  [0]  pos=0  realized=67.1 fees=-11.223187 net=78.323187 unrealized=0
2026-04-28T15:55:02.894108990 SPREAD PYPL NASDAQ  [49.54]  49.56x300 | 49.57x800  [0]  pos=0  realized=6.73 fees=-2.095388 net=8.825388 unrealized=0
2026-04-28T15:55:02.894115525 SPREAD CMCSA NASDAQ  [27.61]  27.62x3300 | 27.63x14900  [0]  pos=0  realized=21.5 fees=-1.566062 net=23.066062 unrealized=0
2026-04-28T15:55:02.894144275 SPREAD DKNG NASDAQ  [0]  23.34x600 | 23.35x1000  [23.37]  pos=0  realized=2 fees=-0.860314 net=2.860314 unrealized=0
2026-04-28T15:55:02.894154887 SPREAD RIVN NASDAQ  [16.09]  16.1x3000 | 16.11x3600  [16.15]  pos=-600  realized=0 fees=-0.367058 net=0.367058 unrealized=4
2026-04-28T15:55:02.894165449 SPREAD AAL NASDAQ  [0]  11.62x16100 | 11.63x18300  [11.65]  pos=0  realized=0 fees=0 net=0 unrealized=0
2026-04-28T15:55:02.894175227 SPREAD NKE NYSE  [45]  45.03x1300 | 45.04x1200  [45.06]  pos=-400  realized=0 fees=-0.259978 net=0.259978 unrealized=-13
2026-04-28T15:55:03.720450427 INTC replacing buy order: 84.33 -> 84.36 (pos=0 spread=0.02 bid=84.37x200 ask=84.39x1100)
2026-04-28T15:55:03.743918520 INTC order replaced: replaced buy 100 @ 84.33 pos=0 filled=0/100
2026-04-28T15:55:04.449388927 INTC order fill: filled buy 100 @ 84.36 pos=100 filled=100/100
2026-04-28T15:55:04.449412012 INTC filled 100 @ 84.36 | pos=100 | fill_pnl=0 | fee=-0.1772 | realized=67.1 | total_pnl=81.495 | total_fees=-25.716079 | fills=359 shares=29700
2026-04-28T15:55:04.462720973 INTC placed sell 100 @ 84.41 -> NASDAQ (pos=100 spread=0.01 bid=84.38x1200 ask=84.39x200)
2026-04-28T15:55:04.468292522 INTC placed buy 100 @ 84.36 -> NASDAQ (pos=100 spread=0.01 bid=84.38x1200 ask=84.39x200)
2026-04-28T15:55:04.477770666 INTC order pending_new: pending_new sell 100 @ 84.41 pos=0 filled=0/100
2026-04-28T15:55:04.477794806 INTC order pending_new: pending_new buy 100 @ 84.36 pos=0 filled=0/100
2026-04-28T15:55:04.486145458 INTC order new: new sell 100 @ 84.41 pos=0 filled=0/100
2026-04-28T15:55:04.486174027 INTC order new: new buy 100 @ 84.36 pos=0 filled=0/100
2026-04-28T15:55:04.496245136 INTC order fill: filled buy 100 @ 84.36 pos=200 filled=100/100
2026-04-28T15:55:04.496261002 INTC filled 100 @ 84.36 | pos=200 | fill_pnl=0 | fee=-0.1772 | realized=67.1 | total_pnl=81.495 | total_fees=-25.893279 | fills=360 shares=29800
2026-04-28T15:55:04.515053695 INTC placed buy 100 @ 84.36 -> NASDAQ (pos=200 spread=0.01 bid=84.38x1200 ask=84.39x200)
2026-04-28T15:55:04.526327695 INTC order pending_new: pending_new buy 100 @ 84.36 pos=0 filled=0/100
2026-04-28T15:55:04.538858462 INTC order new: new buy 100 @ 84.36 pos=0 filled=0/100
2026-04-28T15:55:04.538872060 INTC order fill: filled buy 100 @ 84.36 pos=300 filled=100/100
2026-04-28T15:55:04.538885705 INTC filled 100 @ 84.355 | pos=300 | fill_pnl=0 | fee=-0.1772 | realized=67.1 | total_pnl=81.495 | total_fees=-26.070479 | fills=361 shares=29900
2026-04-28T15:55:04.557115502 INTC placed buy 100 @ 84.36 -> NASDAQ (pos=300 spread=0.01 bid=84.38x1200 ask=84.39x200)
2026-04-28T15:55:04.568471011 INTC order pending_new: pending_new buy 100 @ 84.36 pos=0 filled=0/100
2026-04-28T15:55:04.582081580 INTC order new: new buy 100 @ 84.36 pos=0 filled=0/100
2026-04-28T15:55:04.582095089 INTC order fill: filled buy 100 @ 84.36 pos=400 filled=100/100
2026-04-28T15:55:04.582106934 INTC filled 100 @ 84.355 | pos=400 | fill_pnl=0 | fee=-0.1772 | realized=67.1 | total_pnl=81.495 | total_fees=-26.247679 | fills=362 shares=30000
2026-04-28T15:55:04.599835099 INTC placed buy 100 @ 84.36 -> NASDAQ (pos=400 spread=0.01 bid=84.38x1200 ask=84.39x200)
2026-04-28T15:55:04.612315114 INTC order pending_new: pending_new buy 100 @ 84.36 pos=0 filled=0/100
2026-04-28T15:55:04.626213074 INTC order new: new buy 100 @ 84.36 pos=0 filled=0/100
2026-04-28T15:55:04.626229601 INTC order fill: filled buy 100 @ 84.36 pos=500 filled=100/100
2026-04-28T15:55:04.626236763 INTC filled 100 @ 84.355 | pos=500 | fill_pnl=0 | fee=-0.1772 | realized=67.1 | total_pnl=81.495 | total_fees=-26.424879 | fills=363 shares=30100
2026-04-28T15:55:04.640323750 INTC error placing order: 40310000: insufficient buying power
2026-04-28T15:55:04.674211328 INTC error placing order: 40310000: insufficient buying power
2026-04-28T15:55:05.156416434 INTC replacing sell order: 84.41 -> 84.38 (pos=500 spread=0.02 bid=84.35x200 ask=84.37x500)
2026-04-28T15:55:05.165235937 INTC error placing order: 40310000: insufficient buying power
2026-04-28T15:55:05.180488208 INTC order replaced: replaced sell 100 @ 84.41 pos=0 filled=0/100
2026-04-28T15:55:05.195742464 INTC error placing order: 40310000: insufficient buying power
2026-04-28T15:55:05.787066251 INTC replacing sell order: 84.38 -> 84.35 (pos=500 spread=0 bid=84.33x100 ask=84.33x200)
2026-04-28T15:55:05.797489062 HOOD replacing sell order: 82.15 -> 82.12 (pos=0 spread=0.02 bid=82.09x900 ask=82.11x1100)
2026-04-28T15:55:05.807272630 INTC error placing order: 40310000: insufficient buying power
2026-04-28T15:55:05.820496698 INTC order replaced: replaced sell 100 @ 84.38 pos=0 filled=0/100
2026-04-28T15:55:05.820527030 HOOD order replaced: replaced sell 100 @ 82.15 pos=0 filled=0/100
2026-04-28T15:55:05.859670239 INTC error placing order: 40310000: insufficient buying power
2026-04-28T15:55:06.132484192 INTC error placing order: 40310000: insufficient buying power
2026-04-28T15:55:06.147980253 INTC order partial_fill: partially_filled sell 100 @ 84.35 pos=450 filled=50/100
2026-04-28T15:55:06.148006963 INTC filled -50 @ 84.35 | pos=450 | fill_pnl=-0.35 | fee=0.00943 | realized=66.75 | total_pnl=81.145 | total_fees=-26.415449 | fills=364 shares=30150
2026-04-28T15:55:06.167223198 INTC order fill: filled sell 100 @ 84.35 pos=400 filled=100/100
2026-04-28T15:55:06.167241206 INTC filled -50 @ 84.35 | pos=400 | fill_pnl=-0.35 | fee=0.00663 | realized=66.4 | total_pnl=80.795 | total_fees=-26.408819 | fills=365 shares=30200
2026-04-28T15:55:06.169442349 INTC placed buy 100 @ 84.31 -> NASDAQ (pos=500 spread=0.02 bid=84.32x1200 ask=84.34x300)
2026-04-28T15:55:06.177952534 INTC order pending_new: pending_new buy 100 @ 84.31 pos=0 filled=0/100
2026-04-28T15:55:06.196741789 INTC placed sell 100 @ 84.37 -> NASDAQ (pos=400 spread=0.01 bid=84.34x900 ask=84.35x100)
2026-04-28T15:55:06.199012052 INTC order new: new buy 100 @ 84.31 pos=0 filled=0/100
2026-04-28T15:55:06.199021823 INTC order pending_new: pending_new sell 100 @ 84.37 pos=0 filled=0/100
2026-04-28T15:55:06.216499394 INTC order new: new sell 100 @ 84.37 pos=0 filled=0/100
2026-04-28T15:55:07.857577070 INTC replacing sell order: 84.37 -> 84.34 (pos=400 spread=0.02 bid=84.31x1300 ask=84.33x800)
2026-04-28T15:55:07.873435251 INTC order replaced: replaced sell 100 @ 84.37 pos=0 filled=0/100
2026-04-28T15:55:07.894495678 BALANCE long=$83157 (3) short=$27683 (2) expose=$55474 | realize=80.795 fee=-26.408819 net=107.203819 unrealized=-74.675 equity=32.528819 liquidate=18.528819 | fills=365 pending=12 | ofails=527/844
2026-04-28T15:55:07.894539710 SPREAD INTC NASDAQ  [84.31]  84.32x300 | 84.33x300  [84.34]  pos=400  realized=66.4 fees=-12.093127 net=78.493127 unrealized=-12.8
2026-04-28T15:55:07.894552170 SPREAD PYPL NASDAQ  [49.54]  49.57x1700 | 49.58x600  [0]  pos=0  realized=6.73 fees=-2.095388 net=8.825388 unrealized=0
2026-04-28T15:55:07.894563520 SPREAD CMCSA NASDAQ  [27.61]  27.62x9000 | 27.63x12100  [0]  pos=0  realized=21.5 fees=-1.566062 net=23.066062 unrealized=0
2026-04-28T15:55:07.894571497 SPREAD DKNG NASDAQ  [0]  23.34x1100 | 23.35x1700  [23.37]  pos=0  realized=2 fees=-0.860314 net=2.860314 unrealized=0
2026-04-28T15:55:07.894581090 SPREAD RIVN NASDAQ  [16.09]  16.11x5900 | 16.12x1900  [16.15]  pos=-600  realized=0 fees=-0.367058 net=0.367058 unrealized=-2
2026-04-28T15:55:07.894587177 SPREAD AAL NASDAQ  [0]  11.62x18900 | 11.63x23400  [11.65]  pos=0  realized=0 fees=0 net=0 unrealized=0
2026-04-28T15:55:07.894594998 SPREAD NKE NYSE  [45]  45.03x1900 | 45.04x1700  [45.06]  pos=-400  realized=0 fees=-0.259978 net=0.259978 unrealized=-13
2026-04-28T15:55:07.894605073 SPREAD SOFI NASDAQ  [0]  18.53x8700 | 18.54x10100  [18.55]  pos=800  realized=-1.125 fees=-1.714287 net=0.589287 unrealized=-17.875
2026-04-28T15:55:07.894612435 SPREAD HOOD NASDAQ  [0]  82.1x200 | 82.11x1000  [82.12]  pos=0  realized=-31.71 fees=-4.486785 net=-27.223215 unrealized=0
2026-04-28T15:55:07.894622890 SPREAD XLE ARCA  [0]  57.66x34800 | 57.67x21000  [57.7]  pos=600  realized=0 fees=-1.0632 net=1.0632 unrealized=-29
2026-04-28T15:55:07.894641693 SPREAD FXI ARCA  [0]  36.26x52800 | 36.27x68600  [36.3]  pos=0  realized=0 fees=0 net=0 unrealized=0
2026-04-28T15:55:07.894650915 SPREAD VZ NYSE  [47.14]  47.17x1000 | 47.18x3400  [0]  pos=0  realized=17 fees=-1.90262 net=18.90262 unrealized=0
2026-04-28T15:55:08.715921244 INTC order fill: filled buy 100 @ 84.31 pos=500 filled=100/100
2026-04-28T15:55:08.715941822 INTC filled 100 @ 84.31 | pos=500 | fill_pnl=0 | fee=-0.1772 | realized=66.4 | total_pnl=80.795 | total_fees=-26.586019 | fills=366 shares=30300
2026-04-28T15:55:08.729797034 INTC error placing order: 40310000: insufficient buying power
2026-04-28T15:55:08.755679457 INTC error placing order: 40310000: insufficient buying power
2026-04-28T15:55:08.783930434 INTC error placing order: 40310000: insufficient buying power
2026-04-28T15:55:09.047066394 INTC replacing sell order: 84.34 -> 84.31 (pos=500 spread=0.02 bid=84.28x1000 ask=84.3x800)
2026-04-28T15:55:09.058792690 INTC error placing order: 40310000: insufficient buying power
2026-04-28T15:55:09.071637479 INTC order replaced: replaced sell 100 @ 84.34 pos=0 filled=0/100
2026-04-28T15:55:09.089569975 INTC error placing order: 40310000: insufficient buying power
2026-04-28T15:55:09.138529593 INTC error placing order: 40310000: insufficient buying power
2026-04-28T15:55:09.179008940 INTC order partial_fill: partially_filled sell 100 @ 84.31 pos=468 filled=32/100
2026-04-28T15:55:09.179032354 INTC filled -32 @ 84.31 | pos=468 | fill_pnl=-1.2032 | fee=0.007017 | realized=65.1968 | total_pnl=79.5918 | total_fees=-26.579002 | fills=367 shares=30332
2026-04-28T15:55:09.179043592 INTC order fill: filled sell 100 @ 84.31 pos=400 filled=100/100
2026-04-28T15:55:09.179053717 INTC filled -68 @ 84.31 | pos=400 | fill_pnl=-2.5568 | fee=0.008961 | realized=62.64 | total_pnl=77.035 | total_fees=-26.570041 | fills=368 shares=30400
2026-04-28T15:55:09.191845731 INTC placed sell 100 @ 84.33 -> NASDAQ (pos=400 spread=0.01 bid=84.3x600 ask=84.31x200)
2026-04-28T15:55:09.198220621 INTC placed buy 100 @ 84.28 -> NASDAQ (pos=400 spread=0.01 bid=84.3x600 ask=84.31x200)
2026-04-28T15:55:09.204094416 INTC order pending_new: pending_new sell 100 @ 84.33 pos=0 filled=0/100
2026-04-28T15:55:09.204110728 INTC order pending_new: pending_new buy 100 @ 84.28 pos=0 filled=0/100
2026-04-28T15:55:09.216881054 INTC order new: new sell 100 @ 84.33 pos=0 filled=0/100
2026-04-28T15:55:09.216898790 INTC order new: new buy 100 @ 84.28 pos=0 filled=0/100
2026-04-28T15:55:09.247203096 INTC order partial_fill: partially_filled sell 100 @ 84.33 pos=350 filled=50/100
2026-04-28T15:55:09.247223601 INTC filled -50 @ 84.33 | pos=350 | fill_pnl=-0.88 | fee=0.00941 | realized=61.76 | total_pnl=76.155 | total_fees=-26.560631 | fills=369 shares=30450
2026-04-28T15:55:09.247237661 INTC order fill: filled sell 100 @ 84.33 pos=300 filled=100/100
2026-04-28T15:55:09.247251229 INTC filled -50 @ 84.33 | pos=300 | fill_pnl=-0.88 | fee=0.00661 | realized=60.88 | total_pnl=75.275 | total_fees=-26.554021 | fills=370 shares=30500
2026-04-28T15:55:09.261272532 INTC placed sell 100 @ 84.33 -> NASDAQ (pos=300 spread=0.01 bid=84.3x600 ask=84.31x200)
2026-04-28T15:55:09.273895341 INTC order pending_new: pending_new sell 100 @ 84.33 pos=0 filled=0/100
2026-04-28T15:55:09.286651253 INTC order new: new sell 100 @ 84.33 pos=0 filled=0/100
2026-04-28T15:55:09.286711963 INTC order partial_fill: partially_filled sell 100 @ 84.33 pos=278 filled=22/100
2026-04-28T15:55:09.286725887 INTC filled -22 @ 84.33 | pos=278 | fill_pnl=-0.3872 | fee=0.005708 | realized=60.4928 | total_pnl=74.8878 | total_fees=-26.548313 | fills=371 shares=30522
2026-04-28T15:55:09.286740585 INTC order fill: filled sell 100 @ 84.33 pos=200 filled=100/100
2026-04-28T15:55:09.286747484 INTC filled -78 @ 84.33 | pos=200 | fill_pnl=-1.3728 | fee=0.010311 | realized=59.12 | total_pnl=73.515 | total_fees=-26.538002 | fills=372 shares=30600
2026-04-28T15:55:09.298509890 INTC placed sell 100 @ 84.33 -> NASDAQ (pos=200 spread=0.01 bid=84.3x600 ask=84.31x200)
2026-04-28T15:55:09.309604092 INTC order pending_new: pending_new sell 100 @ 84.33 pos=0 filled=0/100
2026-04-28T15:55:09.328351355 INTC order new: new sell 100 @ 84.33 pos=0 filled=0/100
2026-04-28T15:55:09.328367854 INTC order fill: filled sell 100 @ 84.33 pos=100 filled=100/100
2026-04-28T15:55:09.328376168 INTC filled -100 @ 84.33 | pos=100 | fill_pnl=-1.76 | fee=0.01602 | realized=57.36 | total_pnl=71.755 | total_fees=-26.521982 | fills=373 shares=30700
2026-04-28T15:55:09.341222591 INTC placed sell 100 @ 84.33 -> NASDAQ (pos=100 spread=0.01 bid=84.3x600 ask=84.31x200)
2026-04-28T15:55:09.354125364 INTC order pending_new: pending_new sell 100 @ 84.33 pos=0 filled=0/100
2026-04-28T15:55:09.367354885 INTC order new: new sell 100 @ 84.33 pos=0 filled=0/100
2026-04-28T15:55:09.367370947 INTC order partial_fill: partially_filled sell 100 @ 84.33 pos=50 filled=50/100
2026-04-28T15:55:09.367379601 INTC filled -50 @ 84.33 | pos=50 | fill_pnl=-0.88 | fee=0.00941 | realized=56.48 | total_pnl=70.875 | total_fees=-26.512572 | fills=374 shares=30750
2026-04-28T15:55:09.367399217 INTC order partial_fill: partially_filled sell 100 @ 84.33 pos=28 filled=72/100
2026-04-28T15:55:09.367410038 INTC filled -22 @ 84.33 | pos=28 | fill_pnl=-0.3872 | fee=0.002908 | realized=56.0928 | total_pnl=70.4878 | total_fees=-26.509664 | fills=375 shares=30772
2026-04-28T15:55:09.367419910 INTC order fill: filled sell 100 @ 84.33 pos=0 filled=100/100
2026-04-28T15:55:09.367429075 INTC filled -28 @ 84.33 | pos=0 | fill_pnl=-0.4928 | fee=0.003702 | realized=55.6 | total_pnl=69.995 | total_fees=-26.505962 | fills=376 shares=30800
2026-04-28T15:55:09.417469591 INTC replacing buy order: 84.28 -> 84.31 (pos=0 spread=0.02 bid=84.32x900 ask=84.34x2400)
2026-04-28T15:55:09.443569767 INTC order replaced: replaced buy 100 @ 84.28 pos=0 filled=0/100
2026-04-28T15:55:11.146569459 HOOD order fill: filled sell 100 @ 82.12 pos=-100 filled=100/100
2026-04-28T15:55:11.146596491 HOOD filled -100 @ 82.12 | pos=-100 | fill_pnl=0 | fee=0.011467 | realized=-31.71 | total_pnl=69.995 | total_fees=-26.494495 | fills=377 shares=30900
2026-04-28T15:55:11.170031397 HOOD placed sell 100 @ 82.14 -> NASDAQ (pos=-100 spread=0.01 bid=82.11x600 ask=82.12x700)
2026-04-28T15:55:11.174116403 HOOD placed buy 100 @ 82.09 -> NASDAQ (pos=-100 spread=0.01 bid=82.11x600 ask=82.12x700)
2026-04-28T15:55:11.181279568 HOOD order pending_new: pending_new sell 100 @ 82.14 pos=0 filled=0/100
2026-04-28T15:55:11.181293374 HOOD order pending_new: pending_new buy 100 @ 82.09 pos=0 filled=0/100
2026-04-28T15:55:11.194495366 HOOD order new: new sell 100 @ 82.14 pos=0 filled=0/100
2026-04-28T15:55:11.194509824 HOOD order new: new buy 100 @ 82.09 pos=0 filled=0/100
2026-04-28T15:55:12.300175029 INTC order fill: filled buy 100 @ 84.31 pos=100 filled=100/100
2026-04-28T15:55:12.300195655 INTC filled 100 @ 84.31 | pos=100 | fill_pnl=0 | fee=-0.1772 | realized=55.6 | total_pnl=69.995 | total_fees=-26.671695 | fills=378 shares=31000
2026-04-28T15:55:12.314694200 INTC placed sell 100 @ 84.34 -> NASDAQ (pos=100 spread=0.01 bid=84.31x1000 ask=84.32x100)
2026-04-28T15:55:12.320514540 INTC placed buy 100 @ 84.29 -> NASDAQ (pos=100 spread=0.01 bid=84.31x1000 ask=84.32x100)
2026-04-28T15:55:12.324974914 INTC order pending_new: pending_new sell 100 @ 84.34 pos=0 filled=0/100
2026-04-28T15:55:12.324991479 INTC order pending_new: pending_new buy 100 @ 84.29 pos=0 filled=0/100
2026-04-28T15:55:12.339615679 INTC order new: new sell 100 @ 84.34 pos=0 filled=0/100
2026-04-28T15:55:12.339629999 INTC order new: new buy 100 @ 84.29 pos=0 filled=0/100
2026-04-28T15:55:12.617853006 INTC order fill: filled sell 100 @ 84.34 pos=0 filled=100/100
2026-04-28T15:55:12.617877326 INTC filled -100 @ 84.34 | pos=0 | fill_pnl=3 | fee=0.01604 | realized=58.6 | total_pnl=72.995 | total_fees=-26.655655 | fills=379 shares=31100
2026-04-28T15:55:13.094025981 INTC replacing buy order: 84.29 -> 84.32 (pos=0 spread=0.02 bid=84.33x800 ask=84.35x1200)
2026-04-28T15:55:13.119580848 INTC order replaced: replaced buy 100 @ 84.29 pos=0 filled=0/100
2026-04-28T15:55:13.547156881 INTC replacing buy order: 84.32 -> 84.35 (pos=0 spread=0.02 bid=84.36x1200 ask=84.38x900)
2026-04-28T15:55:13.573686613 INTC order replaced: replaced buy 100 @ 84.32 pos=0 filled=0/100
2026-04-28T15:55:13.857223893 INTC order fill: filled buy 100 @ 84.35 pos=100 filled=100/100
2026-04-28T15:55:13.857246172 INTC filled 100 @ 84.35 | pos=100 | fill_pnl=0 | fee=-0.1772 | realized=58.6 | total_pnl=72.995 | total_fees=-26.832855 | fills=380 shares=31200
2026-04-28T15:55:13.871425864 INTC placed sell 100 @ 84.39 -> NASDAQ (pos=100 spread=0.02 bid=84.36x900 ask=84.38x1200)
2026-04-28T15:55:13.882224557 INTC placed buy 100 @ 84.35 -> NASDAQ (pos=100 spread=0.02 bid=84.36x900 ask=84.38x1200)
2026-04-28T15:55:13.883084718 INTC order pending_new: pending_new sell 100 @ 84.39 pos=0 filled=0/100
2026-04-28T15:55:13.883119708 INTC order pending_new: pending_new buy 100 @ 84.35 pos=0 filled=0/100
2026-04-28T15:55:13.894163769 BALANCE long=$57870 (3) short=$35900 (3) expose=$21971 | realize=72.995 fee=-26.832855 net=99.827855 unrealized=-58.375 equity=41.452855 liquidate=27.952855 | fills=380 pending=12 | ofails=533/861
2026-04-28T15:55:13.894192786 SPREAD DKNG NASDAQ  [0]  23.34x1700 | 23.35x1600  [23.37]  pos=0  realized=2 fees=-0.860314 net=2.860314 unrealized=0
2026-04-28T15:55:13.894200654 SPREAD RIVN NASDAQ  [16.09]  16.11x4900 | 16.12x1700  [16.15]  pos=-600  realized=0 fees=-0.367058 net=0.367058 unrealized=-2
2026-04-28T15:55:13.894208301 SPREAD AAL NASDAQ  [0]  11.62x35400 | 11.63x22700  [11.65]  pos=0  realized=0 fees=0 net=0 unrealized=0
2026-04-28T15:55:13.894213314 SPREAD NKE NYSE  [45]  45.04x1800 | 45.05x1100  [45.06]  pos=-400  realized=0 fees=-0.259978 net=0.259978 unrealized=-17
2026-04-28T15:55:13.894222644 SPREAD SOFI NASDAQ  [0]  18.53x10700 | 18.54x9100  [18.55]  pos=800  realized=-1.125 fees=-1.714287 net=0.589287 unrealized=-17.875
2026-04-28T15:55:13.894227961 SPREAD HOOD NASDAQ  [82.09]  82.12x600 | 82.13x300  [82.14]  pos=-100  realized=-31.71 fees=-4.475318 net=-27.234682 unrealized=-0.5
2026-04-28T15:55:13.894239098 SPREAD XLE ARCA  [0]  57.67x31500 | 57.68x22300  [57.7]  pos=600  realized=0 fees=-1.0632 net=1.0632 unrealized=-23
2026-04-28T15:55:13.894248368 SPREAD FXI ARCA  [0]  36.26x74100 | 36.27x48400  [36.3]  pos=0  realized=0 fees=0 net=0 unrealized=0
2026-04-28T15:55:13.894255507 SPREAD VZ NYSE  [47.14]  47.16x2200 | 47.17x2900  [0]  pos=0  realized=17 fees=-1.90262 net=18.90262 unrealized=0
2026-04-28T15:55:13.894262745 SPREAD INTC NASDAQ  [84.35]  84.36x900 | 84.38x1200  [84.39]  pos=100  realized=58.6 fees=-12.52863 net=71.12863 unrealized=2
2026-04-28T15:55:13.894275026 SPREAD PYPL NASDAQ  [49.54]  49.55x3000 | 49.56x1000  [0]  pos=0  realized=6.73 fees=-2.095388 net=8.825388 unrealized=0
2026-04-28T15:55:13.894284187 SPREAD CMCSA NASDAQ  [27.61]  27.61x5400 | 27.62x12400  [0]  pos=0  realized=21.5 fees=-1.566062 net=23.066062 unrealized=0
2026-04-28T15:55:13.898267731 INTC order new: new sell 100 @ 84.39 pos=0 filled=0/100
2026-04-28T15:55:13.898280619 INTC order new: new buy 100 @ 84.35 pos=0 filled=0/100
2026-04-28T15:55:13.898320108 INTC order fill: filled buy 100 @ 84.35 pos=200 filled=100/100
2026-04-28T15:55:13.898332260 INTC filled 100 @ 84.35 | pos=200 | fill_pnl=0 | fee=-0.1772 | realized=58.6 | total_pnl=72.995 | total_fees=-27.010055 | fills=381 shares=31300
2026-04-28T15:55:13.915810316 INTC placed buy 100 @ 84.35 -> NASDAQ (pos=200 spread=0.02 bid=84.36x900 ask=84.38x1200)
2026-04-28T15:55:13.927402098 INTC order pending_new: pending_new buy 100 @ 84.35 pos=0 filled=0/100
2026-04-28T15:55:13.940544069 INTC order new: new buy 100 @ 84.35 pos=0 filled=0/100
2026-04-28T15:55:13.940574877 INTC order fill: filled buy 100 @ 84.35 pos=300 filled=100/100
2026-04-28T15:55:13.940588603 INTC filled 100 @ 84.35 | pos=300 | fill_pnl=0 | fee=-0.1772 | realized=58.6 | total_pnl=72.995 | total_fees=-27.187255 | fills=382 shares=31400
2026-04-28T15:55:13.970042875 INTC replacing sell order: 84.39 -> 84.36 (pos=300 spread=0.02 bid=84.33x2000 ask=84.35x500)
2026-04-28T15:55:13.974231504 INTC placed buy 100 @ 84.34 -> NASDAQ (pos=300 spread=0.01 bid=84.36x900 ask=84.37x200)
2026-04-28T15:55:13.978702046 INTC order pending_new: pending_new buy 100 @ 84.34 pos=0 filled=0/100
2026-04-28T15:55:13.978716574 INTC order replaced: replaced sell 100 @ 84.39 pos=0 filled=0/100
2026-04-28T15:55:13.994219317 INTC order new: new buy 100 @ 84.34 pos=0 filled=0/100
2026-04-28T15:55:14.784615362 INTC order fill: filled buy 100 @ 84.34 pos=400 filled=100/100
2026-04-28T15:55:14.784640129 INTC filled 100 @ 84.34 | pos=400 | fill_pnl=0 | fee=-0.1772 | realized=58.6 | total_pnl=72.995 | total_fees=-27.364455 | fills=383 shares=31500
2026-04-28T15:55:14.803598217 INTC error placing order: 40310000: insufficient buying power
2026-04-28T15:55:15.030431276 INTC error placing order: 40310000: insufficient buying power
2026-04-28T15:55:15.063529315 INTC order fill: filled sell 100 @ 84.36 pos=300 filled=100/100
2026-04-28T15:55:15.063550012 INTC filled -100 @ 84.36 | pos=300 | fill_pnl=1.25 | fee=0.016082 | realized=59.85 | total_pnl=74.245 | total_fees=-27.348373 | fills=384 shares=31600
2026-04-28T15:55:15.076261351 INTC placed sell 100 @ 84.37 -> NASDAQ (pos=300 spread=0.02 bid=84.34x300 ask=84.36x300)
2026-04-28T15:55:15.083026133 INTC placed buy 100 @ 84.33 -> NASDAQ (pos=300 spread=0.02 bid=84.34x300 ask=84.36x300)
2026-04-28T15:55:15.089524445 INTC order pending_new: pending_new sell 100 @ 84.37 pos=0 filled=0/100
2026-04-28T15:55:15.089538555 INTC order pending_new: pending_new buy 100 @ 84.33 pos=0 filled=0/100
2026-04-28T15:55:15.101573949 INTC order new: new sell 100 @ 84.37 pos=0 filled=0/100
2026-04-28T15:55:15.101588888 INTC order new: new buy 100 @ 84.33 pos=0 filled=0/100
2026-04-28T15:55:16.401123627 INTC order partial_fill: partially_filled buy 100 @ 84.33 pos=396 filled=96/100
2026-04-28T15:55:16.401146817 INTC filled 96 @ 84.33 | pos=396 | fill_pnl=0 | fee=-0.17 | realized=59.85 | total_pnl=74.245 | total_fees=-27.518373 | fills=385 shares=31696
2026-04-28T15:55:17.233573476 INTC order partial_fill: partially_filled sell 100 @ 84.37 pos=330 filled=66/100
2026-04-28T15:55:17.233609842 INTC filled -66 @ 84.37 | pos=330 | fill_pnl=1.764972 | fee=0.011579 | realized=61.614972 | total_pnl=76.009972 | total_fees=-27.506794 | fills=386 shares=31762
2026-04-28T15:55:17.233621816 INTC order fill: filled sell 100 @ 84.37 pos=296 filled=100/100
2026-04-28T15:55:17.233631737 INTC filled -34 @ 84.37 | pos=296 | fill_pnl=0.909262 | fee=0.004523 | realized=62.524234 | total_pnl=76.919234 | total_fees=-27.502271 | fills=387 shares=31796
2026-04-28T15:55:17.247170652 INTC placed sell 100 @ 84.37 -> NASDAQ (pos=296 spread=0.02 bid=84.34x1100 ask=84.36x1000)
2026-04-28T15:55:17.259711314 INTC order pending_new: pending_new sell 100 @ 84.37 pos=0 filled=0/100
2026-04-28T15:55:17.275014314 INTC order new: new sell 100 @ 84.37 pos=0 filled=0/100
2026-04-28T15:55:17.948182688 HOOD order fill: filled sell 100 @ 82.14 pos=-200 filled=100/100
2026-04-28T15:55:17.948804781 HOOD filled -100 @ 82.14 | pos=-200 | fill_pnl=0 | fee=0.011508 | realized=-31.71 | total_pnl=76.919234 | total_fees=-27.490763 | fills=388 shares=31896
2026-04-28T15:55:17.967736562 HOOD error placing order: 40310000: insufficient buying power
2026-04-28T15:55:18.008251142 INTC order fill: filled sell 100 @ 84.37 pos=196 filled=100/100
2026-04-28T15:55:18.008275618 INTC filled -100 @ 84.37 | pos=196 | fill_pnl=2.6742 | fee=0.016102 | realized=65.198434 | total_pnl=79.593434 | total_fees=-27.474661 | fills=389 shares=31996
2026-04-28T15:55:18.022525108 INTC placed sell 100 @ 84.38 -> NASDAQ (pos=196 spread=0.01 bid=84.35x400 ask=84.36x500)
2026-04-28T15:55:18.033917882 INTC order pending_new: pending_new sell 100 @ 84.38 pos=0 filled=0/100
2026-04-28T15:55:18.049664594 INTC order new: new sell 100 @ 84.38 pos=0 filled=0/100
2026-04-28T15:55:18.270269771 HOOD placed sell 100 @ 82.15 -> NASDAQ (pos=-200 spread=0.01 bid=82.12x300 ask=82.13x700)
2026-04-28T15:55:18.282057138 HOOD order pending_new: pending_new sell 100 @ 82.15 pos=0 filled=0/100
2026-04-28T15:55:18.296387706 HOOD order new: new sell 100 @ 82.15 pos=0 filled=0/100
2026-04-28T15:55:18.772838794 HOOD replacing buy order: 82.09 -> 82.12 (pos=-200 spread=0 bid=82.14x100 ask=82.14x100)
2026-04-28T15:55:18.798921539 HOOD order replaced: replaced buy 100 @ 82.09 pos=0 filled=0/100
2026-04-28T15:55:19.667465492 INTC order fill: filled sell 100 @ 84.38 pos=96 filled=100/100
2026-04-28T15:55:19.667489674 INTC filled -100 @ 84.38 | pos=96 | fill_pnl=3.6743 | fee=0.016123 | realized=68.872734 | total_pnl=83.267734 | total_fees=-27.458538 | fills=390 shares=32096
2026-04-28T15:55:19.860999045 HOOD order fill: filled sell 100 @ 82.15 pos=-300 filled=100/100
2026-04-28T15:55:19.861023648 HOOD filled -100 @ 82.15 | pos=-300 | fill_pnl=0 | fee=0.011529 | realized=-31.71 | total_pnl=83.267734 | total_fees=-27.447009 | fills=391 shares=32196
2026-04-28T15:55:19.878842308 HOOD placed sell 100 @ 82.17 -> NASDAQ (pos=-300 spread=0.01 bid=82.14x400 ask=82.15x1800)
2026-04-28T15:55:19.890936379 HOOD order pending_new: pending_new sell 100 @ 82.17 pos=0 filled=0/100
2026-04-28T15:55:19.893991264 BALANCE long=$57545 (3) short=$52331 (3) expose=$5214 | realize=83.267734 fee=-27.447009 net=110.714743 unrealized=-47.807734 equity=62.907009 liquidate=48.447009 | fills=391 pending=12 | ofails=536/872
2026-04-28T15:55:19.894027846 SPREAD AAL NASDAQ  [0]  11.62x38500 | 11.63x19000  [11.65]  pos=0  realized=0 fees=0 net=0 unrealized=0
2026-04-28T15:55:19.894039664 SPREAD NKE NYSE  [45]  45.04x2100 | 45.05x2200  [45.06]  pos=-400  realized=0 fees=-0.259978 net=0.259978 unrealized=-17
2026-04-28T15:55:19.894048152 SPREAD SOFI NASDAQ  [0]  18.53x9300 | 18.54x8000  [18.55]  pos=800  realized=-1.125 fees=-1.714287 net=0.589287 unrealized=-17.875
2026-04-28T15:55:19.894060326 SPREAD HOOD NASDAQ  [82.12]  82.14x400 | 82.15x1800  [82.17]  pos=-300  realized=-31.71 fees=-4.452281 net=-27.257719 unrealized=-2.5
2026-04-28T15:55:19.894070236 SPREAD XLE ARCA  [0]  57.69x28100 | 57.7x27300  [57.7]  pos=600  realized=0 fees=-1.0632 net=1.0632 unrealized=-11
2026-04-28T15:55:19.894076684 SPREAD FXI ARCA  [0]  36.26x74600 | 36.27x24300  [36.3]  pos=0  realized=0 fees=0 net=0 unrealized=0
2026-04-28T15:55:19.894082996 SPREAD VZ NYSE  [47.14]  47.14x2200 | 47.15x1000  [0]  pos=0  realized=17 fees=-1.90262 net=18.90262 unrealized=0
2026-04-28T15:55:19.894100265 SPREAD INTC NASDAQ  [84.33]  84.36x500 | 84.38x1100  [0]  pos=96  realized=68.872734 fees=-13.165821 net=82.038555 unrealized=2.567266
2026-04-28T15:55:19.894111116 SPREAD PYPL NASDAQ  [49.54]  49.56x2100 | 49.57x300  [0]  pos=0  realized=6.73 fees=-2.095388 net=8.825388 unrealized=0
2026-04-28T15:55:19.894121058 SPREAD CMCSA NASDAQ  [27.61]  27.61x5300 | 27.62x10700  [0]  pos=0  realized=21.5 fees=-1.566062 net=23.066062 unrealized=0
2026-04-28T15:55:19.894130666 SPREAD DKNG NASDAQ  [0]  23.34x2400 | 23.35x800  [23.37]  pos=0  realized=2 fees=-0.860314 net=2.860314 unrealized=0
2026-04-28T15:55:19.894138706 SPREAD RIVN NASDAQ  [16.09]  16.11x5500 | 16.12x1800  [16.15]  pos=-600  realized=0 fees=-0.367058 net=0.367058 unrealized=-2
2026-04-28T15:55:19.905698508 HOOD order new: new sell 100 @ 82.17 pos=0 filled=0/100
2026-04-28T15:55:20.154224880 failed to replace order: 40310000: insufficient buying power
2026-04-28T15:55:21.222787983 NKE replacing buy order: 45 -> 45.03 (pos=-400 spread=0 bid=45.05x500 ask=45.05x1300)
2026-04-28T15:55:21.249778200 NKE order replaced: replaced buy 100 @ 45 pos=0 filled=0/100
2026-04-28T15:55:24.330305752 PYPL replacing buy order: 49.54 -> 49.57 (pos=0 spread=0.02 bid=49.58x1000 ask=49.6x500)
2026-04-28T15:55:24.356133401 PYPL order replaced: replaced buy 100 @ 49.54 pos=0 filled=0/100
2026-04-28T15:55:24.894035284 BALANCE long=$57554 (3) short=$52338 (3) expose=$5216 | realize=83.267734 fee=-27.447009 net=110.714743 unrealized=-45.367734 equity=65.347009 liquidate=51.367009 | fills=391 pending=12 | ofails=536/872
2026-04-28T15:55:24.894098112 SPREAD FXI ARCA  [0]  36.26x72300 | 36.27x27900  [36.3]  pos=0  realized=0 fees=0 net=0 unrealized=0
2026-04-28T15:55:24.894110614 SPREAD VZ NYSE  [47.14]  47.17x3700 | 47.18x500  [0]  pos=0  realized=17 fees=-1.90262 net=18.90262 unrealized=0
2026-04-28T15:55:24.894140002 SPREAD INTC NASDAQ  [84.33]  84.38x100 | 84.39x100  [0]  pos=96  realized=68.872734 fees=-13.165821 net=82.038555 unrealized=4.007266
2026-04-28T15:55:24.894147703 SPREAD PYPL NASDAQ  [49.57]  49.59x600 | 49.6x200  [0]  pos=0  realized=6.73 fees=-2.095388 net=8.825388 unrealized=0
2026-04-28T15:55:24.894154567 SPREAD CMCSA NASDAQ  [27.61]  27.61x6300 | 27.62x11100  [0]  pos=0  realized=21.5 fees=-1.566062 net=23.066062 unrealized=0
2026-04-28T15:55:24.894161391 SPREAD DKNG NASDAQ  [0]  23.35x1200 | 23.36x1100  [23.37]  pos=0  realized=2 fees=-0.860314 net=2.860314 unrealized=0
2026-04-28T15:55:24.894168929 SPREAD RIVN NASDAQ  [16.09]  16.11x9700 | 16.12x900  [16.15]  pos=-600  realized=0 fees=-0.367058 net=0.367058 unrealized=-2
2026-04-28T15:55:24.894178915 SPREAD AAL NASDAQ  [0]  11.62x40100 | 11.63x10500  [11.65]  pos=0  realized=0 fees=0 net=0 unrealized=0
2026-04-28T15:55:24.894187964 SPREAD NKE NYSE  [45.03]  45.05x1700 | 45.06x1300  [45.06]  pos=-400  realized=0 fees=-0.259978 net=0.259978 unrealized=-21
2026-04-28T15:55:24.894198035 SPREAD SOFI NASDAQ  [0]  18.54x4700 | 18.55x9500  [18.55]  pos=800  realized=-1.125 fees=-1.714287 net=0.589287 unrealized=-9.875
2026-04-28T15:55:24.894206671 SPREAD HOOD NASDAQ  [82.12]  82.15x600 | 82.16x1900  [82.17]  pos=-300  realized=-31.71 fees=-4.452281 net=-27.257719 unrealized=-5.5
2026-04-28T15:55:24.894214139 SPREAD XLE ARCA  [0]  57.69x27800 | 57.7x21000  [57.7]  pos=600  realized=0 fees=-1.0632 net=1.0632 unrealized=-11
2026-04-28T15:55:29.894300167 BALANCE long=$57553 (3) short=$52339 (3) expose=$5214 | realize=83.267734 fee=-27.447009 net=110.714743 unrealized=-47.827734 equity=62.887009 liquidate=47.407009 | fills=391 pending=12 | ofails=536/872
2026-04-28T15:55:29.894355562 SPREAD INTC NASDAQ  [84.33]  84.37x800 | 84.38x200  [0]  pos=96  realized=68.872734 fees=-13.165821 net=82.038555 unrealized=3.047266
2026-04-28T15:55:29.894373988 SPREAD PYPL NASDAQ  [49.57]  49.58x1300 | 49.59x2500  [0]  pos=0  realized=6.73 fees=-2.095388 net=8.825388 unrealized=0
2026-04-28T15:55:29.894383372 SPREAD CMCSA NASDAQ  [27.61]  27.61x6700 | 27.62x13700  [0]  pos=0  realized=21.5 fees=-1.566062 net=23.066062 unrealized=0
2026-04-28T15:55:29.894390467 SPREAD DKNG NASDAQ  [0]  23.35x2100 | 23.36x2200  [23.37]  pos=0  realized=2 fees=-0.860314 net=2.860314 unrealized=0
2026-04-28T15:55:29.894397527 SPREAD RIVN NASDAQ  [16.09]  16.12x2800 | 16.13x2100  [16.15]  pos=-600  realized=0 fees=-0.367058 net=0.367058 unrealized=-8
2026-04-28T15:55:29.894406159 SPREAD AAL NASDAQ  [0]  11.62x38800 | 11.63x16700  [11.65]  pos=0  realized=0 fees=0 net=0 unrealized=0
2026-04-28T15:55:29.894416599 SPREAD NKE NYSE  [45.03]  45.05x1900 | 45.06x1400  [45.06]  pos=-400  realized=0 fees=-0.259978 net=0.259978 unrealized=-21
2026-04-28T15:55:29.894422728 SPREAD SOFI NASDAQ  [0]  18.54x3600 | 18.55x12400  [18.55]  pos=800  realized=-1.125 fees=-1.714287 net=0.589287 unrealized=-9.875
2026-04-28T15:55:29.894432513 SPREAD HOOD NASDAQ  [82.12]  82.13x400 | 82.15x1700  [82.17]  pos=-300  realized=-31.71 fees=-4.452281 net=-27.257719 unrealized=-1
2026-04-28T15:55:29.894438703 SPREAD XLE ARCA  [0]  57.69x42800 | 57.7x17000  [57.7]  pos=600  realized=0 fees=-1.0632 net=1.0632 unrealized=-11
2026-04-28T15:55:29.894444023 SPREAD FXI ARCA  [0]  36.26x72900 | 36.27x31300  [36.3]  pos=0  realized=0 fees=0 net=0 unrealized=0
2026-04-28T15:55:29.894452412 SPREAD VZ NYSE  [47.14]  47.17x2800 | 47.18x500  [0]  pos=0  realized=17 fees=-1.90262 net=18.90262 unrealized=0
2026-04-28T15:55:30.063276686 NKE order fill: filled sell 100 @ 45.06 pos=-500 filled=100/100
2026-04-28T15:55:30.063303400 NKE filled -100 @ 45.06 | pos=-500 | fill_pnl=0 | fee=-0.064876 | realized=0 | total_pnl=83.267734 | total_fees=-27.511885 | fills=392 shares=32296
2026-04-28T15:55:30.098171098 NKE placed sell 100 @ 45.08 -> NYSE (pos=-500 spread=0.01 bid=45.05x1900 ask=45.06x1400)
2026-04-28T15:55:30.109548888 NKE order pending_new: pending_new sell 100 @ 45.08 pos=0 filled=0/100
2026-04-28T15:55:30.122097577 NKE order new: new sell 100 @ 45.08 pos=0 filled=0/100
2026-04-28T15:55:31.510550668 HOOD order fill: filled buy 100 @ 82.12 pos=-200 filled=100/100
2026-04-28T15:55:31.510574994 HOOD filled 100 @ 82.12 | pos=-200 | fill_pnl=1.6667 | fee=-0.1772 | realized=-30.0433 | total_pnl=84.934434 | total_fees=-27.689085 | fills=393 shares=32396
2026-04-28T15:55:31.529059768 HOOD placed buy 100 @ 82.12 -> NASDAQ (pos=-200 spread=0.01 bid=82.14x400 ask=82.15x1500)
2026-04-28T15:55:31.539166143 HOOD replacing sell order: 82.17 -> 82.14 (pos=-200 spread=0.02 bid=82.11x100 ask=82.13x700)
2026-04-28T15:55:31.539853163 HOOD order pending_new: pending_new buy 100 @ 82.12 pos=0 filled=0/100
2026-04-28T15:55:31.554336443 HOOD order new: new buy 100 @ 82.12 pos=0 filled=0/100
2026-04-28T15:55:31.554351395 HOOD order fill: filled buy 100 @ 82.12 pos=-100 filled=100/100
2026-04-28T15:55:31.554364023 HOOD filled 100 @ 82.115 | pos=-100 | fill_pnl=2.1666 | fee=-0.1772 | realized=-27.8767 | total_pnl=87.101034 | total_fees=-27.866285 | fills=394 shares=32496
2026-04-28T15:55:31.554380677 HOOD order replaced: replaced sell 100 @ 82.17 pos=0 filled=0/100
2026-04-28T15:55:31.567272165 HOOD placed buy 100 @ 82.09 -> NASDAQ (pos=-100 spread=0.01 bid=82.11x500 ask=82.12x100)
2026-04-28T15:55:31.579215369 HOOD order pending_new: pending_new buy 100 @ 82.09 pos=0 filled=0/100
2026-04-28T15:55:31.591361841 HOOD order new: new buy 100 @ 82.09 pos=0 filled=0/100
2026-04-28T15:55:32.613070479 XLE order fill: filled sell 100 @ 57.7 pos=500 filled=100/100
2026-04-28T15:55:32.613093916 XLE filled -100 @ 57.7 | pos=500 | fill_pnl=-1.3333 | fee=-0.038838 | realized=-1.3333 | total_pnl=85.767734 | total_fees=-27.905123 | fills=395 shares=32596
2026-04-28T15:55:32.630716387 XLE placed sell 100 @ 57.72 -> ARCA (pos=500 spread=0.01 bid=57.69x43300 ask=57.7x12600)
2026-04-28T15:55:32.645328592 XLE order pending_new: pending_new sell 100 @ 57.72 pos=0 filled=0/100
2026-04-28T15:55:32.645866107 XLE placed buy 100 @ 57.67 -> ARCA (pos=500 spread=0.01 bid=57.69x43300 ask=57.7x12600)
2026-04-28T15:55:32.658966246 XLE order pending_new: pending_new buy 100 @ 57.67 pos=0 filled=0/100
2026-04-28T15:55:32.658988204 XLE order new: new sell 100 @ 57.72 pos=0 filled=0/100
2026-04-28T15:55:32.673025712 XLE order new: new buy 100 @ 57.67 pos=0 filled=0/100
2026-04-28T15:55:35.894677278 BALANCE long=$51779 (3) short=$40414 (3) expose=$11365 | realize=85.767734 fee=-27.905123 net=113.672857 unrealized=-47.247734 equity=66.425123 liquidate=53.445123 | fills=395 pending=12 | ofails=536/877
2026-04-28T15:55:35.894722176 SPREAD DKNG NASDAQ  [0]  23.34x1400 | 23.35x2300  [23.37]  pos=0  realized=2 fees=-0.860314 net=2.860314 unrealized=0
2026-04-28T15:55:35.894731309 SPREAD RIVN NASDAQ  [16.09]  16.12x7500 | 16.13x3600  [16.15]  pos=-600  realized=0 fees=-0.367058 net=0.367058 unrealized=-8
2026-04-28T15:55:35.894736196 SPREAD AAL NASDAQ  [0]  11.62x40200 | 11.63x23400  [11.65]  pos=0  realized=0 fees=0 net=0 unrealized=0
2026-04-28T15:55:35.894747384 SPREAD NKE NYSE  [45.03]  45.05x1700 | 45.06x3100  [45.08]  pos=-500  realized=0 fees=-0.324854 net=0.324854 unrealized=-20.5
2026-04-28T15:55:35.894757304 SPREAD SOFI NASDAQ  [0]  18.53x8900 | 18.54x10100  [18.55]  pos=800  realized=-1.125 fees=-1.714287 net=0.589287 unrealized=-17.875
2026-04-28T15:55:35.894768054 SPREAD HOOD NASDAQ  [82.09]  82.11x800 | 82.12x1300  [82.14]  pos=-100  realized=-27.8767 fees=-4.806681 net=-23.070019 unrealized=2.1667
2026-04-28T15:55:35.894778083 SPREAD XLE ARCA  [57.67]  57.7x33600 | 57.71x10100  [57.72]  pos=500  realized=-1.3333 fees=-1.102038 net=-0.231262 unrealized=-4.1667
2026-04-28T15:55:35.894787153 SPREAD FXI ARCA  [0]  36.26x72500 | 36.27x33500  [36.3]  pos=0  realized=0 fees=0 net=0 unrealized=0
2026-04-28T15:55:35.894794058 SPREAD VZ NYSE  [47.14]  47.18x2300 | 47.19x700  [0]  pos=0  realized=17 fees=-1.90262 net=18.90262 unrealized=0
2026-04-28T15:55:35.894800546 SPREAD INTC NASDAQ  [84.33]  84.35x700 | 84.36x100  [0]  pos=96  realized=68.872734 fees=-13.165821 net=82.038555 unrealized=1.127266
2026-04-28T15:55:35.894826306 SPREAD PYPL NASDAQ  [49.57]  49.58x3100 | 49.59x2600  [0]  pos=0  realized=6.73 fees=-2.095388 net=8.825388 unrealized=0
2026-04-28T15:55:35.894833776 SPREAD CMCSA NASDAQ  [27.61]  27.61x8700 | 27.62x13000  [0]  pos=0  realized=21.5 fees=-1.566062 net=23.066062 unrealized=0
2026-04-28T15:55:35.982813499 INTC order fill: filled buy 100 @ 84.33 pos=100 filled=100/100
2026-04-28T15:55:35.982841479 INTC filled 4 @ 84.33 | pos=100 | fill_pnl=0 | fee=-0.0072 | realized=68.872734 | total_pnl=85.767734 | total_fees=-27.912323 | fills=396 shares=32600
2026-04-28T15:55:35.999240412 INTC placed buy 100 @ 84.33 -> NASDAQ (pos=100 spread=0.01 bid=84.35x700 ask=84.36x100)
2026-04-28T15:55:36.001368039 INTC placed sell 100 @ 84.38 -> NASDAQ (pos=100 spread=0.01 bid=84.35x700 ask=84.36x100)
2026-04-28T15:55:36.011066620 INTC order pending_new: pending_new buy 100 @ 84.33 pos=0 filled=0/100
2026-04-28T15:55:36.011084904 INTC order pending_new: pending_new sell 100 @ 84.38 pos=0 filled=0/100
2026-04-28T15:55:36.024996380 INTC order new: new buy 100 @ 84.33 pos=0 filled=0/100
2026-04-28T15:55:36.025018097 INTC order fill: filled buy 100 @ 84.33 pos=200 filled=100/100
2026-04-28T15:55:36.025029302 INTC filled 100 @ 84.33 | pos=200 | fill_pnl=0 | fee=-0.1772 | realized=68.872734 | total_pnl=85.767734 | total_fees=-28.089523 | fills=397 shares=32700
2026-04-28T15:55:36.025049919 INTC order new: new sell 100 @ 84.38 pos=0 filled=0/100
2026-04-28T15:55:36.041476694 INTC placed buy 100 @ 84.33 -> NASDAQ (pos=200 spread=0.01 bid=84.35x700 ask=84.36x100)
2026-04-28T15:55:36.053867961 INTC order pending_new: pending_new buy 100 @ 84.33 pos=0 filled=0/100
2026-04-28T15:55:36.067426359 INTC order new: new buy 100 @ 84.33 pos=0 filled=0/100
2026-04-28T15:55:36.118568871 INTC order fill: filled buy 100 @ 84.33 pos=300 filled=100/100
2026-04-28T15:55:36.118587811 INTC filled 100 @ 84.33 | pos=300 | fill_pnl=0 | fee=-0.1772 | realized=68.872734 | total_pnl=85.767734 | total_fees=-28.266723 | fills=398 shares=32800
2026-04-28T15:55:36.135249940 INTC error placing order: 40310000: insufficient buying power
2026-04-28T15:55:36.310930190 INTC replacing sell order: 84.38 -> 84.35 (pos=300 spread=0.02 bid=84.32x900 ask=84.34x600)
2026-04-28T15:55:36.315321662 INTC error placing order: 40310000: insufficient buying power
2026-04-28T15:55:36.334978491 INTC order replaced: replaced sell 100 @ 84.38 pos=0 filled=0/100
2026-04-28T15:55:36.349578314 INTC error placing order: 40310000: insufficient buying power
2026-04-28T15:55:36.750027080 INTC error placing order: 40310000: insufficient buying power
2026-04-28T15:55:36.810736140 CMCSA order fill: filled buy 100 @ 27.61 pos=100 filled=100/100
2026-04-28T15:55:36.810762372 CMCSA filled 100 @ 27.61 | pos=100 | fill_pnl=0 | fee=-0.1772 | realized=21.5 | total_pnl=85.767734 | total_fees=-28.443923 | fills=399 shares=32900
2026-04-28T15:55:36.822923183 CMCSA placed sell 100 @ 27.64 -> NASDAQ (pos=100 spread=0.01 bid=27.61x7900 ask=27.62x14300)
2026-04-28T15:55:36.829516616 CMCSA placed buy 100 @ 27.59 -> NASDAQ (pos=100 spread=0.01 bid=27.61x7900 ask=27.62x14300)
2026-04-28T15:55:36.835795076 CMCSA order pending_new: pending_new sell 100 @ 27.64 pos=0 filled=0/100
2026-04-28T15:55:36.835812951 CMCSA order pending_new: pending_new buy 100 @ 27.59 pos=0 filled=0/100
2026-04-28T15:55:36.848917286 INTC error placing order: 40310000: insufficient buying power
2026-04-28T15:55:36.849139407 CMCSA order new: new sell 100 @ 27.64 pos=0 filled=0/100
2026-04-28T15:55:36.849154667 CMCSA order new: new buy 100 @ 27.59 pos=0 filled=0/100
2026-04-28T15:55:37.551561592 INTC error placing order: 40310000: insufficient buying power
2026-04-28T15:55:37.603059701 INTC error placing order: 40310000: insufficient buying power
2026-04-28T15:55:37.934853638 INTC error placing order: 40310000: insufficient buying power
2026-04-28T15:55:38.143032206 INTC order fill: filled sell 100 @ 84.35 pos=200 filled=100/100
2026-04-28T15:55:38.143052486 INTC filled -100 @ 84.35 | pos=200 | fill_pnl=1.5758 | fee=0.016061 | realized=70.448534 | total_pnl=87.343534 | total_fees=-28.427862 | fills=400 shares=33000
2026-04-28T15:55:38.160465388 INTC placed buy 100 @ 84.31 -> NASDAQ (pos=200 spread=0.02 bid=84.32x1400 ask=84.34x600)
2026-04-28T15:55:38.161603678 INTC placed sell 100 @ 84.35 -> NASDAQ (pos=200 spread=0.02 bid=84.32x1400 ask=84.34x600)
2026-04-28T15:55:38.171529465 INTC order pending_new: pending_new buy 100 @ 84.31 pos=0 filled=0/100
2026-04-28T15:55:38.171544863 INTC order pending_new: pending_new sell 100 @ 84.35 pos=0 filled=0/100
2026-04-28T15:55:38.184200134 INTC order new: new buy 100 @ 84.31 pos=0 filled=0/100
2026-04-28T15:55:38.184215710 INTC order new: new sell 100 @ 84.35 pos=0 filled=0/100
2026-04-28T15:55:38.184249408 INTC order fill: filled sell 100 @ 84.35 pos=100 filled=100/100
2026-04-28T15:55:38.184262174 INTC filled -100 @ 84.35 | pos=100 | fill_pnl=1.5757 | fee=0.016061 | realized=72.024234 | total_pnl=88.919234 | total_fees=-28.411801 | fills=401 shares=33100
2026-04-28T15:55:38.197102068 INTC placed sell 100 @ 84.35 -> NASDAQ (pos=100 spread=0.02 bid=84.32x1400 ask=84.34x600)
2026-04-28T15:55:38.208116723 INTC order pending_new: pending_new sell 100 @ 84.35 pos=0 filled=0/100
2026-04-28T15:55:38.220848254 INTC order new: new sell 100 @ 84.35 pos=0 filled=0/100
2026-04-28T15:55:38.220878735 INTC order fill: filled sell 100 @ 84.35 pos=0 filled=100/100
2026-04-28T15:55:38.220890825 INTC filled -100 @ 84.35 | pos=0 | fill_pnl=1.5758 | fee=0.016061 | realized=73.600034 | total_pnl=90.495034 | total_fees=-28.39574 | fills=402 shares=33200
2026-04-28T15:55:38.461017357 INTC replacing buy order: 84.31 -> 84.34 (pos=0 spread=0.02 bid=84.35x400 ask=84.37x1800)
2026-04-28T15:55:38.490017687 INTC order replaced: replaced buy 100 @ 84.31 pos=0 filled=0/100
2026-04-28T15:55:39.417223030 VZ replacing buy order: 47.14 -> 47.17 (pos=0 spread=0 bid=47.19x400 ask=47.19x200)
2026-04-28T15:55:39.443443706 VZ order replaced: replaced buy 100 @ 47.14 pos=0 filled=0/100
2026-04-28T15:55:41.893927365 BALANCE long=$46442 (3) short=$40416 (3) expose=$6026 | realize=90.495034 fee=-28.39574 net=118.890774 unrealized=-49.875 equity=69.015774 liquidate=56.015774 | fills=402 pending=12 | ofails=544/893
2026-04-28T15:55:41.893976365 SPREAD INTC NASDAQ  [84.34]  84.37x800 | 84.38x600  [0]  pos=0  realized=73.600034 fees=-13.479238 net=87.079272 unrealized=0
2026-04-28T15:55:41.893993407 SPREAD PYPL NASDAQ  [49.57]  49.58x400 | 49.59x2700  [0]  pos=0  realized=6.73 fees=-2.095388 net=8.825388 unrealized=0
2026-04-28T15:55:41.894001651 SPREAD CMCSA NASDAQ  [27.59]  27.61x3700 | 27.62x14400  [27.64]  pos=100  realized=21.5 fees=-1.743262 net=23.243262 unrealized=0.5
2026-04-28T15:55:41.894012420 SPREAD DKNG NASDAQ  [0]  23.34x900 | 23.35x4100  [23.37]  pos=0  realized=2 fees=-0.860314 net=2.860314 unrealized=0
2026-04-28T15:55:41.894019053 SPREAD RIVN NASDAQ  [16.09]  16.12x7500 | 16.13x2300  [16.15]  pos=-600  realized=0 fees=-0.367058 net=0.367058 unrealized=-8
2026-04-28T15:55:41.894026963 SPREAD AAL NASDAQ  [0]  11.62x40700 | 11.63x23900  [11.65]  pos=0  realized=0 fees=0 net=0 unrealized=0
2026-04-28T15:55:41.894036899 SPREAD NKE NYSE  [45.03]  45.05x2500 | 45.06x3500  [45.08]  pos=-500  realized=0 fees=-0.324854 net=0.324854 unrealized=-20.5
2026-04-28T15:55:41.894043756 SPREAD SOFI NASDAQ  [0]  18.53x8300 | 18.54x10300  [18.55]  pos=800  realized=-1.125 fees=-1.714287 net=0.589287 unrealized=-17.875
2026-04-28T15:55:41.894051524 SPREAD HOOD NASDAQ  [82.09]  82.13x200 | 82.14x1500  [82.14]  pos=-100  realized=-27.8767 fees=-4.806681 net=-23.070019 unrealized=0.1667
2026-04-28T15:55:41.894063473 SPREAD XLE ARCA  [57.67]  57.7x20100 | 57.71x21900  [57.72]  pos=500  realized=-1.3333 fees=-1.102038 net=-0.231262 unrealized=-4.1667
2026-04-28T15:55:41.894069416 SPREAD FXI ARCA  [0]  36.26x71800 | 36.27x36500  [36.3]  pos=0  realized=0 fees=0 net=0 unrealized=0
2026-04-28T15:55:41.894076151 SPREAD VZ NYSE  [47.17]  47.19x3400 | 47.2x1700  [0]  pos=0  realized=17 fees=-1.90262 net=18.90262 unrealized=0
2026-04-28T15:55:43.412837440 INTC replacing buy order: 84.34 -> 84.37 (pos=0 spread=0.02 bid=84.38x700 ask=84.4x1100)
2026-04-28T15:55:43.436318171 INTC order replaced: replaced buy 100 @ 84.34 pos=0 filled=0/100
2026-04-28T15:55:44.777952765 INTC order fill: filled buy 100 @ 84.37 pos=100 filled=100/100
2026-04-28T15:55:44.777979211 INTC filled 100 @ 84.37 | pos=100 | fill_pnl=0 | fee=-0.1772 | realized=73.600034 | total_pnl=90.495034 | total_fees=-28.57294 | fills=403 shares=33300
2026-04-28T15:55:44.794081224 INTC placed buy 100 @ 84.35 -> NASDAQ (pos=100 spread=0.01 bid=84.37x1400 ask=84.38x100)
2026-04-28T15:55:44.796459761 INTC placed sell 100 @ 84.4 -> NASDAQ (pos=100 spread=0.01 bid=84.37x1400 ask=84.38x100)
2026-04-28T15:55:44.806807528 INTC order pending_new: pending_new buy 100 @ 84.35 pos=0 filled=0/100
2026-04-28T15:55:44.806831073 INTC order pending_new: pending_new sell 100 @ 84.4 pos=0 filled=0/100
2026-04-28T15:55:44.820783771 INTC order new: new buy 100 @ 84.35 pos=0 filled=0/100
2026-04-28T15:55:44.820807841 INTC order new: new sell 100 @ 84.4 pos=0 filled=0/100
2026-04-28T15:55:45.804920402 HOOD order partial_fill: partially_filled sell 100 @ 82.14 pos=-148 filled=48/100
2026-04-28T15:55:45.804954675 HOOD filled -48 @ 82.14 | pos=-148 | fill_pnl=0 | fee=0.00698 | realized=-27.8767 | total_pnl=90.495034 | total_fees=-28.56596 | fills=404 shares=33348
2026-04-28T15:55:45.804966541 HOOD order fill: filled sell 100 @ 82.14 pos=-200 filled=100/100
2026-04-28T15:55:45.804977576 HOOD filled -52 @ 82.14 | pos=-200 | fill_pnl=0 | fee=0.004528 | realized=-27.8767 | total_pnl=90.495034 | total_fees=-28.561432 | fills=405 shares=33400
2026-04-28T15:55:45.819669163 HOOD error placing order: 40310000: insufficient buying power
2026-04-28T15:55:45.954957259 HOOD replacing buy order: 82.09 -> 82.12 (pos=-200 spread=0 bid=82.14x100 ask=82.14x200)
2026-04-28T15:55:45.965575599 HOOD error placing order: 40310000: insufficient buying power
2026-04-28T15:55:45.979329627 HOOD order replaced: replaced buy 100 @ 82.09 pos=0 filled=0/100
2026-04-28T15:55:45.992947813 HOOD error placing order: 40310000: insufficient buying power
2026-04-28T15:55:46.165873040 HOOD error placing order: 40310000: insufficient buying power
2026-04-28T15:55:46.373146779 HOOD error placing order: 40310000: insufficient buying power
2026-04-28T15:55:46.724735252 HOOD error placing order: 40310000: insufficient buying power
2026-04-28T15:55:46.894402448 BALANCE long=$54870 (4) short=$48637 (3) expose=$6234 | realize=90.495034 fee=-28.561432 net=119.056466 unrealized=-65.375034 equity=53.681432 liquidate=39.181432 | fills=405 pending=12 | ofails=550/901
2026-04-28T15:55:46.894455166 SPREAD DKNG NASDAQ  [0]  23.35x1500 | 23.36x2500  [23.37]  pos=0  realized=2 fees=-0.860314 net=2.860314 unrealized=0
2026-04-28T15:55:46.894472832 SPREAD RIVN NASDAQ  [16.09]  16.12x7500 | 16.13x2700  [16.15]  pos=-600  realized=0 fees=-0.367058 net=0.367058 unrealized=-8
2026-04-28T15:55:46.894480645 SPREAD AAL NASDAQ  [0]  11.62x44400 | 11.63x23400  [11.65]  pos=0  realized=0 fees=0 net=0 unrealized=0
2026-04-28T15:55:46.894491425 SPREAD NKE NYSE  [45.03]  45.06x1300 | 45.07x1800  [45.08]  pos=-500  realized=0 fees=-0.324854 net=0.324854 unrealized=-25.5
2026-04-28T15:55:46.894502108 SPREAD SOFI NASDAQ  [0]  18.52x6000 | 18.53x8900  [18.55]  pos=800  realized=-1.125 fees=-1.714287 net=0.589287 unrealized=-25.875
2026-04-28T15:55:46.894510628 SPREAD HOOD NASDAQ  [82.12]  82.14x900 | 82.15x500  [0]  pos=-200  realized=-27.8767 fees=-4.795173 net=-23.081527 unrealized=-1.3333
2026-04-28T15:55:46.894517546 SPREAD XLE ARCA  [57.67]  57.7x26000 | 57.71x26100  [57.72]  pos=500  realized=-1.3333 fees=-1.102038 net=-0.231262 unrealized=-4.1667
2026-04-28T15:55:46.894524036 SPREAD FXI ARCA  [0]  36.26x33000 | 36.27x61800  [36.3]  pos=0  realized=0 fees=0 net=0 unrealized=0
2026-04-28T15:55:46.894530631 SPREAD VZ NYSE  [47.17]  47.19x2800 | 47.2x1800  [0]  pos=0  realized=17 fees=-1.90262 net=18.90262 unrealized=0
2026-04-28T15:55:46.894538516 SPREAD INTC NASDAQ  [84.35]  84.35x2200 | 84.37x1800  [84.4]  pos=100  realized=73.600034 fees=-13.656438 net=87.256472 unrealized=-1.000034
2026-04-28T15:55:46.894558346 SPREAD PYPL NASDAQ  [49.57]  49.57x2400 | 49.58x2600  [0]  pos=0  realized=6.73 fees=-2.095388 net=8.825388 unrealized=0
2026-04-28T15:55:46.894568835 SPREAD CMCSA NASDAQ  [27.59]  27.61x5500 | 27.62x18200  [27.64]  pos=100  realized=21.5 fees=-1.743262 net=23.243262 unrealized=0.5
2026-04-28T15:55:47.031170751 HOOD error placing order: 40310000: insufficient buying power
2026-04-28T15:55:47.239678061 HOOD error placing order: 40310000: insufficient buying power
2026-04-28T15:55:47.510908607 HOOD error placing order: 40310000: insufficient buying power
2026-04-28T15:55:47.575017847 HOOD error placing order: 40310000: insufficient buying power
2026-04-28T15:55:47.920536794 HOOD error placing order: 40310000: insufficient buying power
2026-04-28T15:55:48.325773940 HOOD error placing order: 40310000: insufficient buying power
2026-04-28T15:55:48.344065184 HOOD error placing order: 40310000: insufficient buying power
2026-04-28T15:55:49.182217698 HOOD error placing order: 40310000: insufficient buying power
2026-04-28T15:55:49.821284162 HOOD error placing order: 40310000: insufficient buying power
2026-04-28T15:55:50.012778292 HOOD error placing order: 40310000: insufficient buying power
2026-04-28T15:55:50.146433814 HOOD error placing order: 40310000: insufficient buying power
2026-04-28T15:55:50.369307392 HOOD error placing order: 40310000: insufficient buying power
2026-04-28T15:55:50.466485847 HOOD error placing order: 40310000: insufficient buying power
2026-04-28T15:55:51.289593833 HOOD error placing order: 40310000: insufficient buying power
2026-04-28T15:55:51.640411182 HOOD error placing order: 40310000: insufficient buying power
2026-04-28T15:55:51.747596534 HOOD order fill: filled buy 100 @ 82.12 pos=-100 filled=100/100
2026-04-28T15:55:51.747619407 HOOD filled 100 @ 82.12 | pos=-100 | fill_pnl=1.8334 | fee=-0.1772 | realized=-26.0433 | total_pnl=92.328434 | total_fees=-28.738632 | fills=406 shares=33500
2026-04-28T15:55:51.762575048 HOOD placed buy 100 @ 82.1 -> NASDAQ (pos=-100 spread=0.01 bid=82.12x700 ask=82.13x2300)
2026-04-28T15:55:51.767744293 HOOD placed sell 100 @ 82.15 -> NASDAQ (pos=-100 spread=0.01 bid=82.12x700 ask=82.13x2300)
2026-04-28T15:55:51.772311573 HOOD order pending_new: pending_new buy 100 @ 82.1 pos=0 filled=0/100
2026-04-28T15:55:51.772326383 HOOD order pending_new: pending_new sell 100 @ 82.15 pos=0 filled=0/100
2026-04-28T15:55:51.784054793 HOOD order new: new buy 100 @ 82.1 pos=0 filled=0/100
2026-04-28T15:55:51.784072320 HOOD order new: new sell 100 @ 82.15 pos=0 filled=0/100
2026-04-28T15:55:52.824940050 HOOD order fill: filled buy 100 @ 82.1 pos=0 filled=100/100
2026-04-28T15:55:52.824962242 HOOD filled 100 @ 82.1 | pos=0 | fill_pnl=3.8333 | fee=-0.1772 | realized=-22.21 | total_pnl=96.161734 | total_fees=-28.915832 | fills=407 shares=33600
2026-04-28T15:55:52.866485584 HOOD replacing sell order: 82.15 -> 82.12 (pos=0 spread=0.02 bid=82.09x100 ask=82.11x800)
2026-04-28T15:55:52.894280052 HOOD order replaced: replaced sell 100 @ 82.15 pos=0 filled=0/100
2026-04-28T15:55:52.894308224 BALANCE long=$54864 (4) short=$32208 (2) expose=$22657 | realize=96.161734 fee=-28.915832 net=125.077566 unrealized=-70.041734 equity=55.035832 liquidate=41.535832 | fills=407 pending=12 | ofails=565/918
2026-04-28T15:55:52.894321447 SPREAD PYPL NASDAQ  [49.57]  49.58x700 | 49.59x1000  [0]  pos=0  realized=6.73 fees=-2.095388 net=8.825388 unrealized=0
2026-04-28T15:55:52.894333181 SPREAD CMCSA NASDAQ  [27.59]  27.6x2500 | 27.61x12400  [27.64]  pos=100  realized=21.5 fees=-1.743262 net=23.243262 unrealized=-0.5
2026-04-28T15:55:52.894343612 SPREAD DKNG NASDAQ  [0]  23.35x900 | 23.36x2800  [23.37]  pos=0  realized=2 fees=-0.860314 net=2.860314 unrealized=0
2026-04-28T15:55:52.894356461 SPREAD RIVN NASDAQ  [16.09]  16.12x7500 | 16.13x2800  [16.15]  pos=-600  realized=0 fees=-0.367058 net=0.367058 unrealized=-8
2026-04-28T15:55:52.894367251 SPREAD AAL NASDAQ  [0]  11.62x45500 | 11.63x22200  [11.65]  pos=0  realized=0 fees=0 net=0 unrealized=0
2026-04-28T15:55:52.894390691 SPREAD NKE NYSE  [45.03]  45.06x1400 | 45.07x1800  [45.08]  pos=-500  realized=0 fees=-0.324854 net=0.324854 unrealized=-25.5
2026-04-28T15:55:52.894400119 SPREAD SOFI NASDAQ  [0]  18.52x7800 | 18.53x15600  [18.55]  pos=800  realized=-1.125 fees=-1.714287 net=0.589287 unrealized=-25.875
2026-04-28T15:55:52.894409435 SPREAD HOOD NASDAQ  [0]  82.09x200 | 82.11x800  [82.12]  pos=0  realized=-22.21 fees=-5.149573 net=-17.060427 unrealized=0
2026-04-28T15:55:52.894419316 SPREAD XLE ARCA  [57.67]  57.69x30800 | 57.7x23900  [57.72]  pos=500  realized=-1.3333 fees=-1.102038 net=-0.231262 unrealized=-9.1667
2026-04-28T15:55:52.894427879 SPREAD FXI ARCA  [0]  36.26x61400 | 36.27x36600  [36.3]  pos=0  realized=0 fees=0 net=0 unrealized=0
2026-04-28T15:55:52.894436826 SPREAD VZ NYSE  [47.17]  47.18x1800 | 47.19x500  [0]  pos=0  realized=17 fees=-1.90262 net=18.90262 unrealized=0
2026-04-28T15:55:52.894446149 SPREAD INTC NASDAQ  [84.35]  84.35x2500 | 84.37x500  [84.4]  pos=100  realized=73.600034 fees=-13.656438 net=87.256472 unrealized=-1.000034
2026-04-28T15:55:53.245975652 INTC order fill: filled buy 100 @ 84.35 pos=200 filled=100/100
2026-04-28T15:55:53.246002061 INTC filled 100 @ 84.35 | pos=200 | fill_pnl=0 | fee=-0.1772 | realized=73.600034 | total_pnl=96.161734 | total_fees=-29.093032 | fills=408 shares=33700
2026-04-28T15:55:53.265775389 INTC placed buy 100 @ 84.33 -> NASDAQ (pos=200 spread=0.01 bid=84.35x1900 ask=84.36x1000)
2026-04-28T15:55:53.277796623 INTC order pending_new: pending_new buy 100 @ 84.33 pos=0 filled=0/100
2026-04-28T15:55:53.289638286 INTC order new: new buy 100 @ 84.33 pos=0 filled=0/100
2026-04-28T15:55:53.380957490 INTC replacing sell order: 84.4 -> 84.37 (pos=200 spread=0 bid=84.35x100 ask=84.35x200)
2026-04-28T15:55:53.404787607 INTC order replaced: replaced sell 100 @ 84.4 pos=0 filled=0/100
2026-04-28T15:55:58.376088733 HOOD replacing sell order: 82.12 -> 82.09 (pos=0 spread=0.02 bid=82.06x300 ask=82.08x300)
2026-04-28T15:55:58.403343593 HOOD order replaced: replaced sell 100 @ 82.12 pos=0 filled=0/100
2026-04-28T15:55:58.894523675 BALANCE long=$63283 (4) short=$32208 (2) expose=$31076 | realize=96.161734 fee=-29.093032 net=125.254766 unrealized=-86.041734 equity=39.213032 liquidate=25.713032 | fills=408 pending=12 | ofails=565/919
2026-04-28T15:55:58.894577944 SPREAD INTC NASDAQ  [84.33]  84.35x600 | 84.36x500  [84.37]  pos=200  realized=73.600034 fees=-13.833638 net=87.433672 unrealized=-1.000034
2026-04-28T15:55:58.894590185 SPREAD PYPL NASDAQ  [49.57]  49.58x1500 | 49.59x900  [0]  pos=0  realized=6.73 fees=-2.095388 net=8.825388 unrealized=0
2026-04-28T15:55:58.894597719 SPREAD CMCSA NASDAQ  [27.59]  27.6x4900 | 27.61x8800  [27.64]  pos=100  realized=21.5 fees=-1.743262 net=23.243262 unrealized=-0.5
2026-04-28T15:55:58.894607929 SPREAD DKNG NASDAQ  [0]  23.35x2400 | 23.36x3100  [23.37]  pos=0  realized=2 fees=-0.860314 net=2.860314 unrealized=0
2026-04-28T15:55:58.894615432 SPREAD RIVN NASDAQ  [16.09]  16.12x7500 | 16.13x3100  [16.15]  pos=-600  realized=0 fees=-0.367058 net=0.367058 unrealized=-8
2026-04-28T15:55:58.894621413 SPREAD AAL NASDAQ  [0]  11.62x49100 | 11.63x21200  [11.65]  pos=0  realized=0 fees=0 net=0 unrealized=0
2026-04-28T15:55:58.894628463 SPREAD NKE NYSE  [45.03]  45.06x1400 | 45.07x3300  [45.08]  pos=-500  realized=0 fees=-0.324854 net=0.324854 unrealized=-25.5
2026-04-28T15:55:58.894640354 SPREAD SOFI NASDAQ  [0]  18.5x28400 | 18.51x7200  [18.55]  pos=800  realized=-1.125 fees=-1.714287 net=0.589287 unrealized=-41.875
2026-04-28T15:55:58.894647312 SPREAD HOOD NASDAQ  [0]  82.06x300 | 82.07x200  [82.09]  pos=0  realized=-22.21 fees=-5.149573 net=-17.060427 unrealized=0
2026-04-28T15:55:58.894653978 SPREAD XLE ARCA  [57.67]  57.69x33500 | 57.7x23000  [57.72]  pos=500  realized=-1.3333 fees=-1.102038 net=-0.231262 unrealized=-9.1667
2026-04-28T15:55:58.894661879 SPREAD FXI ARCA  [0]  36.26x47700 | 36.27x37700  [36.3]  pos=0  realized=0 fees=0 net=0 unrealized=0
2026-04-28T15:55:58.894685519 SPREAD VZ NYSE  [47.17]  47.17x4000 | 47.18x800  [0]  pos=0  realized=17 fees=-1.90262 net=18.90262 unrealized=0
2026-04-28T15:55:59.446031670 INTC order fill: filled sell 100 @ 84.37 pos=100 filled=100/100
2026-04-28T15:55:59.446057642 INTC filled -100 @ 84.37 | pos=100 | fill_pnl=1 | fee=0.016102 | realized=74.600034 | total_pnl=97.161734 | total_fees=-29.07693 | fills=409 shares=33800
2026-04-28T15:55:59.476817668 INTC placed sell 100 @ 84.38 -> NASDAQ (pos=100 spread=0.01 bid=84.35x700 ask=84.36x500)
2026-04-28T15:55:59.489988335 INTC order pending_new: pending_new sell 100 @ 84.38 pos=0 filled=0/100
2026-04-28T15:55:59.502165356 INTC order new: new sell 100 @ 84.38 pos=0 filled=0/100
2026-04-28T15:55:59.678334014 INTC order fill: filled sell 100 @ 84.38 pos=0 filled=100/100
2026-04-28T15:55:59.678358873 INTC filled -100 @ 84.38 | pos=0 | fill_pnl=2 | fee=0.016123 | realized=76.600034 | total_pnl=99.161734 | total_fees=-29.060807 | fills=410 shares=33900
2026-04-28T15:55:59.747441484 INTC replacing buy order: 84.33 -> 84.36 (pos=0 spread=0.02 bid=84.37x800 ask=84.39x4400)
2026-04-28T15:55:59.775008642 INTC order replaced: replaced buy 100 @ 84.33 pos=0 filled=0/100
2026-04-28T15:56:00.323117857 INTC order fill: filled buy 100 @ 84.36 pos=100 filled=100/100
2026-04-28T15:56:00.323140348 INTC filled 100 @ 84.36 | pos=100 | fill_pnl=0 | fee=-0.1772 | realized=76.600034 | total_pnl=99.161734 | total_fees=-29.238007 | fills=411 shares=34000
2026-04-28T15:56:00.341472015 INTC placed buy 100 @ 84.36 -> NASDAQ (pos=100 spread=0.01 bid=84.38x1200 ask=84.39x4300)
2026-04-28T15:56:00.343966131 INTC placed sell 100 @ 84.41 -> NASDAQ (pos=100 spread=0.01 bid=84.38x1200 ask=84.39x4300)
2026-04-28T15:56:00.352616850 INTC order pending_new: pending_new buy 100 @ 84.36 pos=0 filled=0/100
2026-04-28T15:56:00.352633465 INTC order pending_new: pending_new sell 100 @ 84.41 pos=0 filled=0/100
2026-04-28T15:56:00.367226286 INTC order new: new buy 100 @ 84.36 pos=0 filled=0/100
2026-04-28T15:56:00.367246872 INTC order fill: filled buy 100 @ 84.36 pos=200 filled=100/100
2026-04-28T15:56:00.367260221 INTC filled 100 @ 84.355 | pos=200 | fill_pnl=0 | fee=-0.1772 | realized=76.600034 | total_pnl=99.161734 | total_fees=-29.415207 | fills=412 shares=34100
2026-04-28T15:56:00.367283582 INTC order new: new sell 100 @ 84.41 pos=0 filled=0/100
2026-04-28T15:56:00.390068502 INTC placed buy 100 @ 84.36 -> NASDAQ (pos=200 spread=0.02 bid=84.37x600 ask=84.39x4400)
2026-04-28T15:56:00.401530695 INTC order pending_new: pending_new buy 100 @ 84.36 pos=0 filled=0/100
2026-04-28T15:56:00.417184568 INTC order new: new buy 100 @ 84.36 pos=0 filled=0/100
2026-04-28T15:56:00.417201311 INTC order fill: filled buy 100 @ 84.36 pos=300 filled=100/100
2026-04-28T15:56:00.417213063 INTC filled 100 @ 84.355 | pos=300 | fill_pnl=0 | fee=-0.1772 | realized=76.600034 | total_pnl=99.161734 | total_fees=-29.592407 | fills=413 shares=34200
2026-04-28T15:56:00.429523742 INTC replacing sell order: 84.41 -> 84.38 (pos=300 spread=0.02 bid=84.35x1700 ask=84.37x900)
2026-04-28T15:56:00.436896090 INTC placed buy 100 @ 84.36 -> NASDAQ (pos=300 spread=0.02 bid=84.37x600 ask=84.39x4400)
2026-04-28T15:56:00.449996176 INTC order pending_new: pending_new buy 100 @ 84.36 pos=0 filled=0/100
2026-04-28T15:56:00.450028507 INTC order replaced: replaced sell 100 @ 84.41 pos=0 filled=0/100
2026-04-28T15:56:00.461855169 INTC order new: new buy 100 @ 84.36 pos=0 filled=0/100
2026-04-28T15:56:00.461869477 INTC order fill: filled buy 100 @ 84.36 pos=400 filled=100/100
2026-04-28T15:56:00.461875764 INTC filled 100 @ 84.36 | pos=400 | fill_pnl=0 | fee=0.2028 | realized=76.600034 | total_pnl=99.161734 | total_fees=-29.389607 | fills=414 shares=34300
2026-04-28T15:56:00.477382581 INTC error placing order: 40310000: insufficient buying power
2026-04-28T15:56:00.501183677 INTC error placing order: 40310000: insufficient buying power
2026-04-28T15:56:01.232484711 INTC error placing order: 40310000: insufficient buying power
2026-04-28T15:56:01.311960764 INTC error placing order: 40310000: insufficient buying power
2026-04-28T15:56:01.569553765 INTC error placing order: 40310000: insufficient buying power
2026-04-28T15:56:02.057542310 SOFI replacing sell order: 18.55 -> 18.52 (pos=800 spread=0 bid=18.5x18500 ask=18.5x1000)
2026-04-28T15:56:02.061237267 INTC error placing order: 40310000: insufficient buying power
2026-04-28T15:56:02.063591713 INTC replacing sell order: 84.38 -> 84.35 (pos=400 spread=0 bid=84.33x300 ask=84.33x200)
2026-04-28T15:56:02.075431954 SOFI order replaced: replaced sell 100 @ 18.55 pos=0 filled=0/100
2026-04-28T15:56:02.091723285 INTC order replaced: replaced sell 100 @ 84.38 pos=0 filled=0/100
2026-04-28T15:56:02.107975198 INTC error placing order: 40310000: insufficient buying power
2026-04-28T15:56:02.627027277 INTC error placing order: 40310000: insufficient buying power
2026-04-28T15:56:02.804211478 INTC error placing order: 40310000: insufficient buying power
2026-04-28T15:56:02.841728449 INTC error placing order: 40310000: insufficient buying power
2026-04-28T15:56:02.936606224 INTC order fill: filled sell 100 @ 84.35 pos=300 filled=100/100
2026-04-28T15:56:02.936629260 INTC filled -100 @ 84.35 | pos=300 | fill_pnl=-0.75 | fee=0.016061 | realized=75.850034 | total_pnl=98.411734 | total_fees=-29.373546 | fills=415 shares=34400
2026-04-28T15:56:02.954642593 INTC placed sell 100 @ 84.36 -> NASDAQ (pos=300 spread=0.01 bid=84.33x1200 ask=84.34x100)
2026-04-28T15:56:02.965694745 INTC order pending_new: pending_new sell 100 @ 84.36 pos=0 filled=0/100
2026-04-28T15:56:02.968439809 INTC placed buy 100 @ 84.31 -> NASDAQ (pos=300 spread=0.01 bid=84.33x1200 ask=84.34x100)
2026-04-28T15:56:02.984358076 INTC order pending_new: pending_new buy 100 @ 84.31 pos=0 filled=0/100
2026-04-28T15:56:02.984375689 INTC order new: new sell 100 @ 84.36 pos=0 filled=0/100
2026-04-28T15:56:02.995788524 INTC order new: new buy 100 @ 84.31 pos=0 filled=0/100
2026-04-28T15:56:04.257659648 INTC order partial_fill: partially_filled sell 100 @ 84.36 pos=258 filled=42/100
2026-04-28T15:56:04.257678571 INTC filled -42 @ 84.36 | pos=258 | fill_pnl=0.105 | fee=0.008378 | realized=75.955034 | total_pnl=98.516734 | total_fees=-29.365168 | fills=416 shares=34442
2026-04-28T15:56:04.257685942 INTC order fill: filled sell 100 @ 84.36 pos=200 filled=100/100
2026-04-28T15:56:04.257699350 INTC filled -58 @ 84.36 | pos=200 | fill_pnl=0.145 | fee=0.007703 | realized=76.100034 | total_pnl=98.661734 | total_fees=-29.357465 | fills=417 shares=34500
2026-04-28T15:56:04.270226634 INTC placed sell 100 @ 84.37 -> NASDAQ (pos=200 spread=0.01 bid=84.34x700 ask=84.35x100)
2026-04-28T15:56:04.282002849 INTC order pending_new: pending_new sell 100 @ 84.37 pos=0 filled=0/100
2026-04-28T15:56:04.294839186 INTC order new: new sell 100 @ 84.37 pos=0 filled=0/100
2026-04-28T15:56:04.894233120 BALANCE long=$63275 (4) short=$32203 (2) expose=$31073 | realize=98.661734 fee=-29.357465 net=128.019199 unrealized=-88.541734 equity=39.477465 liquidate=25.977465 | fills=417 pending=12 | ofails=575/937
2026-04-28T15:56:04.894285135 SPREAD DKNG NASDAQ  [0]  23.35x1900 | 23.36x3100  [23.37]  pos=0  realized=2 fees=-0.860314 net=2.860314 unrealized=0
2026-04-28T15:56:04.894296345 SPREAD RIVN NASDAQ  [16.09]  16.12x8500 | 16.13x4700  [16.15]  pos=-600  realized=0 fees=-0.367058 net=0.367058 unrealized=-8
2026-04-28T15:56:04.894302750 SPREAD AAL NASDAQ  [0]  11.62x48200 | 11.63x21900  [11.65]  pos=0  realized=0 fees=0 net=0 unrealized=0
2026-04-28T15:56:04.894312292 SPREAD NKE NYSE  [45.03]  45.05x1500 | 45.06x1700  [45.08]  pos=-500  realized=0 fees=-0.324854 net=0.324854 unrealized=-20.5
2026-04-28T15:56:04.894320045 SPREAD SOFI NASDAQ  [0]  18.49x6100 | 18.5x10300  [18.52]  pos=800  realized=-1.125 fees=-1.714287 net=0.589287 unrealized=-49.875
2026-04-28T15:56:04.894328502 SPREAD HOOD NASDAQ  [0]  82.06x600 | 82.07x700  [82.09]  pos=0  realized=-22.21 fees=-5.149573 net=-17.060427 unrealized=0
2026-04-28T15:56:04.894334468 SPREAD XLE ARCA  [57.67]  57.69x33800 | 57.7x20100  [57.72]  pos=500  realized=-1.3333 fees=-1.102038 net=-0.231262 unrealized=-9.1667
2026-04-28T15:56:04.894367428 SPREAD FXI ARCA  [0]  36.26x66200 | 36.27x39400  [36.3]  pos=0  realized=0 fees=0 net=0 unrealized=0
2026-04-28T15:56:04.894376135 SPREAD VZ NYSE  [47.17]  47.17x3800 | 47.18x700  [0]  pos=0  realized=17 fees=-1.90262 net=18.90262 unrealized=0
2026-04-28T15:56:04.894384072 SPREAD INTC NASDAQ  [84.31]  84.35x400 | 84.36x500  [84.37]  pos=200  realized=76.100034 fees=-14.098071 net=90.198105 unrealized=-0.500034
2026-04-28T15:56:04.894393520 SPREAD PYPL NASDAQ  [49.57]  49.59x2100 | 49.6x1000  [0]  pos=0  realized=6.73 fees=-2.095388 net=8.825388 unrealized=0
2026-04-28T15:56:04.894404982 SPREAD CMCSA NASDAQ  [27.59]  27.6x5000 | 27.61x10200  [27.64]  pos=100  realized=21.5 fees=-1.743262 net=23.243262 unrealized=-0.5
2026-04-28T15:56:04.972754900 INTC replacing buy order: 84.31 -> 84.34 (pos=200 spread=0 bid=84.36x100 ask=84.36x100)
2026-04-28T15:56:04.998772807 INTC order replaced: replaced buy 100 @ 84.31 pos=0 filled=0/100
2026-04-28T15:56:07.010982889 INTC order fill: filled sell 100 @ 84.37 pos=100 filled=100/100
2026-04-28T15:56:07.011005926 INTC filled -100 @ 84.37 | pos=100 | fill_pnl=1.25 | fee=0.016102 | realized=77.350034 | total_pnl=99.911734 | total_fees=-29.341363 | fills=418 shares=34600
2026-04-28T15:56:07.023543231 INTC placed sell 100 @ 84.38 -> NASDAQ (pos=100 spread=0.01 bid=84.35x1400 ask=84.36x200)
2026-04-28T15:56:07.034957623 INTC order pending_new: pending_new sell 100 @ 84.38 pos=0 filled=0/100
2026-04-28T15:56:07.048964765 INTC order new: new sell 100 @ 84.38 pos=0 filled=0/100
2026-04-28T15:56:08.521824435 INTC order fill: filled sell 100 @ 84.38 pos=0 filled=100/100
2026-04-28T15:56:08.521845749 INTC filled -100 @ 84.38 | pos=0 | fill_pnl=2.25 | fee=0.016123 | realized=79.600034 | total_pnl=102.161734 | total_fees=-29.32524 | fills=419 shares=34700
2026-04-28T15:56:08.918923423 RIVN replacing buy order: 16.09 -> 16.12 (pos=-600 spread=0 bid=16.14x1100 ask=16.14x1400)
2026-04-28T15:56:08.944326501 RIVN order replaced: replaced buy 100 @ 16.09 pos=0 filled=0/100
2026-04-28T15:56:10.427486037 SOFI replacing sell order: 18.52 -> 18.49 (pos=800 spread=0 bid=18.47x7600 ask=18.47x2200)
2026-04-28T15:56:10.456396316 SOFI order replaced: replaced sell 100 @ 18.52 pos=0 filled=0/100
2026-04-28T15:56:10.610549241 INTC replacing buy order: 84.34 -> 84.37 (pos=0 spread=0.02 bid=84.38x2200 ask=84.4x1200)
2026-04-28T15:56:10.634434546 INTC order replaced: replaced buy 100 @ 84.34 pos=0 filled=0/100
2026-04-28T15:56:10.894622387 BALANCE long=$46377 (3) short=$32209 (2) expose=$14169 | realize=102.161734 fee=-29.32524 net=131.486974 unrealized=-121.0417 equity=10.445274 liquidate=-2.054726 | fills=419 pending=12 | ofails=575/938
2026-04-28T15:56:10.894669314 SPREAD PYPL NASDAQ  [49.57]  49.6x1600 | 49.61x200  [0]  pos=0  realized=6.73 fees=-2.095388 net=8.825388 unrealized=0
2026-04-28T15:56:10.894682307 SPREAD CMCSA NASDAQ  [27.59]  27.62x4200 | 27.63x9000  [27.64]  pos=100  realized=21.5 fees=-1.743262 net=23.243262 unrealized=1.5
2026-04-28T15:56:10.894695395 SPREAD DKNG NASDAQ  [0]  23.35x2200 | 23.36x3200  [23.37]  pos=0  realized=2 fees=-0.860314 net=2.860314 unrealized=0
2026-04-28T15:56:10.894706322 SPREAD RIVN NASDAQ  [16.12]  16.13x4700 | 16.14x2300  [16.15]  pos=-600  realized=0 fees=-0.367058 net=0.367058 unrealized=-14
2026-04-28T15:56:10.894715682 SPREAD AAL NASDAQ  [0]  11.62x48500 | 11.63x22100  [11.65]  pos=0  realized=0 fees=0 net=0 unrealized=0
2026-04-28T15:56:10.894722908 SPREAD NKE NYSE  [45.03]  45.05x2300 | 45.06x5500  [45.08]  pos=-500  realized=0 fees=-0.324854 net=0.324854 unrealized=-20.5
2026-04-28T15:56:10.894729730 SPREAD SOFI NASDAQ  [0]  18.46x6200 | 18.47x9800  [18.49]  pos=800  realized=-1.125 fees=-1.714287 net=0.589287 unrealized=-73.875
2026-04-28T15:56:10.894736902 SPREAD HOOD NASDAQ  [0]  82.07x500 | 82.08x600  [82.09]  pos=0  realized=-22.21 fees=-5.149573 net=-17.060427 unrealized=0
2026-04-28T15:56:10.894746777 SPREAD XLE ARCA  [57.67]  57.68x37200 | 57.69x11000  [57.72]  pos=500  realized=-1.3333 fees=-1.102038 net=-0.231262 unrealized=-14.1667
2026-04-28T15:56:10.894768784 SPREAD FXI ARCA  [0]  36.26x68600 | 36.27x40600  [36.3]  pos=0  realized=0 fees=0 net=0 unrealized=0
2026-04-28T15:56:10.894780612 SPREAD VZ NYSE  [47.17]  47.18x2200 | 47.19x900  [0]  pos=0  realized=17 fees=-1.90262 net=18.90262 unrealized=0
2026-04-28T15:56:10.894786818 SPREAD INTC NASDAQ  [84.37]  84.39x2300 | 84.4x1300  [0]  pos=0  realized=79.600034 fees=-14.065846 net=93.66588 unrealized=0
2026-04-28T15:56:13.013936662 INTC order fill: filled buy 100 @ 84.37 pos=100 filled=100/100
2026-04-28T15:56:13.013960805 INTC filled 100 @ 84.37 | pos=100 | fill_pnl=0 | fee=-0.1772 | realized=79.600034 | total_pnl=102.161734 | total_fees=-29.50244 | fills=420 shares=34800
2026-04-28T15:56:13.024386654 INTC placed sell 100 @ 84.42 -> NASDAQ (pos=100 spread=0.01 bid=84.39x1400 ask=84.4x400)
2026-04-28T15:56:13.031990058 INTC placed buy 100 @ 84.37 -> NASDAQ (pos=100 spread=0.01 bid=84.39x1400 ask=84.4x400)
2026-04-28T15:56:13.035907757 INTC order pending_new: pending_new sell 100 @ 84.42 pos=0 filled=0/100
2026-04-28T15:56:13.035921599 INTC order pending_new: pending_new buy 100 @ 84.37 pos=0 filled=0/100
2026-04-28T15:56:13.050017370 INTC order new: new sell 100 @ 84.42 pos=0 filled=0/100
2026-04-28T15:56:13.050030675 INTC order new: new buy 100 @ 84.37 pos=0 filled=0/100
2026-04-28T15:56:16.894014359 BALANCE long=$54800 (4) short=$32209 (2) expose=$22592 | realize=102.161734 fee=-29.50244 net=131.664174 unrealized=-135.041734 equity=-3.37756 liquidate=-16.87756 | fills=420 pending=12 | ofails=575/940
2026-04-28T15:56:16.894067530 SPREAD INTC NASDAQ  [84.37]  84.38x1200 | 84.4x1300  [84.42]  pos=100  realized=79.600034 fees=-14.243046 net=93.84308 unrealized=1.999966
2026-04-28T15:56:16.894079073 SPREAD PYPL NASDAQ  [49.57]  49.6x2200 | 49.61x100  [0]  pos=0  realized=6.73 fees=-2.095388 net=8.825388 unrealized=0
2026-04-28T15:56:16.894087384 SPREAD CMCSA NASDAQ  [27.59]  27.62x9800 | 27.63x8000  [27.64]  pos=100  realized=21.5 fees=-1.743262 net=23.243262 unrealized=1.5
2026-04-28T15:56:16.894094312 SPREAD DKNG NASDAQ  [0]  23.34x900 | 23.35x2700  [23.37]  pos=0  realized=2 fees=-0.860314 net=2.860314 unrealized=0
2026-04-28T15:56:16.894101182 SPREAD RIVN NASDAQ  [16.12]  16.13x4300 | 16.14x2600  [16.15]  pos=-600  realized=0 fees=-0.367058 net=0.367058 unrealized=-14
2026-04-28T15:56:16.894109727 SPREAD AAL NASDAQ  [0]  11.62x55300 | 11.63x24100  [11.65]  pos=0  realized=0 fees=0 net=0 unrealized=0
2026-04-28T15:56:16.894119440 SPREAD NKE NYSE  [45.03]  45.05x2000 | 45.06x8900  [45.08]  pos=-500  realized=0 fees=-0.324854 net=0.324854 unrealized=-20.5
2026-04-28T15:56:16.894126598 SPREAD SOFI NASDAQ  [0]  18.44x6400 | 18.45x10000  [18.49]  pos=800  realized=-1.125 fees=-1.714287 net=0.589287 unrealized=-89.875
2026-04-28T15:56:16.894133196 SPREAD HOOD NASDAQ  [0]  82.07x500 | 82.08x900  [82.09]  pos=0  realized=-22.21 fees=-5.149573 net=-17.060427 unrealized=0
2026-04-28T15:56:16.894142805 SPREAD XLE ARCA  [57.67]  57.68x32800 | 57.69x15900  [57.72]  pos=500  realized=-1.3333 fees=-1.102038 net=-0.231262 unrealized=-14.1667
2026-04-28T15:56:16.894152083 SPREAD FXI ARCA  [0]  36.26x54300 | 36.27x40000  [36.3]  pos=0  realized=0 fees=0 net=0 unrealized=0
2026-04-28T15:56:16.894159004 SPREAD VZ NYSE  [47.17]  47.19x2100 | 47.2x1000  [0]  pos=0  realized=17 fees=-1.90262 net=18.90262 unrealized=0
2026-04-28T15:56:19.979653688 HOOD order partial_fill: partially_filled sell 100 @ 82.09 pos=-40 filled=40/100
2026-04-28T15:56:19.979677199 HOOD filled -40 @ 82.09 | pos=-40 | fill_pnl=0 | fee=0.006242 | realized=-22.21 | total_pnl=102.161734 | total_fees=-29.496198 | fills=421 shares=34840
2026-04-28T15:56:21.894057917 BALANCE long=$54800 (4) short=$35492 (3) expose=$19308 | realize=102.161734 fee=-29.496198 net=131.657932 unrealized=-135.341734 equity=-3.683802 liquidate=-16.883802 | fills=421 pending=12 | ofails=575/940
2026-04-28T15:56:21.894105313 SPREAD INTC NASDAQ  [84.37]  84.38x3900 | 84.39x300  [84.42]  pos=100  realized=79.600034 fees=-14.243046 net=93.84308 unrealized=1.499966
2026-04-28T15:56:21.894133559 SPREAD PYPL NASDAQ  [49.57]  49.6x1200 | 49.61x3100  [0]  pos=0  realized=6.73 fees=-2.095388 net=8.825388 unrealized=0
2026-04-28T15:56:21.894144546 SPREAD CMCSA NASDAQ  [27.59]  27.62x10500 | 27.63x9400  [27.64]  pos=100  realized=21.5 fees=-1.743262 net=23.243262 unrealized=1.5
2026-04-28T15:56:21.894151429 SPREAD DKNG NASDAQ  [0]  23.34x900 | 23.35x3900  [23.37]  pos=0  realized=2 fees=-0.860314 net=2.860314 unrealized=0
2026-04-28T15:56:21.894161869 SPREAD RIVN NASDAQ  [16.12]  16.13x5000 | 16.14x4300  [16.15]  pos=-600  realized=0 fees=-0.367058 net=0.367058 unrealized=-14
2026-04-28T15:56:21.894168943 SPREAD AAL NASDAQ  [0]  11.63x26000 | 11.64x22000  [11.65]  pos=0  realized=0 fees=0 net=0 unrealized=0
2026-04-28T15:56:21.894175831 SPREAD NKE NYSE  [45.03]  45.05x2000 | 45.06x7700  [45.08]  pos=-500  realized=0 fees=-0.324854 net=0.324854 unrealized=-20.5
2026-04-28T15:56:21.894187768 SPREAD SOFI NASDAQ  [0]  18.44x4400 | 18.45x17000  [18.49]  pos=800  realized=-1.125 fees=-1.714287 net=0.589287 unrealized=-89.875
2026-04-28T15:56:21.894196923 SPREAD HOOD NASDAQ  [0]  82.08x500 | 82.09x1300  [82.09]  pos=-40  realized=-22.21 fees=-5.143331 net=-17.066669 unrealized=0.2
2026-04-28T15:56:21.894207683 SPREAD XLE ARCA  [57.67]  57.68x49600 | 57.69x14200  [57.72]  pos=500  realized=-1.3333 fees=-1.102038 net=-0.231262 unrealized=-14.1667
2026-04-28T15:56:21.894216496 SPREAD FXI ARCA  [0]  36.26x70500 | 36.27x44600  [36.3]  pos=0  realized=0 fees=0 net=0 unrealized=0
2026-04-28T15:56:21.894226721 SPREAD VZ NYSE  [47.17]  47.18x3600 | 47.19x1200  [0]  pos=0  realized=17 fees=-1.90262 net=18.90262 unrealized=0
2026-04-28T15:56:22.848010451 HOOD order fill: filled sell 100 @ 82.09 pos=-100 filled=100/100
2026-04-28T15:56:22.848031820 HOOD filled -60 @ 82.09 | pos=-100 | fill_pnl=0 | fee=0.005163 | realized=-22.21 | total_pnl=102.161734 | total_fees=-29.491035 | fills=422 shares=34900
2026-04-28T15:56:22.867898114 HOOD placed sell 100 @ 82.11 -> NASDAQ (pos=-100 spread=0.01 bid=82.08x600 ask=82.09x1000)
2026-04-28T15:56:22.870538999 HOOD placed buy 100 @ 82.06 -> NASDAQ (pos=-100 spread=0.01 bid=82.08x600 ask=82.09x1000)
2026-04-28T15:56:22.878801426 HOOD order pending_new: pending_new sell 100 @ 82.11 pos=0 filled=0/100
2026-04-28T15:56:22.878816961 HOOD order pending_new: pending_new buy 100 @ 82.06 pos=0 filled=0/100
2026-04-28T15:56:22.891598467 HOOD order new: new sell 100 @ 82.11 pos=0 filled=0/100
2026-04-28T15:56:22.891615595 HOOD order new: new buy 100 @ 82.06 pos=0 filled=0/100
2026-04-28T15:56:25.837938105 INTC order fill: filled sell 100 @ 84.42 pos=0 filled=100/100
2026-04-28T15:56:25.837963011 INTC filled -100 @ 84.42 | pos=0 | fill_pnl=5 | fee=0.016205 | realized=84.600034 | total_pnl=107.161734 | total_fees=-29.47483 | fills=423 shares=35000
2026-04-28T15:56:27.145308866 INTC replacing buy order: 84.37 -> 84.4 (pos=0 spread=0.02 bid=84.41x4200 ask=84.43x1100)
2026-04-28T15:56:27.168950499 INTC order replaced: replaced buy 100 @ 84.37 pos=0 filled=0/100
2026-04-28T15:56:27.893789888 BALANCE long=$46366 (3) short=$40424 (3) expose=$5942 | realize=107.161734 fee=-29.47483 net=136.636564 unrealized=-138.5417 equity=-1.905136 liquidate=-14.905136 | fills=423 pending=12 | ofails=575/942
2026-04-28T15:56:27.893854302 SPREAD SOFI NASDAQ  [0]  18.44x4100 | 18.45x17700  [18.49]  pos=800  realized=-1.125 fees=-1.714287 net=0.589287 unrealized=-89.875
2026-04-28T15:56:27.893866800 SPREAD HOOD NASDAQ  [82.06]  82.09x400 | 82.1x1700  [82.11]  pos=-100  realized=-22.21 fees=-5.138168 net=-17.071832 unrealized=-0.5
2026-04-28T15:56:27.893874163 SPREAD XLE ARCA  [57.67]  57.69x32300 | 57.7x20200  [57.72]  pos=500  realized=-1.3333 fees=-1.102038 net=-0.231262 unrealized=-9.1667
2026-04-28T15:56:27.893883210 SPREAD FXI ARCA  [0]  36.26x70600 | 36.27x46100  [36.3]  pos=0  realized=0 fees=0 net=0 unrealized=0
2026-04-28T15:56:27.893893229 SPREAD VZ NYSE  [47.17]  47.18x2300 | 47.19x1700  [0]  pos=0  realized=17 fees=-1.90262 net=18.90262 unrealized=0
2026-04-28T15:56:27.893899289 SPREAD INTC NASDAQ  [84.4]  84.41x4600 | 84.43x1700  [0]  pos=0  realized=84.600034 fees=-14.226841 net=98.826875 unrealized=0
2026-04-28T15:56:27.893923922 SPREAD PYPL NASDAQ  [49.57]  49.61x2000 | 49.62x3100  [0]  pos=0  realized=6.73 fees=-2.095388 net=8.825388 unrealized=0
2026-04-28T15:56:27.893934640 SPREAD CMCSA NASDAQ  [27.59]  27.62x22100 | 27.63x13200  [27.64]  pos=100  realized=21.5 fees=-1.743262 net=23.243262 unrealized=1.5
2026-04-28T15:56:27.893944507 SPREAD DKNG NASDAQ  [0]  23.34x700 | 23.35x4000  [23.37]  pos=0  realized=2 fees=-0.860314 net=2.860314 unrealized=0
2026-04-28T15:56:27.893953814 SPREAD RIVN NASDAQ  [16.12]  16.14x8800 | 16.15x7900  [16.15]  pos=-600  realized=0 fees=-0.367058 net=0.367058 unrealized=-20
2026-04-28T15:56:27.893960164 SPREAD AAL NASDAQ  [0]  11.63x31500 | 11.64x18300  [11.65]  pos=0  realized=0 fees=0 net=0 unrealized=0
2026-04-28T15:56:27.893966872 SPREAD NKE NYSE  [45.03]  45.05x1900 | 45.06x10600  [45.08]  pos=-500  realized=0 fees=-0.324854 net=0.324854 unrealized=-20.5
2026-04-28T15:56:28.449630427 INTC order fill: filled buy 100 @ 84.4 pos=100 filled=100/100
2026-04-28T15:56:28.449654589 INTC filled 100 @ 84.4 | pos=100 | fill_pnl=0 | fee=-0.1772 | realized=84.600034 | total_pnl=107.161734 | total_fees=-29.65203 | fills=424 shares=35100
2026-04-28T15:56:28.472397250 INTC placed buy 100 @ 84.38 -> NASDAQ (pos=100 spread=0.01 bid=84.4x3000 ask=84.41x400)
2026-04-28T15:56:28.479173484 INTC placed sell 100 @ 84.43 -> NASDAQ (pos=100 spread=0.01 bid=84.4x3000 ask=84.41x400)
2026-04-28T15:56:28.483743451 INTC order pending_new: pending_new buy 100 @ 84.38 pos=0 filled=0/100
2026-04-28T15:56:28.483758394 INTC order pending_new: pending_new sell 100 @ 84.43 pos=0 filled=0/100
2026-04-28T15:56:28.498042564 INTC order new: new buy 100 @ 84.38 pos=0 filled=0/100
2026-04-28T15:56:28.498062382 INTC order partial_fill: partially_filled buy 100 @ 84.38 pos=126 filled=26/100
2026-04-28T15:56:28.498073858 INTC filled 26 @ 84.38 | pos=126 | fill_pnl=0 | fee=-0.044 | realized=84.600034 | total_pnl=107.161734 | total_fees=-29.69603 | fills=425 shares=35126
2026-04-28T15:56:28.498085489 INTC order fill: filled buy 100 @ 84.38 pos=200 filled=100/100
2026-04-28T15:56:28.498092453 INTC filled 74 @ 84.38 | pos=200 | fill_pnl=0 | fee=-0.1332 | realized=84.600034 | total_pnl=107.161734 | total_fees=-29.82923 | fills=426 shares=35200
2026-04-28T15:56:28.498112222 INTC order new: new sell 100 @ 84.43 pos=0 filled=0/100
2026-04-28T15:56:28.521636001 INTC placed buy 100 @ 84.38 -> NASDAQ (pos=200 spread=0.01 bid=84.4x3000 ask=84.41x400)
2026-04-28T15:56:28.533103338 INTC order pending_new: pending_new buy 100 @ 84.38 pos=0 filled=0/100
2026-04-28T15:56:28.546236643 INTC order new: new buy 100 @ 84.38 pos=0 filled=0/100
2026-04-28T15:56:30.924536807 INTC order partial_fill: partially_filled buy 100 @ 84.38 pos=220 filled=20/100
2026-04-28T15:56:30.924562123 INTC filled 20 @ 84.38 | pos=220 | fill_pnl=0 | fee=-0.0332 | realized=84.600034 | total_pnl=107.161734 | total_fees=-29.86243 | fills=427 shares=35220
2026-04-28T15:56:32.893878233 BALANCE long=$64931 (4) short=$40425 (3) expose=$24506 | realize=107.161734 fee=-29.86243 net=137.024164 unrealized=-140.441734 equity=-3.41757 liquidate=-17.51757 | fills=427 pending=12 | ofails=575/945
2026-04-28T15:56:32.893921790 SPREAD SOFI NASDAQ  [0]  18.44x3400 | 18.45x18300  [18.49]  pos=800  realized=-1.125 fees=-1.714287 net=0.589287 unrealized=-89.875
2026-04-28T15:56:32.893943057 SPREAD HOOD NASDAQ  [82.06]  82.1x5400 | 82.11x1400  [82.11]  pos=-100  realized=-22.21 fees=-5.138168 net=-17.071832 unrealized=-1.5
2026-04-28T15:56:32.893950621 SPREAD XLE ARCA  [57.67]  57.69x48100 | 57.7x8000  [57.72]  pos=500  realized=-1.3333 fees=-1.102038 net=-0.231262 unrealized=-9.1667
2026-04-28T15:56:32.893957000 SPREAD FXI ARCA  [0]  36.26x76200 | 36.27x46800  [36.3]  pos=0  realized=0 fees=0 net=0 unrealized=0
2026-04-28T15:56:32.893968513 SPREAD VZ NYSE  [47.17]  47.18x1500 | 47.19x3400  [0]  pos=0  realized=17 fees=-1.90262 net=18.90262 unrealized=0
2026-04-28T15:56:32.893989025 SPREAD INTC NASDAQ  [84.38]  84.38x1900 | 84.39x400  [84.43]  pos=220  realized=84.600034 fees=-14.614441 net=99.214475 unrealized=-0.900034
2026-04-28T15:56:32.893996744 SPREAD PYPL NASDAQ  [49.57]  49.6x1400 | 49.61x1100  [0]  pos=0  realized=6.73 fees=-2.095388 net=8.825388 unrealized=0
2026-04-28T15:56:32.894004506 SPREAD CMCSA NASDAQ  [27.59]  27.62x22600 | 27.63x9600  [27.64]  pos=100  realized=21.5 fees=-1.743262 net=23.243262 unrealized=1.5
2026-04-28T15:56:32.894011991 SPREAD DKNG NASDAQ  [0]  23.34x1100 | 23.35x4000  [23.37]  pos=0  realized=2 fees=-0.860314 net=2.860314 unrealized=0
2026-04-28T15:56:32.894016544 SPREAD RIVN NASDAQ  [16.12]  16.14x11300 | 16.15x8000  [16.15]  pos=-600  realized=0 fees=-0.367058 net=0.367058 unrealized=-20
2026-04-28T15:56:32.894023412 SPREAD AAL NASDAQ  [0]  11.63x60400 | 11.64x23200  [11.65]  pos=0  realized=0 fees=0 net=0 unrealized=0
2026-04-28T15:56:32.894030764 SPREAD NKE NYSE  [45.03]  45.05x2300 | 45.06x10100  [45.08]  pos=-500  realized=0 fees=-0.324854 net=0.324854 unrealized=-20.5
2026-04-28T15:56:33.240711176 INTC order fill: filled buy 100 @ 84.38 pos=300 filled=100/100
2026-04-28T15:56:33.240735527 INTC filled 80 @ 84.38 | pos=300 | fill_pnl=0 | fee=-0.144 | realized=84.600034 | total_pnl=107.161734 | total_fees=-30.00643 | fills=428 shares=35300
2026-04-28T15:56:33.260351621 INTC error placing order: 40310000: insufficient buying power
2026-04-28T15:56:33.454673631 INTC replacing sell order: 84.43 -> 84.4 (pos=300 spread=0 bid=84.38x300 ask=84.38x200)
2026-04-28T15:56:33.469552785 INTC error placing order: 40310000: insufficient buying power
2026-04-28T15:56:33.484640387 INTC order replaced: replaced sell 100 @ 84.43 pos=0 filled=0/100
2026-04-28T15:56:33.509381235 INTC error placing order: 40310000: insufficient buying power
2026-04-28T15:56:33.755872651 INTC error placing order: 40310000: insufficient buying power
2026-04-28T15:56:34.019295192 INTC error placing order: 40310000: insufficient buying power
2026-04-28T15:56:34.228120685 INTC error placing order: 40310000: insufficient buying power
2026-04-28T15:56:34.480742745 INTC error placing order: 40310000: insufficient buying power
2026-04-28T15:56:34.660585400 INTC error placing order: 40310000: insufficient buying power
2026-04-28T15:56:34.883915288 INTC error placing order: 40310000: insufficient buying power
2026-04-28T15:56:35.080958666 INTC error placing order: 40310000: insufficient buying power
2026-04-28T15:56:35.249741845 HOOD order fill: filled sell 100 @ 82.11 pos=-200 filled=100/100
2026-04-28T15:56:35.249767648 HOOD filled -100 @ 82.11 | pos=-200 | fill_pnl=0 | fee=0.011447 | realized=-22.21 | total_pnl=107.161734 | total_fees=-29.994983 | fills=429 shares=35400
2026-04-28T15:56:35.264585300 HOOD error placing order: 40310000: insufficient buying power
2026-04-28T15:56:35.312074891 HOOD error placing order: 40310000: insufficient buying power
2026-04-28T15:56:35.316334547 INTC error placing order: 40310000: insufficient buying power
2026-04-28T15:56:35.512822311 HOOD replacing buy order: 82.06 -> 82.09 (pos=-200 spread=0.02 bid=82.1x2500 ask=82.12x1500)
2026-04-28T15:56:35.526054439 HOOD error placing order: 40310000: insufficient buying power
2026-04-28T15:56:35.539446711 HOOD order replaced: replaced buy 100 @ 82.06 pos=0 filled=0/100
2026-04-28T15:56:35.555451839 HOOD error placing order: 40310000: insufficient buying power
2026-04-28T15:56:35.754903004 HOOD error placing order: 40310000: insufficient buying power
2026-04-28T15:56:35.758995254 INTC error placing order: 40310000: insufficient buying power
2026-04-28T15:56:36.143785425 INTC error placing order: 40310000: insufficient buying power
2026-04-28T15:56:36.349613293 INTC error placing order: 40310000: insufficient buying power
2026-04-28T15:56:36.360428099 HOOD error placing order: 40310000: insufficient buying power
2026-04-28T15:56:36.519167801 INTC error placing order: 40310000: insufficient buying power
2026-04-28T15:56:36.522531299 HOOD error placing order: 40310000: insufficient buying power
2026-04-28T15:56:36.687891026 INTC error placing order: 40310000: insufficient buying power
2026-04-28T15:56:36.691353184 HOOD error placing order: 40310000: insufficient buying power
2026-04-28T15:56:36.891997603 INTC error placing order: 40310000: insufficient buying power
2026-04-28T15:56:36.905908776 HOOD error placing order: 40310000: insufficient buying power
2026-04-28T15:56:37.106372161 HOOD error placing order: 40310000: insufficient buying power
2026-04-28T15:56:37.109839222 INTC error placing order: 40310000: insufficient buying power
2026-04-28T15:56:37.552716336 INTC error placing order: 40310000: insufficient buying power
2026-04-28T15:56:37.579003959 INTC error placing order: 40310000: insufficient buying power
2026-04-28T15:56:37.583913393 HOOD error placing order: 40310000: insufficient buying power
2026-04-28T15:56:37.893966509 BALANCE long=$71687 (4) short=$48638 (3) expose=$23049 | realize=107.161734 fee=-29.994983 net=137.156717 unrealized=-136.541734 equity=0.614983 liquidate=-14.385017 | fills=429 pending=12 | ofails=606/976
2026-04-28T15:56:37.894018651 SPREAD DKNG NASDAQ  [0]  23.34x900 | 23.35x3700  [23.37]  pos=0  realized=2 fees=-0.860314 net=2.860314 unrealized=0
2026-04-28T15:56:37.894056684 SPREAD RIVN NASDAQ  [16.12]  16.14x11900 | 16.15x7500  [16.15]  pos=-600  realized=0 fees=-0.367058 net=0.367058 unrealized=-20
2026-04-28T15:56:37.894067612 SPREAD AAL NASDAQ  [0]  11.63x66700 | 11.64x23100  [11.65]  pos=0  realized=0 fees=0 net=0 unrealized=0
2026-04-28T15:56:37.894074173 SPREAD NKE NYSE  [45.03]  45.05x1600 | 45.06x10700  [45.08]  pos=-500  realized=0 fees=-0.324854 net=0.324854 unrealized=-20.5
2026-04-28T15:56:37.894084618 SPREAD SOFI NASDAQ  [0]  18.44x6600 | 18.45x18000  [18.49]  pos=800  realized=-1.125 fees=-1.714287 net=0.589287 unrealized=-89.875
2026-04-28T15:56:37.894094968 SPREAD HOOD NASDAQ  [82.09]  82.11x400 | 82.12x400  [0]  pos=-200  realized=-22.21 fees=-5.126721 net=-17.083279 unrealized=-3
2026-04-28T15:56:37.894101887 SPREAD XLE ARCA  [57.67]  57.7x44600 | 57.71x10000  [57.72]  pos=500  realized=-1.3333 fees=-1.102038 net=-0.231262 unrealized=-4.1667
2026-04-28T15:56:37.894108395 SPREAD FXI ARCA  [0]  36.26x56600 | 36.27x47800  [36.3]  pos=0  realized=0 fees=0 net=0 unrealized=0
2026-04-28T15:56:37.894117779 SPREAD VZ NYSE  [47.17]  47.18x1100 | 47.19x3400  [0]  pos=0  realized=17 fees=-1.90262 net=18.90262 unrealized=0
2026-04-28T15:56:37.894127985 SPREAD INTC NASDAQ  [0]  84.38x400 | 84.39x800  [84.4]  pos=300  realized=84.600034 fees=-14.758441 net=99.358475 unrealized=-0.500034
2026-04-28T15:56:37.894134515 SPREAD PYPL NASDAQ  [49.57]  49.6x3900 | 49.61x4100  [0]  pos=0  realized=6.73 fees=-2.095388 net=8.825388 unrealized=0
2026-04-28T15:56:37.894141558 SPREAD CMCSA NASDAQ  [27.59]  27.62x22200 | 27.63x11600  [27.64]  pos=100  realized=21.5 fees=-1.743262 net=23.243262 unrealized=1.5
2026-04-28T15:56:37.966325327 INTC error placing order: 40310000: insufficient buying power
2026-04-28T15:56:38.012355598 RIVN order fill: filled sell 100 @ 16.15 pos=-700 filled=100/100
2026-04-28T15:56:38.012379124 RIVN filled -100 @ 16.15 | pos=-700 | fill_pnl=0 | fee=-0.124431 | realized=0 | total_pnl=107.161734 | total_fees=-30.119414 | fills=430 shares=35500
2026-04-28T15:56:38.033779171 RIVN error placing order: 40310000: insufficient buying power
2026-04-28T15:56:38.130913798 INTC error placing order: 40310000: insufficient buying power
2026-04-28T15:56:38.311539476 INTC error placing order: 40310000: insufficient buying power
2026-04-28T15:56:38.314826851 RIVN error placing order: 40310000: insufficient buying power
2026-04-28T15:56:38.415055949 INTC error placing order: 40310000: insufficient buying power
2026-04-28T15:56:38.418753676 RIVN error placing order: 40310000: insufficient buying power
2026-04-28T15:56:38.591955046 HOOD error placing order: 40310000: insufficient buying power
2026-04-28T15:56:38.597178985 INTC error placing order: 40310000: insufficient buying power
2026-04-28T15:56:38.802787995 RIVN error placing order: 40310000: insufficient buying power
2026-04-28T15:56:38.807024129 HOOD error placing order: 40310000: insufficient buying power
2026-04-28T15:56:38.809675099 INTC error placing order: 40310000: insufficient buying power
2026-04-28T15:56:38.985139987 RIVN error placing order: 40310000: insufficient buying power
2026-04-28T15:56:38.988505487 INTC error placing order: 40310000: insufficient buying power
2026-04-28T15:56:39.019234392 HOOD error placing order: 40310000: insufficient buying power
2026-04-28T15:56:39.237074672 INTC error placing order: 40310000: insufficient buying power
2026-04-28T15:56:39.241672775 HOOD error placing order: 40310000: insufficient buying power
2026-04-28T15:56:39.245278074 RIVN error placing order: 40310000: insufficient buying power
2026-04-28T15:56:39.383334836 synchronizing alpaca assets...
2026-04-28T15:56:39.604598165 HOOD error placing order: 40310000: insufficient buying power
2026-04-28T15:56:39.607800564 INTC error placing order: 40310000: insufficient buying power
2026-04-28T15:56:39.636625395 RIVN error placing order: 40310000: insufficient buying power
2026-04-28T15:56:39.823169201 HOOD error placing order: 40310000: insufficient buying power
2026-04-28T15:56:39.827497091 INTC error placing order: 40310000: insufficient buying power
2026-04-28T15:56:39.831192291 RIVN error placing order: 40310000: insufficient buying power
2026-04-28T15:56:40.238617426 RIVN error placing order: 40310000: insufficient buying power
2026-04-28T15:56:40.241419843 HOOD error placing order: 40310000: insufficient buying power
2026-04-28T15:56:40.245378763 INTC error placing order: 40310000: insufficient buying power
2026-04-28T15:56:40.426276884 HOOD error placing order: 40310000: insufficient buying power
2026-04-28T15:56:40.431070407 RIVN error placing order: 40310000: insufficient buying power
2026-04-28T15:56:40.814947650 HOOD error placing order: 40310000: insufficient buying power
2026-04-28T15:56:41.008731308 INTC error placing order: 40310000: insufficient buying power
2026-04-28T15:56:41.012319070 RIVN error placing order: 40310000: insufficient buying power
2026-04-28T15:56:41.022106270 HOOD placed sell 100 @ 82.14 -> NASDAQ (pos=-200 spread=0.01 bid=82.11x300 ask=82.12x2000)
2026-04-28T15:56:41.026147524 HOOD order fill: filled buy 100 @ 82.09 pos=-100 filled=100/100
2026-04-28T15:56:41.026165565 HOOD filled 100 @ 82.09 | pos=-100 | fill_pnl=1 | fee=-0.1772 | realized=-21.21 | total_pnl=108.161734 | total_fees=-30.296614 | fills=431 shares=35600
2026-04-28T15:56:41.026186984 HOOD order pending_new: pending_new sell 100 @ 82.14 pos=0 filled=0/100
2026-04-28T15:56:41.028435766 INTC error placing order: 40310000: insufficient buying power
2026-04-28T15:56:41.036327304 HOOD placed buy 100 @ 82.07 -> NASDAQ (pos=-100 spread=0.01 bid=82.09x200 ask=82.1x900)
2026-04-28T15:56:41.048232975 HOOD order new: new sell 100 @ 82.14 pos=0 filled=0/100
2026-04-28T15:56:41.048248642 HOOD order pending_new: pending_new buy 100 @ 82.07 pos=0 filled=0/100
2026-04-28T15:56:41.059635983 HOOD order new: new buy 100 @ 82.07 pos=0 filled=0/100
2026-04-28T15:56:41.375696664 INTC error placing order: 40310000: insufficient buying power
2026-04-28T15:56:41.824391620 INTC error placing order: 40310000: insufficient buying power
2026-04-28T15:56:42.064376629 HOOD replacing sell order: 82.14 -> 82.11 (pos=-100 spread=0.02 bid=82.08x1000 ask=82.1x1000)
2026-04-28T15:56:42.068252813 INTC error placing order: 40310000: insufficient buying power
2026-04-28T15:56:42.071885088 RIVN error placing order: 40310000: insufficient buying power
2026-04-28T15:56:42.091424128 HOOD order replaced: replaced sell 100 @ 82.14 pos=0 filled=0/100
2026-04-28T15:56:42.353276150 INTC error placing order: 40310000: insufficient buying power
2026-04-28T15:56:42.480385055 INTC error placing order: 40310000: insufficient buying power
2026-04-28T15:56:42.688393047 INTC error placing order: 40310000: insufficient buying power
2026-04-28T15:56:42.883706861 INTC error placing order: 40310000: insufficient buying power
2026-04-28T15:56:42.894489788 BALANCE long=$71687 (4) short=$42038 (3) expose=$29649 | realize=108.161734 fee=-30.296614 net=138.458348 unrealized=-131.541734 equity=6.916614 liquidate=-8.083386 | fills=431 pending=12 | ofails=647/1019
2026-04-28T15:56:42.895253881 SPREAD RIVN NASDAQ  [16.12]  16.14x16200 | 16.15x6500  [0]  pos=-700  realized=0 fees=-0.491489 net=0.491489 unrealized=-19.5
2026-04-28T15:56:42.895268300 SPREAD AAL NASDAQ  [0]  11.63x72500 | 11.64x23100  [11.65]  pos=0  realized=0 fees=0 net=0 unrealized=0
2026-04-28T15:56:42.895282938 SPREAD NKE NYSE  [45.03]  45.05x1500 | 45.06x12000  [45.08]  pos=-500  realized=0 fees=-0.324854 net=0.324854 unrealized=-20.5
2026-04-28T15:56:42.895297121 SPREAD SOFI NASDAQ  [0]  18.44x5500 | 18.45x16800  [18.49]  pos=800  realized=-1.125 fees=-1.714287 net=0.589287 unrealized=-89.875
2026-04-28T15:56:42.895310180 SPREAD HOOD NASDAQ  [82.07]  82.08x900 | 82.09x400  [82.11]  pos=-100  realized=-21.21 fees=-5.303921 net=-15.906079 unrealized=1.5
2026-04-28T15:56:42.895316699 SPREAD XLE ARCA  [57.67]  57.7x46000 | 57.71x11200  [57.72]  pos=500  realized=-1.3333 fees=-1.102038 net=-0.231262 unrealized=-4.1667
2026-04-28T15:56:42.895322479 SPREAD FXI ARCA  [0]  36.26x43100 | 36.27x75900  [36.3]  pos=0  realized=0 fees=0 net=0 unrealized=0
2026-04-28T15:56:42.895328991 SPREAD VZ NYSE  [47.17]  47.18x1900 | 47.19x2200  [0]  pos=0  realized=17 fees=-1.90262 net=18.90262 unrealized=0
2026-04-28T15:56:42.895336191 SPREAD INTC NASDAQ  [0]  84.38x800 | 84.39x1000  [84.4]  pos=300  realized=84.600034 fees=-14.758441 net=99.358475 unrealized=-0.500034
2026-04-28T15:56:42.895346884 SPREAD PYPL NASDAQ  [49.57]  49.61x3300 | 49.62x1000  [0]  pos=0  realized=6.73 fees=-2.095388 net=8.825388 unrealized=0
2026-04-28T15:56:42.895357234 SPREAD CMCSA NASDAQ  [27.59]  27.62x23700 | 27.63x13500  [27.64]  pos=100  realized=21.5 fees=-1.743262 net=23.243262 unrealized=1.5
2026-04-28T15:56:42.895366156 SPREAD DKNG NASDAQ  [0]  23.34x1800 | 23.35x3400  [23.37]  pos=0  realized=2 fees=-0.860314 net=2.860314 unrealized=0
2026-04-28T15:56:43.156447009 INTC error placing order: 40310000: insufficient buying power
2026-04-28T15:56:43.400322681 INTC error placing order: 40310000: insufficient buying power
2026-04-28T15:56:43.605138131 INTC error placing order: 40310000: insufficient buying power
2026-04-28T15:56:44.138079824 INTC error placing order: 40310000: insufficient buying power
2026-04-28T15:56:44.405115777 INTC error placing order: 40310000: insufficient buying power
2026-04-28T15:56:44.615513591 INTC error placing order: 40310000: insufficient buying power
2026-04-28T15:56:44.619175706 RIVN error placing order: 40310000: insufficient buying power
2026-04-28T15:56:44.779928531 RIVN error placing order: 40310000: insufficient buying power
2026-04-28T15:56:44.783266001 INTC error placing order: 40310000: insufficient buying power
2026-04-28T15:56:45.183332967 INTC error placing order: 40310000: insufficient buying power
2026-04-28T15:56:45.599223231 INTC error placing order: 40310000: insufficient buying power
2026-04-28T15:56:45.687711460 INTC error placing order: 40310000: insufficient buying power
2026-04-28T15:56:45.694430847 SOFI replacing sell order: 18.49 -> 18.46 (pos=800 spread=0 bid=18.44x3400 ask=18.44x3800)
2026-04-28T15:56:45.696418433 RIVN error placing order: 40310000: insufficient buying power
2026-04-28T15:56:45.714657688 SOFI order replaced: replaced sell 100 @ 18.49 pos=0 filled=0/100
2026-04-28T15:56:45.927326329 RIVN error placing order: 40310000: insufficient buying power
2026-04-28T15:56:45.943269622 INTC error placing order: 40310000: insufficient buying power
2026-04-28T15:56:46.129106759 INTC error placing order: 40310000: insufficient buying power
2026-04-28T15:56:46.461803777 INTC error placing order: 40310000: insufficient buying power
2026-04-28T15:56:46.675009297 RIVN error placing order: 40310000: insufficient buying power
2026-04-28T15:56:46.691830939 INTC error placing order: 40310000: insufficient buying power
2026-04-28T15:56:46.866402780 INTC error placing order: 40310000: insufficient buying power
2026-04-28T15:56:46.923685864 INTC error placing order: 40310000: insufficient buying power
2026-04-28T15:56:47.148674014 INTC error placing order: 40310000: insufficient buying power
2026-04-28T15:56:47.579501971 HOOD order fill: filled buy 100 @ 82.07 pos=0 filled=100/100
2026-04-28T15:56:47.579526131 HOOD filled 100 @ 82.07 | pos=0 | fill_pnl=3 | fee=-0.1772 | realized=-18.21 | total_pnl=111.161734 | total_fees=-30.473814 | fills=432 shares=35700
2026-04-28T15:56:47.615296348 RIVN placed sell 100 @ 16.17 -> NASDAQ (pos=-700 spread=0.01 bid=16.14x16100 ask=16.15x6100)
2026-04-28T15:56:47.619148027 INTC error placing order: 40310000: insufficient buying power
2026-04-28T15:56:47.627266798 RIVN order pending_new: pending_new sell 100 @ 16.17 pos=0 filled=0/100
2026-04-28T15:56:47.639946687 RIVN order new: new sell 100 @ 16.17 pos=0 filled=0/100
2026-04-28T15:56:47.837000033 INTC error placing order: 40310000: insufficient buying power
2026-04-28T15:56:48.186514207 INTC error placing order: 40310000: insufficient buying power
2026-04-28T15:56:48.321917125 INTC error placing order: 40310000: insufficient buying power
2026-04-28T15:56:48.375725068 INTC error placing order: 40310000: insufficient buying power
2026-04-28T15:56:48.684929835 INTC error placing order: 40310000: insufficient buying power
2026-04-28T15:56:48.850052626 INTC error placing order: 40310000: insufficient buying power
2026-04-28T15:56:48.873942268 INTC error placing order: 40310000: insufficient buying power
2026-04-28T15:56:48.893973277 BALANCE long=$71662 (4) short=$33824 (2) expose=$37838 | realize=111.161734 fee=-30.473814 net=141.635548 unrealized=-153.041734 equity=-11.406186 liquidate=-25.906186 | fills=432 pending=12 | ofails=677/1050
2026-04-28T15:56:48.894001924 SPREAD INTC NASDAQ  [0]  84.35x3200 | 84.36x1600  [84.4]  pos=300  realized=84.600034 fees=-14.758441 net=99.358475 unrealized=-9.500034
2026-04-28T15:56:48.894025354 SPREAD PYPL NASDAQ  [49.57]  49.61x3400 | 49.62x1800  [0]  pos=0  realized=6.73 fees=-2.095388 net=8.825388 unrealized=0
2026-04-28T15:56:48.894038147 SPREAD CMCSA NASDAQ  [27.59]  27.62x24400 | 27.63x14600  [27.64]  pos=100  realized=21.5 fees=-1.743262 net=23.243262 unrealized=1.5
2026-04-28T15:56:48.894045440 SPREAD DKNG NASDAQ  [0]  23.34x2600 | 23.35x3400  [23.37]  pos=0  realized=2 fees=-0.860314 net=2.860314 unrealized=0
2026-04-28T15:56:48.894052493 SPREAD RIVN NASDAQ  [16.12]  16.14x16100 | 16.15x6100  [16.17]  pos=-700  realized=0 fees=-0.491489 net=0.491489 unrealized=-19.5
2026-04-28T15:56:48.894058877 SPREAD AAL NASDAQ  [0]  11.63x86000 | 11.64x23100  [11.65]  pos=0  realized=0 fees=0 net=0 unrealized=0
2026-04-28T15:56:48.894066202 SPREAD NKE NYSE  [45.03]  45.04x2000 | 45.05x9500  [45.08]  pos=-500  realized=0 fees=-0.324854 net=0.324854 unrealized=-15.5
2026-04-28T15:56:48.894072567 SPREAD SOFI NASDAQ  [0]  18.42x8500 | 18.43x15200  [18.46]  pos=800  realized=-1.125 fees=-1.714287 net=0.589287 unrealized=-105.875
2026-04-28T15:56:48.894082847 SPREAD HOOD NASDAQ  [0]  82.06x1500 | 82.08x2400  [82.11]  pos=0  realized=-18.21 fees=-5.481121 net=-12.728879 unrealized=0
2026-04-28T15:56:48.894097557 SPREAD XLE ARCA  [57.67]  57.7x14500 | 57.71x40900  [57.72]  pos=500  realized=-1.3333 fees=-1.102038 net=-0.231262 unrealized=-4.1667
2026-04-28T15:56:48.894107527 SPREAD FXI ARCA  [0]  36.25x34000 | 36.26x104700  [36.3]  pos=0  realized=0 fees=0 net=0 unrealized=0
2026-04-28T15:56:48.894115995 SPREAD VZ NYSE  [47.17]  47.17x2300 | 47.18x2500  [0]  pos=0  realized=17 fees=-1.90262 net=18.90262 unrealized=0
2026-04-28T15:56:49.316513446 INTC error placing order: 40310000: insufficient buying power
2026-04-28T15:56:49.335170111 INTC error placing order: 40310000: insufficient buying power
2026-04-28T15:56:49.491558412 INTC error placing order: 40310000: insufficient buying power
2026-04-28T15:56:49.682548307 INTC error placing order: 40310000: insufficient buying power
2026-04-28T15:56:49.870538542 INTC error placing order: 40310000: insufficient buying power
2026-04-28T15:56:50.038205579 INTC error placing order: 40310000: insufficient buying power
2026-04-28T15:56:50.079213475 INTC error placing order: 40310000: insufficient buying power
2026-04-28T15:56:50.238678143 INTC error placing order: 40310000: insufficient buying power
2026-04-28T15:56:50.305796788 INTC error placing order: 40310000: insufficient buying power
2026-04-28T15:56:50.492504573 INTC error placing order: 40310000: insufficient buying power
2026-04-28T15:56:50.555228158 INTC error placing order: 40310000: insufficient buying power
2026-04-28T15:56:50.725612346 INTC error placing order: 40310000: insufficient buying power
2026-04-28T15:56:50.901081803 INTC error placing order: 40310000: insufficient buying power
2026-04-28T15:56:51.138471757 INTC error placing order: 40310000: insufficient buying power
2026-04-28T15:56:51.155392840 INTC error placing order: 40310000: insufficient buying power
2026-04-28T15:56:51.415767252 INTC error placing order: 40310000: insufficient buying power
2026-04-28T15:56:51.800655394 INTC error placing order: 40310000: insufficient buying power
2026-04-28T15:56:51.910557848 INTC error placing order: 40310000: insufficient buying power
2026-04-28T15:56:52.040407722 INTC error placing order: 40310000: insufficient buying power
2026-04-28T15:56:52.210756189 INTC error placing order: 40310000: insufficient buying power
2026-04-28T15:56:52.446336282 INTC error placing order: 40310000: insufficient buying power
2026-04-28T15:56:52.641941767 INTC error placing order: 40310000: insufficient buying power
2026-04-28T15:56:52.662540336 INTC error placing order: 40310000: insufficient buying power
2026-04-28T15:56:52.838274150 INTC error placing order: 40310000: insufficient buying power
2026-04-28T15:56:53.095778847 INTC error placing order: 40310000: insufficient buying power
2026-04-28T15:56:53.315729904 INTC error placing order: 40310000: insufficient buying power
2026-04-28T15:56:53.381848017 INTC error placing order: 40310000: insufficient buying power
2026-04-28T15:56:53.593332613 INTC error placing order: 40310000: insufficient buying power
2026-04-28T15:56:53.813125229 INTC error placing order: 40310000: insufficient buying power
2026-04-28T15:56:53.894169534 BALANCE long=$71663 (4) short=$33831 (2) expose=$37832 | realize=111.161734 fee=-30.473814 net=141.635548 unrealized=-158.541734 equity=-16.906186 liquidate=-32.906186 | fills=432 pending=12 | ofails=706/1079
2026-04-28T15:56:53.894215896 SPREAD VZ NYSE  [47.17]  47.17x2400 | 47.18x1100  [0]  pos=0  realized=17 fees=-1.90262 net=18.90262 unrealized=0
2026-04-28T15:56:53.894227401 SPREAD INTC NASDAQ  [0]  84.35x5200 | 84.37x2600  [84.4]  pos=300  realized=84.600034 fees=-14.758441 net=99.358475 unrealized=-8.000034
2026-04-28T15:56:53.894239746 SPREAD PYPL NASDAQ  [49.57]  49.61x3500 | 49.62x3000  [0]  pos=0  realized=6.73 fees=-2.095388 net=8.825388 unrealized=0
2026-04-28T15:56:53.894247646 SPREAD CMCSA NASDAQ  [27.59]  27.62x24900 | 27.63x17700  [27.64]  pos=100  realized=21.5 fees=-1.743262 net=23.243262 unrealized=1.5
2026-04-28T15:56:53.894258622 SPREAD DKNG NASDAQ  [0]  23.34x2700 | 23.35x3300  [23.37]  pos=0  realized=2 fees=-0.860314 net=2.860314 unrealized=0
2026-04-28T15:56:53.894265383 SPREAD RIVN NASDAQ  [16.12]  16.15x8900 | 16.16x2600  [16.17]  pos=-700  realized=0 fees=-0.491489 net=0.491489 unrealized=-26.5
2026-04-28T15:56:53.894278357 SPREAD AAL NASDAQ  [0]  11.63x85400 | 11.64x16700  [11.65]  pos=0  realized=0 fees=0 net=0 unrealized=0
2026-04-28T15:56:53.894288140 SPREAD NKE NYSE  [45.03]  45.04x1400 | 45.05x9300  [45.08]  pos=-500  realized=0 fees=-0.324854 net=0.324854 unrealized=-15.5
2026-04-28T15:56:53.894294573 SPREAD SOFI NASDAQ  [0]  18.42x15400 | 18.43x15800  [18.46]  pos=800  realized=-1.125 fees=-1.714287 net=0.589287 unrealized=-105.875
2026-04-28T15:56:53.894301434 SPREAD HOOD NASDAQ  [0]  82.08x200 | 82.09x600  [82.11]  pos=0  realized=-18.21 fees=-5.481121 net=-12.728879 unrealized=0
2026-04-28T15:56:53.894308024 SPREAD XLE ARCA  [57.67]  57.7x31400 | 57.71x24400  [57.72]  pos=500  realized=-1.3333 fees=-1.102038 net=-0.231262 unrealized=-4.1667
2026-04-28T15:56:53.894316533 SPREAD FXI ARCA  [0]  36.25x26700 | 36.26x108700  [36.3]  pos=0  realized=0 fees=0 net=0 unrealized=0
2026-04-28T15:56:54.132661897 INTC error placing order: 40310000: insufficient buying power
2026-04-28T15:56:54.396708187 INTC error placing order: 40310000: insufficient buying power
2026-04-28T15:56:54.569326289 INTC error placing order: 40310000: insufficient buying power
2026-04-28T15:56:54.878201774 INTC error placing order: 40310000: insufficient buying power
2026-04-28T15:56:55.087077077 INTC error placing order: 40310000: insufficient buying power
2026-04-28T15:56:55.105583521 INTC error placing order: 40310000: insufficient buying power
2026-04-28T15:56:55.423056427 INTC replacing sell order: 84.4 -> 84.37 (pos=300 spread=0 bid=84.35x200 ask=84.35x200)
2026-04-28T15:56:55.430473655 INTC error placing order: 40310000: insufficient buying power
2026-04-28T15:56:55.446473403 INTC order replaced: replaced sell 100 @ 84.4 pos=0 filled=0/100
2026-04-28T15:56:55.459467657 INTC error placing order: 40310000: insufficient buying power
2026-04-28T15:56:55.621633801 INTC error placing order: 40310000: insufficient buying power
2026-04-28T15:56:55.964958529 INTC error placing order: 40310000: insufficient buying power
2026-04-28T15:56:56.024022087 INTC error placing order: 40310000: insufficient buying power
2026-04-28T15:56:56.215532698 INTC error placing order: 40310000: insufficient buying power
2026-04-28T15:56:56.442815289 INTC error placing order: 40310000: insufficient buying power
2026-04-28T15:56:56.463561476 INTC error placing order: 40310000: insufficient buying power
2026-04-28T15:56:56.550350737 VZ order fill: filled buy 100 @ 47.17 pos=100 filled=100/100
2026-04-28T15:56:56.550369725 VZ filled 100 @ 47.17 | pos=100 | fill_pnl=0 | fee=-0.1772 | realized=17 | total_pnl=111.161734 | total_fees=-30.651014 | fills=433 shares=35800
2026-04-28T15:56:56.566031459 VZ error placing order: 40310000: insufficient buying power
2026-04-28T15:56:56.568312381 VZ placed sell 100 @ 47.2 -> NYSE (pos=100 spread=0.01 bid=47.17x2400 ask=47.18x1400)
2026-04-28T15:56:56.581721091 VZ order pending_new: pending_new sell 100 @ 47.2 pos=0 filled=0/100
2026-04-28T15:56:56.593968326 VZ order new: new sell 100 @ 47.2 pos=0 filled=0/100
2026-04-28T15:56:56.616266722 VZ error placing order: 40310000: insufficient buying power
2026-04-28T15:56:56.620451114 INTC error placing order: 40310000: insufficient buying power
2026-04-28T15:56:56.770869042 VZ error placing order: 40310000: insufficient buying power
2026-04-28T15:56:56.774796518 INTC error placing order: 40310000: insufficient buying power
2026-04-28T15:56:56.785658270 VZ error placing order: 40310000: insufficient buying power
2026-04-28T15:56:56.974859672 VZ error placing order: 40310000: insufficient buying power
2026-04-28T15:56:56.988770379 VZ error placing order: 40310000: insufficient buying power
2026-04-28T15:56:56.991874864 INTC error placing order: 40310000: insufficient buying power
2026-04-28T15:56:57.350720082 INTC error placing order: 40310000: insufficient buying power
2026-04-28T15:56:57.375429511 INTC error placing order: 40310000: insufficient buying power
2026-04-28T15:56:57.385358982 VZ error placing order: 40310000: insufficient buying power
2026-04-28T15:56:57.643208511 VZ error placing order: 40310000: insufficient buying power
2026-04-28T15:56:57.647298427 INTC error placing order: 40310000: insufficient buying power
2026-04-28T15:56:57.874234623 VZ error placing order: 40310000: insufficient buying power
2026-04-28T15:56:58.155254954 INTC error placing order: 40310000: insufficient buying power
2026-04-28T15:56:58.194953026 VZ error placing order: 40310000: insufficient buying power
2026-04-28T15:56:58.204710821 INTC error placing order: 40310000: insufficient buying power
2026-04-28T15:56:58.700316908 FXI replacing sell order: 36.3 -> 36.27 (pos=0 spread=0 bid=36.25x1400 ask=36.25x14100)
2026-04-28T15:56:58.703592175 INTC error placing order: 40310000: insufficient buying power
2026-04-28T15:56:58.724427411 FXI order replaced: replaced sell 100 @ 36.3 pos=0 filled=0/100
2026-04-28T15:56:58.730070279 INTC error placing order: 40310000: insufficient buying power
2026-04-28T15:56:58.957681393 INTC error placing order: 40310000: insufficient buying power
2026-04-28T15:56:58.962737806 VZ error placing order: 40310000: insufficient buying power
2026-04-28T15:56:59.052558496 SOFI replacing sell order: 18.46 -> 18.43 (pos=800 spread=0 bid=18.41x1700 ask=18.41x4000)
2026-04-28T15:56:59.057444438 INTC error placing order: 40310000: insufficient buying power
2026-04-28T15:56:59.063127041 VZ error placing order: 40310000: insufficient buying power
2026-04-28T15:56:59.076463339 SOFI order replaced: replaced sell 100 @ 18.46 pos=0 filled=0/100
2026-04-28T15:56:59.350305360 INTC error placing order: 40310000: insufficient buying power
2026-04-28T15:56:59.356959230 VZ error placing order: 40310000: insufficient buying power
2026-04-28T15:56:59.648477524 INTC error placing order: 40310000: insufficient buying power
2026-04-28T15:56:59.809948593 VZ error placing order: 40310000: insufficient buying power
2026-04-28T15:56:59.825786035 INTC error placing order: 40310000: insufficient buying power
2026-04-28T15:56:59.848714212 VZ error placing order: 40310000: insufficient buying power
2026-04-28T15:56:59.893761808 BALANCE long=$76367 (5) short=$33831 (2) expose=$42536 | realize=111.161734 fee=-30.651014 net=141.812748 unrealized=-171.541734 equity=-29.728986 liquidate=-44.728986 | fills=433 pending=12 | ofails=750/1124
2026-04-28T15:56:59.893807019 SPREAD INTC NASDAQ  [0]  84.36x300 | 84.37x3000  [84.37]  pos=300  realized=84.600034 fees=-14.758441 net=99.358475 unrealized=-6.500034
2026-04-28T15:56:59.893824144 SPREAD PYPL NASDAQ  [49.57]  49.61x4000 | 49.62x2100  [0]  pos=0  realized=6.73 fees=-2.095388 net=8.825388 unrealized=0
2026-04-28T15:56:59.893835217 SPREAD CMCSA NASDAQ  [27.59]  27.62x25600 | 27.63x15700  [27.64]  pos=100  realized=21.5 fees=-1.743262 net=23.243262 unrealized=1.5
2026-04-28T15:56:59.893851563 SPREAD DKNG NASDAQ  [0]  23.34x4000 | 23.35x400  [23.37]  pos=0  realized=2 fees=-0.860314 net=2.860314 unrealized=0
2026-04-28T15:56:59.893858933 SPREAD RIVN NASDAQ  [16.12]  16.15x8800 | 16.16x4500  [16.17]  pos=-700  realized=0 fees=-0.491489 net=0.491489 unrealized=-26.5
2026-04-28T15:56:59.893865899 SPREAD AAL NASDAQ  [0]  11.63x88000 | 11.64x20400  [11.65]  pos=0  realized=0 fees=0 net=0 unrealized=0
2026-04-28T15:56:59.893874140 SPREAD NKE NYSE  [45.03]  45.04x800 | 45.05x9200  [45.08]  pos=-500  realized=0 fees=-0.324854 net=0.324854 unrealized=-15.5
2026-04-28T15:56:59.893881033 SPREAD SOFI NASDAQ  [0]  18.4x15000 | 18.41x24400  [18.43]  pos=800  realized=-1.125 fees=-1.714287 net=0.589287 unrealized=-121.875
2026-04-28T15:56:59.893890349 SPREAD HOOD NASDAQ  [0]  82.08x600 | 82.09x1100  [82.11]  pos=0  realized=-18.21 fees=-5.481121 net=-12.728879 unrealized=0
2026-04-28T15:56:59.893899984 SPREAD XLE ARCA  [57.67]  57.7x35000 | 57.71x22300  [57.72]  pos=500  realized=-1.3333 fees=-1.102038 net=-0.231262 unrealized=-4.1667
2026-04-28T15:56:59.893908088 SPREAD FXI ARCA  [0]  36.24x36100 | 36.25x105400  [36.27]  pos=0  realized=0 fees=0 net=0 unrealized=0
2026-04-28T15:56:59.893915030 SPREAD VZ NYSE  [0]  47.18x2300 | 47.19x1800  [47.2]  pos=100  realized=17 fees=-2.07982 net=19.07982 unrealized=1.5
2026-04-28T15:57:00.000038385 VZ error placing order: 40310000: insufficient buying power
2026-04-28T15:57:00.004163457 INTC error placing order: 40310000: insufficient buying power
2026-04-28T15:57:00.340148683 INTC error placing order: 40310000: insufficient buying power
2026-04-28T15:57:00.352497892 VZ error placing order: 40310000: insufficient buying power
2026-04-28T15:57:00.913819406 INTC error placing order: 40310000: insufficient buying power
2026-04-28T15:57:00.918931129 VZ error placing order: 40310000: insufficient buying power
2026-04-28T15:57:00.977056530 INTC error placing order: 40310000: insufficient buying power
2026-04-28T15:57:00.980792102 VZ error placing order: 40310000: insufficient buying power
2026-04-28T15:57:01.490566391 INTC error placing order: 40310000: insufficient buying power
2026-04-28T15:57:01.495023249 VZ error placing order: 40310000: insufficient buying power
2026-04-28T15:57:01.509294602 INTC error placing order: 40310000: insufficient buying power
2026-04-28T15:57:01.535717439 INTC order fill: filled sell 100 @ 84.37 pos=200 filled=100/100
2026-04-28T15:57:01.535737154 INTC filled -100 @ 84.37 | pos=200 | fill_pnl=-1.6667 | fee=0.016102 | realized=82.933334 | total_pnl=109.495034 | total_fees=-30.634912 | fills=434 shares=35900
2026-04-28T15:57:01.547276918 INTC placed sell 100 @ 84.39 -> NASDAQ (pos=200 spread=0.01 bid=84.36x500 ask=84.37x1600)
2026-04-28T15:57:01.558342027 INTC order pending_new: pending_new sell 100 @ 84.39 pos=0 filled=0/100
2026-04-28T15:57:01.569021953 INTC placed buy 100 @ 84.34 -> NASDAQ (pos=200 spread=0.01 bid=84.36x500 ask=84.37x1600)
2026-04-28T15:57:01.582241500 INTC order pending_new: pending_new buy 100 @ 84.34 pos=0 filled=0/100
2026-04-28T15:57:01.582256704 INTC order new: new sell 100 @ 84.39 pos=0 filled=0/100
2026-04-28T15:57:01.592703959 INTC order new: new buy 100 @ 84.34 pos=0 filled=0/100
2026-04-28T15:57:01.726698597 VZ order fill: filled sell 100 @ 47.2 pos=0 filled=100/100
2026-04-28T15:57:01.726721945 VZ filled -100 @ 47.2 | pos=0 | fill_pnl=3 | fee=-0.060468 | realized=20 | total_pnl=112.495034 | total_fees=-30.69538 | fills=435 shares=36000
2026-04-28T15:57:01.745724790 VZ placed buy 100 @ 47.17 -> NYSE (pos=0 spread=0.01 bid=47.19x3300 ask=47.2x900)
2026-04-28T15:57:01.757300657 VZ order pending_new: pending_new buy 100 @ 47.17 pos=0 filled=0/100
2026-04-28T15:57:01.771906270 VZ order new: new buy 100 @ 47.17 pos=0 filled=0/100
2026-04-28T15:57:03.856803056 RIVN order fill: filled sell 100 @ 16.17 pos=-800 filled=100/100
2026-04-28T15:57:03.857538778 RIVN filled -100 @ 16.17 | pos=-800 | fill_pnl=0 | fee=-0.12439 | realized=0 | total_pnl=112.495034 | total_fees=-30.81977 | fills=436 shares=36100
2026-04-28T15:57:03.880454250 RIVN error placing order: 40310000: insufficient buying power
2026-04-28T15:57:03.956637469 RIVN error placing order: 40310000: insufficient buying power
2026-04-28T15:57:04.005633372 RIVN replacing buy order: 16.12 -> 16.15 (pos=-800 spread=0 bid=16.17x1100 ask=16.17x900)
2026-04-28T15:57:04.011220210 RIVN error placing order: 40310000: insufficient buying power
2026-04-28T15:57:04.029094146 RIVN order replaced: replaced buy 100 @ 16.12 pos=0 filled=0/100
2026-04-28T15:57:04.044078270 RIVN error placing order: 40310000: insufficient buying power
2026-04-28T15:57:04.444759059 RIVN error placing order: 40310000: insufficient buying power
2026-04-28T15:57:04.476738424 INTC order fill: filled buy 100 @ 84.34 pos=300 filled=100/100
2026-04-28T15:57:04.476753718 INTC filled 100 @ 84.34 | pos=300 | fill_pnl=0 | fee=-0.1772 | realized=82.933334 | total_pnl=112.495034 | total_fees=-30.99697 | fills=437 shares=36200
2026-04-28T15:57:04.489426934 INTC error placing order: 40310000: insufficient buying power
2026-04-28T15:57:04.768950256 INTC replacing sell order: 84.39 -> 84.36 (pos=300 spread=0 bid=84.34x100 ask=84.34x200)
2026-04-28T15:57:04.773293876 RIVN error placing order: 40310000: insufficient buying power
2026-04-28T15:57:04.776847733 INTC error placing order: 40310000: insufficient buying power
2026-04-28T15:57:04.792746330 INTC order replaced: replaced sell 100 @ 84.39 pos=0 filled=0/100
2026-04-28T15:57:04.806437566 INTC error placing order: 40310000: insufficient buying power
2026-04-28T15:57:04.815925953 RIVN error placing order: 40310000: insufficient buying power
2026-04-28T15:57:04.893979507 BALANCE long=$71638 (4) short=$35463 (2) expose=$36176 | realize=112.495034 fee=-30.99697 net=143.492004 unrealized=-193.375034 equity=-49.88303 liquidate=-66.38303 | fills=437 pending=12 | ofails=771/1148
2026-04-28T15:57:04.894011074 SPREAD NKE NYSE  [45.03]  45.04x1200 | 45.05x6600  [45.08]  pos=-500  realized=0 fees=-0.324854 net=0.324854 unrealized=-15.5
2026-04-28T15:57:04.894020472 SPREAD SOFI NASDAQ  [0]  18.39x12500 | 18.4x16700  [18.43]  pos=800  realized=-1.125 fees=-1.714287 net=0.589287 unrealized=-129.875
2026-04-28T15:57:04.894037500 SPREAD HOOD NASDAQ  [0]  82.06x1100 | 82.07x300  [82.11]  pos=0  realized=-18.21 fees=-5.481121 net=-12.728879 unrealized=0
2026-04-28T15:57:04.894045424 SPREAD XLE ARCA  [57.67]  57.71x27800 | 57.72x30600  [57.72]  pos=500  realized=-1.3333 fees=-1.102038 net=-0.231262 unrealized=0.8333
2026-04-28T15:57:04.894056213 SPREAD FXI ARCA  [0]  36.24x36100 | 36.25x107600  [36.27]  pos=0  realized=0 fees=0 net=0 unrealized=0
2026-04-28T15:57:04.894066357 SPREAD VZ NYSE  [47.17]  47.2x2300 | 47.21x500  [0]  pos=0  realized=20 fees=-2.140288 net=22.140288 unrealized=0
2026-04-28T15:57:04.894073924 SPREAD INTC NASDAQ  [0]  84.33x1400 | 84.35x900  [84.36]  pos=300  realized=82.933334 fees=-14.919539 net=97.852873 unrealized=-9.333334
2026-04-28T15:57:04.894080603 SPREAD PYPL NASDAQ  [49.57]  49.6x3100 | 49.61x5500  [0]  pos=0  realized=6.73 fees=-2.095388 net=8.825388 unrealized=0
2026-04-28T15:57:04.894091279 SPREAD CMCSA NASDAQ  [27.59]  27.62x27400 | 27.63x22400  [27.64]  pos=100  realized=21.5 fees=-1.743262 net=23.243262 unrealized=1.5
2026-04-28T15:57:04.894097918 SPREAD DKNG NASDAQ  [0]  23.35x2300 | 23.36x3000  [23.37]  pos=0  realized=2 fees=-0.860314 net=2.860314 unrealized=0
2026-04-28T15:57:04.894107022 SPREAD RIVN NASDAQ  [16.15]  16.17x6200 | 16.18x2500  [0]  pos=-800  realized=0 fees=-0.615879 net=0.615879 unrealized=-41
2026-04-28T15:57:04.894112365 SPREAD AAL NASDAQ  [0]  11.63x91400 | 11.64x21900  [11.65]  pos=0  realized=0 fees=0 net=0 unrealized=0
2026-04-28T15:57:05.297156099 RIVN error placing order: 40310000: insufficient buying power
2026-04-28T15:57:05.301496607 INTC error placing order: 40310000: insufficient buying power
2026-04-28T15:57:05.367245428 RIVN error placing order: 40310000: insufficient buying power
2026-04-28T15:57:05.371299980 INTC error placing order: 40310000: insufficient buying power
2026-04-28T15:57:05.632836122 RIVN error placing order: 40310000: insufficient buying power
2026-04-28T15:57:05.637495141 INTC error placing order: 40310000: insufficient buying power
2026-04-28T15:57:05.649378117 RIVN error placing order: 40310000: insufficient buying power
2026-04-28T15:57:05.884083894 INTC error placing order: 40310000: insufficient buying power
2026-04-28T15:57:05.888303385 RIVN error placing order: 40310000: insufficient buying power
2026-04-28T15:57:06.046985370 INTC order fill: filled sell 100 @ 84.36 pos=200 filled=100/100
2026-04-28T15:57:06.047011040 INTC filled -100 @ 84.36 | pos=200 | fill_pnl=-1.1111 | fee=0.016082 | realized=81.822234 | total_pnl=111.383934 | total_fees=-30.980888 | fills=438 shares=36300
2026-04-28T15:57:06.063199200 INTC placed buy 100 @ 84.32 -> NASDAQ (pos=200 spread=0.01 bid=84.34x2500 ask=84.35x900)
2026-04-28T15:57:06.065162483 INTC placed sell 100 @ 84.37 -> NASDAQ (pos=200 spread=0.01 bid=84.34x2500 ask=84.35x900)
2026-04-28T15:57:06.075512906 INTC order pending_new: pending_new buy 100 @ 84.32 pos=0 filled=0/100
2026-04-28T15:57:06.075529623 INTC order pending_new: pending_new sell 100 @ 84.37 pos=0 filled=0/100
2026-04-28T15:57:06.087614042 INTC order new: new buy 100 @ 84.32 pos=0 filled=0/100
2026-04-28T15:57:06.087630972 INTC order new: new sell 100 @ 84.37 pos=0 filled=0/100
2026-04-28T15:57:06.290318026 RIVN error placing order: 40310000: insufficient buying power
2026-04-28T15:57:06.625918322 RIVN error placing order: 40310000: insufficient buying power
2026-04-28T15:57:06.905938633 HOOD replacing sell order: 82.11 -> 82.08 (pos=0 spread=0.02 bid=82.05x400 ask=82.07x2800)
2026-04-28T15:57:06.911044955 RIVN error placing order: 40310000: insufficient buying power
2026-04-28T15:57:06.931021473 HOOD order replaced: replaced sell 100 @ 82.11 pos=0 filled=0/100
2026-04-28T15:57:07.335380075 RIVN error placing order: 40310000: insufficient buying power
2026-04-28T15:57:07.362052343 RIVN error placing order: 40310000: insufficient buying power
2026-04-28T15:57:07.785261226 RIVN error placing order: 40310000: insufficient buying power
2026-04-28T15:57:08.611692316 VZ replacing buy order: 47.17 -> 47.2 (pos=0 spread=0 bid=47.22x400 ask=47.22x200)
2026-04-28T15:57:08.615449467 RIVN error placing order: 40310000: insufficient buying power
2026-04-28T15:57:08.635690904 VZ order replaced: replaced buy 100 @ 47.17 pos=0 filled=0/100
2026-04-28T15:57:09.846298391 RIVN error placing order: 40310000: insufficient buying power
2026-04-28T15:57:09.894472689 BALANCE long=$63201 (4) short=$35463 (2) expose=$27739 | realize=111.383934 fee=-30.980888 net=142.364822 unrealized=-193.263934 equity=-50.899112 liquidate=-65.399112 | fills=438 pending=12 | ofails=788/1167
2026-04-28T15:57:09.894526312 SPREAD PYPL NASDAQ  [49.57]  49.6x3900 | 49.61x5600  [0]  pos=0  realized=6.73 fees=-2.095388 net=8.825388 unrealized=0
2026-04-28T15:57:09.894539295 SPREAD CMCSA NASDAQ  [27.59]  27.62x27300 | 27.63x29200  [27.64]  pos=100  realized=21.5 fees=-1.743262 net=23.243262 unrealized=1.5
2026-04-28T15:57:09.894561590 SPREAD DKNG NASDAQ  [0]  23.35x4600 | 23.36x2800  [23.37]  pos=0  realized=2 fees=-0.860314 net=2.860314 unrealized=0
2026-04-28T15:57:09.894568321 SPREAD RIVN NASDAQ  [16.15]  16.17x7200 | 16.18x7800  [0]  pos=-800  realized=0 fees=-0.615879 net=0.615879 unrealized=-41
2026-04-28T15:57:09.894574488 SPREAD AAL NASDAQ  [0]  11.63x92100 | 11.64x21000  [11.65]  pos=0  realized=0 fees=0 net=0 unrealized=0
2026-04-28T15:57:09.894587470 SPREAD NKE NYSE  [45.03]  45.04x1700 | 45.05x7900  [45.08]  pos=-500  realized=0 fees=-0.324854 net=0.324854 unrealized=-15.5
2026-04-28T15:57:09.894598572 SPREAD SOFI NASDAQ  [0]  18.39x9600 | 18.4x29900  [18.43]  pos=800  realized=-1.125 fees=-1.714287 net=0.589287 unrealized=-129.875
2026-04-28T15:57:09.894606201 SPREAD HOOD NASDAQ  [0]  82.04x200 | 82.06x1300  [82.08]  pos=0  realized=-18.21 fees=-5.481121 net=-12.728879 unrealized=0
2026-04-28T15:57:09.894613577 SPREAD XLE ARCA  [57.67]  57.71x31600 | 57.72x37100  [57.72]  pos=500  realized=-1.3333 fees=-1.102038 net=-0.231262 unrealized=0.8333
2026-04-28T15:57:09.894622721 SPREAD FXI ARCA  [0]  36.24x36100 | 36.25x93300  [36.27]  pos=0  realized=0 fees=0 net=0 unrealized=0
2026-04-28T15:57:09.894631127 SPREAD VZ NYSE  [47.2]  47.22x2000 | 47.23x1200  [0]  pos=0  realized=20 fees=-2.140288 net=22.140288 unrealized=0
2026-04-28T15:57:09.894639543 SPREAD INTC NASDAQ  [84.32]  84.32x400 | 84.33x500  [84.37]  pos=200  realized=81.822234 fees=-14.903457 net=96.725691 unrealized=-9.222234
2026-04-28T15:57:09.943141873 INTC order fill: filled buy 100 @ 84.32 pos=300 filled=100/100
2026-04-28T15:57:09.943159705 INTC filled 100 @ 84.32 | pos=300 | fill_pnl=0 | fee=-0.1772 | realized=81.822234 | total_pnl=111.383934 | total_fees=-31.158088 | fills=439 shares=36400
2026-04-28T15:57:09.958817820 INTC error placing order: 40310000: insufficient buying power
2026-04-28T15:57:10.131213148 INTC error placing order: 40310000: insufficient buying power
2026-04-28T15:57:10.175913749 INTC error placing order: 40310000: insufficient buying power
2026-04-28T15:57:10.421612220 INTC error placing order: 40310000: insufficient buying power
2026-04-28T15:57:10.689203693 HOOD replacing sell order: 82.08 -> 82.05 (pos=0 spread=0.02 bid=82.02x700 ask=82.04x300)
2026-04-28T15:57:10.694174873 INTC error placing order: 40310000: insufficient buying power
2026-04-28T15:57:10.711403967 HOOD order replaced: replaced sell 100 @ 82.08 pos=0 filled=0/100
2026-04-28T15:57:10.735441906 INTC error placing order: 40310000: insufficient buying power
2026-04-28T15:57:11.054642709 INTC replacing sell order: 84.37 -> 84.34 (pos=300 spread=0.01 bid=84.31x1200 ask=84.32x100)
2026-04-28T15:57:11.060543958 INTC error placing order: 40310000: insufficient buying power
2026-04-28T15:57:11.079848588 INTC order replaced: replaced sell 100 @ 84.37 pos=0 filled=0/100
2026-04-28T15:57:11.094330890 INTC error placing order: 40310000: insufficient buying power
2026-04-28T15:57:11.460406939 INTC error placing order: 40310000: insufficient buying power
2026-04-28T15:57:11.777723910 INTC error placing order: 40310000: insufficient buying power
2026-04-28T15:57:12.295716599 INTC error placing order: 40310000: insufficient buying power
2026-04-28T15:57:12.317823406 RIVN error placing order: 40310000: insufficient buying power
2026-04-28T15:57:12.368380841 INTC error placing order: 40310000: insufficient buying power
2026-04-28T15:57:12.957431948 INTC error placing order: 40310000: insufficient buying power
2026-04-28T15:57:12.962872510 RIVN error placing order: 40310000: insufficient buying power
2026-04-28T15:57:13.011814559 INTC error placing order: 40310000: insufficient buying power
2026-04-28T15:57:13.248806401 RIVN error placing order: 40310000: insufficient buying power
2026-04-28T15:57:13.255255479 INTC error placing order: 40310000: insufficient buying power
2026-04-28T15:57:13.562813660 XLE order fill: filled sell 100 @ 57.72 pos=400 filled=100/100
2026-04-28T15:57:13.562838333 XLE filled -100 @ 57.72 | pos=400 | fill_pnl=0.6667 | fee=-0.038797 | realized=-0.6666 | total_pnl=112.050634 | total_fees=-31.196885 | fills=440 shares=36500
2026-04-28T15:57:13.576440038 XLE placed sell 100 @ 57.74 -> ARCA (pos=400 spread=0.01 bid=57.71x60400 ask=57.72x19100)
2026-04-28T15:57:13.587375603 XLE order pending_new: pending_new sell 100 @ 57.74 pos=0 filled=0/100
2026-04-28T15:57:13.600936437 XLE order new: new sell 100 @ 57.74 pos=0 filled=0/100
2026-04-28T15:57:13.686773104 INTC placed buy 100 @ 84.28 -> NASDAQ (pos=300 spread=0.01 bid=84.3x4700 ask=84.31x400)
2026-04-28T15:57:13.698953637 INTC order pending_new: pending_new buy 100 @ 84.28 pos=0 filled=0/100
2026-04-28T15:57:13.710636371 INTC order new: new buy 100 @ 84.28 pos=0 filled=0/100
2026-04-28T15:57:13.912367921 RIVN error placing order: 40310000: insufficient buying power
2026-04-28T15:57:14.113796475 RIVN error placing order: 40310000: insufficient buying power
2026-04-28T15:57:14.316276804 RIVN error placing order: 40310000: insufficient buying power
2026-04-28T15:57:14.543779566 RIVN error placing order: 40310000: insufficient buying power
2026-04-28T15:57:14.820318749 RIVN error placing order: 40310000: insufficient buying power
2026-04-28T15:57:14.894479791 BALANCE long=$65859 (4) short=$35471 (2) expose=$30389 | realize=112.050634 fee=-31.196885 net=143.247519 unrealized=-203.930634 equity=-60.683115 liquidate=-75.183115 | fills=440 pending=12 | ofails=811/1192
2026-04-28T15:57:14.894519498 SPREAD DKNG NASDAQ  [0]  23.35x5300 | 23.36x2600  [23.37]  pos=0  realized=2 fees=-0.860314 net=2.860314 unrealized=0
2026-04-28T15:57:14.894534737 SPREAD RIVN NASDAQ  [16.15]  16.18x9600 | 16.19x7600  [0]  pos=-800  realized=0 fees=-0.615879 net=0.615879 unrealized=-49
2026-04-28T15:57:14.894545258 SPREAD AAL NASDAQ  [0]  11.63x92200 | 11.64x24800  [11.65]  pos=0  realized=0 fees=0 net=0 unrealized=0
2026-04-28T15:57:14.894553513 SPREAD NKE NYSE  [45.03]  45.04x2000 | 45.05x8600  [45.08]  pos=-500  realized=0 fees=-0.324854 net=0.324854 unrealized=-15.5
2026-04-28T15:57:14.894569811 SPREAD SOFI NASDAQ  [0]  18.39x14800 | 18.4x34600  [18.43]  pos=800  realized=-1.125 fees=-1.714287 net=0.589287 unrealized=-129.875
2026-04-28T15:57:14.894589000 SPREAD HOOD NASDAQ  [0]  82.04x400 | 82.05x1700  [82.05]  pos=0  realized=-18.21 fees=-5.481121 net=-12.728879 unrealized=0
2026-04-28T15:57:14.894595234 SPREAD XLE ARCA  [57.67]  57.71x50700 | 57.72x12200  [57.74]  pos=400  realized=-0.6666 fees=-1.140835 net=0.474235 unrealized=0.6666
2026-04-28T15:57:14.894600839 SPREAD FXI ARCA  [0]  36.24x47200 | 36.25x93300  [36.27]  pos=0  realized=0 fees=0 net=0 unrealized=0
2026-04-28T15:57:14.894611590 SPREAD VZ NYSE  [47.2]  47.22x2100 | 47.23x1600  [0]  pos=0  realized=20 fees=-2.140288 net=22.140288 unrealized=0
2026-04-28T15:57:14.894621239 SPREAD INTC NASDAQ  [84.28]  84.31x2200 | 84.32x1400  [84.34]  pos=300  realized=81.822234 fees=-15.080657 net=96.902891 unrealized=-11.722234
2026-04-28T15:57:14.894631581 SPREAD PYPL NASDAQ  [49.57]  49.6x2200 | 49.61x5800  [0]  pos=0  realized=6.73 fees=-2.095388 net=8.825388 unrealized=0
2026-04-28T15:57:14.894638420 SPREAD CMCSA NASDAQ  [27.59]  27.62x27600 | 27.63x30000  [27.64]  pos=100  realized=21.5 fees=-1.743262 net=23.243262 unrealized=1.5
2026-04-28T15:57:15.967940237 RIVN error placing order: 40310000: insufficient buying power
2026-04-28T15:57:16.585523801 INTC replacing sell order: 84.34 -> 84.31 (pos=300 spread=0 bid=84.29x1800 ask=84.29x200)
2026-04-28T15:57:16.592921710 RIVN error placing order: 40310000: insufficient buying power
2026-04-28T15:57:16.610783768 INTC order replaced: replaced sell 100 @ 84.34 pos=0 filled=0/100
2026-04-28T15:57:16.918991850 INTC order fill: filled buy 100 @ 84.28 pos=400 filled=100/100
2026-04-28T15:57:16.919017713 INTC filled 100 @ 84.28 | pos=400 | fill_pnl=0 | fee=-0.1772 | realized=81.822234 | total_pnl=112.050634 | total_fees=-31.374085 | fills=441 shares=36600
2026-04-28T15:57:16.959344114 INTC error placing order: 40310000: insufficient buying power
2026-04-28T15:57:17.146072343 INTC error placing order: 40310000: insufficient buying power
2026-04-28T15:57:17.150125216 RIVN error placing order: 40310000: insufficient buying power
2026-04-28T15:57:17.457414247 INTC error placing order: 40310000: insufficient buying power
2026-04-28T15:57:17.507171912 SOFI replacing sell order: 18.43 -> 18.4 (pos=800 spread=0 bid=18.38x3700 ask=18.38x2900)
2026-04-28T15:57:17.526289809 RIVN error placing order: 40310000: insufficient buying power
2026-04-28T15:57:17.534475238 INTC error placing order: 40310000: insufficient buying power
2026-04-28T15:57:17.538238196 SOFI order replaced: replaced sell 100 @ 18.43 pos=0 filled=0/100
2026-04-28T15:57:17.827369227 RIVN error placing order: 40310000: insufficient buying power
2026-04-28T15:57:17.830803545 INTC error placing order: 40310000: insufficient buying power
2026-04-28T15:57:18.058166249 INTC error placing order: 40310000: insufficient buying power
2026-04-28T15:57:18.067626161 RIVN error placing order: 40310000: insufficient buying power
2026-04-28T15:57:18.283678226 INTC replacing sell order: 84.31 -> 84.28 (pos=400 spread=0.02 bid=84.25x2400 ask=84.27x1300)
2026-04-28T15:57:18.293566413 INTC error placing order: 40310000: insufficient buying power
2026-04-28T15:57:18.308077293 INTC order replaced: replaced sell 100 @ 84.31 pos=0 filled=0/100
2026-04-28T15:57:18.325242430 INTC error placing order: 40310000: insufficient buying power
2026-04-28T15:57:18.535903971 INTC error placing order: 40310000: insufficient buying power
2026-04-28T15:57:18.693266288 INTC error placing order: 40310000: insufficient buying power
2026-04-28T15:57:19.048727544 XLE replacing buy order: 57.67 -> 57.7 (pos=400 spread=0 bid=57.72x22300 ask=57.72x1300)
2026-04-28T15:57:19.052555598 INTC error placing order: 40310000: insufficient buying power
2026-04-28T15:57:19.057544351 RIVN error placing order: 40310000: insufficient buying power
2026-04-28T15:57:19.075754801 XLE order replaced: replaced buy 100 @ 57.67 pos=0 filled=0/100
2026-04-28T15:57:19.085844721 INTC error placing order: 40310000: insufficient buying power
2026-04-28T15:57:19.314115271 INTC error placing order: 40310000: insufficient buying power
2026-04-28T15:57:19.315565807 RIVN error placing order: 40310000: insufficient buying power
2026-04-28T15:57:19.460090596 INTC error placing order: 40310000: insufficient buying power
2026-04-28T15:57:19.648855748 INTC error placing order: 40310000: insufficient buying power
2026-04-28T15:57:19.694350397 INTC error placing order: 40310000: insufficient buying power
2026-04-28T15:57:19.884096747 INTC error placing order: 40310000: insufficient buying power
2026-04-28T15:57:19.888997500 RIVN error placing order: 40310000: insufficient buying power
2026-04-28T15:57:20.213483096 INTC error placing order: 40310000: insufficient buying power
2026-04-28T15:57:20.426875174 RIVN error placing order: 40310000: insufficient buying power
2026-04-28T15:57:20.430843901 INTC error placing order: 40310000: insufficient buying power
2026-04-28T15:57:20.588317519 INTC error placing order: 40310000: insufficient buying power
2026-04-28T15:57:20.656855935 RIVN error placing order: 40310000: insufficient buying power
2026-04-28T15:57:20.661357711 INTC error placing order: 40310000: insufficient buying power
2026-04-28T15:57:20.894442082 BALANCE long=$74247 (4) short=$35471 (2) expose=$38776 | realize=112.050634 fee=-31.374085 net=143.424719 unrealized=-244.430634 equity=-101.005915 liquidate=-116.005915 | fills=441 pending=12 | ofails=843/1224
2026-04-28T15:57:20.894503943 SPREAD CMCSA NASDAQ  [27.59]  27.62x27600 | 27.63x34300  [27.64]  pos=100  realized=21.5 fees=-1.743262 net=23.243262 unrealized=1.5
2026-04-28T15:57:20.894516596 SPREAD DKNG NASDAQ  [0]  23.36x1200 | 23.37x3000  [23.37]  pos=0  realized=2 fees=-0.860314 net=2.860314 unrealized=0
2026-04-28T15:57:20.894524013 SPREAD RIVN NASDAQ  [16.15]  16.18x15600 | 16.19x7800  [0]  pos=-800  realized=0 fees=-0.615879 net=0.615879 unrealized=-49
2026-04-28T15:57:20.894533195 SPREAD AAL NASDAQ  [0]  11.63x90200 | 11.64x28900  [11.65]  pos=0  realized=0 fees=0 net=0 unrealized=0
2026-04-28T15:57:20.894543545 SPREAD NKE NYSE  [45.03]  45.04x400 | 45.05x8900  [45.08]  pos=-500  realized=0 fees=-0.324854 net=0.324854 unrealized=-15.5
2026-04-28T15:57:20.894551159 SPREAD SOFI NASDAQ  [0]  18.36x13300 | 18.37x7700  [18.4]  pos=800  realized=-1.125 fees=-1.714287 net=0.589287 unrealized=-153.875
2026-04-28T15:57:20.894558216 SPREAD HOOD NASDAQ  [0]  82.02x300 | 82.03x1600  [82.05]  pos=0  realized=-18.21 fees=-5.481121 net=-12.728879 unrealized=0
2026-04-28T15:57:20.894567534 SPREAD XLE ARCA  [57.7]  57.72x23300 | 57.73x31000  [57.74]  pos=400  realized=-0.6666 fees=-1.140835 net=0.474235 unrealized=4.6666
2026-04-28T15:57:20.894576748 SPREAD FXI ARCA  [0]  36.24x36300 | 36.25x94300  [36.27]  pos=0  realized=0 fees=0 net=0 unrealized=0
2026-04-28T15:57:20.894587779 SPREAD VZ NYSE  [47.2]  47.22x2000 | 47.23x2300  [0]  pos=0  realized=20 fees=-2.140288 net=22.140288 unrealized=0
2026-04-28T15:57:20.894600946 SPREAD INTC NASDAQ  [0]  84.25x1900 | 84.26x700  [84.28]  pos=400  realized=81.822234 fees=-15.257857 net=97.080091 unrealized=-32.222234
2026-04-28T15:57:20.894610382 SPREAD PYPL NASDAQ  [49.57]  49.58x2800 | 49.59x1700  [0]  pos=0  realized=6.73 fees=-2.095388 net=8.825388 unrealized=0
2026-04-28T15:57:20.930703356 INTC error placing order: 40310000: insufficient buying power
2026-04-28T15:57:21.114217326 INTC error placing order: 40310000: insufficient buying power
2026-04-28T15:57:21.188452463 INTC error placing order: 40310000: insufficient buying power
2026-04-28T15:57:21.197050925 RIVN error placing order: 40310000: insufficient buying power
2026-04-28T15:57:21.372472877 RIVN error placing order: 40310000: insufficient buying power
2026-04-28T15:57:21.376026753 INTC error placing order: 40310000: insufficient buying power
2026-04-28T15:57:21.642570704 RIVN error placing order: 40310000: insufficient buying power
2026-04-28T15:57:21.646150485 INTC error placing order: 40310000: insufficient buying power
2026-04-28T15:57:21.893792022 INTC error placing order: 40310000: insufficient buying power
2026-04-28T15:57:21.952522685 RIVN error placing order: 40310000: insufficient buying power
2026-04-28T15:57:22.283338299 INTC error placing order: 40310000: insufficient buying power
2026-04-28T15:57:22.294854589 RIVN error placing order: 40310000: insufficient buying power
2026-04-28T15:57:22.545684239 INTC error placing order: 40310000: insufficient buying power
2026-04-28T15:57:22.549215697 RIVN error placing order: 40310000: insufficient buying power
2026-04-28T15:57:22.801127747 INTC error placing order: 40310000: insufficient buying power
2026-04-28T15:57:22.822563970 INTC error placing order: 40310000: insufficient buying power
2026-04-28T15:57:23.182407830 RIVN error placing order: 40310000: insufficient buying power
2026-04-28T15:57:23.218575542 INTC error placing order: 40310000: insufficient buying power
2026-04-28T15:57:23.284424995 INTC order fill: filled sell 100 @ 84.28 pos=300 filled=100/100
2026-04-28T15:57:23.284445932 INTC filled -100 @ 84.28 | pos=300 | fill_pnl=-5.5556 | fee=0.015917 | realized=76.266634 | total_pnl=106.495034 | total_fees=-31.358168 | fills=442 shares=36700
2026-04-28T15:57:23.296886332 INTC placed sell 100 @ 84.3 -> NASDAQ (pos=300 spread=0.01 bid=84.27x1900 ask=84.28x1200)
2026-04-28T15:57:23.302640199 INTC placed buy 100 @ 84.25 -> NASDAQ (pos=300 spread=0.01 bid=84.27x1900 ask=84.28x1200)
2026-04-28T15:57:23.308759274 INTC order pending_new: pending_new sell 100 @ 84.3 pos=0 filled=0/100
2026-04-28T15:57:23.308775666 INTC order pending_new: pending_new buy 100 @ 84.25 pos=0 filled=0/100
2026-04-28T15:57:23.321122623 INTC order new: new sell 100 @ 84.3 pos=0 filled=0/100
2026-04-28T15:57:23.321141647 INTC order new: new buy 100 @ 84.25 pos=0 filled=0/100
2026-04-28T15:57:24.096980224 RIVN error placing order: 40310000: insufficient buying power
2026-04-28T15:57:24.121375975 RIVN error placing order: 40310000: insufficient buying power
2026-04-28T15:57:24.433178728 RIVN error placing order: 40310000: insufficient buying power
2026-04-28T15:57:24.701206132 INTC order fill: filled sell 100 @ 84.3 pos=200 filled=100/100
2026-04-28T15:57:24.701230943 INTC filled -100 @ 84.3 | pos=200 | fill_pnl=-3.5555 | fee=0.015958 | realized=72.711134 | total_pnl=102.939534 | total_fees=-31.34221 | fills=443 shares=36800
2026-04-28T15:57:24.714335820 INTC placed sell 100 @ 84.32 -> NASDAQ (pos=200 spread=0.01 bid=84.29x1800 ask=84.3x4300)
2026-04-28T15:57:24.725708765 INTC order pending_new: pending_new sell 100 @ 84.32 pos=0 filled=0/100
2026-04-28T15:57:24.738254673 INTC order new: new sell 100 @ 84.32 pos=0 filled=0/100
2026-04-28T15:57:24.869840210 INTC replacing buy order: 84.25 -> 84.28 (pos=200 spread=0 bid=84.3x200 ask=84.3x100)
2026-04-28T15:57:24.893189323 INTC order replaced: replaced buy 100 @ 84.25 pos=0 filled=0/100
2026-04-28T15:57:25.111237502 RIVN placed sell 100 @ 16.21 -> NASDAQ (pos=-800 spread=0.01 bid=16.18x10300 ask=16.19x4900)
2026-04-28T15:57:25.123270316 RIVN order pending_new: pending_new sell 100 @ 16.21 pos=0 filled=0/100
2026-04-28T15:57:25.136433691 RIVN order new: new sell 100 @ 16.21 pos=0 filled=0/100
2026-04-28T15:57:25.523936660 DKNG order fill: filled sell 100 @ 23.37 pos=-100 filled=100/100
2026-04-28T15:57:25.524538936 DKNG filled -100 @ 23.37 | pos=-100 | fill_pnl=0 | fee=-0.109558 | realized=2 | total_pnl=102.939534 | total_fees=-31.451768 | fills=444 shares=36900
2026-04-28T15:57:25.540427899 DKNG placed sell 100 @ 23.39 -> NASDAQ (pos=-100 spread=0.01 bid=23.36x4800 ask=23.37x2100)
2026-04-28T15:57:25.542543874 DKNG placed buy 100 @ 23.34 -> NASDAQ (pos=-100 spread=0.01 bid=23.36x4800 ask=23.37x2100)
2026-04-28T15:57:25.552027151 DKNG order pending_new: pending_new sell 100 @ 23.39 pos=0 filled=0/100
2026-04-28T15:57:25.552054783 DKNG order pending_new: pending_new buy 100 @ 23.34 pos=0 filled=0/100
2026-04-28T15:57:25.565182535 DKNG order new: new sell 100 @ 23.39 pos=0 filled=0/100
2026-04-28T15:57:25.565197589 DKNG order new: new buy 100 @ 23.34 pos=0 filled=0/100
2026-04-28T15:57:26.894689951 BALANCE long=$57402 (4) short=$37808 (3) expose=$19594 | realize=102.939534 fee=-31.451768 net=134.391302 unrealized=-222.819534 equity=-88.428232 liquidate=-102.928232 | fills=444 pending=12 | ofails=864/1251
2026-04-28T15:57:26.894736861 SPREAD PYPL NASDAQ  [49.57]  49.58x3900 | 49.59x2400  [0]  pos=0  realized=6.73 fees=-2.095388 net=8.825388 unrealized=0
2026-04-28T15:57:26.894749899 SPREAD CMCSA NASDAQ  [27.59]  27.62x28800 | 27.63x35800  [27.64]  pos=100  realized=21.5 fees=-1.743262 net=23.243262 unrealized=1.5
2026-04-28T15:57:26.894757521 SPREAD DKNG NASDAQ  [23.34]  23.37x2600 | 23.38x1900  [23.39]  pos=-100  realized=2 fees=-0.969872 net=2.969872 unrealized=-0.5
2026-04-28T15:57:26.894767711 SPREAD RIVN NASDAQ  [16.15]  16.18x10900 | 16.19x5300  [16.21]  pos=-800  realized=0 fees=-0.615879 net=0.615879 unrealized=-49
2026-04-28T15:57:26.894775137 SPREAD AAL NASDAQ  [0]  11.63x93900 | 11.64x67100  [11.65]  pos=0  realized=0 fees=0 net=0 unrealized=0
2026-04-28T15:57:26.894782125 SPREAD NKE NYSE  [45.03]  45.04x200 | 45.05x9700  [45.08]  pos=-500  realized=0 fees=-0.324854 net=0.324854 unrealized=-15.5
2026-04-28T15:57:26.894788527 SPREAD SOFI NASDAQ  [0]  18.36x6600 | 18.37x10300  [18.4]  pos=800  realized=-1.125 fees=-1.714287 net=0.589287 unrealized=-153.875
2026-04-28T15:57:26.894809902 SPREAD HOOD NASDAQ  [0]  82x20200 | 82.01x100  [82.05]  pos=0  realized=-18.21 fees=-5.481121 net=-12.728879 unrealized=0
2026-04-28T15:57:26.894817009 SPREAD XLE ARCA  [57.7]  57.72x58200 | 57.73x5700  [57.74]  pos=400  realized=-0.6666 fees=-1.140835 net=0.474235 unrealized=4.6666
2026-04-28T15:57:26.894822791 SPREAD FXI ARCA  [0]  36.24x57500 | 36.25x93300  [36.27]  pos=0  realized=0 fees=0 net=0 unrealized=0
2026-04-28T15:57:26.894830716 SPREAD VZ NYSE  [47.2]  47.22x2600 | 47.23x3900  [0]  pos=0  realized=20 fees=-2.140288 net=22.140288 unrealized=0
2026-04-28T15:57:26.894842204 SPREAD INTC NASDAQ  [84.28]  84.28x4100 | 84.29x500  [84.32]  pos=200  realized=72.711134 fees=-15.225982 net=87.937116 unrealized=-10.111134
2026-04-28T15:57:28.363570944 NKE order fill: filled buy 100 @ 45.03 pos=-400 filled=100/100
2026-04-28T15:57:28.363592295 NKE filled 100 @ 45.03 | pos=-400 | fill_pnl=-1.6 | fee=-0.1772 | realized=-1.6 | total_pnl=101.339534 | total_fees=-31.628968 | fills=445 shares=37000
2026-04-28T15:57:28.379948056 NKE placed buy 100 @ 45.01 -> NYSE (pos=-400 spread=0.01 bid=45.03x2300 ask=45.04x6500)
2026-04-28T15:57:28.391481466 NKE order pending_new: pending_new buy 100 @ 45.01 pos=0 filled=0/100
2026-04-28T15:57:28.402798436 NKE order new: new buy 100 @ 45.01 pos=0 filled=0/100
2026-04-28T15:57:30.722231368 HOOD replacing sell order: 82.05 -> 82.02 (pos=0 spread=0.02 bid=81.99x400 ask=82.01x7000)
2026-04-28T15:57:30.749268816 HOOD order replaced: replaced sell 100 @ 82.05 pos=0 filled=0/100
2026-04-28T15:57:32.140483495 XLE order fill: filled sell 100 @ 57.74 pos=300 filled=100/100
2026-04-28T15:57:32.140511368 XLE filled -100 @ 57.74 | pos=300 | fill_pnl=2.6666 | fee=-0.038756 | realized=2 | total_pnl=104.006134 | total_fees=-31.667724 | fills=446 shares=37100
2026-04-28T15:57:32.153113779 XLE placed sell 100 @ 57.76 -> ARCA (pos=300 spread=0.01 bid=57.73x67500 ask=57.74x1400)
2026-04-28T15:57:32.163765114 XLE order pending_new: pending_new sell 100 @ 57.76 pos=0 filled=0/100
2026-04-28T15:57:32.179429108 XLE order new: new sell 100 @ 57.76 pos=0 filled=0/100
2026-04-28T15:57:32.893934767 BALANCE long=$51647 (4) short=$33300 (3) expose=$18348 | realize=104.006134 fee=-31.667724 net=135.673858 unrealized=-198.886134 equity=-63.212276 liquidate=-76.712276 | fills=446 pending=12 | ofails=864/1253
2026-04-28T15:57:32.893975217 SPREAD HOOD NASDAQ  [0]  81.99x1300 | 82x3000  [82.02]  pos=0  realized=-18.21 fees=-5.481121 net=-12.728879 unrealized=0
2026-04-28T15:57:32.893987353 SPREAD XLE ARCA  [57.7]  57.74x3200 | 57.75x55300  [57.76]  pos=300  realized=2 fees=-1.179591 net=3.179591 unrealized=9.5
2026-04-28T15:57:32.893995941 SPREAD FXI ARCA  [0]  36.24x81300 | 36.25x50900  [36.27]  pos=0  realized=0 fees=0 net=0 unrealized=0
2026-04-28T15:57:32.894003362 SPREAD VZ NYSE  [47.2]  47.21x2300 | 47.22x3000  [0]  pos=0  realized=20 fees=-2.140288 net=22.140288 unrealized=0
2026-04-28T15:57:32.894010618 SPREAD INTC NASDAQ  [84.28]  84.3x300 | 84.31x1600  [84.32]  pos=200  realized=72.711134 fees=-15.225982 net=87.937116 unrealized=-6.111134
2026-04-28T15:57:32.894020192 SPREAD PYPL NASDAQ  [49.57]  49.6x1400 | 49.61x800  [0]  pos=0  realized=6.73 fees=-2.095388 net=8.825388 unrealized=0
2026-04-28T15:57:32.894028849 SPREAD CMCSA NASDAQ  [27.59]  27.62x31900 | 27.63x28700  [27.64]  pos=100  realized=21.5 fees=-1.743262 net=23.243262 unrealized=1.5
2026-04-28T15:57:32.894035319 SPREAD DKNG NASDAQ  [23.34]  23.37x3900 | 23.38x1700  [23.39]  pos=-100  realized=2 fees=-0.969872 net=2.969872 unrealized=-0.5
2026-04-28T15:57:32.894048321 SPREAD RIVN NASDAQ  [16.15]  16.18x9900 | 16.19x3000  [16.21]  pos=-800  realized=0 fees=-0.615879 net=0.615879 unrealized=-49
2026-04-28T15:57:32.894057439 SPREAD AAL NASDAQ  [0]  11.63x97800 | 11.64x60500  [11.65]  pos=0  realized=0 fees=0 net=0 unrealized=0
2026-04-28T15:57:32.894068696 SPREAD NKE NYSE  [45.01]  45.03x1300 | 45.04x8200  [45.08]  pos=-400  realized=-1.6 fees=-0.502054 net=-1.097946 unrealized=-8.4
2026-04-28T15:57:32.894078428 SPREAD SOFI NASDAQ  [0]  18.37x17000 | 18.38x8800  [18.4]  pos=800  realized=-1.125 fees=-1.714287 net=0.589287 unrealized=-145.875
2026-04-28T15:57:37.894250543 BALANCE long=$51644 (4) short=$33301 (3) expose=$18344 | realize=104.006134 fee=-31.667724 net=135.673858 unrealized=-202.886134 equity=-67.212276 liquidate=-80.712276 | fills=446 pending=12 | ofails=864/1253
2026-04-28T15:57:37.894302528 SPREAD INTC NASDAQ  [84.28]  84.3x4700 | 84.31x400  [84.32]  pos=200  realized=72.711134 fees=-15.225982 net=87.937116 unrealized=-6.111134
2026-04-28T15:57:37.894314183 SPREAD PYPL NASDAQ  [49.57]  49.6x2900 | 49.61x4500  [0]  pos=0  realized=6.73 fees=-2.095388 net=8.825388 unrealized=0
2026-04-28T15:57:37.894322073 SPREAD CMCSA NASDAQ  [27.59]  27.62x29700 | 27.63x6200  [27.64]  pos=100  realized=21.5 fees=-1.743262 net=23.243262 unrealized=1.5
2026-04-28T15:57:37.894331494 SPREAD DKNG NASDAQ  [23.34]  23.38x2300 | 23.39x2200  [23.39]  pos=-100  realized=2 fees=-0.969872 net=2.969872 unrealized=-1.5
2026-04-28T15:57:37.894340515 SPREAD RIVN NASDAQ  [16.15]  16.18x10000 | 16.19x2000  [16.21]  pos=-800  realized=0 fees=-0.615879 net=0.615879 unrealized=-49
2026-04-28T15:57:37.894346381 SPREAD AAL NASDAQ  [0]  11.63x96600 | 11.64x59600  [11.65]  pos=0  realized=0 fees=0 net=0 unrealized=0
2026-04-28T15:57:37.894353014 SPREAD NKE NYSE  [45.01]  45.03x1800 | 45.04x9000  [45.08]  pos=-400  realized=-1.6 fees=-0.502054 net=-1.097946 unrealized=-8.4
2026-04-28T15:57:37.894359222 SPREAD SOFI NASDAQ  [0]  18.37x16700 | 18.38x11200  [18.4]  pos=800  realized=-1.125 fees=-1.714287 net=0.589287 unrealized=-145.875
2026-04-28T15:57:37.894365763 SPREAD HOOD NASDAQ  [0]  81.99x200 | 82x6400  [82.02]  pos=0  realized=-18.21 fees=-5.481121 net=-12.728879 unrealized=0
2026-04-28T15:57:37.894373162 SPREAD XLE ARCA  [57.7]  57.73x29800 | 57.74x30400  [57.76]  pos=300  realized=2 fees=-1.179591 net=3.179591 unrealized=6.5
2026-04-28T15:57:37.894379982 SPREAD FXI ARCA  [0]  36.24x81700 | 36.25x48700  [36.27]  pos=0  realized=0 fees=0 net=0 unrealized=0
2026-04-28T15:57:37.894388745 SPREAD VZ NYSE  [47.2]  47.2x2000 | 47.21x2000  [0]  pos=0  realized=20 fees=-2.140288 net=22.140288 unrealized=0
2026-04-28T15:57:37.973666135 HOOD replacing sell order: 82.02 -> 81.99 (pos=0 spread=0 bid=81.97x300 ask=81.97x100)
2026-04-28T15:57:37.998220029 HOOD order replaced: replaced sell 100 @ 82.02 pos=0 filled=0/100
2026-04-28T15:57:38.268215472 INTC order fill: filled sell 100 @ 84.32 pos=100 filled=100/100
2026-04-28T15:57:38.268238694 INTC filled -100 @ 84.32 | pos=100 | fill_pnl=-1.5556 | fee=0.015999 | realized=71.155534 | total_pnl=102.450534 | total_fees=-31.651725 | fills=447 shares=37200
2026-04-28T15:57:38.283600525 INTC placed sell 100 @ 84.34 -> NASDAQ (pos=100 spread=0.01 bid=84.31x1500 ask=84.32x1200)
2026-04-28T15:57:38.293624016 INTC order pending_new: pending_new sell 100 @ 84.34 pos=0 filled=0/100
2026-04-28T15:57:38.307767252 INTC order new: new sell 100 @ 84.34 pos=0 filled=0/100
2026-04-28T15:57:38.692787679 INTC replacing buy order: 84.28 -> 84.31 (pos=100 spread=0 bid=84.33x200 ask=84.33x800)
2026-04-28T15:57:38.717577369 INTC order replaced: replaced buy 100 @ 84.28 pos=0 filled=0/100
2026-04-28T15:57:40.134198278 INTC order fill: filled sell 100 @ 84.34 pos=0 filled=100/100
2026-04-28T15:57:40.134220440 INTC filled -100 @ 84.34 | pos=0 | fill_pnl=0.4445 | fee=0.01604 | realized=71.600034 | total_pnl=102.895034 | total_fees=-31.635685 | fills=448 shares=37300
2026-04-28T15:57:40.477734342 VZ order fill: filled buy 100 @ 47.2 pos=100 filled=100/100
2026-04-28T15:57:40.477759522 VZ filled 100 @ 47.2 | pos=100 | fill_pnl=0 | fee=-0.1772 | realized=20 | total_pnl=102.895034 | total_fees=-31.812885 | fills=449 shares=37400
2026-04-28T15:57:40.496546037 VZ placed buy 100 @ 47.18 -> NYSE (pos=100 spread=0.01 bid=47.2x2100 ask=47.21x3900)
2026-04-28T15:57:40.498816113 VZ placed sell 100 @ 47.23 -> NYSE (pos=100 spread=0.01 bid=47.2x2100 ask=47.21x3900)
2026-04-28T15:57:40.508131955 VZ order pending_new: pending_new buy 100 @ 47.18 pos=0 filled=0/100
2026-04-28T15:57:40.508146949 VZ order pending_new: pending_new sell 100 @ 47.23 pos=0 filled=0/100
2026-04-28T15:57:40.521310497 VZ order new: new buy 100 @ 47.18 pos=0 filled=0/100
2026-04-28T15:57:40.521330384 VZ order new: new sell 100 @ 47.23 pos=0 filled=0/100
2026-04-28T15:57:41.311424572 INTC replacing buy order: 84.31 -> 84.34 (pos=0 spread=0.02 bid=84.35x1700 ask=84.37x1200)
2026-04-28T15:57:41.335900287 INTC order replaced: replaced buy 100 @ 84.31 pos=0 filled=0/100
2026-04-28T15:57:43.894096910 BALANCE long=$39502 (4) short=$33301 (3) expose=$6201 | realize=102.895034 fee=-31.812885 net=134.707919 unrealized=-198.275 equity=-63.567081 liquidate=-76.567081 | fills=449 pending=12 | ofails=864/1256
2026-04-28T15:57:43.894139795 SPREAD AAL NASDAQ  [0]  11.63x20500 | 11.64x46900  [11.65]  pos=0  realized=0 fees=0 net=0 unrealized=0
2026-04-28T15:57:43.894155381 SPREAD NKE NYSE  [45.01]  45.03x1300 | 45.04x11400  [45.08]  pos=-400  realized=-1.6 fees=-0.502054 net=-1.097946 unrealized=-8.4
2026-04-28T15:57:43.894163144 SPREAD SOFI NASDAQ  [0]  18.37x10200 | 18.38x15400  [18.4]  pos=800  realized=-1.125 fees=-1.714287 net=0.589287 unrealized=-145.875
2026-04-28T15:57:43.894173518 SPREAD HOOD NASDAQ  [0]  81.95x400 | 81.96x2900  [81.99]  pos=0  realized=-18.21 fees=-5.481121 net=-12.728879 unrealized=0
2026-04-28T15:57:43.894180220 SPREAD XLE ARCA  [57.7]  57.72x31900 | 57.73x27400  [57.76]  pos=300  realized=2 fees=-1.179591 net=3.179591 unrealized=3.5
2026-04-28T15:57:43.894186935 SPREAD FXI ARCA  [0]  36.25x67400 | 36.26x69300  [36.27]  pos=0  realized=0 fees=0 net=0 unrealized=0
2026-04-28T15:57:43.894198764 SPREAD VZ NYSE  [47.18]  47.2x1200 | 47.21x6000  [47.23]  pos=100  realized=20 fees=-2.317488 net=22.317488 unrealized=0.5
2026-04-28T15:57:43.894208008 SPREAD INTC NASDAQ  [84.34]  84.38x600 | 84.39x900  [0]  pos=0  realized=71.600034 fees=-15.193943 net=86.793977 unrealized=0
2026-04-28T15:57:43.894217788 SPREAD PYPL NASDAQ  [49.57]  49.61x2600 | 49.62x1000  [0]  pos=0  realized=6.73 fees=-2.095388 net=8.825388 unrealized=0
2026-04-28T15:57:43.894226558 SPREAD CMCSA NASDAQ  [27.59]  27.63x13600 | 27.64x7600  [27.64]  pos=100  realized=21.5 fees=-1.743262 net=23.243262 unrealized=2.5
2026-04-28T15:57:43.894234226 SPREAD DKNG NASDAQ  [23.34]  23.38x6100 | 23.39x5300  [23.39]  pos=-100  realized=2 fees=-0.969872 net=2.969872 unrealized=-1.5
2026-04-28T15:57:43.894241009 SPREAD RIVN NASDAQ  [16.15]  16.18x8600 | 16.19x3900  [16.21]  pos=-800  realized=0 fees=-0.615879 net=0.615879 unrealized=-49
2026-04-28T15:57:44.226291263 INTC replacing buy order: 84.34 -> 84.37 (pos=0 spread=0.01 bid=84.39x100 ask=84.4x5600)
2026-04-28T15:57:44.250621208 INTC order replaced: replaced buy 100 @ 84.34 pos=0 filled=0/100
2026-04-28T15:57:46.983513442 HOOD order fill: filled sell 100 @ 81.99 pos=-100 filled=100/100
2026-04-28T15:57:46.983539337 HOOD filled -100 @ 81.99 | pos=-100 | fill_pnl=0 | fee=0.011199 | realized=-18.21 | total_pnl=102.895034 | total_fees=-31.801686 | fills=450 shares=37500
2026-04-28T15:57:47.001087477 HOOD placed sell 100 @ 81.99 -> NASDAQ (pos=-100 spread=0.01 bid=81.96x3000 ask=81.97x2500)
2026-04-28T15:57:47.003304858 HOOD placed buy 100 @ 81.94 -> NASDAQ (pos=-100 spread=0.01 bid=81.96x3000 ask=81.97x2500)
2026-04-28T15:57:47.015353157 HOOD order pending_new: pending_new sell 100 @ 81.99 pos=0 filled=0/100
2026-04-28T15:57:47.015373534 HOOD order pending_new: pending_new buy 100 @ 81.94 pos=0 filled=0/100
2026-04-28T15:57:47.027200467 HOOD order new: new sell 100 @ 81.99 pos=0 filled=0/100
2026-04-28T15:57:47.027216967 HOOD order fill: filled sell 100 @ 81.99 pos=-200 filled=100/100
2026-04-28T15:57:47.027230934 HOOD filled -100 @ 81.99 | pos=-200 | fill_pnl=0 | fee=0.391199 | realized=-18.21 | total_pnl=102.895034 | total_fees=-31.410487 | fills=451 shares=37600
2026-04-28T15:57:47.027249863 HOOD order new: new buy 100 @ 81.94 pos=0 filled=0/100
2026-04-28T15:57:47.043950379 HOOD placed sell 100 @ 82.02 -> NASDAQ (pos=-200 spread=0.01 bid=81.99x400 ask=82x600)
2026-04-28T15:57:47.054750537 HOOD order pending_new: pending_new sell 100 @ 82.02 pos=0 filled=0/100
2026-04-28T15:57:47.068836736 HOOD order new: new sell 100 @ 82.02 pos=0 filled=0/100
2026-04-28T15:57:49.894474659 BALANCE long=$39501 (4) short=$49698 (4) expose=$-10197 | realize=102.895034 fee=-31.410487 net=134.305521 unrealized=-198.275 equity=-63.969479 liquidate=-77.969479 | fills=451 pending=12 | ofails=864/1259
2026-04-28T15:57:49.894521754 SPREAD CMCSA NASDAQ  [27.59]  27.63x8200 | 27.64x12800  [27.64]  pos=100  realized=21.5 fees=-1.743262 net=23.243262 unrealized=2.5
2026-04-28T15:57:49.894534122 SPREAD DKNG NASDAQ  [23.34]  23.38x7100 | 23.39x3900  [23.39]  pos=-100  realized=2 fees=-0.969872 net=2.969872 unrealized=-1.5
2026-04-28T15:57:49.894546372 SPREAD RIVN NASDAQ  [16.15]  16.18x9000 | 16.19x3800  [16.21]  pos=-800  realized=0 fees=-0.615879 net=0.615879 unrealized=-49
2026-04-28T15:57:49.894570774 SPREAD AAL NASDAQ  [0]  11.63x41000 | 11.64x53200  [11.65]  pos=0  realized=0 fees=0 net=0 unrealized=0
2026-04-28T15:57:49.894581392 SPREAD NKE NYSE  [45.01]  45.03x1400 | 45.04x13000  [45.08]  pos=-400  realized=-1.6 fees=-0.502054 net=-1.097946 unrealized=-8.4
2026-04-28T15:57:49.894588009 SPREAD SOFI NASDAQ  [0]  18.37x11800 | 18.38x9500  [18.4]  pos=800  realized=-1.125 fees=-1.714287 net=0.589287 unrealized=-145.875
2026-04-28T15:57:49.894597988 SPREAD HOOD NASDAQ  [81.94]  81.98x400 | 81.99x3000  [82.02]  pos=-200  realized=-18.21 fees=-5.078723 net=-13.131277 unrealized=1
2026-04-28T15:57:49.894608134 SPREAD XLE ARCA  [57.7]  57.72x27600 | 57.73x28200  [57.76]  pos=300  realized=2 fees=-1.179591 net=3.179591 unrealized=3.5
2026-04-28T15:57:49.894618188 SPREAD FXI ARCA  [0]  36.25x53600 | 36.26x99100  [36.27]  pos=0  realized=0 fees=0 net=0 unrealized=0
2026-04-28T15:57:49.894625308 SPREAD VZ NYSE  [47.18]  47.19x2100 | 47.2x6200  [47.23]  pos=100  realized=20 fees=-2.317488 net=22.317488 unrealized=-0.5
2026-04-28T15:57:49.894634897 SPREAD INTC NASDAQ  [84.37]  84.4x3300 | 84.41x600  [0]  pos=0  realized=71.600034 fees=-15.193943 net=86.793977 unrealized=0
2026-04-28T15:57:49.894644098 SPREAD PYPL NASDAQ  [49.57]  49.6x1100 | 49.61x1600  [0]  pos=0  realized=6.73 fees=-2.095388 net=8.825388 unrealized=0
2026-04-28T15:57:50.757479030 DKNG order fill: filled sell 100 @ 23.39 pos=-200 filled=100/100
2026-04-28T15:57:50.757497480 DKNG filled -100 @ 23.39 | pos=-200 | fill_pnl=0 | fee=-0.109517 | realized=2 | total_pnl=102.895034 | total_fees=-31.520004 | fills=452 shares=37700
2026-04-28T15:57:50.774647433 DKNG placed sell 100 @ 23.41 -> NASDAQ (pos=-200 spread=0.01 bid=23.38x7000 ask=23.39x4200)
2026-04-28T15:57:50.785854363 DKNG order pending_new: pending_new sell 100 @ 23.41 pos=0 filled=0/100
2026-04-28T15:57:50.800374874 DKNG order new: new sell 100 @ 23.41 pos=0 filled=0/100
2026-04-28T15:57:51.105843612 DKNG replacing buy order: 23.34 -> 23.37 (pos=-200 spread=0.02 bid=23.38x8200 ask=23.4x2600)
2026-04-28T15:57:51.130469094 DKNG order replaced: replaced buy 100 @ 23.34 pos=0 filled=0/100
2026-04-28T15:57:54.925466261 HOOD replacing sell order: 82.02 -> 81.99 (pos=-200 spread=0.02 bid=81.96x3000 ask=81.98x2500)
2026-04-28T15:57:54.949359620 HOOD order replaced: replaced sell 100 @ 82.02 pos=0 filled=0/100
2026-04-28T15:57:55.894316702 BALANCE long=$39499 (4) short=$52032 (4) expose=$-12534 | realize=102.895034 fee=-31.520004 net=134.415038 unrealized=-195.775 equity=-61.359962 liquidate=-75.859962 | fills=452 pending=12 | ofails=864/1260
2026-04-28T15:57:55.894355420 SPREAD SOFI NASDAQ  [0]  18.37x12800 | 18.38x12600  [18.4]  pos=800  realized=-1.125 fees=-1.714287 net=0.589287 unrealized=-145.875
2026-04-28T15:57:55.894365356 SPREAD HOOD NASDAQ  [81.94]  81.96x1100 | 81.97x200  [81.99]  pos=-200  realized=-18.21 fees=-5.078723 net=-13.131277 unrealized=5
2026-04-28T15:57:55.894370922 SPREAD XLE ARCA  [57.7]  57.72x57300 | 57.73x23200  [57.76]  pos=300  realized=2 fees=-1.179591 net=3.179591 unrealized=3.5
2026-04-28T15:57:55.894378828 SPREAD FXI ARCA  [0]  36.25x35000 | 36.26x132700  [36.27]  pos=0  realized=0 fees=0 net=0 unrealized=0
2026-04-28T15:57:55.894400356 SPREAD VZ NYSE  [47.18]  47.18x2600 | 47.19x3300  [47.23]  pos=100  realized=20 fees=-2.317488 net=22.317488 unrealized=-1.5
2026-04-28T15:57:55.894405918 SPREAD INTC NASDAQ  [84.37]  84.4x2300 | 84.41x500  [0]  pos=0  realized=71.600034 fees=-15.193943 net=86.793977 unrealized=0
2026-04-28T15:57:55.894414966 SPREAD PYPL NASDAQ  [49.57]  49.6x2000 | 49.61x1400  [0]  pos=0  realized=6.73 fees=-2.095388 net=8.825388 unrealized=0
2026-04-28T15:57:55.894422284 SPREAD CMCSA NASDAQ  [27.59]  27.62x12800 | 27.63x6800  [27.64]  pos=100  realized=21.5 fees=-1.743262 net=23.243262 unrealized=1.5
2026-04-28T15:57:55.894431973 SPREAD DKNG NASDAQ  [23.37]  23.38x9000 | 23.39x2900  [23.41]  pos=-200  realized=2 fees=-1.079389 net=3.079389 unrealized=-1
2026-04-28T15:57:55.894441463 SPREAD RIVN NASDAQ  [16.15]  16.18x8600 | 16.19x6100  [16.21]  pos=-800  realized=0 fees=-0.615879 net=0.615879 unrealized=-49
2026-04-28T15:57:55.894447722 SPREAD AAL NASDAQ  [0]  11.63x41800 | 11.64x30100  [11.65]  pos=0  realized=0 fees=0 net=0 unrealized=0
2026-04-28T15:57:55.894454438 SPREAD NKE NYSE  [45.01]  45.03x1400 | 45.04x15600  [45.08]  pos=-400  realized=-1.6 fees=-0.502054 net=-1.097946 unrealized=-8.4
2026-04-28T15:57:58.701598416 NKE replacing sell order: 45.08 -> 45.05 (pos=-400 spread=0 bid=45.03x100 ask=45.03x2000)
2026-04-28T15:57:58.727601753 NKE order replaced: replaced sell 100 @ 45.08 pos=0 filled=0/100
2026-04-28T15:58:00.370872674 INTC replacing buy order: 84.37 -> 84.4 (pos=0 spread=0 bid=84.42x200 ask=84.42x300)
2026-04-28T15:58:00.394279436 INTC order replaced: replaced buy 100 @ 84.37 pos=0 filled=0/100
2026-04-28T15:58:01.124182340 HOOD order partial_fill: partially_filled buy 100 @ 81.94 pos=-187 filled=13/100
2026-04-28T15:58:01.124208396 HOOD filled 13 @ 81.94 | pos=-187 | fill_pnl=0.65 | fee=-0.0206 | realized=-17.56 | total_pnl=103.545034 | total_fees=-31.540604 | fills=453 shares=37713
2026-04-28T15:58:01.124223514 HOOD order fill: filled buy 100 @ 81.94 pos=-100 filled=100/100
2026-04-28T15:58:01.124233239 HOOD filled 87 @ 81.94 | pos=-100 | fill_pnl=4.35 | fee=-0.1566 | realized=-13.21 | total_pnl=107.895034 | total_fees=-31.697204 | fills=454 shares=37800
2026-04-28T15:58:01.138514319 HOOD placed buy 100 @ 81.92 -> NASDAQ (pos=-100 spread=0.01 bid=81.94x500 ask=81.95x1000)
2026-04-28T15:58:01.152020792 HOOD order pending_new: pending_new buy 100 @ 81.92 pos=0 filled=0/100
2026-04-28T15:58:01.162355195 HOOD order new: new buy 100 @ 81.92 pos=0 filled=0/100
2026-04-28T15:58:01.894135901 BALANCE long=$39500 (4) short=$43826 (4) expose=$-4326 | realize=107.895034 fee=-31.697204 net=139.592238 unrealized=-187.275 equity=-47.682762 liquidate=-61.682762 | fills=454 pending=12 | ofails=864/1261
2026-04-28T15:58:01.894208841 SPREAD INTC NASDAQ  [84.4]  84.41x1900 | 84.42x1000  [0]  pos=0  realized=71.600034 fees=-15.193943 net=86.793977 unrealized=0
2026-04-28T15:58:01.894218070 SPREAD PYPL NASDAQ  [49.57]  49.59x2600 | 49.6x800  [0]  pos=0  realized=6.73 fees=-2.095388 net=8.825388 unrealized=0
2026-04-28T15:58:01.894226118 SPREAD CMCSA NASDAQ  [27.59]  27.62x13000 | 27.63x18800  [27.64]  pos=100  realized=21.5 fees=-1.743262 net=23.243262 unrealized=1.5
2026-04-28T15:58:01.894236823 SPREAD DKNG NASDAQ  [23.37]  23.38x7200 | 23.39x2600  [23.41]  pos=-200  realized=2 fees=-1.079389 net=3.079389 unrealized=-1
2026-04-28T15:58:01.894244446 SPREAD RIVN NASDAQ  [16.15]  16.17x4100 | 16.18x8700  [16.21]  pos=-800  realized=0 fees=-0.615879 net=0.615879 unrealized=-41
2026-04-28T15:58:01.894251335 SPREAD AAL NASDAQ  [0]  11.63x50900 | 11.64x30100  [11.65]  pos=0  realized=0 fees=0 net=0 unrealized=0
2026-04-28T15:58:01.894263062 SPREAD NKE NYSE  [45.01]  45.03x1500 | 45.04x12300  [45.05]  pos=-400  realized=-1.6 fees=-0.502054 net=-1.097946 unrealized=-8.4
2026-04-28T15:58:01.894269715 SPREAD SOFI NASDAQ  [0]  18.37x24700 | 18.38x20000  [18.4]  pos=800  realized=-1.125 fees=-1.714287 net=0.589287 unrealized=-145.875
2026-04-28T15:58:01.894280916 SPREAD HOOD NASDAQ  [81.92]  81.94x500 | 81.95x1000  [81.99]  pos=-100  realized=-13.21 fees=-5.255923 net=-7.954077 unrealized=4.5
2026-04-28T15:58:01.894300033 SPREAD XLE ARCA  [57.7]  57.72x22500 | 57.73x37800  [57.76]  pos=300  realized=2 fees=-1.179591 net=3.179591 unrealized=3.5
2026-04-28T15:58:01.894308929 SPREAD FXI ARCA  [0]  36.25x32600 | 36.26x89300  [36.27]  pos=0  realized=0 fees=0 net=0 unrealized=0
2026-04-28T15:58:01.894318021 SPREAD VZ NYSE  [47.18]  47.19x1800 | 47.2x5200  [47.23]  pos=100  realized=20 fees=-2.317488 net=22.317488 unrealized=-0.5
2026-04-28T15:58:02.049900551 HOOD replacing sell order: 81.99 -> 81.96 (pos=-100 spread=0.02 bid=81.93x200 ask=81.95x1800)
2026-04-28T15:58:02.074975428 HOOD order replaced: replaced sell 100 @ 81.99 pos=0 filled=0/100
2026-04-28T15:58:02.477555036 AAL order fill: filled sell 100 @ 11.65 pos=-100 filled=100/100
2026-04-28T15:58:02.477578821 AAL filled -100 @ 11.65 | pos=-100 | fill_pnl=0 | fee=-0.133701 | realized=0 | total_pnl=107.895034 | total_fees=-31.830905 | fills=455 shares=37900
2026-04-28T15:58:02.495916788 AAL placed sell 100 @ 11.67 -> NASDAQ (pos=-100 spread=0.01 bid=11.64x27300 ask=11.65x19800)
2026-04-28T15:58:02.497563359 AAL placed buy 100 @ 11.62 -> NASDAQ (pos=-100 spread=0.01 bid=11.64x27300 ask=11.65x19800)
2026-04-28T15:58:02.508879704 AAL order pending_new: pending_new sell 100 @ 11.67 pos=0 filled=0/100
2026-04-28T15:58:02.508895536 AAL order pending_new: pending_new buy 100 @ 11.62 pos=0 filled=0/100
2026-04-28T15:58:02.519063194 AAL order new: new sell 100 @ 11.67 pos=0 filled=0/100
2026-04-28T15:58:02.519106800 AAL order new: new buy 100 @ 11.62 pos=0 filled=0/100
2026-04-28T15:58:04.178791274 HOOD order fill: filled sell 100 @ 81.96 pos=-200 filled=100/100
2026-04-28T15:58:04.178813613 HOOD filled -100 @ 81.96 | pos=-200 | fill_pnl=0 | fee=0.011138 | realized=-13.21 | total_pnl=107.895034 | total_fees=-31.819767 | fills=456 shares=38000
2026-04-28T15:58:04.192463046 HOOD error placing order: 40310000: insufficient buying power
2026-04-28T15:58:04.430911988 HOOD error placing order: 40310000: insufficient buying power
2026-04-28T15:58:04.827461129 HOOD error placing order: 40310000: insufficient buying power
2026-04-28T15:58:04.916136701 HOOD error placing order: 40310000: insufficient buying power
2026-04-28T15:58:05.701238705 HOOD error placing order: 40310000: insufficient buying power
2026-04-28T15:58:06.309785251 HOOD error placing order: 40310000: insufficient buying power
2026-04-28T15:58:06.335566291 HOOD error placing order: 40310000: insufficient buying power
2026-04-28T15:58:06.620673823 HOOD error placing order: 40310000: insufficient buying power
2026-04-28T15:58:06.894700026 BALANCE long=$39485 (4) short=$53187 (5) expose=$-13702 | realize=107.895034 fee=-31.819767 net=139.714801 unrealized=-202.275 equity=-62.560199 liquidate=-77.560199 | fills=456 pending=12 | ofails=872/1271
2026-04-28T15:58:06.894773299 SPREAD NKE NYSE  [45.01]  45.03x1900 | 45.04x11900  [45.05]  pos=-400  realized=-1.6 fees=-0.502054 net=-1.097946 unrealized=-8.4
2026-04-28T15:58:06.894785340 SPREAD SOFI NASDAQ  [0]  18.35x24000 | 18.36x29100  [18.4]  pos=800  realized=-1.125 fees=-1.714287 net=0.589287 unrealized=-161.875
2026-04-28T15:58:06.894793744 SPREAD HOOD NASDAQ  [81.92]  81.95x600 | 81.96x1400  [0]  pos=-200  realized=-13.21 fees=-5.244785 net=-7.965215 unrealized=4
2026-04-28T15:58:06.894801198 SPREAD XLE ARCA  [57.7]  57.72x47600 | 57.73x11600  [57.76]  pos=300  realized=2 fees=-1.179591 net=3.179591 unrealized=3.5
2026-04-28T15:58:06.894811927 SPREAD FXI ARCA  [0]  36.24x100900 | 36.25x47200  [36.27]  pos=0  realized=0 fees=0 net=0 unrealized=0
2026-04-28T15:58:06.894819288 SPREAD VZ NYSE  [47.18]  47.2x3100 | 47.21x3200  [47.23]  pos=100  realized=20 fees=-2.317488 net=22.317488 unrealized=0.5
2026-04-28T15:58:06.894825646 SPREAD INTC NASDAQ  [84.4]  84.43x1300 | 84.44x1000  [0]  pos=0  realized=71.600034 fees=-15.193943 net=86.793977 unrealized=0
2026-04-28T15:58:06.894834363 SPREAD PYPL NASDAQ  [49.57]  49.59x2600 | 49.6x4400  [0]  pos=0  realized=6.73 fees=-2.095388 net=8.825388 unrealized=0
2026-04-28T15:58:06.894857783 SPREAD CMCSA NASDAQ  [27.59]  27.62x14700 | 27.63x17600  [27.64]  pos=100  realized=21.5 fees=-1.743262 net=23.243262 unrealized=1.5
2026-04-28T15:58:06.894864967 SPREAD DKNG NASDAQ  [23.37]  23.38x7200 | 23.39x2100  [23.41]  pos=-200  realized=2 fees=-1.079389 net=3.079389 unrealized=-1
2026-04-28T15:58:06.894879674 SPREAD RIVN NASDAQ  [16.15]  16.17x6500 | 16.18x12100  [16.21]  pos=-800  realized=0 fees=-0.615879 net=0.615879 unrealized=-41
2026-04-28T15:58:06.894886136 SPREAD AAL NASDAQ  [11.62]  11.64x27800 | 11.65x43700  [11.67]  pos=-100  realized=0 fees=-0.133701 net=0.133701 unrealized=0.5
2026-04-28T15:58:06.946163625 HOOD error placing order: 40310000: insufficient buying power
2026-04-28T15:58:07.018467893 HOOD error placing order: 40310000: insufficient buying power
2026-04-28T15:58:07.530322515 HOOD error placing order: 40310000: insufficient buying power
2026-04-28T15:58:08.067266942 HOOD error placing order: 40310000: insufficient buying power
2026-04-28T15:58:08.183096083 HOOD error placing order: 40310000: insufficient buying power
2026-04-28T15:58:08.412350724 HOOD error placing order: 40310000: insufficient buying power
2026-04-28T15:58:08.460738392 HOOD error placing order: 40310000: insufficient buying power
2026-04-28T15:58:08.941931696 HOOD error placing order: 40310000: insufficient buying power
2026-04-28T15:58:09.237853158 HOOD error placing order: 40310000: insufficient buying power
2026-04-28T15:58:09.587997275 HOOD error placing order: 40310000: insufficient buying power
2026-04-28T15:58:09.684420332 HOOD error placing order: 40310000: insufficient buying power
2026-04-28T15:58:10.007839389 HOOD error placing order: 40310000: insufficient buying power
2026-04-28T15:58:10.365567538 HOOD error placing order: 40310000: insufficient buying power
2026-04-28T15:58:10.881866720 HOOD error placing order: 40310000: insufficient buying power
2026-04-28T15:58:11.394006166 INTC order fill: filled buy 100 @ 84.4 pos=100 filled=100/100
2026-04-28T15:58:11.394030890 INTC filled 100 @ 84.4 | pos=100 | fill_pnl=0 | fee=-0.1772 | realized=71.600034 | total_pnl=107.895034 | total_fees=-31.996967 | fills=457 shares=38100
2026-04-28T15:58:11.412428703 INTC placed buy 100 @ 84.41 -> NASDAQ (pos=100 spread=0.01 bid=84.43x8800 ask=84.44x1400)
2026-04-28T15:58:11.414898994 INTC placed sell 100 @ 84.46 -> NASDAQ (pos=100 spread=0.01 bid=84.43x8800 ask=84.44x1400)
2026-04-28T15:58:11.421317736 INTC order pending_new: pending_new buy 100 @ 84.41 pos=0 filled=0/100
2026-04-28T15:58:11.421332532 INTC order pending_new: pending_new sell 100 @ 84.46 pos=0 filled=0/100
2026-04-28T15:58:11.441455855 INTC order new: new buy 100 @ 84.41 pos=0 filled=0/100
2026-04-28T15:58:11.441476726 INTC order partial_fill: partially_filled buy 100 @ 84.41 pos=197 filled=97/100
2026-04-28T15:58:11.441489728 INTC filled 97 @ 84.405 | pos=197 | fill_pnl=0 | fee=-0.1718 | realized=71.600034 | total_pnl=107.895034 | total_fees=-32.168767 | fills=458 shares=38197
2026-04-28T15:58:11.441501090 INTC order fill: filled buy 100 @ 84.41 pos=200 filled=100/100
2026-04-28T15:58:11.441508783 INTC filled 3 @ 84.41 | pos=200 | fill_pnl=0 | fee=-0.0054 | realized=71.600034 | total_pnl=107.895034 | total_fees=-32.174167 | fills=459 shares=38200
2026-04-28T15:58:11.441532347 INTC order new: new sell 100 @ 84.46 pos=0 filled=0/100
2026-04-28T15:58:11.455413445 INTC error placing order: 40310000: insufficient buying power
2026-04-28T15:58:11.491738655 HOOD error placing order: 40310000: insufficient buying power
2026-04-28T15:58:11.492577312 INTC error placing order: 40310000: insufficient buying power
2026-04-28T15:58:11.494555809 INTC replacing sell order: 84.46 -> 84.43 (pos=200 spread=0 bid=84.41x100 ask=84.41x200)
2026-04-28T15:58:11.518374027 INTC order replaced: replaced sell 100 @ 84.46 pos=0 filled=0/100
2026-04-28T15:58:11.532855712 INTC error placing order: 40310000: insufficient buying power
2026-04-28T15:58:12.075500578 HOOD error placing order: 40310000: insufficient buying power
2026-04-28T15:58:12.079846146 INTC error placing order: 40310000: insufficient buying power
2026-04-28T15:58:12.438648768 HOOD error placing order: 40310000: insufficient buying power
2026-04-28T15:58:12.445781628 INTC error placing order: 40310000: insufficient buying power
2026-04-28T15:58:12.513401423 INTC error placing order: 40310000: insufficient buying power
2026-04-28T15:58:12.517197916 HOOD error placing order: 40310000: insufficient buying power
2026-04-28T15:58:12.553919014 INTC error placing order: 40310000: insufficient buying power
2026-04-28T15:58:12.893997181 BALANCE long=$56368 (5) short=$53181 (5) expose=$3187 | realize=107.895034 fee=-32.174167 net=140.069201 unrealized=-193.790034 equity=-53.720833 liquidate=-69.720833 | fills=459 pending=12 | ofails=897/1298
2026-04-28T15:58:12.894047748 SPREAD DKNG NASDAQ  [23.37]  23.38x8300 | 23.39x2600  [23.41]  pos=-200  realized=2 fees=-1.079389 net=3.079389 unrealized=-1
2026-04-28T15:58:12.894059629 SPREAD RIVN NASDAQ  [16.15]  16.16x4400 | 16.17x9900  [16.21]  pos=-800  realized=0 fees=-0.615879 net=0.615879 unrealized=-33
2026-04-28T15:58:12.894066355 SPREAD AAL NASDAQ  [11.62]  11.64x28100 | 11.65x27200  [11.67]  pos=-100  realized=0 fees=-0.133701 net=0.133701 unrealized=0.5
2026-04-28T15:58:12.894076040 SPREAD NKE NYSE  [45.01]  45.03x4000 | 45.04x12500  [45.05]  pos=-400  realized=-1.6 fees=-0.502054 net=-1.097946 unrealized=-8.4
2026-04-28T15:58:12.894088253 SPREAD SOFI NASDAQ  [0]  18.35x25200 | 18.36x34700  [18.4]  pos=800  realized=-1.125 fees=-1.714287 net=0.589287 unrealized=-161.875
2026-04-28T15:58:12.894097629 SPREAD HOOD NASDAQ  [81.92]  81.96x1400 | 81.97x2500  [0]  pos=-200  realized=-13.21 fees=-5.244785 net=-7.965215 unrealized=2
2026-04-28T15:58:12.894104903 SPREAD XLE ARCA  [57.7]  57.72x22600 | 57.73x54200  [57.76]  pos=300  realized=2 fees=-1.179591 net=3.179591 unrealized=3.5
2026-04-28T15:58:12.894110741 SPREAD FXI ARCA  [0]  36.24x101200 | 36.25x47200  [36.27]  pos=0  realized=0 fees=0 net=0 unrealized=0
2026-04-28T15:58:12.894122413 SPREAD VZ NYSE  [47.18]  47.2x5300 | 47.21x3000  [47.23]  pos=100  realized=20 fees=-2.317488 net=22.317488 unrealized=0.5
2026-04-28T15:58:12.894128229 SPREAD INTC NASDAQ  [0]  84.41x2100 | 84.42x2100  [84.43]  pos=200  realized=71.600034 fees=-15.548343 net=87.148377 unrealized=2.484966
2026-04-28T15:58:12.894135266 SPREAD PYPL NASDAQ  [49.57]  49.59x4300 | 49.6x6800  [0]  pos=0  realized=6.73 fees=-2.095388 net=8.825388 unrealized=0
2026-04-28T15:58:12.894145480 SPREAD CMCSA NASDAQ  [27.59]  27.62x16000 | 27.63x24600  [27.64]  pos=100  realized=21.5 fees=-1.743262 net=23.243262 unrealized=1.5
2026-04-28T15:58:12.921859373 INTC error placing order: 40310000: insufficient buying power
2026-04-28T15:58:12.973422124 HOOD error placing order: 40310000: insufficient buying power
2026-04-28T15:58:13.079776569 INTC order fill: filled sell 100 @ 84.43 pos=100 filled=100/100
2026-04-28T15:58:13.079801057 INTC filled -100 @ 84.43 | pos=100 | fill_pnl=2.7425 | fee=0.016226 | realized=74.342534 | total_pnl=110.637534 | total_fees=-32.157941 | fills=460 shares=38300
2026-04-28T15:58:13.110832254 INTC placed buy 100 @ 84.39 -> NASDAQ (pos=100 spread=0.01 bid=84.41x200 ask=84.42x2900)
2026-04-28T15:58:13.117089344 INTC placed sell 100 @ 84.44 -> NASDAQ (pos=100 spread=0.01 bid=84.41x200 ask=84.42x2900)
2026-04-28T15:58:13.119740952 INTC order pending_new: pending_new buy 100 @ 84.39 pos=0 filled=0/100
2026-04-28T15:58:13.119754214 INTC order pending_new: pending_new sell 100 @ 84.44 pos=0 filled=0/100
2026-04-28T15:58:13.139363046 INTC order new: new buy 100 @ 84.39 pos=0 filled=0/100
2026-04-28T15:58:13.139377832 INTC order new: new sell 100 @ 84.44 pos=0 filled=0/100
2026-04-28T15:58:13.257315498 HOOD error placing order: 40310000: insufficient buying power
2026-04-28T15:58:13.562047527 HOOD error placing order: 40310000: insufficient buying power
2026-04-28T15:58:13.893599283 HOOD error placing order: 40310000: insufficient buying power
2026-04-28T15:58:14.035680615 INTC order fill: filled sell 100 @ 84.44 pos=0 filled=100/100
2026-04-28T15:58:14.035706417 INTC filled -100 @ 84.44 | pos=0 | fill_pnl=3.7425 | fee=0.016246 | realized=78.085034 | total_pnl=114.380034 | total_fees=-32.141695 | fills=461 shares=38400
2026-04-28T15:58:14.205203491 HOOD error placing order: 40310000: insufficient buying power
2026-04-28T15:58:14.654878495 HOOD replacing buy order: 81.92 -> 81.95 (pos=-200 spread=0.02 bid=81.96x1500 ask=81.98x700)
2026-04-28T15:58:14.662648177 HOOD error placing order: 40310000: insufficient buying power
2026-04-28T15:58:14.681544673 HOOD order replaced: replaced buy 100 @ 81.92 pos=0 filled=0/100
2026-04-28T15:58:14.693958150 HOOD error placing order: 40310000: insufficient buying power
2026-04-28T15:58:14.976379493 INTC replacing buy order: 84.39 -> 84.42 (pos=0 spread=0 bid=84.44x400 ask=84.44x100)
2026-04-28T15:58:14.980810649 HOOD error placing order: 40310000: insufficient buying power
2026-04-28T15:58:15.001484609 INTC order replaced: replaced buy 100 @ 84.39 pos=0 filled=0/100
2026-04-28T15:58:15.082492386 HOOD error placing order: 40310000: insufficient buying power
2026-04-28T15:58:15.390529497 HOOD error placing order: 40310000: insufficient buying power
2026-04-28T15:58:15.681280173 HOOD replacing buy order: 81.95 -> 81.98 (pos=-200 spread=0 bid=82x100 ask=82x100)
2026-04-28T15:58:15.706507481 HOOD order replaced: replaced buy 100 @ 81.95 pos=0 filled=0/100
2026-04-28T15:58:15.737580276 HOOD error placing order: 40310000: insufficient buying power
2026-04-28T15:58:15.998712296 HOOD error placing order: 40310000: insufficient buying power
2026-04-28T15:58:16.392724577 HOOD error placing order: 40310000: insufficient buying power
2026-04-28T15:58:16.671895320 HOOD error placing order: 40310000: insufficient buying power
2026-04-28T15:58:16.869854668 HOOD error placing order: 40310000: insufficient buying power
2026-04-28T15:58:17.430643263 HOOD error placing order: 40310000: insufficient buying power
2026-04-28T15:58:17.713556607 HOOD error placing order: 40310000: insufficient buying power
2026-04-28T15:58:17.894618629 BALANCE long=$39482 (4) short=$53188 (5) expose=$-13706 | realize=114.380034 fee=-32.141695 net=146.521729 unrealized=-206.275 equity=-59.753271 liquidate=-74.753271 | fills=461 pending=12 | ofails=915/1318
2026-04-28T15:58:17.894667079 SPREAD INTC NASDAQ  [84.42]  84.44x1800 | 84.45x1500  [0]  pos=0  realized=78.085034 fees=-15.515871 net=93.600905 unrealized=0
2026-04-28T15:58:17.894679663 SPREAD PYPL NASDAQ  [49.57]  49.6x500 | 49.61x2800  [0]  pos=0  realized=6.73 fees=-2.095388 net=8.825388 unrealized=0
2026-04-28T15:58:17.894687490 SPREAD CMCSA NASDAQ  [27.59]  27.62x17900 | 27.63x23800  [27.64]  pos=100  realized=21.5 fees=-1.743262 net=23.243262 unrealized=1.5
2026-04-28T15:58:17.894696243 SPREAD DKNG NASDAQ  [23.37]  23.38x7800 | 23.39x2900  [23.41]  pos=-200  realized=2 fees=-1.079389 net=3.079389 unrealized=-1
2026-04-28T15:58:17.894703022 SPREAD RIVN NASDAQ  [16.15]  16.16x13000 | 16.17x12600  [16.21]  pos=-800  realized=0 fees=-0.615879 net=0.615879 unrealized=-33
2026-04-28T15:58:17.894711997 SPREAD AAL NASDAQ  [11.62]  11.63x65700 | 11.64x19800  [11.67]  pos=-100  realized=0 fees=-0.133701 net=0.133701 unrealized=1.5
2026-04-28T15:58:17.894719708 SPREAD NKE NYSE  [45.01]  45.03x2800 | 45.04x13500  [45.05]  pos=-400  realized=-1.6 fees=-0.502054 net=-1.097946 unrealized=-8.4
2026-04-28T15:58:17.894728996 SPREAD SOFI NASDAQ  [0]  18.35x26000 | 18.36x44600  [18.4]  pos=800  realized=-1.125 fees=-1.714287 net=0.589287 unrealized=-161.875
2026-04-28T15:58:17.894736580 SPREAD HOOD NASDAQ  [81.98]  82x400 | 82.01x2600  [0]  pos=-200  realized=-13.21 fees=-5.244785 net=-7.965215 unrealized=-6
2026-04-28T15:58:17.894743070 SPREAD XLE ARCA  [57.7]  57.71x61600 | 57.72x31000  [57.76]  pos=300  realized=2 fees=-1.179591 net=3.179591 unrealized=0.5
2026-04-28T15:58:17.894752858 SPREAD FXI ARCA  [0]  36.24x70500 | 36.25x81400  [36.27]  pos=0  realized=0 fees=0 net=0 unrealized=0
2026-04-28T15:58:17.894763088 SPREAD VZ NYSE  [47.18]  47.2x9400 | 47.21x3800  [47.23]  pos=100  realized=20 fees=-2.317488 net=22.317488 unrealized=0.5
2026-04-28T15:58:17.918704361 HOOD error placing order: 40310000: insufficient buying power
2026-04-28T15:58:18.127147802 HOOD error placing order: 40310000: insufficient buying power
2026-04-28T15:58:18.316076664 HOOD error placing order: 40310000: insufficient buying power
2026-04-28T15:58:18.373931904 HOOD error placing order: 40310000: insufficient buying power
2026-04-28T15:58:18.827013534 HOOD error placing order: 40310000: insufficient buying power
2026-04-28T15:58:19.183133298 HOOD error placing order: 40310000: insufficient buying power
2026-04-28T15:58:19.571738567 HOOD error placing order: 40310000: insufficient buying power
2026-04-28T15:58:19.751000651 HOOD error placing order: 40310000: insufficient buying power
2026-04-28T15:58:19.848326397 HOOD error placing order: 40310000: insufficient buying power
2026-04-28T15:58:20.035632915 HOOD error placing order: 40310000: insufficient buying power
2026-04-28T15:58:20.246639988 HOOD error placing order: 40310000: insufficient buying power
2026-04-28T15:58:20.475959343 HOOD error placing order: 40310000: insufficient buying power
2026-04-28T15:58:20.906041507 HOOD error placing order: 40310000: insufficient buying power
2026-04-28T15:58:21.475400636 HOOD error placing order: 40310000: insufficient buying power
2026-04-28T15:58:21.774231977 HOOD error placing order: 40310000: insufficient buying power
2026-04-28T15:58:21.802063014 HOOD error placing order: 40310000: insufficient buying power
2026-04-28T15:58:22.213609765 HOOD error placing order: 40310000: insufficient buying power
2026-04-28T15:58:22.245085671 HOOD error placing order: 40310000: insufficient buying power
2026-04-28T15:58:22.634108582 HOOD error placing order: 40310000: insufficient buying power
2026-04-28T15:58:22.882577982 HOOD error placing order: 40310000: insufficient buying power
2026-04-28T15:58:22.894613769 BALANCE long=$39498 (4) short=$53188 (5) expose=$-13690 | realize=114.380034 fee=-32.141695 net=146.521729 unrealized=-190.275 equity=-43.753271 liquidate=-58.753271 | fills=461 pending=12 | ofails=935/1338
2026-04-28T15:58:22.894661753 SPREAD XLE ARCA  [57.7]  57.71x52400 | 57.72x33800  [57.76]  pos=300  realized=2 fees=-1.179591 net=3.179591 unrealized=0.5
2026-04-28T15:58:22.894673159 SPREAD FXI ARCA  [0]  36.24x86200 | 36.25x53100  [36.27]  pos=0  realized=0 fees=0 net=0 unrealized=0
2026-04-28T15:58:22.894681671 SPREAD VZ NYSE  [47.18]  47.2x10100 | 47.21x3500  [47.23]  pos=100  realized=20 fees=-2.317488 net=22.317488 unrealized=0.5
2026-04-28T15:58:22.894689502 SPREAD INTC NASDAQ  [84.42]  84.46x3000 | 84.47x1100  [0]  pos=0  realized=78.085034 fees=-15.515871 net=93.600905 unrealized=0
2026-04-28T15:58:22.894696355 SPREAD PYPL NASDAQ  [49.57]  49.6x3300 | 49.61x2900  [0]  pos=0  realized=6.73 fees=-2.095388 net=8.825388 unrealized=0
2026-04-28T15:58:22.894703267 SPREAD CMCSA NASDAQ  [27.59]  27.62x23200 | 27.63x31500  [27.64]  pos=100  realized=21.5 fees=-1.743262 net=23.243262 unrealized=1.5
2026-04-28T15:58:22.894710567 SPREAD DKNG NASDAQ  [23.37]  23.38x8200 | 23.39x3600  [23.41]  pos=-200  realized=2 fees=-1.079389 net=3.079389 unrealized=-1
2026-04-28T15:58:22.894716672 SPREAD RIVN NASDAQ  [16.15]  16.16x16300 | 16.17x13400  [16.21]  pos=-800  realized=0 fees=-0.615879 net=0.615879 unrealized=-33
2026-04-28T15:58:22.894727254 SPREAD AAL NASDAQ  [11.62]  11.63x69000 | 11.64x70200  [11.67]  pos=-100  realized=0 fees=-0.133701 net=0.133701 unrealized=1.5
2026-04-28T15:58:22.894737051 SPREAD NKE NYSE  [45.01]  45.03x2200 | 45.04x17800  [45.05]  pos=-400  realized=-1.6 fees=-0.502054 net=-1.097946 unrealized=-8.4
2026-04-28T15:58:22.894743915 SPREAD SOFI NASDAQ  [0]  18.37x10300 | 18.38x24000  [18.4]  pos=800  realized=-1.125 fees=-1.714287 net=0.589287 unrealized=-145.875
2026-04-28T15:58:22.894754795 SPREAD HOOD NASDAQ  [81.98]  82x1800 | 82.01x7800  [0]  pos=-200  realized=-13.21 fees=-5.244785 net=-7.965215 unrealized=-6
2026-04-28T15:58:23.342458870 HOOD error placing order: 40310000: insufficient buying power
2026-04-28T15:58:23.624795521 HOOD error placing order: 40310000: insufficient buying power
2026-04-28T15:58:23.657439918 HOOD error placing order: 40310000: insufficient buying power
2026-04-28T15:58:23.714744430 HOOD error placing order: 40310000: insufficient buying power
2026-04-28T15:58:24.394401597 HOOD error placing order: 40310000: insufficient buying power
2026-04-28T15:58:24.635662428 HOOD error placing order: 40310000: insufficient buying power
2026-04-28T15:58:24.895301966 HOOD error placing order: 40310000: insufficient buying power
2026-04-28T15:58:24.931483639 HOOD error placing order: 40310000: insufficient buying power
2026-04-28T15:58:25.382280555 HOOD error placing order: 40310000: insufficient buying power
2026-04-28T15:58:25.453855700 HOOD error placing order: 40310000: insufficient buying power
2026-04-28T15:58:25.860057197 HOOD error placing order: 40310000: insufficient buying power
2026-04-28T15:58:25.900389153 HOOD error placing order: 40310000: insufficient buying power
2026-04-28T15:58:26.125391448 HOOD error placing order: 40310000: insufficient buying power
2026-04-28T15:58:26.327381800 HOOD error placing order: 40310000: insufficient buying power
2026-04-28T15:58:26.602224485 HOOD error placing order: 40310000: insufficient buying power
2026-04-28T15:58:26.809656238 HOOD error placing order: 40310000: insufficient buying power
2026-04-28T15:58:27.104189116 HOOD error placing order: 40310000: insufficient buying power
2026-04-28T15:58:27.142663072 HOOD error placing order: 40310000: insufficient buying power
2026-04-28T15:58:27.369401567 HOOD error placing order: 40310000: insufficient buying power
2026-04-28T15:58:27.402920194 HOOD error placing order: 40310000: insufficient buying power
2026-04-28T15:58:27.728445598 HOOD error placing order: 40310000: insufficient buying power
2026-04-28T15:58:28.045447028 HOOD error placing order: 40310000: insufficient buying power
2026-04-28T15:58:28.126045230 HOOD error placing order: 40310000: insufficient buying power
2026-04-28T15:58:28.432458673 HOOD error placing order: 40310000: insufficient buying power
2026-04-28T15:58:28.453678534 HOOD error placing order: 40310000: insufficient buying power
2026-04-28T15:58:28.880925930 HOOD error placing order: 40310000: insufficient buying power
2026-04-28T15:58:28.894039926 BALANCE long=$39498 (4) short=$53184 (5) expose=$-13686 | realize=114.380034 fee=-32.141695 net=146.521729 unrealized=-186.275 equity=-39.753271 liquidate=-54.753271 | fills=461 pending=12 | ofails=961/1364
2026-04-28T15:58:28.894067215 SPREAD DKNG NASDAQ  [23.37]  23.38x10100 | 23.39x3900  [23.41]  pos=-200  realized=2 fees=-1.079389 net=3.079389 unrealized=-1
2026-04-28T15:58:28.894075957 SPREAD RIVN NASDAQ  [16.15]  16.16x21700 | 16.17x15800  [16.21]  pos=-800  realized=0 fees=-0.615879 net=0.615879 unrealized=-33
2026-04-28T15:58:28.894084851 SPREAD AAL NASDAQ  [11.62]  11.63x137300 | 11.64x72900  [11.67]  pos=-100  realized=0 fees=-0.133701 net=0.133701 unrealized=1.5
2026-04-28T15:58:28.894089563 SPREAD NKE NYSE  [45.01]  45.02x1500 | 45.03x6100  [45.05]  pos=-400  realized=-1.6 fees=-0.502054 net=-1.097946 unrealized=-4.4
2026-04-28T15:58:28.894097893 SPREAD SOFI NASDAQ  [0]  18.37x25100 | 18.38x22700  [18.4]  pos=800  realized=-1.125 fees=-1.714287 net=0.589287 unrealized=-145.875
2026-04-28T15:58:28.894106596 SPREAD HOOD NASDAQ  [81.98]  82x1700 | 82.01x4000  [0]  pos=-200  realized=-13.21 fees=-5.244785 net=-7.965215 unrealized=-6
2026-04-28T15:58:28.894110987 SPREAD XLE ARCA  [57.7]  57.71x3700 | 57.72x59300  [57.76]  pos=300  realized=2 fees=-1.179591 net=3.179591 unrealized=0.5
2026-04-28T15:58:28.894117902 SPREAD FXI ARCA  [0]  36.24x103400 | 36.25x37100  [36.27]  pos=0  realized=0 fees=0 net=0 unrealized=0
2026-04-28T15:58:28.894123830 SPREAD VZ NYSE  [47.18]  47.2x8500 | 47.21x6200  [47.23]  pos=100  realized=20 fees=-2.317488 net=22.317488 unrealized=0.5
2026-04-28T15:58:28.894128119 SPREAD INTC NASDAQ  [84.42]  84.45x900 | 84.46x1700  [0]  pos=0  realized=78.085034 fees=-15.515871 net=93.600905 unrealized=0
2026-04-28T15:58:28.894148553 SPREAD PYPL NASDAQ  [49.57]  49.6x3700 | 49.61x3100  [0]  pos=0  realized=6.73 fees=-2.095388 net=8.825388 unrealized=0
2026-04-28T15:58:28.894194891 SPREAD CMCSA NASDAQ  [27.59]  27.62x27100 | 27.63x33700  [27.64]  pos=100  realized=21.5 fees=-1.743262 net=23.243262 unrealized=1.5
2026-04-28T15:58:29.111753551 HOOD error placing order: 40310000: insufficient buying power
2026-04-28T15:58:29.424631616 HOOD error placing order: 40310000: insufficient buying power
2026-04-28T15:58:29.462122017 HOOD error placing order: 40310000: insufficient buying power
2026-04-28T15:58:29.698908608 HOOD error placing order: 40310000: insufficient buying power
2026-04-28T15:58:29.934200832 HOOD error placing order: 40310000: insufficient buying power
2026-04-28T15:58:30.188232215 XLE replacing sell order: 57.76 -> 57.73 (pos=300 spread=0 bid=57.71x1000 ask=57.71x4100)
2026-04-28T15:58:30.195044393 HOOD error placing order: 40310000: insufficient buying power
2026-04-28T15:58:30.213039392 XLE order replaced: replaced sell 100 @ 57.76 pos=0 filled=0/100
2026-04-28T15:58:30.549929756 HOOD error placing order: 40310000: insufficient buying power
2026-04-28T15:58:31.328171752 HOOD error placing order: 40310000: insufficient buying power
2026-04-28T15:58:31.712475193 HOOD error placing order: 40310000: insufficient buying power
2026-04-28T15:58:31.730586119 HOOD error placing order: 40310000: insufficient buying power
2026-04-28T15:58:32.344847494 HOOD error placing order: 40310000: insufficient buying power
2026-04-28T15:58:32.856927017 HOOD error placing order: 40310000: insufficient buying power
2026-04-28T15:58:32.931913082 HOOD error placing order: 40310000: insufficient buying power
2026-04-28T15:58:33.346809491 HOOD error placing order: 40310000: insufficient buying power
2026-04-28T15:58:33.594497364 HOOD error placing order: 40310000: insufficient buying power
2026-04-28T15:58:33.776179419 HOOD error placing order: 40310000: insufficient buying power
2026-04-28T15:58:33.894221150 BALANCE long=$39495 (4) short=$53184 (5) expose=$-13689 | realize=114.380034 fee=-32.141695 net=146.521729 unrealized=-189.275 equity=-42.753271 liquidate=-57.753271 | fills=461 pending=12 | ofails=977/1380
2026-04-28T15:58:33.894266941 SPREAD CMCSA NASDAQ  [27.59]  27.62x31000 | 27.63x33700  [27.64]  pos=100  realized=21.5 fees=-1.743262 net=23.243262 unrealized=1.5
2026-04-28T15:58:33.894279131 SPREAD DKNG NASDAQ  [23.37]  23.38x2000 | 23.39x2600  [23.41]  pos=-200  realized=2 fees=-1.079389 net=3.079389 unrealized=-1
2026-04-28T15:58:33.894286864 SPREAD RIVN NASDAQ  [16.15]  16.16x21900 | 16.17x14300  [16.21]  pos=-800  realized=0 fees=-0.615879 net=0.615879 unrealized=-33
2026-04-28T15:58:33.894296412 SPREAD AAL NASDAQ  [11.62]  11.63x137000 | 11.64x72900  [11.67]  pos=-100  realized=0 fees=-0.133701 net=0.133701 unrealized=1.5
2026-04-28T15:58:33.894306259 SPREAD NKE NYSE  [45.01]  45.02x1500 | 45.03x7800  [45.05]  pos=-400  realized=-1.6 fees=-0.502054 net=-1.097946 unrealized=-4.4
2026-04-28T15:58:33.894313249 SPREAD SOFI NASDAQ  [0]  18.37x25600 | 18.38x17000  [18.4]  pos=800  realized=-1.125 fees=-1.714287 net=0.589287 unrealized=-145.875
2026-04-28T15:58:33.894319808 SPREAD HOOD NASDAQ  [81.98]  82x2100 | 82.01x6000  [0]  pos=-200  realized=-13.21 fees=-5.244785 net=-7.965215 unrealized=-6
2026-04-28T15:58:33.894325941 SPREAD XLE ARCA  [57.7]  57.7x6200 | 57.71x53800  [57.73]  pos=300  realized=2 fees=-1.179591 net=3.179591 unrealized=-2.5
2026-04-28T15:58:33.894335349 SPREAD FXI ARCA  [0]  36.25x102400 | 36.26x58600  [36.27]  pos=0  realized=0 fees=0 net=0 unrealized=0
2026-04-28T15:58:33.894347145 SPREAD VZ NYSE  [47.18]  47.2x12100 | 47.21x8600  [47.23]  pos=100  realized=20 fees=-2.317488 net=22.317488 unrealized=0.5
2026-04-28T15:58:33.894356857 SPREAD INTC NASDAQ  [84.42]  84.44x3100 | 84.45x1500  [0]  pos=0  realized=78.085034 fees=-15.515871 net=93.600905 unrealized=0
2026-04-28T15:58:33.894363910 SPREAD PYPL NASDAQ  [49.57]  49.59x3400 | 49.6x4200  [0]  pos=0  realized=6.73 fees=-2.095388 net=8.825388 unrealized=0
2026-04-28T15:58:34.017685059 HOOD error placing order: 40310000: insufficient buying power
2026-04-28T15:58:34.061070995 HOOD error placing order: 40310000: insufficient buying power
2026-04-28T15:58:34.075081899 XLE order fill: filled buy 100 @ 57.7 pos=400 filled=100/100
2026-04-28T15:58:34.075099127 XLE filled 100 @ 57.7 | pos=400 | fill_pnl=0 | fee=-0.1772 | realized=2 | total_pnl=114.380034 | total_fees=-32.318895 | fills=462 shares=38500
2026-04-28T15:58:34.094682252 XLE placed buy 100 @ 57.68 -> ARCA (pos=400 spread=0.01 bid=57.7x4500 ask=57.71x56800)
2026-04-28T15:58:34.108398744 XLE order pending_new: pending_new buy 100 @ 57.68 pos=0 filled=0/100
2026-04-28T15:58:34.118348173 XLE order new: new buy 100 @ 57.68 pos=0 filled=0/100
2026-04-28T15:58:34.462885028 HOOD error placing order: 40310000: insufficient buying power
2026-04-28T15:58:34.943192426 HOOD error placing order: 40310000: insufficient buying power
2026-04-28T15:58:34.977568728 HOOD error placing order: 40310000: insufficient buying power
2026-04-28T15:58:35.230852747 HOOD error placing order: 40310000: insufficient buying power
2026-04-28T15:58:35.487029115 HOOD error placing order: 40310000: insufficient buying power
2026-04-28T15:58:35.706378972 HOOD error placing order: 40310000: insufficient buying power
2026-04-28T15:58:36.018881668 HOOD error placing order: 40310000: insufficient buying power
2026-04-28T15:58:36.244989513 HOOD error placing order: 40310000: insufficient buying power
2026-04-28T15:58:36.293005943 HOOD error placing order: 40310000: insufficient buying power
2026-04-28T15:58:36.548057500 HOOD error placing order: 40310000: insufficient buying power
2026-04-28T15:58:36.860321976 HOOD error placing order: 40310000: insufficient buying power
2026-04-28T15:58:36.909185514 HOOD error placing order: 40310000: insufficient buying power
2026-04-28T15:58:37.119203652 HOOD error placing order: 40310000: insufficient buying power
2026-04-28T15:58:37.353460440 HOOD error placing order: 40310000: insufficient buying power
2026-04-28T15:58:37.664826752 HOOD error placing order: 40310000: insufficient buying power
2026-04-28T15:58:38.088367896 INTC order fill: filled buy 100 @ 84.42 pos=100 filled=100/100
2026-04-28T15:58:38.088392759 INTC filled 100 @ 84.42 | pos=100 | fill_pnl=0 | fee=-0.1772 | realized=78.085034 | total_pnl=114.380034 | total_fees=-32.496095 | fills=463 shares=38600
2026-04-28T15:58:38.100842331 INTC placed sell 100 @ 84.47 -> NASDAQ (pos=100 spread=0.01 bid=84.44x8200 ask=84.45x2600)
2026-04-28T15:58:38.112859820 INTC error placing order: 40310000: insufficient buying power
2026-04-28T15:58:38.113689876 INTC order pending_new: pending_new sell 100 @ 84.47 pos=0 filled=0/100
2026-04-28T15:58:38.122903671 HOOD error placing order: 40310000: insufficient buying power
2026-04-28T15:58:38.217131544 INTC error placing order: 40310000: insufficient buying power
2026-04-28T15:58:38.224893687 HOOD error placing order: 40310000: insufficient buying power
2026-04-28T15:58:38.335065214 INTC order new: new sell 100 @ 84.47 pos=0 filled=0/100
2026-04-28T15:58:38.501302529 HOOD error placing order: 40310000: insufficient buying power
2026-04-28T15:58:38.509199592 INTC error placing order: 40310000: insufficient buying power
2026-04-28T15:58:38.529962362 INTC error placing order: 40310000: insufficient buying power
2026-04-28T15:58:38.818783876 INTC error placing order: 40310000: insufficient buying power
2026-04-28T15:58:38.826356463 HOOD error placing order: 40310000: insufficient buying power
2026-04-28T15:58:38.894419306 BALANCE long=$53717 (5) short=$53182 (5) expose=$535 | realize=114.380034 fee=-32.496095 net=146.876129 unrealized=-177.275034 equity=-30.398905 liquidate=-46.398905 | fills=463 pending=12 | ofails=1003/1408
2026-04-28T15:58:38.894479193 SPREAD NKE NYSE  [45.01]  45.01x3700 | 45.02x16700  [45.05]  pos=-400  realized=-1.6 fees=-0.502054 net=-1.097946 unrealized=-0.4
2026-04-28T15:58:38.894491443 SPREAD SOFI NASDAQ  [0]  18.38x9600 | 18.39x21100  [18.4]  pos=800  realized=-1.125 fees=-1.714287 net=0.589287 unrealized=-137.875
2026-04-28T15:58:38.894501547 SPREAD HOOD NASDAQ  [81.98]  82.01x1600 | 82.02x1400  [0]  pos=-200  realized=-13.21 fees=-5.244785 net=-7.965215 unrealized=-8
2026-04-28T15:58:38.894523448 SPREAD XLE ARCA  [57.68]  57.7x4000 | 57.71x66900  [57.73]  pos=400  realized=2 fees=-1.356791 net=3.356791 unrealized=-2
2026-04-28T15:58:38.894529691 SPREAD FXI ARCA  [0]  36.25x73200 | 36.26x56600  [36.27]  pos=0  realized=0 fees=0 net=0 unrealized=0
2026-04-28T15:58:38.894538179 SPREAD VZ NYSE  [47.18]  47.21x5300 | 47.22x5800  [47.23]  pos=100  realized=20 fees=-2.317488 net=22.317488 unrealized=1.5
2026-04-28T15:58:38.894544853 SPREAD INTC NASDAQ  [0]  84.42x1800 | 84.43x1000  [84.47]  pos=100  realized=78.085034 fees=-15.693071 net=93.778105 unrealized=0.499966
2026-04-28T15:58:38.894554433 SPREAD PYPL NASDAQ  [49.57]  49.59x3700 | 49.6x4200  [0]  pos=0  realized=6.73 fees=-2.095388 net=8.825388 unrealized=0
2026-04-28T15:58:38.894563991 SPREAD CMCSA NASDAQ  [27.59]  27.62x36000 | 27.63x35700  [27.64]  pos=100  realized=21.5 fees=-1.743262 net=23.243262 unrealized=1.5
2026-04-28T15:58:38.894573516 SPREAD DKNG NASDAQ  [23.37]  23.38x6700 | 23.39x3900  [23.41]  pos=-200  realized=2 fees=-1.079389 net=3.079389 unrealized=-1
2026-04-28T15:58:38.894582981 SPREAD RIVN NASDAQ  [16.15]  16.16x29000 | 16.17x16600  [16.21]  pos=-800  realized=0 fees=-0.615879 net=0.615879 unrealized=-33
2026-04-28T15:58:38.894592828 SPREAD AAL NASDAQ  [11.62]  11.63x141000 | 11.64x135500  [11.67]  pos=-100  realized=0 fees=-0.133701 net=0.133701 unrealized=1.5
2026-04-28T15:58:39.008474580 HOOD error placing order: 40310000: insufficient buying power
2026-04-28T15:58:39.017370149 INTC error placing order: 40310000: insufficient buying power
2026-04-28T15:58:39.245557083 HOOD error placing order: 40310000: insufficient buying power
2026-04-28T15:58:39.256976045 INTC error placing order: 40310000: insufficient buying power
2026-04-28T15:58:39.500139692 INTC error placing order: 40310000: insufficient buying power
2026-04-28T15:58:39.508190849 HOOD error placing order: 40310000: insufficient buying power
2026-04-28T15:58:39.863196827 INTC error placing order: 40310000: insufficient buying power
2026-04-28T15:58:39.869856083 HOOD error placing order: 40310000: insufficient buying power
2026-04-28T15:58:40.047510629 HOOD error placing order: 40310000: insufficient buying power
2026-04-28T15:58:40.065836427 INTC error placing order: 40310000: insufficient buying power
2026-04-28T15:58:40.089926506 INTC error placing order: 40310000: insufficient buying power
2026-04-28T15:58:40.097232795 HOOD error placing order: 40310000: insufficient buying power
2026-04-28T15:58:40.315945184 INTC error placing order: 40310000: insufficient buying power
2026-04-28T15:58:40.328059694 HOOD error placing order: 40310000: insufficient buying power
2026-04-28T15:58:40.406857973 NKE order fill: filled buy 100 @ 45.01 pos=-300 filled=100/100
2026-04-28T15:58:40.406879120 NKE filled 100 @ 45.01 | pos=-300 | fill_pnl=0.4 | fee=-0.1772 | realized=-1.2 | total_pnl=114.780034 | total_fees=-32.673295 | fills=464 shares=38700
2026-04-28T15:58:40.421219990 NKE placed buy 100 @ 44.99 -> NYSE (pos=-300 spread=0.01 bid=45.01x4900 ask=45.02x16900)
2026-04-28T15:58:40.431693111 NKE order pending_new: pending_new buy 100 @ 44.99 pos=0 filled=0/100
2026-04-28T15:58:40.445521607 NKE order new: new buy 100 @ 44.99 pos=0 filled=0/100
2026-04-28T15:58:40.509276894 INTC placed buy 100 @ 84.41 -> NASDAQ (pos=100 spread=0.01 bid=84.43x400 ask=84.44x39700)
2026-04-28T15:58:40.517913894 HOOD error placing order: 40310000: insufficient buying power
2026-04-28T15:58:40.524107697 INTC order pending_new: pending_new buy 100 @ 84.41 pos=0 filled=0/100
2026-04-28T15:58:40.534316326 INTC order new: new buy 100 @ 84.41 pos=0 filled=0/100
2026-04-28T15:58:40.872015183 HOOD error placing order: 40310000: insufficient buying power
2026-04-28T15:58:41.098121926 HOOD error placing order: 40310000: insufficient buying power
2026-04-28T15:58:41.284170972 HOOD error placing order: 40310000: insufficient buying power
2026-04-28T15:58:41.599783322 HOOD error placing order: 40310000: insufficient buying power
2026-04-28T15:58:41.622081624 HOOD error placing order: 40310000: insufficient buying power
2026-04-28T15:58:42.316876001 HOOD error placing order: 40310000: insufficient buying power
2026-04-28T15:58:42.624774634 HOOD error placing order: 40310000: insufficient buying power
2026-04-28T15:58:42.902437810 HOOD error placing order: 40310000: insufficient buying power
2026-04-28T15:58:43.432548324 HOOD replacing buy order: 81.98 -> 82.01 (pos=-200 spread=0 bid=82.03x200 ask=82.03x1300)
2026-04-28T15:58:43.445167023 HOOD error placing order: 40310000: insufficient buying power
2026-04-28T15:58:43.459654887 HOOD order replaced: replaced buy 100 @ 81.98 pos=0 filled=0/100
2026-04-28T15:58:43.480060339 HOOD error placing order: 40310000: insufficient buying power
2026-04-28T15:58:43.518651627 HOOD error placing order: 40310000: insufficient buying power
2026-04-28T15:58:43.571873272 CMCSA order fill: filled sell 100 @ 27.64 pos=0 filled=100/100
2026-04-28T15:58:43.571886523 CMCSA filled -100 @ 27.64 | pos=0 | fill_pnl=3 | fee=-0.100762 | realized=24.5 | total_pnl=117.780034 | total_fees=-32.774057 | fills=465 shares=38800
2026-04-28T15:58:43.783496614 HOOD error placing order: 40310000: insufficient buying power
2026-04-28T15:58:43.964924836 INTC order fill: filled sell 100 @ 84.47 pos=0 filled=100/100
2026-04-28T15:58:43.964946009 INTC filled -100 @ 84.47 | pos=0 | fill_pnl=5 | fee=0.016308 | realized=83.085034 | total_pnl=122.780034 | total_fees=-32.757749 | fills=466 shares=38900
2026-04-28T15:58:44.018320729 INTC replacing buy order: 84.41 -> 84.44 (pos=0 spread=0.02 bid=84.45x2200 ask=84.47x1700)
2026-04-28T15:58:44.024226111 HOOD placed sell 100 @ 82.06 -> NASDAQ (pos=-200 spread=0.01 bid=82.03x1300 ask=82.04x800)
2026-04-28T15:58:44.035899355 HOOD order pending_new: pending_new sell 100 @ 82.06 pos=0 filled=0/100
2026-04-28T15:58:44.035914163 INTC order replaced: replaced buy 100 @ 84.41 pos=0 filled=0/100
2026-04-28T15:58:44.048055010 HOOD order new: new sell 100 @ 82.06 pos=0 filled=0/100
2026-04-28T15:58:44.894311765 BALANCE long=$42512 (3) short=$48676 (5) expose=$-6165 | realize=122.780034 fee=-32.757749 net=155.537783 unrealized=-175.175 equity=-19.637217 liquidate=-34.137217 | fills=466 pending=12 | ofails=1030/1438
2026-04-28T15:58:44.894347422 SPREAD RIVN NASDAQ  [16.15]  16.15x3100 | 16.16x5700  [16.21]  pos=-800  realized=0 fees=-0.615879 net=0.615879 unrealized=-25
2026-04-28T15:58:44.894359338 SPREAD AAL NASDAQ  [11.62]  11.63x142200 | 11.64x137100  [11.67]  pos=-100  realized=0 fees=-0.133701 net=0.133701 unrealized=1.5
2026-04-28T15:58:44.894366964 SPREAD NKE NYSE  [44.99]  45.01x2600 | 45.02x20600  [45.05]  pos=-300  realized=-1.2 fees=-0.679254 net=-0.520746 unrealized=-0.3
2026-04-28T15:58:44.894377352 SPREAD SOFI NASDAQ  [0]  18.38x26200 | 18.39x33200  [18.4]  pos=800  realized=-1.125 fees=-1.714287 net=0.589287 unrealized=-137.875
2026-04-28T15:58:44.894387487 SPREAD HOOD NASDAQ  [82.01]  82.03x1600 | 82.04x1500  [82.06]  pos=-200  realized=-13.21 fees=-5.244785 net=-7.965215 unrealized=-12
2026-04-28T15:58:44.894394374 SPREAD XLE ARCA  [57.68]  57.7x49900 | 57.71x51700  [57.73]  pos=400  realized=2 fees=-1.356791 net=3.356791 unrealized=-2
2026-04-28T15:58:44.894399778 SPREAD FXI ARCA  [0]  36.25x79600 | 36.26x56400  [36.27]  pos=0  realized=0 fees=0 net=0 unrealized=0
2026-04-28T15:58:44.894407088 SPREAD VZ NYSE  [47.18]  47.21x12900 | 47.22x6900  [47.23]  pos=100  realized=20 fees=-2.317488 net=22.317488 unrealized=1.5
2026-04-28T15:58:44.894417143 SPREAD INTC NASDAQ  [84.44]  84.48x1500 | 84.49x4400  [0]  pos=0  realized=83.085034 fees=-15.676763 net=98.761797 unrealized=0
2026-04-28T15:58:44.894423537 SPREAD PYPL NASDAQ  [49.57]  49.59x3600 | 49.6x4200  [0]  pos=0  realized=6.73 fees=-2.095388 net=8.825388 unrealized=0
2026-04-28T15:58:44.894433307 SPREAD CMCSA NASDAQ  [27.59]  27.63x13500 | 27.64x16300  [0]  pos=0  realized=24.5 fees=-1.844024 net=26.344024 unrealized=0
2026-04-28T15:58:44.894439970 SPREAD DKNG NASDAQ  [23.37]  23.38x9600 | 23.39x4800  [23.41]  pos=-200  realized=2 fees=-1.079389 net=3.079389 unrealized=-1
2026-04-28T15:58:44.897465056 RIVN replacing sell order: 16.21 -> 16.18 (pos=-800 spread=0 bid=16.16x1200 ask=16.16x200)
2026-04-28T15:58:44.922654411 RIVN order replaced: replaced sell 100 @ 16.21 pos=0 filled=0/100
2026-04-28T15:58:44.933997978 INTC replacing buy order: 84.44 -> 84.47 (pos=0 spread=0.02 bid=84.48x3100 ask=84.5x36600)
2026-04-28T15:58:44.961026828 INTC order replaced: replaced buy 100 @ 84.44 pos=0 filled=0/100
2026-04-28T15:58:45.613594088 RIVN order fill: filled buy 100 @ 16.15 pos=-700 filled=100/100
2026-04-28T15:58:45.613619606 RIVN filled 100 @ 16.15 | pos=-700 | fill_pnl=-2.625 | fee=-0.1772 | realized=-2.625 | total_pnl=120.155034 | total_fees=-32.934949 | fills=467 shares=39000
2026-04-28T15:58:45.624710435 RIVN placed buy 100 @ 16.13 -> NASDAQ (pos=-700 spread=0.01 bid=16.15x3300 ask=16.16x9200)
2026-04-28T15:58:45.635503946 RIVN order pending_new: pending_new buy 100 @ 16.13 pos=0 filled=0/100
2026-04-28T15:58:45.648368025 RIVN order new: new buy 100 @ 16.13 pos=0 filled=0/100
2026-04-28T15:58:50.894573236 BALANCE long=$42508 (3) short=$47058 (5) expose=$-4550 | realize=120.155034 fee=-32.934949 net=153.089983 unrealized=-173.05 equity=-19.960017 liquidate=-33.960017 | fills=467 pending=12 | ofails=1030/1439
2026-04-28T15:58:50.894644716 SPREAD SOFI NASDAQ  [0]  18.37x10800 | 18.38x25600  [18.4]  pos=800  realized=-1.125 fees=-1.714287 net=0.589287 unrealized=-145.875
2026-04-28T15:58:50.894659307 SPREAD HOOD NASDAQ  [82.01]  82.05x800 | 82.06x1400  [82.06]  pos=-200  realized=-13.21 fees=-5.244785 net=-7.965215 unrealized=-16
2026-04-28T15:58:50.894667147 SPREAD XLE ARCA  [57.68]  57.71x42700 | 57.72x24800  [57.73]  pos=400  realized=2 fees=-1.356791 net=3.356791 unrealized=2
2026-04-28T15:58:50.894676044 SPREAD FXI ARCA  [0]  36.26x22900 | 36.27x105700  [36.27]  pos=0  realized=0 fees=0 net=0 unrealized=0
2026-04-28T15:58:50.894687486 SPREAD VZ NYSE  [47.18]  47.21x17800 | 47.22x10000  [47.23]  pos=100  realized=20 fees=-2.317488 net=22.317488 unrealized=1.5
2026-04-28T15:58:50.894694612 SPREAD INTC NASDAQ  [84.47]  84.5x1600 | 84.51x3600  [0]  pos=0  realized=83.085034 fees=-15.676763 net=98.761797 unrealized=0
2026-04-28T15:58:50.894703944 SPREAD PYPL NASDAQ  [49.57]  49.6x8000 | 49.61x3600  [0]  pos=0  realized=6.73 fees=-2.095388 net=8.825388 unrealized=0
2026-04-28T15:58:50.894714727 SPREAD CMCSA NASDAQ  [27.59]  27.63x23700 | 27.64x17100  [0]  pos=0  realized=24.5 fees=-1.844024 net=26.344024 unrealized=0
2026-04-28T15:58:50.894725421 SPREAD DKNG NASDAQ  [23.37]  23.38x13100 | 23.39x7300  [23.41]  pos=-200  realized=2 fees=-1.079389 net=3.079389 unrealized=-1
2026-04-28T15:58:50.894735784 SPREAD RIVN NASDAQ  [16.13]  16.14x11400 | 16.15x12200  [16.18]  pos=-700  realized=-2.625 fees=-0.793079 net=-1.831921 unrealized=-14.875
2026-04-28T15:58:50.894741935 SPREAD AAL NASDAQ  [11.62]  11.63x144600 | 11.64x133800  [11.67]  pos=-100  realized=0 fees=-0.133701 net=0.133701 unrealized=1.5
2026-04-28T15:58:50.894748461 SPREAD NKE NYSE  [44.99]  45.01x3300 | 45.02x21200  [45.05]  pos=-300  realized=-1.2 fees=-0.679254 net=-0.520746 unrealized=-0.3
2026-04-28T15:58:51.961678655 CMCSA replacing buy order: 27.59 -> 27.62 (pos=0 spread=0 bid=27.64x600 ask=27.64x300)
2026-04-28T15:58:51.986840369 CMCSA order replaced: replaced buy 100 @ 27.59 pos=0 filled=0/100
2026-04-28T15:58:54.488687042 HOOD order fill: filled sell 100 @ 82.06 pos=-300 filled=100/100
2026-04-28T15:58:54.488710788 HOOD filled -100 @ 82.06 | pos=-300 | fill_pnl=0 | fee=0.011344 | realized=-13.21 | total_pnl=120.155034 | total_fees=-32.923605 | fills=468 shares=39100
2026-04-28T15:58:54.503363348 HOOD error placing order: 40310000: insufficient buying power
2026-04-28T15:58:54.769325072 HOOD error placing order: 40310000: insufficient buying power
2026-04-28T15:58:55.326966971 HOOD error placing order: 40310000: insufficient buying power
2026-04-28T15:58:55.811575412 HOOD error placing order: 40310000: insufficient buying power
2026-04-28T15:58:55.907882096 HOOD error placing order: 40310000: insufficient buying power
2026-04-28T15:58:56.742401522 HOOD error placing order: 40310000: insufficient buying power
2026-04-28T15:58:56.894477737 BALANCE long=$42504 (3) short=$55263 (5) expose=$-12760 | realize=120.155034 fee=-32.923605 net=153.078639 unrealized=-176.55 equity=-23.471361 liquidate=-37.971361 | fills=468 pending=12 | ofails=1036/1445
2026-04-28T15:58:56.894541759 SPREAD VZ NYSE  [47.18]  47.21x22300 | 47.22x14800  [47.23]  pos=100  realized=20 fees=-2.317488 net=22.317488 unrealized=1.5
2026-04-28T15:58:56.894559180 SPREAD INTC NASDAQ  [84.47]  84.51x2600 | 84.52x13400  [0]  pos=0  realized=83.085034 fees=-15.676763 net=98.761797 unrealized=0
2026-04-28T15:58:56.894569001 SPREAD PYPL NASDAQ  [49.57]  49.6x9000 | 49.61x5600  [0]  pos=0  realized=6.73 fees=-2.095388 net=8.825388 unrealized=0
2026-04-28T15:58:56.894579074 SPREAD CMCSA NASDAQ  [27.62]  27.64x27300 | 27.65x20100  [0]  pos=0  realized=24.5 fees=-1.844024 net=26.344024 unrealized=0
2026-04-28T15:58:56.894598705 SPREAD DKNG NASDAQ  [23.37]  23.38x18300 | 23.39x9700  [23.41]  pos=-200  realized=2 fees=-1.079389 net=3.079389 unrealized=-1
2026-04-28T15:58:56.894605799 SPREAD RIVN NASDAQ  [16.13]  16.14x13400 | 16.15x25000  [16.18]  pos=-700  realized=-2.625 fees=-0.793079 net=-1.831921 unrealized=-14.875
2026-04-28T15:58:56.894612857 SPREAD AAL NASDAQ  [11.62]  11.63x161500 | 11.64x129400  [11.67]  pos=-100  realized=0 fees=-0.133701 net=0.133701 unrealized=1.5
2026-04-28T15:58:56.894623913 SPREAD NKE NYSE  [44.99]  45.01x2700 | 45.02x22300  [45.05]  pos=-300  realized=-1.2 fees=-0.679254 net=-0.520746 unrealized=-0.3
2026-04-28T15:58:56.894634420 SPREAD SOFI NASDAQ  [0]  18.37x11700 | 18.38x30300  [18.4]  pos=800  realized=-1.125 fees=-1.714287 net=0.589287 unrealized=-145.875
2026-04-28T15:58:56.894644609 SPREAD HOOD NASDAQ  [82.01]  82.05x1500 | 82.06x4500  [0]  pos=-300  realized=-13.21 fees=-5.233441 net=-7.976559 unrealized=-15.5
2026-04-28T15:58:56.894654682 SPREAD XLE ARCA  [57.68]  57.7x12000 | 57.71x35000  [57.73]  pos=400  realized=2 fees=-1.356791 net=3.356791 unrealized=-2
2026-04-28T15:58:56.894663603 SPREAD FXI ARCA  [0]  36.25x52700 | 36.26x102300  [36.27]  pos=0  realized=0 fees=0 net=0 unrealized=0
2026-04-28T15:58:56.966244677 HOOD error placing order: 40310000: insufficient buying power
2026-04-28T15:58:57.578810246 HOOD error placing order: 40310000: insufficient buying power
2026-04-28T15:58:57.930968371 HOOD error placing order: 40310000: insufficient buying power
2026-04-28T15:58:58.262473911 HOOD error placing order: 40310000: insufficient buying power
2026-04-28T15:58:58.525654279 HOOD error placing order: 40310000: insufficient buying power
2026-04-28T15:58:59.201740064 HOOD error placing order: 40310000: insufficient buying power
2026-04-28T15:58:59.577152724 HOOD error placing order: 40310000: insufficient buying power
2026-04-28T15:58:59.915496760 HOOD error placing order: 40310000: insufficient buying power
2026-04-28T15:58:59.973433258 HOOD error placing order: 40310000: insufficient buying power
2026-04-28T15:59:00.457064863 HOOD error placing order: 40310000: insufficient buying power
2026-04-28T15:59:01.068202522 HOOD error placing order: 40310000: insufficient buying power
2026-04-28T15:59:01.111534184 HOOD error placing order: 40310000: insufficient buying power
2026-04-28T15:59:01.148001007 INTC replacing buy order: 84.47 -> 84.5 (pos=0 spread=0.02 bid=84.51x6600 ask=84.53x1900)
2026-04-28T15:59:01.172829198 INTC order replaced: replaced buy 100 @ 84.47 pos=0 filled=0/100
2026-04-28T15:59:01.260115886 HOOD error placing order: 40310000: insufficient buying power
2026-04-28T15:59:01.337322934 HOOD error placing order: 40310000: insufficient buying power
2026-04-28T15:59:01.904932288 HOOD error placing order: 40310000: insufficient buying power
2026-04-28T15:59:02.295793161 HOOD error placing order: 40310000: insufficient buying power
2026-04-28T15:59:02.718163750 HOOD error placing order: 40310000: insufficient buying power
2026-04-28T15:59:02.894128242 BALANCE long=$42512 (3) short=$55250 (5) expose=$-12739 | realize=120.155034 fee=-32.923605 net=153.078639 unrealized=-155.55 equity=-2.471361 liquidate=-16.971361 | fills=468 pending=12 | ofails=1053/1462
2026-04-28T15:59:02.894188015 SPREAD INTC NASDAQ  [84.5]  84.53x2400 | 84.54x2700  [0]  pos=0  realized=83.085034 fees=-15.676763 net=98.761797 unrealized=0
2026-04-28T15:59:02.894201315 SPREAD PYPL NASDAQ  [49.57]  49.6x13700 | 49.61x5800  [0]  pos=0  realized=6.73 fees=-2.095388 net=8.825388 unrealized=0
2026-04-28T15:59:02.894207397 SPREAD CMCSA NASDAQ  [27.62]  27.64x38100 | 27.65x22200  [0]  pos=0  realized=24.5 fees=-1.844024 net=26.344024 unrealized=0
2026-04-28T15:59:02.894215324 SPREAD DKNG NASDAQ  [23.37]  23.38x19000 | 23.39x2900  [23.41]  pos=-200  realized=2 fees=-1.079389 net=3.079389 unrealized=-1
2026-04-28T15:59:02.894225715 SPREAD RIVN NASDAQ  [16.13]  16.13x9300 | 16.14x6300  [16.18]  pos=-700  realized=-2.625 fees=-0.793079 net=-1.831921 unrealized=-7.875
2026-04-28T15:59:02.894235402 SPREAD AAL NASDAQ  [11.62]  11.63x161200 | 11.64x130900  [11.67]  pos=-100  realized=0 fees=-0.133701 net=0.133701 unrealized=1.5
2026-04-28T15:59:02.894246559 SPREAD NKE NYSE  [44.99]  45x9500 | 45.01x17800  [45.05]  pos=-300  realized=-1.2 fees=-0.679254 net=-0.520746 unrealized=2.7
2026-04-28T15:59:02.894256892 SPREAD SOFI NASDAQ  [0]  18.38x27700 | 18.39x41900  [18.4]  pos=800  realized=-1.125 fees=-1.714287 net=0.589287 unrealized=-137.875
2026-04-28T15:59:02.894262794 SPREAD HOOD NASDAQ  [82.01]  82.04x6100 | 82.05x3200  [0]  pos=-300  realized=-13.21 fees=-5.233441 net=-7.976559 unrealized=-12.5
2026-04-28T15:59:02.894272481 SPREAD XLE ARCA  [57.68]  57.7x37100 | 57.71x35500  [57.73]  pos=400  realized=2 fees=-1.356791 net=3.356791 unrealized=-2
2026-04-28T15:59:02.894281583 SPREAD FXI ARCA  [0]  36.25x42800 | 36.26x102600  [36.27]  pos=0  realized=0 fees=0 net=0 unrealized=0
2026-04-28T15:59:02.894288499 SPREAD VZ NYSE  [47.18]  47.21x2800 | 47.22x18300  [47.23]  pos=100  realized=20 fees=-2.317488 net=22.317488 unrealized=1.5
2026-04-28T15:59:03.127994871 HOOD error placing order: 40310000: insufficient buying power
2026-04-28T15:59:03.404665863 HOOD error placing order: 40310000: insufficient buying power
2026-04-28T15:59:03.509814291 SOFI order fill: filled sell 100 @ 18.4 pos=700 filled=100/100
2026-04-28T15:59:03.509838146 SOFI filled -100 @ 18.4 | pos=700 | fill_pnl=-15.7344 | fee=-0.119796 | realized=-16.8594 | total_pnl=104.420634 | total_fees=-33.043401 | fills=469 shares=39200
2026-04-28T15:59:03.523477476 SOFI placed sell 100 @ 18.41 -> NASDAQ (pos=700 spread=0.01 bid=18.38x26800 ask=18.39x41900)
2026-04-28T15:59:03.531524142 SOFI placed buy 100 @ 18.36 -> NASDAQ (pos=700 spread=0.01 bid=18.38x26800 ask=18.39x41900)
2026-04-28T15:59:03.536346072 SOFI order pending_new: pending_new sell 100 @ 18.41 pos=0 filled=0/100
2026-04-28T15:59:03.536360279 SOFI order pending_new: pending_new buy 100 @ 18.36 pos=0 filled=0/100
2026-04-28T15:59:03.549193883 SOFI order new: new sell 100 @ 18.41 pos=0 filled=0/100
2026-04-28T15:59:03.549213834 SOFI order fill: filled sell 100 @ 18.41 pos=600 filled=100/100
2026-04-28T15:59:03.549226721 SOFI filled -100 @ 18.41 | pos=600 | fill_pnl=-14.7344 | fee=-0.119775 | realized=-31.5938 | total_pnl=89.686234 | total_fees=-33.163176 | fills=470 shares=39300
2026-04-28T15:59:03.549252343 SOFI order new: new buy 100 @ 18.36 pos=0 filled=0/100
2026-04-28T15:59:03.560076555 SOFI placed sell 100 @ 18.41 -> NASDAQ (pos=600 spread=0.01 bid=18.38x26800 ask=18.39x41900)
2026-04-28T15:59:03.571081816 SOFI order pending_new: pending_new sell 100 @ 18.41 pos=0 filled=0/100
2026-04-28T15:59:03.584990961 SOFI order new: new sell 100 @ 18.41 pos=0 filled=0/100
2026-04-28T15:59:03.641462164 SOFI replacing buy order: 18.36 -> 18.39 (pos=600 spread=0.02 bid=18.4x29600 ask=18.42x9500)
2026-04-28T15:59:03.646942897 HOOD placed sell 100 @ 82.06 -> NASDAQ (pos=-300 spread=0.01 bid=82.03x1400 ask=82.04x1300)
2026-04-28T15:59:03.650669040 SOFI replacing sell order: 18.41 -> 18.44 (pos=600 spread=0.01 bid=18.41x16200 ask=18.42x10100)
2026-04-28T15:59:03.658561973 HOOD order pending_new: pending_new sell 100 @ 82.06 pos=0 filled=0/100
2026-04-28T15:59:03.658587635 SOFI order replaced: replaced buy 100 @ 18.36 pos=0 filled=0/100
2026-04-28T15:59:03.670304734 HOOD order new: new sell 100 @ 82.06 pos=0 filled=0/100
2026-04-28T15:59:03.670322769 SOFI order replaced: replaced sell 100 @ 18.41 pos=0 filled=0/100
2026-04-28T15:59:08.516464775 INTC replacing buy order: 84.5 -> 84.53 (pos=0 spread=0 bid=84.55x100 ask=84.55x100)
2026-04-28T15:59:08.541509522 INTC order replaced: replaced buy 100 @ 84.5 pos=0 filled=0/100
2026-04-28T15:59:08.894592984 BALANCE long=$38851 (3) short=$55252 (5) expose=$-16402 | realize=89.686234 fee=-33.163176 net=122.84941 unrealized=-107.0812 equity=15.76821 liquidate=2.26821 | fills=470 pending=12 | ofails=1055/1468
2026-04-28T15:59:08.894650264 SPREAD INTC NASDAQ  [84.53]  84.55x4200 | 84.56x12900  [0]  pos=0  realized=83.085034 fees=-15.676763 net=98.761797 unrealized=0
2026-04-28T15:59:08.894661536 SPREAD PYPL NASDAQ  [49.57]  49.6x14700 | 49.61x8100  [0]  pos=0  realized=6.73 fees=-2.095388 net=8.825388 unrealized=0
2026-04-28T15:59:08.894668989 SPREAD CMCSA NASDAQ  [27.62]  27.64x33100 | 27.65x14400  [0]  pos=0  realized=24.5 fees=-1.844024 net=26.344024 unrealized=0
2026-04-28T15:59:08.894678376 SPREAD DKNG NASDAQ  [23.37]  23.39x9900 | 23.4x8000  [23.41]  pos=-200  realized=2 fees=-1.079389 net=3.079389 unrealized=-3
2026-04-28T15:59:08.894685298 SPREAD RIVN NASDAQ  [16.13]  16.13x22700 | 16.14x6300  [16.18]  pos=-700  realized=-2.625 fees=-0.793079 net=-1.831921 unrealized=-7.875
2026-04-28T15:59:08.894692805 SPREAD AAL NASDAQ  [11.62]  11.63x163400 | 11.64x67600  [11.67]  pos=-100  realized=0 fees=-0.133701 net=0.133701 unrealized=1.5
2026-04-28T15:59:08.894699258 SPREAD NKE NYSE  [44.99]  45x9200 | 45.01x24500  [45.05]  pos=-300  realized=-1.2 fees=-0.679254 net=-0.520746 unrealized=2.7
2026-04-28T15:59:08.894706202 SPREAD SOFI NASDAQ  [18.39]  18.4x22800 | 18.41x32100  [18.44]  pos=600  realized=-31.5938 fees=-1.953858 net=-29.639942 unrealized=-91.4062
2026-04-28T15:59:08.894716919 SPREAD HOOD NASDAQ  [82.01]  82.04x600 | 82.05x15600  [82.06]  pos=-300  realized=-13.21 fees=-5.233441 net=-7.976559 unrealized=-12.5
2026-04-28T15:59:08.894723040 SPREAD XLE ARCA  [57.68]  57.71x48700 | 57.72x14800  [57.73]  pos=400  realized=2 fees=-1.356791 net=3.356791 unrealized=2
2026-04-28T15:59:08.894731717 SPREAD FXI ARCA  [0]  36.25x32200 | 36.26x99800  [36.27]  pos=0  realized=0 fees=0 net=0 unrealized=0
2026-04-28T15:59:08.894741533 SPREAD VZ NYSE  [47.18]  47.21x8200 | 47.22x6100  [47.23]  pos=100  realized=20 fees=-2.317488 net=22.317488 unrealized=1.5
2026-04-28T15:59:10.678384058 PYPL replacing buy order: 49.57 -> 49.6 (pos=0 spread=0 bid=49.62x600 ask=49.62x100)
2026-04-28T15:59:10.703784532 PYPL order replaced: replaced buy 100 @ 49.57 pos=0 filled=0/100
2026-04-28T15:59:11.783041344 SOFI order fill: filled buy 100 @ 18.39 pos=700 filled=100/100
2026-04-28T15:59:11.783065758 SOFI filled 100 @ 18.39 | pos=700 | fill_pnl=0 | fee=-0.1772 | realized=-31.5938 | total_pnl=89.686234 | total_fees=-33.340376 | fills=471 shares=39400
2026-04-28T15:59:11.800579637 SOFI error placing order: 40310000: insufficient buying power
2026-04-28T15:59:12.011819042 SOFI replacing sell order: 18.44 -> 18.41 (pos=700 spread=0 bid=18.39x1200 ask=18.39x1600)
2026-04-28T15:59:12.018130207 SOFI error placing order: 40310000: insufficient buying power
2026-04-28T15:59:12.036322030 SOFI order replaced: replaced sell 100 @ 18.44 pos=0 filled=0/100
2026-04-28T15:59:12.047556494 SOFI error placing order: 40310000: insufficient buying power
2026-04-28T15:59:12.316200479 RIVN order fill: filled buy 100 @ 16.13 pos=-600 filled=100/100
2026-04-28T15:59:12.316220506 RIVN filled 100 @ 16.13 | pos=-600 | fill_pnl=-0.625 | fee=-0.1772 | realized=-3.25 | total_pnl=89.061234 | total_fees=-33.517576 | fills=472 shares=39500
2026-04-28T15:59:12.331870077 RIVN placed buy 100 @ 16.11 -> NASDAQ (pos=-600 spread=0.01 bid=16.13x24300 ask=16.14x16100)
2026-04-28T15:59:12.343226706 RIVN order pending_new: pending_new buy 100 @ 16.11 pos=0 filled=0/100
2026-04-28T15:59:12.356873741 RIVN order new: new buy 100 @ 16.11 pos=0 filled=0/100
2026-04-28T15:59:12.360793634 SOFI placed buy 100 @ 18.36 -> NASDAQ (pos=700 spread=0.01 bid=18.38x14700 ask=18.39x11200)
2026-04-28T15:59:12.372310681 SOFI order pending_new: pending_new buy 100 @ 18.36 pos=0 filled=0/100
2026-04-28T15:59:12.385830481 SOFI order new: new buy 100 @ 18.36 pos=0 filled=0/100
2026-04-28T15:59:13.010503211 VZ order fill: filled sell 100 @ 47.23 pos=0 filled=100/100
2026-04-28T15:59:13.010527176 VZ filled -100 @ 47.23 | pos=0 | fill_pnl=3 | fee=-0.060406 | realized=23 | total_pnl=92.061234 | total_fees=-33.577982 | fills=473 shares=39600
2026-04-28T15:59:14.894063616 BALANCE long=$35956 (2) short=$53639 (5) expose=$-17683 | realize=92.061234 fee=-33.577982 net=125.639216 unrealized=-119.9562 equity=5.683016 liquidate=-7.316984 | fills=473 pending=12 | ofails=1058/1473
2026-04-28T15:59:14.894117331 SPREAD INTC NASDAQ  [84.53]  84.54x1700 | 84.55x4100  [0]  pos=0  realized=83.085034 fees=-15.676763 net=98.761797 unrealized=0
2026-04-28T15:59:14.894128636 SPREAD PYPL NASDAQ  [49.6]  49.62x4400 | 49.63x800  [0]  pos=0  realized=6.73 fees=-2.095388 net=8.825388 unrealized=0
2026-04-28T15:59:14.894140420 SPREAD CMCSA NASDAQ  [27.62]  27.64x25000 | 27.65x8600  [0]  pos=0  realized=24.5 fees=-1.844024 net=26.344024 unrealized=0
2026-04-28T15:59:14.894156049 SPREAD DKNG NASDAQ  [23.37]  23.39x28000 | 23.4x9800  [23.41]  pos=-200  realized=2 fees=-1.079389 net=3.079389 unrealized=-3
2026-04-28T15:59:14.894187628 SPREAD RIVN NASDAQ  [16.11]  16.13x20600 | 16.14x11600  [16.18]  pos=-600  realized=-3.25 fees=-0.970279 net=-2.279721 unrealized=-6.75
2026-04-28T15:59:14.894200033 SPREAD AAL NASDAQ  [11.62]  11.63x173400 | 11.64x66700  [11.67]  pos=-100  realized=0 fees=-0.133701 net=0.133701 unrealized=1.5
2026-04-28T15:59:14.894207961 SPREAD NKE NYSE  [44.99]  45x9900 | 45.01x28800  [45.05]  pos=-300  realized=-1.2 fees=-0.679254 net=-0.520746 unrealized=2.7
2026-04-28T15:59:14.894235444 SPREAD SOFI NASDAQ  [18.36]  18.38x10800 | 18.39x17700  [18.41]  pos=700  realized=-31.5938 fees=-2.131058 net=-29.462742 unrealized=-103.9062
2026-04-28T15:59:14.894251396 SPREAD HOOD NASDAQ  [82.01]  82.04x7200 | 82.05x19100  [82.06]  pos=-300  realized=-13.21 fees=-5.233441 net=-7.976559 unrealized=-12.5
2026-04-28T15:59:14.894261486 SPREAD XLE ARCA  [57.68]  57.71x34800 | 57.72x13500  [57.73]  pos=400  realized=2 fees=-1.356791 net=3.356791 unrealized=2
2026-04-28T15:59:14.894268571 SPREAD FXI ARCA  [0]  36.25x29500 | 36.26x94900  [36.27]  pos=0  realized=0 fees=0 net=0 unrealized=0
2026-04-28T15:59:14.894278498 SPREAD VZ NYSE  [47.18]  47.22x11500 | 47.23x3900  [0]  pos=0  realized=23 fees=-2.377894 net=25.377894 unrealized=0
2026-04-28T15:59:19.894131334 BALANCE long=$35949 (2) short=$53641 (5) expose=$-17692 | realize=92.061234 fee=-33.577982 net=125.639216 unrealized=-128.9562 equity=-3.316984 liquidate=-16.316984 | fills=473 pending=12 | ofails=1058/1473
2026-04-28T15:59:19.894195499 SPREAD RIVN NASDAQ  [16.11]  16.13x34300 | 16.14x17000  [16.18]  pos=-600  realized=-3.25 fees=-0.970279 net=-2.279721 unrealized=-6.75
2026-04-28T15:59:19.894206671 SPREAD AAL NASDAQ  [11.62]  11.63x177800 | 11.64x85500  [11.67]  pos=-100  realized=0 fees=-0.133701 net=0.133701 unrealized=1.5
2026-04-28T15:59:19.894214497 SPREAD NKE NYSE  [44.99]  45x11900 | 45.01x37000  [45.05]  pos=-300  realized=-1.2 fees=-0.679254 net=-0.520746 unrealized=2.7
2026-04-28T15:59:19.894225027 SPREAD SOFI NASDAQ  [18.36]  18.37x25100 | 18.38x40600  [18.41]  pos=700  realized=-31.5938 fees=-2.131058 net=-29.462742 unrealized=-110.9062
2026-04-28T15:59:19.894234528 SPREAD HOOD NASDAQ  [82.01]  82.04x8600 | 82.05x17100  [82.06]  pos=-300  realized=-13.21 fees=-5.233441 net=-7.976559 unrealized=-12.5
2026-04-28T15:59:19.894241050 SPREAD XLE ARCA  [57.68]  57.71x33200 | 57.72x32600  [57.73]  pos=400  realized=2 fees=-1.356791 net=3.356791 unrealized=2
2026-04-28T15:59:19.894252913 SPREAD FXI ARCA  [0]  36.25x62600 | 36.26x91900  [36.27]  pos=0  realized=0 fees=0 net=0 unrealized=0
2026-04-28T15:59:19.894277127 SPREAD VZ NYSE  [47.18]  47.22x20500 | 47.23x10700  [0]  pos=0  realized=23 fees=-2.377894 net=25.377894 unrealized=0
2026-04-28T15:59:19.894285207 SPREAD INTC NASDAQ  [84.53]  84.55x4500 | 84.56x700  [0]  pos=0  realized=83.085034 fees=-15.676763 net=98.761797 unrealized=0
2026-04-28T15:59:19.894297763 SPREAD PYPL NASDAQ  [49.6]  49.62x6900 | 49.63x9700  [0]  pos=0  realized=6.73 fees=-2.095388 net=8.825388 unrealized=0
2026-04-28T15:59:19.894304806 SPREAD CMCSA NASDAQ  [27.62]  27.64x29100 | 27.65x30100  [0]  pos=0  realized=24.5 fees=-1.844024 net=26.344024 unrealized=0
2026-04-28T15:59:19.894314342 SPREAD DKNG NASDAQ  [23.37]  23.4x9500 | 23.41x6300  [23.41]  pos=-200  realized=2 fees=-1.079389 net=3.079389 unrealized=-5
2026-04-28T15:59:23.050661960 DKNG order fill: filled sell 100 @ 23.41 pos=-300 filled=100/100
2026-04-28T15:59:23.050690110 DKNG filled -100 @ 23.41 | pos=-300 | fill_pnl=0 | fee=-0.109475 | realized=2 | total_pnl=92.061234 | total_fees=-33.687457 | fills=474 shares=39700
2026-04-28T15:59:23.071257604 DKNG placed sell 100 @ 23.43 -> NASDAQ (pos=-300 spread=0.01 bid=23.4x19700 ask=23.41x7600)
2026-04-28T15:59:23.087492025 DKNG order pending_new: pending_new sell 100 @ 23.43 pos=0 filled=0/100
2026-04-28T15:59:23.095285093 DKNG order new: new sell 100 @ 23.43 pos=0 filled=0/100
2026-04-28T15:59:24.894266554 BALANCE long=$35949 (2) short=$55981 (5) expose=$-20033 | realize=92.061234 fee=-33.687457 net=125.748691 unrealized=-128.4562 equity=-2.707509 liquidate=-16.207509 | fills=474 pending=12 | ofails=1058/1474
2026-04-28T15:59:24.894324721 SPREAD RIVN NASDAQ  [16.11]  16.13x39800 | 16.14x19700  [16.18]  pos=-600  realized=-3.25 fees=-0.970279 net=-2.279721 unrealized=-6.75
2026-04-28T15:59:24.894343564 SPREAD AAL NASDAQ  [11.62]  11.63x174500 | 11.64x83600  [11.67]  pos=-100  realized=0 fees=-0.133701 net=0.133701 unrealized=1.5
2026-04-28T15:59:24.894360138 SPREAD NKE NYSE  [44.99]  45x12400 | 45.01x40100  [45.05]  pos=-300  realized=-1.2 fees=-0.679254 net=-0.520746 unrealized=2.7
2026-04-28T15:59:24.894370959 SPREAD SOFI NASDAQ  [18.36]  18.37x39300 | 18.38x59500  [18.41]  pos=700  realized=-31.5938 fees=-2.131058 net=-29.462742 unrealized=-110.9062
2026-04-28T15:59:24.894381136 SPREAD HOOD NASDAQ  [82.01]  82.04x8500 | 82.05x21000  [82.06]  pos=-300  realized=-13.21 fees=-5.233441 net=-7.976559 unrealized=-12.5
2026-04-28T15:59:24.894390703 SPREAD XLE ARCA  [57.68]  57.71x33700 | 57.72x34400  [57.73]  pos=400  realized=2 fees=-1.356791 net=3.356791 unrealized=2
2026-04-28T15:59:24.894399603 SPREAD FXI ARCA  [0]  36.25x66200 | 36.26x113700  [36.27]  pos=0  realized=0 fees=0 net=0 unrealized=0
2026-04-28T15:59:24.894407401 SPREAD VZ NYSE  [47.18]  47.21x1600 | 47.22x7100  [0]  pos=0  realized=23 fees=-2.377894 net=25.377894 unrealized=0
2026-04-28T15:59:24.894416394 SPREAD INTC NASDAQ  [84.53]  84.55x2500 | 84.56x1900  [0]  pos=0  realized=83.085034 fees=-15.676763 net=98.761797 unrealized=0
2026-04-28T15:59:24.894425656 SPREAD PYPL NASDAQ  [49.6]  49.62x8700 | 49.63x8300  [0]  pos=0  realized=6.73 fees=-2.095388 net=8.825388 unrealized=0
2026-04-28T15:59:24.894435057 SPREAD CMCSA NASDAQ  [27.62]  27.64x32900 | 27.65x34100  [0]  pos=0  realized=24.5 fees=-1.844024 net=26.344024 unrealized=0
2026-04-28T15:59:24.894444636 SPREAD DKNG NASDAQ  [23.37]  23.4x20200 | 23.41x6600  [23.43]  pos=-300  realized=2 fees=-1.188864 net=3.188864 unrealized=-4.5
2026-04-28T15:59:25.005397806 NKE replacing sell order: 45.05 -> 45.02 (pos=-300 spread=0 bid=45x100 ask=45x3300)
2026-04-28T15:59:25.030026138 NKE order replaced: replaced sell 100 @ 45.05 pos=0 filled=0/100
2026-04-28T15:59:25.873698920 NKE order fill: filled sell 100 @ 45.02 pos=-400 filled=100/100
2026-04-28T15:59:25.873726818 NKE filled -100 @ 45.02 | pos=-400 | fill_pnl=0 | fee=-0.064959 | realized=-1.2 | total_pnl=92.061234 | total_fees=-33.752416 | fills=475 shares=39800
2026-04-28T15:59:25.893236845 NKE placed sell 100 @ 45.03 -> NYSE (pos=-400 spread=0.01 bid=45x4300 ask=45.01x39900)
2026-04-28T15:59:25.904709830 NKE order pending_new: pending_new sell 100 @ 45.03 pos=0 filled=0/100
2026-04-28T15:59:25.917958810 NKE order new: new sell 100 @ 45.03 pos=0 filled=0/100
2026-04-28T15:59:26.734109038 NKE order partial_fill: partially_filled sell 100 @ 45.03 pos=-445 filled=45/100
2026-04-28T15:59:26.734130897 NKE filled -45 @ 45.03 | pos=-445 | fill_pnl=0 | fee=-0.027682 | realized=-1.2 | total_pnl=92.061234 | total_fees=-33.780098 | fills=476 shares=39845
2026-04-28T15:59:26.734145700 NKE order fill: filled sell 100 @ 45.03 pos=-500 filled=100/100
2026-04-28T15:59:26.734156778 NKE filled -55 @ 45.03 | pos=-500 | fill_pnl=0 | fee=-0.037256 | realized=-1.2 | total_pnl=92.061234 | total_fees=-33.817354 | fills=477 shares=39900
2026-04-28T15:59:26.751126284 NKE error placing order: 40310000: insufficient buying power
2026-04-28T15:59:27.032496699 NKE error placing order: 40310000: insufficient buying power
2026-04-28T15:59:27.054648531 NKE error placing order: 40310000: insufficient buying power
2026-04-28T15:59:27.300035257 NKE error placing order: 40310000: insufficient buying power
2026-04-28T15:59:27.682103033 NKE error placing order: 40310000: insufficient buying power
2026-04-28T15:59:28.060651526 NKE error placing order: 40310000: insufficient buying power
2026-04-28T15:59:28.349628324 NKE error placing order: 40310000: insufficient buying power
2026-04-28T15:59:28.710983480 NKE error placing order: 40310000: insufficient buying power
2026-04-28T15:59:29.098808861 NKE error placing order: 40310000: insufficient buying power
2026-04-28T15:59:29.255647807 NKE error placing order: 40310000: insufficient buying power
2026-04-28T15:59:29.591780309 NKE error placing order: 40310000: insufficient buying power
2026-04-28T15:59:29.989027786 NKE error placing order: 40310000: insufficient buying power
2026-04-28T15:59:30.343104803 NKE error placing order: 40310000: insufficient buying power
2026-04-28T15:59:30.381014262 NKE error placing order: 40310000: insufficient buying power
2026-04-28T15:59:30.518293929 shutting down... canceling all orders
2026-04-28T15:59:30.525324512 error canceling orders: unexpected 207 response from /v2/orders
2026-04-28T15:59:30.525344537 flushing tape...
2026-04-28T15:59:30.724852177 tape: recorded 474412 messages to gs://dropbear-sip/2026-04-28T15:41:40.531844838.sip.zst
2026-04-28T15:59:30.724904766 === P&L SUMMARY ===
2026-04-28T15:59:30.724926261         VZ: pos=0        realized=23.00    unrealized=0.00     fees=-2.38      bought=1000     sold=1000    
2026-04-28T15:59:30.724936617        NKE: pos=-500     realized=-1.20    unrealized=-8.30    fees=-0.81      bought=200      sold=700     
2026-04-28T15:59:30.724943124        XLE: pos=400      realized=2.00     unrealized=2.00     fees=-1.36      bought=700      sold=300     
2026-04-28T15:59:30.724953190        AAL: pos=-100     realized=0.00     unrealized=1.50     fees=-0.13      bought=0        sold=100     
2026-04-28T15:59:30.724962981       INTC: pos=0        realized=83.09    unrealized=0.00     fees=-15.68     bought=10400    sold=10400   
2026-04-28T15:59:30.724973958       HOOD: pos=-300     realized=-13.21   unrealized=-9.50    fees=-5.23      bought=4100     sold=4400    
2026-04-28T15:59:30.724979428       DKNG: pos=-300     realized=2.00     unrealized=-7.50    fees=-1.19      bought=300      sold=600     
2026-04-28T15:59:30.724984786       SOFI: pos=700      realized=-31.59   unrealized=-110.91  fees=-2.13      bought=1000     sold=300     
2026-04-28T15:59:30.724994076       PYPL: pos=0        realized=6.73     unrealized=0.00     fees=-2.10      bought=900      sold=900     
2026-04-28T15:59:30.725002647       RIVN: pos=-600     realized=-3.25    unrealized=-6.75    fees=-0.97      bought=200      sold=800     
2026-04-28T15:59:30.725012987      CMCSA: pos=0        realized=24.50    unrealized=0.00     fees=-1.84      bought=800      sold=800     
2026-04-28T15:59:30.725018697   TOTAL realized P&L: 92.061234  fees: -33.817354  net: 125.878588
2026-04-28T15:59:30.725025861   total fills: 477  symbols tracked: 12
