"Exchange","Asset Class","Product Name","Product Code","Start Period","End Period","Maintenance","Currency","Maint. Vol. Scan"
"CBT","AGRICULTURE","SOYBEAN MEAL FUTURES","06","01/2026","03/2026","1550","USD","30.000%"
"CBT","AGRICULTURE","SOYBEAN MEAL FUTURES","06","05/2026","05/2026","1500","USD","25.000%"
"CBT","AGRICULTURE","SOYBEAN MEAL FUTURES","06","07/2026","07/2026","1400","USD","25.000%"
"CBT","AGRICULTURE","SOYBEAN MEAL FUTURES","06","08/2026","08/2026","1350","USD","25.000%"
"CBT","AGRICULTURE","SOYBEAN MEAL FUTURES","06","09/2026","09/2026","1300","USD","13.000%"
"CBT","AGRICULTURE","SOYBEAN MEAL FUTURES","06","10/2026","10/2026","1250","USD","13.000%"
"CBT","AGRICULTURE","SOYBEAN MEAL FUTURES","06","12/2026","12/2026","1200","USD","13.000%"
"CBT","AGRICULTURE","SOYBEAN MEAL FUTURES","06","01/2027","01/2027","1150","USD","13.000%"
"CBT","AGRICULTURE","SOYBEAN MEAL FUTURES","06","03/2027","03/2027","1100","USD","13.000%"
"CBT","AGRICULTURE","SOYBEAN MEAL FUTURES","06","05/2027","05/2027","1050","USD","13.000%"
"CBT","AGRICULTURE","SOYBEAN MEAL FUTURES","06","07/2027","07/2027","1000","USD","13.000%"
"CBT","AGRICULTURE","SOYBEAN MEAL FUTURES","06","08/2027","08/2027","975","USD","13.000%"
"CBT","AGRICULTURE","SOYBEAN MEAL FUTURES","06","09/2027","09/2027","950","USD","13.000%"
"CBT","AGRICULTURE","SOYBEAN MEAL FUTURES","06","10/2027","10/2027","925","USD","13.000%"
"CBT","AGRICULTURE","SOYBEAN MEAL FUTURES","06","12/2027","12/2029","900","USD","13.000%"
"CBT","AGRICULTURE","SOYBEAN OIL FUTURES","07","01/2026","03/2026","2100","USD","30.000%"
"CBT","AGRICULTURE","SOYBEAN OIL FUTURES","07","05/2026","05/2026","2000","USD","22.000%"
"CBT","AGRICULTURE","SOYBEAN OIL FUTURES","07","07/2026","07/2026","1950","USD","13.000%"
"CBT","AGRICULTURE","SOYBEAN OIL FUTURES","07","08/2026","08/2026","1900","USD","13.000%"
"CBT","AGRICULTURE","SOYBEAN OIL FUTURES","07","09/2026","09/2026","1850","USD","13.000%"
"CBT","AGRICULTURE","SOYBEAN OIL FUTURES","07","10/2026","10/2026","1800","USD","13.000%"
"CBT","AGRICULTURE","SOYBEAN OIL FUTURES","07","12/2026","12/2026","1800","USD","10.000%"
"CBT","AGRICULTURE","SOYBEAN OIL FUTURES","07","01/2027","01/2027","1700","USD","10.000%"
"CBT","AGRICULTURE","SOYBEAN OIL FUTURES","07","03/2027","03/2027","1650","USD","10.000%"
"CBT","AGRICULTURE","SOYBEAN OIL FUTURES","07","05/2027","05/2027","1600","USD","10.000%"
"CBT","AGRICULTURE","SOYBEAN OIL FUTURES","07","07/2027","12/2029","1550","USD","10.000%"
"CBT","AGRICULTURE","ROUGH RICE FUTURES","14","01/2026","03/2026","1250","USD","25.000%"
"CBT","AGRICULTURE","ROUGH RICE FUTURES","14","05/2026","05/2026","1100","USD","18.000%"
"CBT","AGRICULTURE","ROUGH RICE FUTURES","14","07/2026","03/2027","800","USD","18.000%"
"CBT","AGRICULTURE","MAR-DEC CORN SYNTHETIC COMBO","3CC","03/2026","03/2026","525","USD","25"
"CBT","AGRICULTURE","BLOOMBERG COMMODITY INDEX FUTURES","70","03/2026","12/2027","325","USD","25.000%"
"CBT","AGRICULTURE","MAR-JUL CORN SYNTHETIC COMBO","7CC","03/2026","03/2026","375","USD","10.000%"
"CBT","AGRICULTURE","DEC-JUL CORN SYNT CAL SP","8CC","12/2026","12/2026","275","USD","10.000%"
"CBT","AGRICULTURE","AUSTRALIAN WHEAT FUTURES","AUW","01/2026","12/2026","1200","USD","0.05"
"CBT","AGRICULTURE","BLOOMBERG COMDITY INDEX FUT MARKER","AWI","03/2026","12/2027","325","USD","25.000%"
"CBT","AGRICULTURE","BTIC ON BLOOMBERG COMDITY INDEX FUT","AWT","03/2026","12/2027","325","USD","25.000%"
"CBT","AGRICULTURE","BCOM AGRICULTURE INDEX FUT","BAG","03/2026","12/2027","400","USD","25.000%"
"CBT","AGRICULTURE","BTIC ON BCOM AGRICULTURE INDEX","BAT","03/2026","12/2027","400","USD","25.000%"
"CBT","AGRICULTURE","BCOM ENERGY INDEX MARKER","BEM","03/2026","12/2027","425","USD","25.000%"
"CBT","AGRICULTURE","BCOM ENERGY INDEX FUT","BEN","03/2026","12/2027","425","USD","25.000%"
"CBT","AGRICULTURE","BTIC ON BCOM ENERGY INDEX","BET","03/2026","12/2027","425","USD","25.000%"
"CBT","AGRICULTURE","BCOM AGRICULTURE INDEX MARKER","BGF","03/2026","12/2027","400","USD","25.000%"
"CBT","AGRICULTURE","BCOM GRAINS INDEX MARKER","BGM","03/2026","12/2027","300","USD","25.000%"
"CBT","AGRICULTURE","BCOM GRAINS INDEX FUT","BGR","03/2026","12/2027","300","USD","25.000%"
"CBT","AGRICULTURE","BTIC ON BCOM GRAINS INDEX","BGT","03/2026","12/2027","300","USD","25.000%"
"CBT","AGRICULTURE","BCOM LIVESTOCK INDEX FUT","BLI","03/2026","12/2027","175","USD","25.000%"
"CBT","AGRICULTURE","BCOM LIVESTOCK INDEX MARKER","BLR","03/2026","12/2027","175","USD","25.000%"
"CBT","AGRICULTURE","BTIC ON BCOM LIVESTOCK INDEX","BLT","03/2026","12/2027","175","USD","25.000%"
"CBT","AGRICULTURE","BCOM ALL METALS INDEX FUT","BME","03/2026","12/2027","475","USD","25.000%"
"CBT","AGRICULTURE","BCOM ALL METALS INDEX MARKER","BMM","03/2026","12/2027","475","USD","25.000%"
"CBT","AGRICULTURE","BCOM PRECIOUS METALS INDEX MARKER","BMR","03/2026","12/2027","500","USD","25.000%"
"CBT","AGRICULTURE","BTIC ON BCOM ALL METALS INDEX","BMT","03/2026","12/2027","475","USD","25.000%"
"CBT","AGRICULTURE","BCOM PETROLEUM INDEX FUT","BPE","03/2026","12/2027","500","USD","25.000%"
"CBT","AGRICULTURE","BCOM PETROLEUM INDEX MARKER","BPM","03/2026","12/2027","500","USD","25.000%"
"CBT","AGRICULTURE","BCOM PRECIOUS METALS INDEX FUT","BPR","03/2026","12/2027","500","USD","25.000%"
"CBT","AGRICULTURE","BTIC ON BCOM PETROLEUM INDEX","BPT","03/2026","12/2027","500","USD","25.000%"
"CBT","AGRICULTURE","BTIC ON BCOM PRECIOUS METALS INDEX","BST","03/2026","12/2027","500","USD","25.000%"
"CBT","AGRICULTURE","CORN FUTURES","C","03/2026","03/2026","975","USD","30.000%"
"CBT","AGRICULTURE","CORN FUTURES","C","05/2026","05/2026","925","USD","25.000%"
"CBT","AGRICULTURE","CORN FUTURES","C","07/2026","07/2026","875","USD","20.000%"
"CBT","AGRICULTURE","CORN FUTURES","C","09/2026","09/2026","850","USD","20.000%"
"CBT","AGRICULTURE","CORN FUTURES","C","12/2026","12/2026","800","USD","20.000%"
"CBT","AGRICULTURE","CORN FUTURES","C","03/2027","03/2027","750","USD","16.000%"
"CBT","AGRICULTURE","CORN FUTURES","C","05/2027","05/2027","700","USD","16.000%"
"CBT","AGRICULTURE","CORN FUTURES","C","07/2027","07/2027","650","USD","16.000%"
"CBT","AGRICULTURE","CORN FUTURES","C","09/2027","09/2027","600","USD","16.000%"
"CBT","AGRICULTURE","CORN FUTURES","C","12/2027","12/2029","550","USD","11.000%"
"CBT","AGRICULTURE","CORN OLD/NEW CROPSYNT CAL SP","CC6","07/2026","07/2026","350","USD","10.000%"
"CBT","AGRICULTURE","DEC-DEC CORN SYNT CAL SP","CCZ","12/2026","12/2026","350","USD","10.000%"
"CBT","AGRICULTURE","KC HRW  WHEAT DEC-JULY SYNT CAL","CK6","12/2026","12/2026","525","USD","25.000%"
"CBT","AGRICULTURE","KC HRW WHEAT JUL-DEC SYNT CAL S","CKM","07/2026","07/2026","450","USD","25"
"CBT","AGRICULTURE","KC HRW JUL-JUL WHEAT SYNT CALENDAR","CKN","07/2026","07/2026","725","USD","25"
"CBT","AGRICULTURE","SOYBEAN OIL OLD/NEW CROP SYNT SPRD","CO6","07/2026","07/2026","350","USD","25.000%"
"CBT","AGRICULTURE","SOYBEAN OIL NEW CROP SYNT CAL SPRD","COY","01/2026","01/2026","","USD","25.000%"
"CBT","AGRICULTURE","SOYBEAN OIL NEW CROP SYNT CAL SPRD","COY","03/2026","03/2026","550","USD","25.000%"
"CBT","AGRICULTURE","SOYBEAN OIL NEW CROP SYNT CAL SPRD","COY","05/2026","05/2026","250","USD","25.000%"
"CBT","AGRICULTURE","SOYBEAN OIL NEW CROP SYNT CAL SPRD","COY","07/2026","07/2026","200","USD","25.000%"
"CBT","AGRICULTURE","SOYBEAN OIL NEW CROP SYNT CAL SPRD","COY","08/2026","08/2026","150","USD","25.000%"
"CBT","AGRICULTURE","SOYBEAN OIL NEW CROP SYNT CAL SPRD","COY","09/2026","09/2026","125","USD","25.000%"
"CBT","AGRICULTURE","SOYBEAN OIL NEW CROP SYNT CAL SPRD","COY","10/2026","01/2027","100","USD","25.000%"
"CBT","AGRICULTURE","BLACK SEA WHEAT FIN STL ARGUS FUT","CVB","03/2026","05/2026","800","USD","25.000%"
"CBT","AGRICULTURE","BLACK SEA WHEAT FIN STL ARGUS FUT","CVB","07/2026","05/2027","750","USD","20.000%"
"CBT","AGRICULTURE","MAR-JUL WHEAT SYNTHETIC COMBO","CW3","03/2026","03/2026","425","USD","10.000%"
"CBT","AGRICULTURE","OLD/NEW CROP WHEAT SYNT CAL S","CW6","12/2026","12/2026","450","USD","25.000%"
"CBT","AGRICULTURE","CHI WHEAT EURONEXT SPRD FUT","CWD","03/2026","03/2026","425","USD","30.000%"
"CBT","AGRICULTURE","CHI WHEAT EURONEXT SPRD FUT","CWD","05/2026","05/2026","375","USD","26.000%"
"CBT","AGRICULTURE","CHI WHEAT EURONEXT SPRD FUT","CWD","09/2026","09/2026","350","USD","19.000%"
"CBT","AGRICULTURE","CHI WHEAT EURONEXT SPRD FUT","CWD","12/2026","03/2027","325","USD","10.000%"
"CBT","AGRICULTURE","JUL-DEC WHEAT SYNT CAL S","CWM","07/2026","07/2026","350","USD","10.000%"
"CBT","AGRICULTURE","JUL-JUL WHEAT SYNT CALENDAR SP","CWN","07/2026","07/2026","725","USD","25.000%"
"CBT","AGRICULTURE","CANADIAN WSTRN RED SPRING WHEAT FUT","CWR","03/2026","03/2026","625","USD","30.000%"
"CBT","AGRICULTURE","CANADIAN WSTRN RED SPRING WHEAT FUT","CWR","05/2026","05/2026","575","USD","26.000%"
"CBT","AGRICULTURE","CANADIAN WSTRN RED SPRING WHEAT FUT","CWR","07/2026","07/2026","575","USD","19.000%"
"CBT","AGRICULTURE","CANADIAN WSTRN RED SPRING WHEAT FUT","CWR","09/2026","12/2026","525","USD","10.000%"
"CBT","AGRICULTURE","DAP FOB NOLA FUTURES","DFN","01/2026","12/2026","2600","USD","25.000%"
"CBT","AGRICULTURE","BLOOMBERG COMDITY INDEX SWAP MARKER","DGI","03/2026","12/2027","325","USD","0.02"
"CBT","AGRICULTURE","BLOOMBERG COMMODITY INDEX SWAPS","DGS","03/2026","12/2027","325","USD","0.02"
"CBT","AGRICULTURE","BTIC ON BLOOMBERG COMMODITY INDEX S","DGT","03/2026","12/2027","325","USD","0.02"
"CBT","AGRICULTURE","BLOOMBERG ROLL SELECT COMM MARKER","DRI","03/2026","12/2027","1000","USD","0.02"
"CBT","AGRICULTURE","BLOOMBERG ROLL SELECT COMMDTY INDEX","DRS","03/2026","12/2027","1000","USD","0.02"
"CBT","AGRICULTURE","BTIC ON BLOOMBERG ROLL SELECT INDEX","DRT","03/2026","12/2027","1000","USD","0.02"
"CBT","AGRICULTURE","HARD RED SPRING WHEAT FUT","HRS","03/2026","03/2026","1700","USD","30.000%"
"CBT","AGRICULTURE","HARD RED SPRING WHEAT FUT","HRS","05/2026","05/2026","1600","USD","25.000%"
"CBT","AGRICULTURE","HARD RED SPRING WHEAT FUT","HRS","07/2026","09/2026","1550","USD","22.000%"
"CBT","AGRICULTURE","HARD RED SPRING WHEAT FUT","HRS","12/2026","12/2026","1450","USD","20.000%"
"CBT","AGRICULTURE","HARD RED SPRING WHEAT FUT","HRS","03/2027","03/2027","1300","USD","18.000%"
"CBT","AGRICULTURE","HARD RED SPRING WHEAT FUT","HRS","05/2027","09/2027","1200","USD","15.000%"
"CBT","AGRICULTURE","KC HRW CONSECUTIVE SYNTHETIC","K7C","03/2026","03/2026","625","USD","10.000%"
"CBT","AGRICULTURE","KC HRW CONSECUTIVE SYNTHETIC","K7C","05/2026","05/2026","400","USD","10.000%"
"CBT","AGRICULTURE","KC HRW CONSECUTIVE SYNTHETIC","K7C","07/2026","12/2026","300","USD","10.000%"
"CBT","AGRICULTURE","KC HRW MAR-JUL SYNTHETIC COM","KC3","03/2026","03/2026","650","USD","0.1"
"CBT","AGRICULTURE","KC HRW WHEAT-WHEAT ICS","KCW","07/2026","07/2026","590","USD","25.000%"
"CBT","AGRICULTURE","KC HRW WHEAT-WHEAT ICS","KCW","12/2026","12/2026","550","USD","25.000%"
"CBT","AGRICULTURE","KC HRW DEC-DEC WHEAT SYNT CAL SPRD","KCZ","12/2026","12/2026","725","USD","25"
"CBT","AGRICULTURE","KC HRW WHEAT TAS FUTURE","KET","03/2026","03/2026","1600","USD","27.000%"
"CBT","AGRICULTURE","KC HRW WHEAT TAS FUTURE","KET","05/2026","05/2026","1550","USD","22.000%"
"CBT","AGRICULTURE","KC HRW WHEAT TAS FUTURE","KET","07/2026","07/2026","1500","USD","16.000%"
"CBT","AGRICULTURE","KC HRW WHEAT TAS FUTURE","KET","09/2026","09/2026","1450","USD","16.000%"
"CBT","AGRICULTURE","KC HRW WHEAT TAS FUTURE","KET","12/2026","12/2026","1400","USD","16.000%"
"CBT","AGRICULTURE","JAN MAY SOYBEAN SYNT CAL SPRD","KSC","01/2026","01/2026","600","USD","25.000%"
"CBT","AGRICULTURE","JAN MAY SOYBEAN SYNT CAL SPRD","KSC","01/2027","01/2027","300","USD","25.000%"
"CBT","AGRICULTURE","KC  HRW WHEAT FUTURES","KW","03/2026","03/2026","1600","USD","27.000%"
"CBT","AGRICULTURE","KC  HRW WHEAT FUTURES","KW","05/2026","05/2026","1550","USD","22.000%"
"CBT","AGRICULTURE","KC  HRW WHEAT FUTURES","KW","07/2026","07/2026","1500","USD","16.000%"
"CBT","AGRICULTURE","KC  HRW WHEAT FUTURES","KW","09/2026","09/2026","1450","USD","16.000%"
"CBT","AGRICULTURE","KC  HRW WHEAT FUTURES","KW","12/2026","12/2026","1400","USD","16.000%"
"CBT","AGRICULTURE","KC  HRW WHEAT FUTURES","KW","03/2027","03/2027","1375","USD","8.000%"
"CBT","AGRICULTURE","KC  HRW WHEAT FUTURES","KW","05/2027","05/2027","1350","USD","8.000%"
"CBT","AGRICULTURE","KC  HRW WHEAT FUTURES","KW","07/2027","07/2027","1300","USD","8.000%"
"CBT","AGRICULTURE","KC  HRW WHEAT FUTURES","KW","09/2027","09/2027","1250","USD","8.000%"
"CBT","AGRICULTURE","KC  HRW WHEAT FUTURES","KW","12/2027","07/2028","1200","USD","8.000%"
"CBT","AGRICULTURE","KC WHEAT EURONEXT SPRD FUT","KWD","03/2026","03/2026","525","USD","27.000%"
"CBT","AGRICULTURE","KC WHEAT EURONEXT SPRD FUT","KWD","05/2026","05/2026","450","USD","22.000%"
"CBT","AGRICULTURE","KC WHEAT EURONEXT SPRD FUT","KWD","09/2026","09/2026","400","USD","16.000%"
"CBT","AGRICULTURE","KC WHEAT EURONEXT SPRD FUT","KWD","12/2026","03/2027","375","USD","8.000%"
"CBT","AGRICULTURE","MAP CFR BRAZIL FUTURES","MFC","01/2026","12/2026","4300","USD","25.000%"
"CBT","AGRICULTURE","10 TON UREA US GULF FUTURES","MFV","01/2026","12/2026","320","USD","25.000%"
"CBT","AGRICULTURE","MINI-SIZED KC HRW WHEAT FUTURES","MKC","03/2026","03/2026","320","USD","27.000%"
"CBT","AGRICULTURE","MINI-SIZED KC HRW WHEAT FUTURES","MKC","05/2026","05/2026","310","USD","22.000%"
"CBT","AGRICULTURE","MINI-SIZED KC HRW WHEAT FUTURES","MKC","07/2026","07/2026","300","USD","16.000%"
"CBT","AGRICULTURE","MINI-SIZED KC HRW WHEAT FUTURES","MKC","09/2026","09/2026","290","USD","16.000%"
"CBT","AGRICULTURE","MINI-SIZED KC HRW WHEAT FUTURES","MKC","12/2026","12/2026","280","USD","16.000%"
"CBT","AGRICULTURE","MINI-SIZED KC HRW WHEAT FUTURES","MKC","03/2027","03/2027","275","USD","8.000%"
"CBT","AGRICULTURE","MINI-SIZED KC HRW WHEAT FUTURES","MKC","05/2027","05/2027","270","USD","8.000%"
"CBT","AGRICULTURE","MINI-SIZED KC HRW WHEAT FUTURES","MKC","07/2027","07/2027","260","USD","8.000%"
"CBT","AGRICULTURE","MINI-SIZED KC HRW WHEAT FUTURES","MKC","09/2027","09/2027","250","USD","8.000%"
"CBT","AGRICULTURE","MINI-SIZED KC HRW WHEAT FUTURES","MKC","12/2027","07/2028","240","USD","8.000%"
"CBT","AGRICULTURE","SOYMEAL NEW CROP SYNT CAL SPRD","MYC","01/2026","01/2026","","USD","25.000%"
"CBT","AGRICULTURE","SOYMEAL NEW CROP SYNT CAL SPRD","MYC","03/2026","03/2026","450","USD","25.000%"
"CBT","AGRICULTURE","SOYMEAL NEW CROP SYNT CAL SPRD","MYC","05/2026","05/2026","275","USD","25.000%"
"CBT","AGRICULTURE","SOYMEAL NEW CROP SYNT CAL SPRD","MYC","07/2026","07/2026","225","USD","25.000%"
"CBT","AGRICULTURE","SOYMEAL NEW CROP SYNT CAL SPRD","MYC","08/2026","08/2026","125","USD","25.000%"
"CBT","AGRICULTURE","SOYMEAL NEW CROP SYNT CAL SPRD","MYC","09/2026","01/2027","100","USD","25.000%"
"CBT","AGRICULTURE","MICRO CORN FUTURES","MZC","03/2026","03/2026","97","USD","30.000%"
"CBT","AGRICULTURE","MICRO CORN FUTURES","MZC","05/2026","05/2026","92","USD","25.000%"
"CBT","AGRICULTURE","MICRO CORN FUTURES","MZC","07/2026","07/2026","87","USD","20.000%"
"CBT","AGRICULTURE","MICRO CORN FUTURES","MZC","09/2026","09/2026","85","USD","20.000%"
"CBT","AGRICULTURE","MICRO CORN FUTURES","MZC","12/2026","12/2026","80","USD","20.000%"
"CBT","AGRICULTURE","MICRO CORN FUTURES","MZC","03/2027","03/2027","75","USD","16.000%"
"CBT","AGRICULTURE","MICRO CORN FUTURES","MZC","05/2027","05/2027","70","USD","16.000%"
"CBT","AGRICULTURE","MICRO CORN FUTURES","MZC","07/2027","07/2027","65","USD","16.000%"
"CBT","AGRICULTURE","MICRO CORN FUTURES","MZC","09/2027","09/2027","60","USD","16.000%"
"CBT","AGRICULTURE","MICRO CORN FUTURES","MZC","12/2027","12/2027","55","USD","11.000%"
"CBT","AGRICULTURE","MICRO SOYBEAN OIL FUTURES","MZL","03/2026","03/2026","210","USD","30.000%"
"CBT","AGRICULTURE","MICRO SOYBEAN OIL FUTURES","MZL","05/2026","05/2026","200","USD","22.000%"
"CBT","AGRICULTURE","MICRO SOYBEAN OIL FUTURES","MZL","07/2026","07/2026","195","USD","13.000%"
"CBT","AGRICULTURE","MICRO SOYBEAN OIL FUTURES","MZL","08/2026","08/2026","190","USD","13.000%"
"CBT","AGRICULTURE","MICRO SOYBEAN OIL FUTURES","MZL","09/2026","09/2026","185","USD","13.000%"
"CBT","AGRICULTURE","MICRO SOYBEAN OIL FUTURES","MZL","10/2026","10/2026","180","USD","13.000%"
"CBT","AGRICULTURE","MICRO SOYBEAN OIL FUTURES","MZL","12/2026","12/2026","180","USD","10.000%"
"CBT","AGRICULTURE","MICRO SOYBEAN OIL FUTURES","MZL","01/2027","01/2027","170","USD","10.000%"
"CBT","AGRICULTURE","MICRO SOYBEAN OIL FUTURES","MZL","03/2027","03/2027","165","USD","10.000%"
"CBT","AGRICULTURE","MICRO SOYBEAN OIL FUTURES","MZL","05/2027","05/2027","160","USD","10.000%"
"CBT","AGRICULTURE","MICRO SOYBEAN OIL FUTURES","MZL","07/2027","01/2028","155","USD","10.000%"
"CBT","AGRICULTURE","MICRO SOYBEAN MEAL FUTURES","MZM","03/2026","03/2026","155","USD","30.000%"
"CBT","AGRICULTURE","MICRO SOYBEAN MEAL FUTURES","MZM","05/2026","05/2026","150","USD","25.000%"
"CBT","AGRICULTURE","MICRO SOYBEAN MEAL FUTURES","MZM","07/2026","07/2026","140","USD","25.000%"
"CBT","AGRICULTURE","MICRO SOYBEAN MEAL FUTURES","MZM","08/2026","08/2026","135","USD","25.000%"
"CBT","AGRICULTURE","MICRO SOYBEAN MEAL FUTURES","MZM","09/2026","09/2026","130","USD","13.000%"
"CBT","AGRICULTURE","MICRO SOYBEAN MEAL FUTURES","MZM","10/2026","10/2026","125","USD","13.000%"
"CBT","AGRICULTURE","MICRO SOYBEAN MEAL FUTURES","MZM","12/2026","12/2026","120","USD","13.000%"
"CBT","AGRICULTURE","MICRO SOYBEAN MEAL FUTURES","MZM","01/2027","01/2027","115","USD","13.000%"
"CBT","AGRICULTURE","MICRO SOYBEAN MEAL FUTURES","MZM","03/2027","03/2027","110","USD","13.000%"
"CBT","AGRICULTURE","MICRO SOYBEAN MEAL FUTURES","MZM","05/2027","05/2027","105","USD","13.000%"
"CBT","AGRICULTURE","MICRO SOYBEAN MEAL FUTURES","MZM","07/2027","07/2027","100","USD","13.000%"
"CBT","AGRICULTURE","MICRO SOYBEAN MEAL FUTURES","MZM","08/2027","08/2027","97","USD","13.000%"
"CBT","AGRICULTURE","MICRO SOYBEAN MEAL FUTURES","MZM","09/2027","09/2027","95","USD","13.000%"
"CBT","AGRICULTURE","MICRO SOYBEAN MEAL FUTURES","MZM","10/2027","10/2027","92","USD","13.000%"
"CBT","AGRICULTURE","MICRO SOYBEAN MEAL FUTURES","MZM","12/2027","01/2028","90","USD","13.000%"
"CBT","AGRICULTURE","MICRO SOYBEAN FUTURES","MZS","03/2026","03/2026","200","USD","30.000%"
"CBT","AGRICULTURE","MICRO SOYBEAN FUTURES","MZS","05/2026","05/2026","195","USD","25.000%"
"CBT","AGRICULTURE","MICRO SOYBEAN FUTURES","MZS","07/2026","07/2026","175","USD","20.000%"
"CBT","AGRICULTURE","MICRO SOYBEAN FUTURES","MZS","08/2026","08/2026","165","USD","20.000%"
"CBT","AGRICULTURE","MICRO SOYBEAN FUTURES","MZS","09/2026","09/2026","160","USD","12.000%"
"CBT","AGRICULTURE","MICRO SOYBEAN FUTURES","MZS","11/2026","11/2026","155","USD","12.000%"
"CBT","AGRICULTURE","MICRO SOYBEAN FUTURES","MZS","01/2027","01/2027","152","USD","12.000%"
"CBT","AGRICULTURE","MICRO SOYBEAN FUTURES","MZS","03/2027","03/2027","150","USD","12.000%"
"CBT","AGRICULTURE","MICRO SOYBEAN FUTURES","MZS","05/2027","05/2027","145","USD","12.000%"
"CBT","AGRICULTURE","MICRO SOYBEAN FUTURES","MZS","07/2027","07/2027","140","USD","12.000%"
"CBT","AGRICULTURE","MICRO SOYBEAN FUTURES","MZS","08/2027","08/2027","135","USD","12.000%"
"CBT","AGRICULTURE","MICRO SOYBEAN FUTURES","MZS","09/2027","09/2027","130","USD","12.000%"
"CBT","AGRICULTURE","MICRO SOYBEAN FUTURES","MZS","11/2027","11/2027","120","USD","12.000%"
"CBT","AGRICULTURE","MICRO SOYBEAN FUTURES","MZS","01/2028","01/2028","117","USD","12.000%"
"CBT","AGRICULTURE","MICRO WHEAT FUTURES","MZW","03/2026","03/2026","165","USD","30.000%"
"CBT","AGRICULTURE","MICRO WHEAT FUTURES","MZW","05/2026","05/2026","155","USD","26.000%"
"CBT","AGRICULTURE","MICRO WHEAT FUTURES","MZW","07/2026","07/2026","145","USD","19.000%"
"CBT","AGRICULTURE","MICRO WHEAT FUTURES","MZW","09/2026","09/2026","140","USD","19.000%"
"CBT","AGRICULTURE","MICRO WHEAT FUTURES","MZW","12/2026","12/2026","135","USD","19.000%"
"CBT","AGRICULTURE","MICRO WHEAT FUTURES","MZW","03/2027","03/2027","130","USD","10.000%"
"CBT","AGRICULTURE","MICRO WHEAT FUTURES","MZW","05/2027","05/2027","127","USD","10.000%"
"CBT","AGRICULTURE","MICRO WHEAT FUTURES","MZW","07/2027","07/2027","125","USD","10.000%"
"CBT","AGRICULTURE","MICRO WHEAT FUTURES","MZW","09/2027","09/2027","122","USD","10.000%"
"CBT","AGRICULTURE","MICRO WHEAT FUTURES","MZW","12/2027","12/2027","120","USD","10.000%"
"CBT","AGRICULTURE","OATS FUTURES","O","03/2026","05/2026","1250","USD","25.000%"
"CBT","AGRICULTURE","OATS FUTURES","O","07/2026","09/2028","1100","USD","16.000%"
"CBT","AGRICULTURE","DEC-JUL SOYBEAN OIL SYNTHETIC COMBO","OC3","12/2026","12/2026","300","USD","25"
"CBT","AGRICULTURE","AUG-DEC SOYBEAN OIL SYNTHETIC COMBO","OC4","08/2026","08/2026","275","USD","25.000%"
"CBT","AGRICULTURE","SEP-DEC SOYBEAN OIL SYNTHETIC COMBO","OC5","09/2026","09/2026","175","USD","25.000%"
"CBT","AGRICULTURE","SOYBEAN OILSHARE FUTURE","OSF","03/2026","03/2026","700","USD","30.000%"
"CBT","AGRICULTURE","SOYBEAN OILSHARE FUTURE","OSF","05/2026","05/2026","625","USD","22.000%"
"CBT","AGRICULTURE","SOYBEAN OILSHARE FUTURE","OSF","07/2026","08/2026","600","USD","13.000%"
"CBT","AGRICULTURE","SOYBEAN OILSHARE FUTURE","OSF","09/2026","12/2027","550","USD","10.000%"
"CBT","AGRICULTURE","NEW CROP CORN SYNT CAL SP","PYC","03/2026","07/2026","275","USD","10.000%"
"CBT","AGRICULTURE","NEW CROP CORN SYNT CAL SP","PYC","09/2026","12/2026","175","USD","10.000%"
"CBT","AGRICULTURE","CORN-WHEAT SYNTHETIC COMBO","QCW","03/2026","03/2026","1443","USD","10.000%"
"CBT","AGRICULTURE","CORN-WHEAT SYNTHETIC COMBO","QCW","05/2026","05/2026","1113","USD","10.000%"
"CBT","AGRICULTURE","CORN-WHEAT SYNTHETIC COMBO","QCW","07/2026","07/2026","1046","USD","10.000%"
"CBT","AGRICULTURE","CORN-WHEAT SYNTHETIC COMBO","QCW","09/2026","09/2026","1012","USD","10.000%"
"CBT","AGRICULTURE","CORN-WHEAT SYNTHETIC COMBO","QCW","12/2026","12/2026","967","USD","10.000%"
"CBT","AGRICULTURE","CORN-WHEAT SYNTHETIC COMBO","QCW","03/2027","03/2027","922","USD","10.000%"
"CBT","AGRICULTURE","CORN-WHEAT SYNTHETIC COMBO","QCW","05/2027","05/2027","888","USD","10.000%"
"CBT","AGRICULTURE","CORN-WHEAT SYNTHETIC COMBO","QCW","07/2027","07/2027","855","USD","10.000%"
"CBT","AGRICULTURE","CORN-WHEAT SYNTHETIC COMBO","QCW","09/2027","09/2027","821","USD","10.000%"
"CBT","AGRICULTURE","CORN-WHEAT SYNTHETIC COMBO","QCW","12/2027","12/2027","787","USD","10.000%"
"CBT","AGRICULTURE","MAR JUL SOYBEAN CALENDAR SPREAD","QX5","03/2026","03/2026","700","USD","25.000%"
"CBT","AGRICULTURE","EUR FOB DUTCH MILL RAPESEED OIL FUT","RSO","01/2026","01/2026","700","EUR","%"
"CBT","AGRICULTURE","EUR FOB DUTCH MILL RAPESEED OIL FUT","RSO","02/2026","03/2027","650","EUR","%"
"CBT","AGRICULTURE","SOYBEAN FUTURES","S","01/2026","03/2026","2000","USD","30.000%"
"CBT","AGRICULTURE","SOYBEAN FUTURES","S","05/2026","05/2026","1950","USD","25.000%"
"CBT","AGRICULTURE","SOYBEAN FUTURES","S","07/2026","07/2026","1750","USD","20.000%"
"CBT","AGRICULTURE","SOYBEAN FUTURES","S","08/2026","08/2026","1650","USD","20.000%"
"CBT","AGRICULTURE","SOYBEAN FUTURES","S","09/2026","09/2026","1600","USD","12.000%"
"CBT","AGRICULTURE","SOYBEAN FUTURES","S","11/2026","11/2026","1550","USD","12.000%"
"CBT","AGRICULTURE","SOYBEAN FUTURES","S","01/2027","01/2027","1525","USD","12.000%"
"CBT","AGRICULTURE","SOYBEAN FUTURES","S","03/2027","03/2027","1500","USD","12.000%"
"CBT","AGRICULTURE","SOYBEAN FUTURES","S","05/2027","05/2027","1450","USD","12.000%"
"CBT","AGRICULTURE","SOYBEAN FUTURES","S","07/2027","07/2027","1400","USD","12.000%"
"CBT","AGRICULTURE","SOYBEAN FUTURES","S","08/2027","08/2027","1350","USD","12.000%"
"CBT","AGRICULTURE","SOYBEAN FUTURES","S","09/2027","09/2027","1300","USD","12.000%"
"CBT","AGRICULTURE","SOYBEAN FUTURES","S","11/2027","11/2027","1200","USD","12.000%"
"CBT","AGRICULTURE","SOYBEAN FUTURES","S","01/2028","01/2028","1175","USD","12.000%"
"CBT","AGRICULTURE","SOYBEAN FUTURES","S","03/2028","11/2029","1150","USD","12.000%"
"CBT","AGRICULTURE","FOB SANTOS SOYBEANS FINANCIALLY SET","SAS","02/2026","03/2026","2700","USD","25.000%"
"CBT","AGRICULTURE","FOB SANTOS SOYBEANS FINANCIALLY SET","SAS","04/2026","04/2026","2550","USD","25.000%"
"CBT","AGRICULTURE","FOB SANTOS SOYBEANS FINANCIALLY SET","SAS","05/2026","05/2026","2450","USD","25.000%"
"CBT","AGRICULTURE","FOB SANTOS SOYBEANS FINANCIALLY SET","SAS","06/2026","08/2027","2300","USD","25.000%"
"CBT","AGRICULTURE","SOYBEAN TAS FUTURE","SBT","03/2026","03/2026","2000","USD","30.000%"
"CBT","AGRICULTURE","SOYBEAN TAS FUTURE","SBT","05/2026","05/2026","1950","USD","25.000%"
"CBT","AGRICULTURE","SOYBEAN TAS FUTURE","SBT","07/2026","07/2026","1750","USD","20.000%"
"CBT","AGRICULTURE","SOYBEAN TAS FUTURE","SBT","08/2026","08/2026","1650","USD","20.000%"
"CBT","AGRICULTURE","SOYBEAN TAS FUTURE","SBT","11/2026","11/2026","1550","USD","12.000%"
"CBT","AGRICULTURE","MAR-NOV SOYBEAN SYNTHETIC COMBO","SC0","03/2026","03/2026","850","USD","25.000%"
"CBT","AGRICULTURE","JUL-JUL SOYBEAN SYNTHETIC COMBO","SC1","07/2026","07/2026","650","USD","25.000%"
"CBT","AGRICULTURE","NOV-MAR SOYBEAN SYNTHETIC COMBO","SC3","11/2026","11/2026","300","USD","0.25"
"CBT","AGRICULTURE","AUG NOV SOYBEAN CALENDAR SP","SC4","08/2026","08/2026","350","USD","25.000%"
"CBT","AGRICULTURE","JUL-NOV SOYBEAN SYNT CAL SPREAD","SC5","07/2026","07/2026","450","USD","5.000%"
"CBT","AGRICULTURE","NOV NOV SOYBEAN SYNT CAL SP","SCX","11/2026","11/2026","550","USD","25.000%"
"CBT","AGRICULTURE","DEC-JUL SOYBEAN MEAL SYNT COMBO","SM3","12/2026","12/2026","300","USD","25.000%"
"CBT","AGRICULTURE","AUG-DEC SOYBEAN MEAL SYNT COMBO","SM4","08/2026","08/2026","250","USD","25.000%"
"CBT","AGRICULTURE","SEP-DEC SOYBEAN MEAL SYNT COMBO","SM5","09/2026","09/2026","200","USD","25.000%"
"CBT","AGRICULTURE","SOY MEAL OLD/NEW CROP SYNT CAL SPRD","SM6","07/2026","07/2026","325","USD","25.000%"
"CBT","AGRICULTURE","NOV JUL SOYBEAN SYNT CALENDAR SP","SX9","11/2026","11/2026","400","USD","25.000%"
"CBT","AGRICULTURE","UREA (GRANULAR) CFR BRAZIL FUTURES","UFB","01/2026","12/2026","2850","USD","25.000%"
"CBT","AGRICULTURE","UREA (GRANULAR) FOB EGYPT FUTURES","UFE","01/2026","12/2026","3500","USD","25.000%"
"CBT","AGRICULTURE","UREA (GRANULAR) FOB US GULF FUTURES","UFV","01/2026","12/2026","3200","USD","25.000%"
"CBT","AGRICULTURE","UREA (GRANULAR) FOB MIDDLE EAST FUT","UME","01/2026","12/2026","4200","USD","0.06"
"CBT","AGRICULTURE","UAN FOB NOLA FUTURES","UNO","01/2026","12/2026","1800","USD","6.000%"
"CBT","AGRICULTURE","WHEAT FUTURES","W","03/2026","03/2026","1650","USD","30.000%"
"CBT","AGRICULTURE","WHEAT FUTURES","W","05/2026","05/2026","1550","USD","26.000%"
"CBT","AGRICULTURE","WHEAT FUTURES","W","07/2026","07/2026","1450","USD","19.000%"
"CBT","AGRICULTURE","WHEAT FUTURES","W","09/2026","09/2026","1400","USD","19.000%"
"CBT","AGRICULTURE","WHEAT FUTURES","W","12/2026","12/2026","1350","USD","19.000%"
"CBT","AGRICULTURE","WHEAT FUTURES","W","03/2027","03/2027","1300","USD","10.000%"
"CBT","AGRICULTURE","WHEAT FUTURES","W","05/2027","05/2027","1275","USD","10.000%"
"CBT","AGRICULTURE","WHEAT FUTURES","W","07/2027","07/2027","1250","USD","10.000%"
"CBT","AGRICULTURE","WHEAT FUTURES","W","09/2027","09/2027","1225","USD","10.000%"
"CBT","AGRICULTURE","WHEAT FUTURES","W","12/2027","12/2027","1200","USD","10.000%"
"CBT","AGRICULTURE","WHEAT FUTURES","W","03/2028","07/2028","1125","USD","10.000%"
"CBT","AGRICULTURE","DEC-DEC WHEAT SYNT CAL SPRD","WCZ","12/2026","12/2026","725","USD","25.000%"
"CBT","AGRICULTURE","WHEAT NEW CROP SYNT CAL","WZC","03/2026","03/2026","400","USD","10.000%"
"CBT","AGRICULTURE","WHEAT NEW CROP SYNT CAL","WZC","05/2026","05/2026","300","USD","10.000%"
"CBT","AGRICULTURE","WHEAT NEW CROP SYNT CAL","WZC","07/2026","12/2026","250","USD","10.000%"
"CBT","AGRICULTURE","MINI-SIZED CORN FUTURES","YC","03/2026","03/2026","195","USD","30.000%"
"CBT","AGRICULTURE","MINI-SIZED CORN FUTURES","YC","05/2026","05/2026","185","USD","25.000%"
"CBT","AGRICULTURE","MINI-SIZED CORN FUTURES","YC","07/2026","07/2026","175","USD","20.000%"
"CBT","AGRICULTURE","MINI-SIZED CORN FUTURES","YC","09/2026","09/2026","170","USD","20.000%"
"CBT","AGRICULTURE","MINI-SIZED CORN FUTURES","YC","12/2026","12/2026","160","USD","20.000%"
"CBT","AGRICULTURE","MINI-SIZED CORN FUTURES","YC","03/2027","03/2027","150","USD","16.000%"
"CBT","AGRICULTURE","MINI-SIZED CORN FUTURES","YC","05/2027","05/2027","140","USD","16.000%"
"CBT","AGRICULTURE","MINI-SIZED CORN FUTURES","YC","07/2027","07/2027","130","USD","16.000%"
"CBT","AGRICULTURE","MINI-SIZED CORN FUTURES","YC","09/2027","09/2027","120","USD","16.000%"
"CBT","AGRICULTURE","MINI-SIZED CORN FUTURES","YC","12/2027","12/2029","110","USD","11.000%"
"CBT","AGRICULTURE","MINI-SIZED SOYBEANS FUTURES","YK","01/2026","03/2026","400","USD","30.000%"
"CBT","AGRICULTURE","MINI-SIZED SOYBEANS FUTURES","YK","05/2026","05/2026","390","USD","25.000%"
"CBT","AGRICULTURE","MINI-SIZED SOYBEANS FUTURES","YK","07/2026","07/2026","350","USD","20.000%"
"CBT","AGRICULTURE","MINI-SIZED SOYBEANS FUTURES","YK","08/2026","08/2026","330","USD","20.000%"
"CBT","AGRICULTURE","MINI-SIZED SOYBEANS FUTURES","YK","09/2026","09/2026","320","USD","12.000%"
"CBT","AGRICULTURE","MINI-SIZED SOYBEANS FUTURES","YK","11/2026","11/2026","310","USD","12.000%"
"CBT","AGRICULTURE","MINI-SIZED SOYBEANS FUTURES","YK","01/2027","01/2027","305","USD","12.000%"
"CBT","AGRICULTURE","MINI-SIZED SOYBEANS FUTURES","YK","03/2027","03/2027","300","USD","12.000%"
"CBT","AGRICULTURE","MINI-SIZED SOYBEANS FUTURES","YK","05/2027","05/2027","290","USD","12.000%"
"CBT","AGRICULTURE","MINI-SIZED SOYBEANS FUTURES","YK","07/2027","07/2027","280","USD","12.000%"
"CBT","AGRICULTURE","MINI-SIZED SOYBEANS FUTURES","YK","08/2027","08/2027","270","USD","12.000%"
"CBT","AGRICULTURE","MINI-SIZED SOYBEANS FUTURES","YK","09/2027","09/2027","260","USD","12.000%"
"CBT","AGRICULTURE","MINI-SIZED SOYBEANS FUTURES","YK","11/2027","11/2027","240","USD","12.000%"
"CBT","AGRICULTURE","MINI-SIZED SOYBEANS FUTURES","YK","01/2028","01/2028","235","USD","12.000%"
"CBT","AGRICULTURE","MINI-SIZED SOYBEANS FUTURES","YK","03/2028","11/2029","230","USD","12.000%"
"CBT","AGRICULTURE","MINI-SIZED WHEAT FUTURES","YW","03/2026","03/2026","330","USD","30.000%"
"CBT","AGRICULTURE","MINI-SIZED WHEAT FUTURES","YW","05/2026","05/2026","310","USD","26.000%"
"CBT","AGRICULTURE","MINI-SIZED WHEAT FUTURES","YW","07/2026","07/2026","290","USD","19.000%"
"CBT","AGRICULTURE","MINI-SIZED WHEAT FUTURES","YW","09/2026","09/2026","280","USD","19.000%"
"CBT","AGRICULTURE","MINI-SIZED WHEAT FUTURES","YW","12/2026","12/2026","270","USD","19.000%"
"CBT","AGRICULTURE","MINI-SIZED WHEAT FUTURES","YW","03/2027","03/2027","260","USD","10.000%"
"CBT","AGRICULTURE","MINI-SIZED WHEAT FUTURES","YW","05/2027","05/2027","255","USD","10.000%"
"CBT","AGRICULTURE","MINI-SIZED WHEAT FUTURES","YW","07/2027","07/2027","250","USD","10.000%"
"CBT","AGRICULTURE","MINI-SIZED WHEAT FUTURES","YW","09/2027","09/2027","245","USD","10.000%"
"CBT","AGRICULTURE","MINI-SIZED WHEAT FUTURES","YW","12/2027","12/2027","240","USD","10.000%"
"CBT","AGRICULTURE","MINI-SIZED WHEAT FUTURES","YW","03/2028","07/2028","225","USD","10.000%"
"CBT","AGRICULTURE","CORN TAS FUTURE","ZCT","03/2026","03/2026","975","USD","30.000%"
"CBT","AGRICULTURE","CORN TAS FUTURE","ZCT","05/2026","05/2026","925","USD","25.000%"
"CBT","AGRICULTURE","CORN TAS FUTURE","ZCT","07/2026","07/2026","875","USD","20.000%"
"CBT","AGRICULTURE","CORN TAS FUTURE","ZCT","09/2026","09/2026","850","USD","20.000%"
"CBT","AGRICULTURE","CORN TAS FUTURE","ZCT","12/2026","12/2026","800","USD","20.000%"
"CBT","AGRICULTURE","SOYBEAN OIL TAS FUTURES","ZLT","03/2026","03/2026","2100","USD","30.000%"
"CBT","AGRICULTURE","SOYBEAN OIL TAS FUTURES","ZLT","05/2026","05/2026","2000","USD","22.000%"
"CBT","AGRICULTURE","SOYBEAN OIL TAS FUTURES","ZLT","07/2026","07/2026","1950","USD","13.000%"
"CBT","AGRICULTURE","SOYBEAN OIL TAS FUTURES","ZLT","12/2026","12/2026","1800","USD","10.000%"
"CBT","AGRICULTURE","SOYBEAN MEAL TAS FUTURES","ZMT","03/2026","03/2026","1550","USD","30.000%"
"CBT","AGRICULTURE","SOYBEAN MEAL TAS FUTURES","ZMT","05/2026","05/2026","1500","USD","25.000%"
"CBT","AGRICULTURE","SOYBEAN MEAL TAS FUTURES","ZMT","07/2026","07/2026","1400","USD","25.000%"
"CBT","AGRICULTURE","SOYBEAN MEAL TAS FUTURES","ZMT","12/2026","12/2026","1200","USD","13.000%"
"CBT","AGRICULTURE","NEW CROP SOYBEAN SYNT CAL SP","ZSC","01/2026","01/2026","","USD","25.000%"
"CBT","AGRICULTURE","NEW CROP SOYBEAN SYNT CAL SP","ZSC","03/2026","03/2026","600","USD","25.000%"
"CBT","AGRICULTURE","NEW CROP SOYBEAN SYNT CAL SP","ZSC","05/2026","05/2026","400","USD","25.000%"
"CBT","AGRICULTURE","NEW CROP SOYBEAN SYNT CAL SP","ZSC","07/2026","07/2026","300","USD","25.000%"
"CBT","AGRICULTURE","NEW CROP SOYBEAN SYNT CAL SP","ZSC","08/2026","11/2026","250","USD","25.000%"
"CBT","AGRICULTURE","NEW CROP SOYBEAN SYNT CAL SP","ZSC","01/2027","01/2027","225","USD","25.000%"
"CBT","AGRICULTURE","CHICAGO SRW WHEAT TAS FUTURE","ZWT","03/2026","03/2026","1650","USD","30.000%"
"CBT","AGRICULTURE","CHICAGO SRW WHEAT TAS FUTURE","ZWT","05/2026","05/2026","1550","USD","26.000%"
"CBT","AGRICULTURE","CHICAGO SRW WHEAT TAS FUTURE","ZWT","07/2026","07/2026","1450","USD","19.000%"
"CBT","AGRICULTURE","CHICAGO SRW WHEAT TAS FUTURE","ZWT","09/2026","09/2026","1400","USD","19.000%"
"CBT","AGRICULTURE","CHICAGO SRW WHEAT TAS FUTURE","ZWT","12/2026","12/2026","1350","USD","19.000%"
"CBT","EQUITY INDEX","DOW JONES TOT RTURN MARKER","DRM","03/2026","03/2026","8000","USD","35.000%"
"CBT","EQUITY INDEX","DOW JONES TOT RTURN MARKER","DRM","06/2026","03/2027","8000","USD","30.000%"
"CBT","INTEREST RATES","10-YEAR YIELD FUTURES","10Y","01/2026","02/2026","300","USD","40.000%"
"CBT","INTEREST RATES","30 YR U.S. TREASURY BOND FUTURES","17","03/2026","09/2026","3700","USD","50.000%"
"CBT","INTEREST RATES","30-YEAR 2.0% COUPON UMBS TBA FUT","20U","02/2026","04/2026","2100","USD","40.000%"
"CBT","INTEREST RATES","10Y TREASURY NOTE FUTURES","21","03/2026","09/2026","1875","USD","50.000%"
"CBT","INTEREST RATES","5 YR TREASURY NOTE FUTURES","25","03/2026","09/2026","1250","USD","50.000%"
"CBT","INTEREST RATES","30-YEAR 2.5% COUPON UMBS TBA FUT","25U","02/2026","04/2026","2050","USD","40.000%"
"CBT","INTEREST RATES","2 YEAR TREASURY NOTE FUTURES","26","03/2026","09/2026","1200","USD","50.000%"
"CBT","INTEREST RATES","2-YEAR YIELD FUTURES","2YY","01/2026","02/2026","330","USD","40.000%"
"CBT","INTEREST RATES","30-YEAR 3.0% COUPON UMBS TBA FUT","30U","02/2026","04/2026","2000","USD","40.000%"
"CBT","INTEREST RATES","30-YEAR YIELD FUTURES","30Y","01/2026","02/2026","270","USD","40.000%"
"CBT","INTEREST RATES","30-YEAR 3.5% COUPON UMBS TBA FUT","35U","02/2026","04/2026","1800","USD","40.000%"
"CBT","INTEREST RATES","3 YEAR TREASURY NOTE FUTURE","3YR","03/2026","09/2026","1800","USD","50.000%"
"CBT","INTEREST RATES","30-YEAR 4.0% COUPON UMBS TBA FUT","40U","02/2026","04/2026","1575","USD","40.000%"
"CBT","INTEREST RATES","30 DAY FED FUND FUTURES","41","01/2026","01/2026","225","USD","40.000%"
"CBT","INTEREST RATES","30 DAY FED FUND FUTURES","41","02/2026","02/2026","515","USD","35.000%"
"CBT","INTEREST RATES","30 DAY FED FUND FUTURES","41","03/2026","03/2026","615","USD","35.000%"
"CBT","INTEREST RATES","30 DAY FED FUND FUTURES","41","04/2026","04/2026","755","USD","35.000%"
"CBT","INTEREST RATES","30 DAY FED FUND FUTURES","41","05/2026","05/2026","925","USD","25.000%"
"CBT","INTEREST RATES","30 DAY FED FUND FUTURES","41","06/2026","06/2026","1025","USD","25.000%"
"CBT","INTEREST RATES","30 DAY FED FUND FUTURES","41","07/2026","07/2026","1125","USD","25.000%"
"CBT","INTEREST RATES","30 DAY FED FUND FUTURES","41","08/2026","08/2026","1250","USD","25.000%"
"CBT","INTEREST RATES","30 DAY FED FUND FUTURES","41","09/2026","12/2030","1325","USD","25.000%"
"CBT","INTEREST RATES","30-YEAR 4.5% COUPON UMBS TBA FUT","45U","02/2026","04/2026","1400","USD","40.000%"
"CBT","INTEREST RATES","30-YEAR 5.0% COUPON UMBS TBA FUT","50U","02/2026","04/2026","1200","USD","40.000%"
"CBT","INTEREST RATES","30-YEAR 5.5% COUPON UMBS TBA FUT","55U","02/2026","04/2026","1050","USD","40.000%"
"CBT","INTEREST RATES","5-YEAR YIELD FUTURES","5YY","01/2026","02/2026","310","USD","40.000%"
"CBT","INTEREST RATES","30-YEAR 6.0% COUPON UMBS TBA FUT","60U","02/2026","04/2026","925","USD","40.000%"
"CBT","INTEREST RATES","30-YEAR 6.5% COUPON UMBS TBA FUT","65U","02/2026","04/2026","925","USD","40.000%"
"CBT","INTEREST RATES","30-YEAR 7.0% COUPON UMBS TBA FUT","70U","02/2026","04/2026","1000","USD","40.000%"
"CBT","INTEREST RATES","30-YEAR SOFR MAC SWAP FUTURES","B1S","03/2026","06/2026","5000","USD","40.000%"
"CBT","INTEREST RATES","BLOOMBERG IG DURATION-HEDGED CREDIT","DHB","03/2026","09/2026","800","USD","40.000%"
"CBT","INTEREST RATES","BLOOMBERG DURATION-HEDGED CR MARKER","DHM","03/2026","09/2026","800","USD","40.000%"
"CBT","INTEREST RATES","BLOOMBERG DUR-HEDGED HIGH YIELD FUT","DHY","03/2026","09/2026","1050","USD","40.000%"
"CBT","INTEREST RATES","20-YEAR SOFR MAC SWAP FUTURES","E1S","03/2026","06/2026","3300","USD","40.000%"
"CBT","INTEREST RATES","5-YEAR SOFR MAC SWAP FUTURES","F1S","03/2026","06/2026","1500","USD","40.000%"
"CBT","INTEREST RATES","5-YEAR TREASURY INVOICE SWAP SPREAD","FYA","03/2026","03/2026","50","USD","0.05"
"CBT","INTEREST RATES","BLOOMBERG HY CREDIT FUTURES","HYB","03/2026","09/2026","1700","USD","40.000%"
"CBT","INTEREST RATES","BTIC ON BLOOMBERG HY CREDIT FUT","HYBT","03/2026","09/2026","1700","USD","40.000%"
"CBT","INTEREST RATES","BLOOMBERG HY CREDIT FUTURES MARKER","HYM","03/2026","09/2026","1700","USD","40.000%"
"CBT","INTEREST RATES","BLOOMBERG IG CREDIT FUTURES","IQB","03/2026","09/2026","1740","USD","40.000%"
"CBT","INTEREST RATES","BTIC ON BLOOMBERG U.S. CORP IG FUT","IQBT","03/2026","09/2026","1740","USD","40.000%"
"CBT","INTEREST RATES","BLOOMBERG IG CREDIT FUTURES MARKER","IQM","03/2026","09/2026","1740","USD","40.000%"
"CBT","INTEREST RATES","OBMMI 30Y CONF FIXED RATE INDEX FUT","MGE","02/2026","07/2026","975","USD","40.000%"
"CBT","INTEREST RATES","MICRO ULTRA 10-YEAR US TREASURY FUT","MTN","03/2026","06/2026","255","USD","25.000%"
"CBT","INTEREST RATES","MICRO LONG TERM US TREAS BOND FUT","MWN","03/2026","06/2026","515","USD","25.000%"
"CBT","INTEREST RATES","10-YEAR SOFR MAC SWAP FUTURES","N1S","03/2026","06/2026","2700","USD","40.000%"
"CBT","INTEREST RATES","7-YEAR SOFR MAC SWAP FUTURES","S1S","03/2026","06/2026","1850","USD","40.000%"
"CBT","INTEREST RATES","2-YEAR SOFR MAC SWAP FUTURES","T1S","03/2026","06/2026","650","USD","40.000%"
"CBT","INTEREST RATES","ULTRA 10-YEAR U S TREASURY NOTE FUT","TN","03/2026","09/2026","2550","USD","50.000%"
"CBT","INTEREST RATES","ULTRA 10-YEAR TREASURY INVOICE SWAP","TNA","03/2026","03/2026","50","USD","0.05"
"CBT","INTEREST RATES","ULTRA 10-YR U S TREA TAS FUT","TNT","03/2026","03/2026","2550","USD","50.000%"
"CBT","INTEREST RATES","2-YEAR TREASURY INVOICE SWAP SPREAD","TVA","03/2026","03/2026","50","USD","0.05"
"CBT","INTEREST RATES","20-YEAR U.S. TREASURY BOND  FUTURES","TWE","03/2026","09/2026","4300","USD","50.000%"
"CBT","INTEREST RATES","10-YEAR TREASURY INVOICE SWAP SPRD","TYA","03/2026","03/2026","50","USD","0.05"
"CBT","INTEREST RATES","ULTRA TREASURY INVOICE SWAP SPREAD","UBA","03/2026","03/2026","50","USD","0.05"
"CBT","INTEREST RATES","LONG TERM U.S. TREASURY BOND FUTURE","UBE","03/2026","09/2026","5150","USD","50.000%"
"CBT","INTEREST RATES","ULTRA U.S TRES BOND TAS FUT","UBT","03/2026","03/2026","5150","USD","50.000%"
"CBT","INTEREST RATES","30-YEAR TREASURY INVOICE SWAP SPRD","UTA","03/2026","03/2026","50","USD","0.05"
"CBT","INTEREST RATES","XM 30 YR U.S. TREASURY BOND FU","XM17","03/2026","03/2026","2900","USD","40.000%"
"CBT","INTEREST RATES","XM 10Y TREASURY NOTE FUTURES","XM21","03/2026","03/2026","1500","USD","40.000%"
"CBT","INTEREST RATES","XM 5YR TREASURY NOTE FUTURE","XM25","03/2026","03/2026","1100","USD","40.000%"
"CBT","INTEREST RATES","XM 2-YEAR YEAR TREASURY NOTE FUT","XM26","03/2026","03/2026","500","USD","40.000%"
"CBT","INTEREST RATES","XM 3-YEAR YEAR TREASURY NOT","XM3YR","03/2026","03/2026","775","USD","40.000%"
"CBT","INTEREST RATES","XM ULTRA 10 YR TREASURY FUTURE","XMTN","03/2026","03/2026","1950","USD","40.000%"
"CBT","INTEREST RATES","XM 20 YR U.S. TREASURY BOND","XMTWE","03/2026","03/2026","3150","USD","40.000%"
"CBT","INTEREST RATES","XM ULTRA US TREASURY BOND","XMUBE","03/2026","03/2026","3400","USD","40.000%"
"CBT","INTEREST RATES","1-YEAR ERIS SOFR SWAP FUTURES","YIA","03/2025","03/2025","25","USD","40.000%"
"CBT","INTEREST RATES","1-YEAR ERIS SOFR SWAP FUTURES","YIA","06/2025","06/2025","55","USD","40.000%"
"CBT","INTEREST RATES","1-YEAR ERIS SOFR SWAP FUTURES","YIA","09/2025","09/2025","120","USD","40.000%"
"CBT","INTEREST RATES","1-YEAR ERIS SOFR SWAP FUTURES","YIA","12/2025","12/2025","180","USD","40.000%"
"CBT","INTEREST RATES","1-YEAR ERIS SOFR SWAP FUTURES","YIA","03/2026","06/2026","300","USD","40.000%"
"CBT","INTEREST RATES","7-YEAR ERIS SOFR SWAP FUTURES","YIB","03/2019","03/2019","25","USD","40.000%"
"CBT","INTEREST RATES","7-YEAR ERIS SOFR SWAP FUTURES","YIB","06/2019","06/2019","75","USD","40.000%"
"CBT","INTEREST RATES","7-YEAR ERIS SOFR SWAP FUTURES","YIB","09/2019","09/2019","125","USD","40.000%"
"CBT","INTEREST RATES","7-YEAR ERIS SOFR SWAP FUTURES","YIB","12/2019","12/2019","200","USD","40.000%"
"CBT","INTEREST RATES","7-YEAR ERIS SOFR SWAP FUTURES","YIB","03/2020","03/2020","300","USD","40.000%"
"CBT","INTEREST RATES","7-YEAR ERIS SOFR SWAP FUTURES","YIB","06/2020","06/2020","350","USD","40.000%"
"CBT","INTEREST RATES","7-YEAR ERIS SOFR SWAP FUTURES","YIB","09/2020","09/2020","425","USD","40.000%"
"CBT","INTEREST RATES","7-YEAR ERIS SOFR SWAP FUTURES","YIB","12/2020","12/2020","475","USD","40.000%"
"CBT","INTEREST RATES","7-YEAR ERIS SOFR SWAP FUTURES","YIB","03/2021","03/2021","525","USD","40.000%"
"CBT","INTEREST RATES","7-YEAR ERIS SOFR SWAP FUTURES","YIB","06/2021","06/2021","600","USD","40.000%"
"CBT","INTEREST RATES","7-YEAR ERIS SOFR SWAP FUTURES","YIB","09/2021","09/2021","625","USD","40.000%"
"CBT","INTEREST RATES","7-YEAR ERIS SOFR SWAP FUTURES","YIB","12/2021","12/2021","650","USD","40.000%"
"CBT","INTEREST RATES","7-YEAR ERIS SOFR SWAP FUTURES","YIB","03/2022","03/2022","700","USD","40.000%"
"CBT","INTEREST RATES","7-YEAR ERIS SOFR SWAP FUTURES","YIB","06/2022","06/2022","725","USD","40.000%"
"CBT","INTEREST RATES","7-YEAR ERIS SOFR SWAP FUTURES","YIB","09/2022","09/2022","800","USD","40.000%"
"CBT","INTEREST RATES","7-YEAR ERIS SOFR SWAP FUTURES","YIB","12/2022","12/2022","825","USD","40.000%"
"CBT","INTEREST RATES","7-YEAR ERIS SOFR SWAP FUTURES","YIB","03/2023","03/2023","850","USD","40.000%"
"CBT","INTEREST RATES","7-YEAR ERIS SOFR SWAP FUTURES","YIB","06/2023","06/2023","925","USD","40.000%"
"CBT","INTEREST RATES","7-YEAR ERIS SOFR SWAP FUTURES","YIB","09/2023","09/2023","975","USD","40.000%"
"CBT","INTEREST RATES","7-YEAR ERIS SOFR SWAP FUTURES","YIB","12/2023","12/2023","1000","USD","40.000%"
"CBT","INTEREST RATES","7-YEAR ERIS SOFR SWAP FUTURES","YIB","03/2024","03/2024","1025","USD","40.000%"
"CBT","INTEREST RATES","7-YEAR ERIS SOFR SWAP FUTURES","YIB","06/2024","06/2024","1125","USD","40.000%"
"CBT","INTEREST RATES","7-YEAR ERIS SOFR SWAP FUTURES","YIB","09/2024","09/2024","1150","USD","40.000%"
"CBT","INTEREST RATES","7-YEAR ERIS SOFR SWAP FUTURES","YIB","12/2024","12/2024","1200","USD","40.000%"
"CBT","INTEREST RATES","7-YEAR ERIS SOFR SWAP FUTURES","YIB","03/2025","03/2025","1225","USD","40.000%"
"CBT","INTEREST RATES","7-YEAR ERIS SOFR SWAP FUTURES","YIB","06/2025","06/2025","1275","USD","40.000%"
"CBT","INTEREST RATES","7-YEAR ERIS SOFR SWAP FUTURES","YIB","09/2025","09/2025","1300","USD","40.000%"
"CBT","INTEREST RATES","7-YEAR ERIS SOFR SWAP FUTURES","YIB","12/2025","12/2025","1325","USD","40.000%"
"CBT","INTEREST RATES","7-YEAR ERIS SOFR SWAP FUTURES","YIB","03/2026","06/2026","1350","USD","40.000%"
"CBT","INTEREST RATES","3-YEAR ERIS SOFR SWAP FUTURES","YIC","03/2023","03/2023","25","USD","40.000%"
"CBT","INTEREST RATES","3-YEAR ERIS SOFR SWAP FUTURES","YIC","06/2023","06/2023","70","USD","40.000%"
"CBT","INTEREST RATES","3-YEAR ERIS SOFR SWAP FUTURES","YIC","09/2023","09/2023","125","USD","40.000%"
"CBT","INTEREST RATES","3-YEAR ERIS SOFR SWAP FUTURES","YIC","12/2023","12/2023","225","USD","40.000%"
"CBT","INTEREST RATES","3-YEAR ERIS SOFR SWAP FUTURES","YIC","03/2024","03/2024","325","USD","40.000%"
"CBT","INTEREST RATES","3-YEAR ERIS SOFR SWAP FUTURES","YIC","06/2024","06/2024","350","USD","40.000%"
"CBT","INTEREST RATES","3-YEAR ERIS SOFR SWAP FUTURES","YIC","09/2024","09/2024","450","USD","40.000%"
"CBT","INTEREST RATES","3-YEAR ERIS SOFR SWAP FUTURES","YIC","12/2024","12/2024","525","USD","40.000%"
"CBT","INTEREST RATES","3-YEAR ERIS SOFR SWAP FUTURES","YIC","03/2025","03/2025","575","USD","40.000%"
"CBT","INTEREST RATES","3-YEAR ERIS SOFR SWAP FUTURES","YIC","06/2025","06/2025","600","USD","40.000%"
"CBT","INTEREST RATES","3-YEAR ERIS SOFR SWAP FUTURES","YIC","09/2025","09/2025","650","USD","40.000%"
"CBT","INTEREST RATES","3-YEAR ERIS SOFR SWAP FUTURES","YIC","12/2025","12/2025","700","USD","40.000%"
"CBT","INTEREST RATES","3-YEAR ERIS SOFR SWAP FUTURES","YIC","03/2026","06/2026","750","USD","40.000%"
"CBT","INTEREST RATES","4-YEAR ERIS SOFR SWAP FUTURES","YID","03/2022","03/2022","25","USD","40.000%"
"CBT","INTEREST RATES","4-YEAR ERIS SOFR SWAP FUTURES","YID","06/2022","06/2022","70","USD","40.000%"
"CBT","INTEREST RATES","4-YEAR ERIS SOFR SWAP FUTURES","YID","09/2022","09/2022","125","USD","40.000%"
"CBT","INTEREST RATES","4-YEAR ERIS SOFR SWAP FUTURES","YID","12/2022","12/2022","200","USD","40.000%"
"CBT","INTEREST RATES","4-YEAR ERIS SOFR SWAP FUTURES","YID","03/2023","03/2023","275","USD","40.000%"
"CBT","INTEREST RATES","4-YEAR ERIS SOFR SWAP FUTURES","YID","06/2023","06/2023","350","USD","40.000%"
"CBT","INTEREST RATES","4-YEAR ERIS SOFR SWAP FUTURES","YID","09/2023","09/2023","450","USD","40.000%"
"CBT","INTEREST RATES","4-YEAR ERIS SOFR SWAP FUTURES","YID","12/2023","12/2023","525","USD","40.000%"
"CBT","INTEREST RATES","4-YEAR ERIS SOFR SWAP FUTURES","YID","03/2024","03/2024","550","USD","40.000%"
"CBT","INTEREST RATES","4-YEAR ERIS SOFR SWAP FUTURES","YID","06/2024","06/2024","575","USD","40.000%"
"CBT","INTEREST RATES","4-YEAR ERIS SOFR SWAP FUTURES","YID","09/2024","09/2024","650","USD","40.000%"
"CBT","INTEREST RATES","4-YEAR ERIS SOFR SWAP FUTURES","YID","12/2024","12/2024","700","USD","40.000%"
"CBT","INTEREST RATES","4-YEAR ERIS SOFR SWAP FUTURES","YID","03/2025","03/2025","750","USD","40.000%"
"CBT","INTEREST RATES","4-YEAR ERIS SOFR SWAP FUTURES","YID","06/2025","06/2025","800","USD","40.000%"
"CBT","INTEREST RATES","4-YEAR ERIS SOFR SWAP FUTURES","YID","09/2025","09/2025","850","USD","40.000%"
"CBT","INTEREST RATES","4-YEAR ERIS SOFR SWAP FUTURES","YID","12/2025","12/2025","875","USD","40.000%"
"CBT","INTEREST RATES","4-YEAR ERIS SOFR SWAP FUTURES","YID","03/2026","06/2026","925","USD","40.000%"
"CBT","INTEREST RATES","30-YEAR ERIS SOFR SWAP FUTURES","YIE","06/2014","03/2015","2900","USD","40.000%"
"CBT","INTEREST RATES","30-YEAR ERIS SOFR SWAP FUTURES","YIE","06/2015","03/2016","2950","USD","40.000%"
"CBT","INTEREST RATES","30-YEAR ERIS SOFR SWAP FUTURES","YIE","06/2016","03/2017","3000","USD","40.000%"
"CBT","INTEREST RATES","30-YEAR ERIS SOFR SWAP FUTURES","YIE","06/2017","03/2018","3050","USD","40.000%"
"CBT","INTEREST RATES","30-YEAR ERIS SOFR SWAP FUTURES","YIE","06/2018","03/2019","3100","USD","40.000%"
"CBT","INTEREST RATES","30-YEAR ERIS SOFR SWAP FUTURES","YIE","06/2019","03/2020","3150","USD","40.000%"
"CBT","INTEREST RATES","30-YEAR ERIS SOFR SWAP FUTURES","YIE","06/2020","03/2021","3200","USD","40.000%"
"CBT","INTEREST RATES","30-YEAR ERIS SOFR SWAP FUTURES","YIE","06/2021","03/2022","3250","USD","40.000%"
"CBT","INTEREST RATES","30-YEAR ERIS SOFR SWAP FUTURES","YIE","06/2022","03/2023","3300","USD","40.000%"
"CBT","INTEREST RATES","30-YEAR ERIS SOFR SWAP FUTURES","YIE","06/2023","06/2026","3400","USD","40.000%"
"CBT","INTEREST RATES","12-YEAR ERIS SOFR SWAP FUTURES","YII","12/2020","12/2020","1550","USD","40.000%"
"CBT","INTEREST RATES","12-YEAR ERIS SOFR SWAP FUTURES","YII","03/2021","03/2021","1575","USD","40.000%"
"CBT","INTEREST RATES","12-YEAR ERIS SOFR SWAP FUTURES","YII","06/2021","06/2021","1600","USD","40.000%"
"CBT","INTEREST RATES","12-YEAR ERIS SOFR SWAP FUTURES","YII","09/2021","09/2021","1625","USD","40.000%"
"CBT","INTEREST RATES","12-YEAR ERIS SOFR SWAP FUTURES","YII","12/2021","12/2021","1650","USD","40.000%"
"CBT","INTEREST RATES","12-YEAR ERIS SOFR SWAP FUTURES","YII","03/2022","03/2022","1675","USD","40.000%"
"CBT","INTEREST RATES","12-YEAR ERIS SOFR SWAP FUTURES","YII","06/2022","06/2022","1700","USD","40.000%"
"CBT","INTEREST RATES","12-YEAR ERIS SOFR SWAP FUTURES","YII","09/2022","09/2022","1800","USD","40.000%"
"CBT","INTEREST RATES","12-YEAR ERIS SOFR SWAP FUTURES","YII","12/2022","06/2026","1950","USD","40.000%"
"CBT","INTEREST RATES","15-YEAR ERIS SOFR SWAP FUTURES","YIL","12/2020","12/2020","1600","USD","40.000%"
"CBT","INTEREST RATES","15-YEAR ERIS SOFR SWAP FUTURES","YIL","03/2021","03/2021","1650","USD","40.000%"
"CBT","INTEREST RATES","15-YEAR ERIS SOFR SWAP FUTURES","YIL","06/2021","06/2021","1700","USD","40.000%"
"CBT","INTEREST RATES","15-YEAR ERIS SOFR SWAP FUTURES","YIL","09/2021","09/2021","1750","USD","40.000%"
"CBT","INTEREST RATES","15-YEAR ERIS SOFR SWAP FUTURES","YIL","12/2021","12/2021","1800","USD","40.000%"
"CBT","INTEREST RATES","15-YEAR ERIS SOFR SWAP FUTURES","YIL","03/2022","03/2022","1850","USD","40.000%"
"CBT","INTEREST RATES","15-YEAR ERIS SOFR SWAP FUTURES","YIL","06/2022","06/2022","1900","USD","40.000%"
"CBT","INTEREST RATES","15-YEAR ERIS SOFR SWAP FUTURES","YIL","09/2022","09/2022","1950","USD","40.000%"
"CBT","INTEREST RATES","15-YEAR ERIS SOFR SWAP FUTURES","YIL","12/2022","12/2022","2175","USD","40.000%"
"CBT","INTEREST RATES","15-YEAR ERIS SOFR SWAP FUTURES","YIL","03/2023","03/2023","2200","USD","40.000%"
"CBT","INTEREST RATES","15-YEAR ERIS SOFR SWAP FUTURES","YIL","06/2023","06/2026","2250","USD","40.000%"
"CBT","INTEREST RATES","20-YEAR ERIS SOFR SWAP FUTURES","YIO","12/2020","12/2020","1900","USD","40.000%"
"CBT","INTEREST RATES","20-YEAR ERIS SOFR SWAP FUTURES","YIO","03/2021","03/2021","1950","USD","40.000%"
"CBT","INTEREST RATES","20-YEAR ERIS SOFR SWAP FUTURES","YIO","06/2021","06/2021","1975","USD","40.000%"
"CBT","INTEREST RATES","20-YEAR ERIS SOFR SWAP FUTURES","YIO","09/2021","09/2021","2075","USD","40.000%"
"CBT","INTEREST RATES","20-YEAR ERIS SOFR SWAP FUTURES","YIO","12/2021","12/2021","2200","USD","40.000%"
"CBT","INTEREST RATES","20-YEAR ERIS SOFR SWAP FUTURES","YIO","03/2022","03/2022","2300","USD","40.000%"
"CBT","INTEREST RATES","20-YEAR ERIS SOFR SWAP FUTURES","YIO","06/2022","06/2022","2400","USD","40.000%"
"CBT","INTEREST RATES","20-YEAR ERIS SOFR SWAP FUTURES","YIO","09/2022","09/2022","2500","USD","40.000%"
"CBT","INTEREST RATES","20-YEAR ERIS SOFR SWAP FUTURES","YIO","12/2022","12/2022","2600","USD","40.000%"
"CBT","INTEREST RATES","20-YEAR ERIS SOFR SWAP FUTURES","YIO","03/2023","03/2023","2700","USD","40.000%"
"CBT","INTEREST RATES","20-YEAR ERIS SOFR SWAP FUTURES","YIO","06/2023","06/2026","2800","USD","40.000%"
"CBT","INTEREST RATES","2-YEAR ERIS SOFR SWAP FUTURES","YIT","03/2024","03/2024","25","USD","40.000%"
"CBT","INTEREST RATES","2-YEAR ERIS SOFR SWAP FUTURES","YIT","06/2024","06/2024","65","USD","40.000%"
"CBT","INTEREST RATES","2-YEAR ERIS SOFR SWAP FUTURES","YIT","09/2024","09/2024","140","USD","40.000%"
"CBT","INTEREST RATES","2-YEAR ERIS SOFR SWAP FUTURES","YIT","12/2024","12/2024","215","USD","40.000%"
"CBT","INTEREST RATES","2-YEAR ERIS SOFR SWAP FUTURES","YIT","03/2025","03/2025","280","USD","40.000%"
"CBT","INTEREST RATES","2-YEAR ERIS SOFR SWAP FUTURES","YIT","06/2025","06/2025","350","USD","40.000%"
"CBT","INTEREST RATES","2-YEAR ERIS SOFR SWAP FUTURES","YIT","09/2025","09/2025","450","USD","40.000%"
"CBT","INTEREST RATES","2-YEAR ERIS SOFR SWAP FUTURES","YIT","12/2025","12/2025","500","USD","40.000%"
"CBT","INTEREST RATES","2-YEAR ERIS SOFR SWAP FUTURES","YIT","03/2026","06/2026","575","USD","40.000%"
"CBT","INTEREST RATES","5-YEAR ERIS SOFR SWAP FUTURES","YIW","03/2021","03/2021","25","USD","40.000%"
"CBT","INTEREST RATES","5-YEAR ERIS SOFR SWAP FUTURES","YIW","06/2021","06/2021","75","USD","40.000%"
"CBT","INTEREST RATES","5-YEAR ERIS SOFR SWAP FUTURES","YIW","09/2021","09/2021","125","USD","40.000%"
"CBT","INTEREST RATES","5-YEAR ERIS SOFR SWAP FUTURES","YIW","12/2021","12/2021","200","USD","40.000%"
"CBT","INTEREST RATES","5-YEAR ERIS SOFR SWAP FUTURES","YIW","03/2022","03/2022","300","USD","40.000%"
"CBT","INTEREST RATES","5-YEAR ERIS SOFR SWAP FUTURES","YIW","06/2022","06/2022","350","USD","40.000%"
"CBT","INTEREST RATES","5-YEAR ERIS SOFR SWAP FUTURES","YIW","09/2022","09/2022","400","USD","40.000%"
"CBT","INTEREST RATES","5-YEAR ERIS SOFR SWAP FUTURES","YIW","12/2022","12/2022","500","USD","40.000%"
"CBT","INTEREST RATES","5-YEAR ERIS SOFR SWAP FUTURES","YIW","03/2023","03/2023","550","USD","40.000%"
"CBT","INTEREST RATES","5-YEAR ERIS SOFR SWAP FUTURES","YIW","06/2023","06/2023","575","USD","40.000%"
"CBT","INTEREST RATES","5-YEAR ERIS SOFR SWAP FUTURES","YIW","09/2023","09/2023","625","USD","40.000%"
"CBT","INTEREST RATES","5-YEAR ERIS SOFR SWAP FUTURES","YIW","12/2023","12/2023","675","USD","40.000%"
"CBT","INTEREST RATES","5-YEAR ERIS SOFR SWAP FUTURES","YIW","03/2024","03/2024","725","USD","40.000%"
"CBT","INTEREST RATES","5-YEAR ERIS SOFR SWAP FUTURES","YIW","06/2024","06/2024","800","USD","40.000%"
"CBT","INTEREST RATES","5-YEAR ERIS SOFR SWAP FUTURES","YIW","09/2024","09/2024","850","USD","40.000%"
"CBT","INTEREST RATES","5-YEAR ERIS SOFR SWAP FUTURES","YIW","12/2024","12/2024","875","USD","40.000%"
"CBT","INTEREST RATES","5-YEAR ERIS SOFR SWAP FUTURES","YIW","03/2025","03/2025","900","USD","40.000%"
"CBT","INTEREST RATES","5-YEAR ERIS SOFR SWAP FUTURES","YIW","06/2025","06/2025","925","USD","40.000%"
"CBT","INTEREST RATES","5-YEAR ERIS SOFR SWAP FUTURES","YIW","09/2025","09/2025","975","USD","40.000%"
"CBT","INTEREST RATES","5-YEAR ERIS SOFR SWAP FUTURES","YIW","12/2025","12/2025","1000","USD","40.000%"
"CBT","INTEREST RATES","5-YEAR ERIS SOFR SWAP FUTURES","YIW","03/2026","06/2026","1050","USD","40.000%"
"CBT","INTEREST RATES","10-YEAR ERIS SOFR SWAP FUTURES","YIY","03/2016","03/2016","25","USD","40.000%"
"CBT","INTEREST RATES","10-YEAR ERIS SOFR SWAP FUTURES","YIY","06/2016","06/2016","75","USD","40.000%"
"CBT","INTEREST RATES","10-YEAR ERIS SOFR SWAP FUTURES","YIY","09/2016","09/2016","125","USD","40.000%"
"CBT","INTEREST RATES","10-YEAR ERIS SOFR SWAP FUTURES","YIY","12/2016","12/2016","175","USD","40.000%"
"CBT","INTEREST RATES","10-YEAR ERIS SOFR SWAP FUTURES","YIY","03/2017","03/2017","275","USD","40.000%"
"CBT","INTEREST RATES","10-YEAR ERIS SOFR SWAP FUTURES","YIY","06/2017","06/2017","350","USD","40.000%"
"CBT","INTEREST RATES","10-YEAR ERIS SOFR SWAP FUTURES","YIY","09/2017","09/2017","375","USD","40.000%"
"CBT","INTEREST RATES","10-YEAR ERIS SOFR SWAP FUTURES","YIY","12/2017","12/2017","450","USD","40.000%"
"CBT","INTEREST RATES","10-YEAR ERIS SOFR SWAP FUTURES","YIY","03/2018","03/2018","525","USD","40.000%"
"CBT","INTEREST RATES","10-YEAR ERIS SOFR SWAP FUTURES","YIY","06/2018","06/2018","575","USD","40.000%"
"CBT","INTEREST RATES","10-YEAR ERIS SOFR SWAP FUTURES","YIY","09/2018","09/2018","625","USD","40.000%"
"CBT","INTEREST RATES","10-YEAR ERIS SOFR SWAP FUTURES","YIY","12/2018","12/2018","650","USD","40.000%"
"CBT","INTEREST RATES","10-YEAR ERIS SOFR SWAP FUTURES","YIY","03/2019","03/2019","675","USD","40.000%"
"CBT","INTEREST RATES","10-YEAR ERIS SOFR SWAP FUTURES","YIY","06/2019","06/2019","725","USD","40.000%"
"CBT","INTEREST RATES","10-YEAR ERIS SOFR SWAP FUTURES","YIY","09/2019","09/2019","775","USD","40.000%"
"CBT","INTEREST RATES","10-YEAR ERIS SOFR SWAP FUTURES","YIY","12/2019","12/2019","800","USD","40.000%"
"CBT","INTEREST RATES","10-YEAR ERIS SOFR SWAP FUTURES","YIY","03/2020","03/2020","850","USD","40.000%"
"CBT","INTEREST RATES","10-YEAR ERIS SOFR SWAP FUTURES","YIY","06/2020","06/2020","900","USD","40.000%"
"CBT","INTEREST RATES","10-YEAR ERIS SOFR SWAP FUTURES","YIY","09/2020","09/2020","950","USD","40.000%"
"CBT","INTEREST RATES","10-YEAR ERIS SOFR SWAP FUTURES","YIY","12/2020","12/2020","975","USD","40.000%"
"CBT","INTEREST RATES","10-YEAR ERIS SOFR SWAP FUTURES","YIY","03/2021","03/2021","1000","USD","40.000%"
"CBT","INTEREST RATES","10-YEAR ERIS SOFR SWAP FUTURES","YIY","06/2021","09/2021","1050","USD","40.000%"
"CBT","INTEREST RATES","10-YEAR ERIS SOFR SWAP FUTURES","YIY","12/2021","12/2021","1075","USD","40.000%"
"CBT","INTEREST RATES","10-YEAR ERIS SOFR SWAP FUTURES","YIY","03/2022","06/2022","1100","USD","40.000%"
"CBT","INTEREST RATES","10-YEAR ERIS SOFR SWAP FUTURES","YIY","09/2022","09/2022","1150","USD","40.000%"
"CBT","INTEREST RATES","10-YEAR ERIS SOFR SWAP FUTURES","YIY","12/2022","03/2023","1175","USD","40.000%"
"CBT","INTEREST RATES","10-YEAR ERIS SOFR SWAP FUTURES","YIY","06/2023","06/2023","1225","USD","40.000%"
"CBT","INTEREST RATES","10-YEAR ERIS SOFR SWAP FUTURES","YIY","09/2023","09/2023","1250","USD","40.000%"
"CBT","INTEREST RATES","10-YEAR ERIS SOFR SWAP FUTURES","YIY","12/2023","12/2023","1300","USD","40.000%"
"CBT","INTEREST RATES","10-YEAR ERIS SOFR SWAP FUTURES","YIY","03/2024","03/2024","1325","USD","40.000%"
"CBT","INTEREST RATES","10-YEAR ERIS SOFR SWAP FUTURES","YIY","06/2024","06/2024","1350","USD","40.000%"
"CBT","INTEREST RATES","10-YEAR ERIS SOFR SWAP FUTURES","YIY","09/2024","09/2024","1375","USD","40.000%"
"CBT","INTEREST RATES","10-YEAR ERIS SOFR SWAP FUTURES","YIY","12/2024","12/2024","1450","USD","40.000%"
"CBT","INTEREST RATES","10-YEAR ERIS SOFR SWAP FUTURES","YIY","03/2025","03/2025","1475","USD","40.000%"
"CBT","INTEREST RATES","10-YEAR ERIS SOFR SWAP FUTURES","YIY","06/2025","06/2025","1525","USD","40.000%"
"CBT","INTEREST RATES","10-YEAR ERIS SOFR SWAP FUTURES","YIY","09/2025","09/2025","1575","USD","40.000%"
"CBT","INTEREST RATES","10-YEAR ERIS SOFR SWAP FUTURES","YIY","12/2025","12/2025","1650","USD","40.000%"
"CBT","INTEREST RATES","10-YEAR ERIS SOFR SWAP FUTURES","YIY","03/2026","06/2026","1700","USD","40.000%"
"CBT","INTEREST RATES","U.S. TREA BOND TAS FUT","ZBT","03/2026","03/2026","3700","USD","50.000%"
"CBT","INTEREST RATES","5 YEAR TAS FUTURES","ZFT","03/2026","03/2026","1250","USD","50.000%"
"CBT","INTEREST RATES","10 YR TREA NOTE TAS FUTURES","ZNS","03/2026","03/2026","1875","USD","50.000%"
"CBT","INTEREST RATES","2 YEAR TAS FUTURES","ZTT","03/2026","03/2026","1200","USD","50.000%"
"CME","AGRICULTURE","LIVE CATTLE FUTURES","48","12/2025","02/2026","3300","USD","40.000%"
"CME","AGRICULTURE","LIVE CATTLE FUTURES","48","04/2026","04/2026","3300","USD","28.000%"
"CME","AGRICULTURE","LIVE CATTLE FUTURES","48","06/2026","06/2026","3300","USD","21.000%"
"CME","AGRICULTURE","LIVE CATTLE FUTURES","48","08/2026","10/2026","3300","USD","20.000%"
"CME","AGRICULTURE","LIVE CATTLE FUTURES","48","12/2026","08/2027","3300","USD","15.000%"
"CME","AGRICULTURE","FEEDER CATTLE FUTURES","62","01/2026","01/2026","6000","USD","30.000%"
"CME","AGRICULTURE","FEEDER CATTLE FUTURES","62","03/2026","03/2026","6000","USD","20.000%"
"CME","AGRICULTURE","FEEDER CATTLE FUTURES","62","04/2026","01/2027","6000","USD","19.000%"
"CME","AGRICULTURE","CASH BUTTER FUTURE","CB","01/2026","01/2026","1000","USD","47.000%"
"CME","AGRICULTURE","CASH BUTTER FUTURE","CB","02/2026","02/2026","1500","USD","37.000%"
"CME","AGRICULTURE","CASH BUTTER FUTURE","CB","03/2026","04/2026","1400","USD","37.000%"
"CME","AGRICULTURE","CASH BUTTER FUTURE","CB","05/2026","09/2026","1300","USD","23.000%"
"CME","AGRICULTURE","CASH BUTTER FUTURE","CB","10/2026","03/2027","1200","USD","23.000%"
"CME","AGRICULTURE","CASH BUTTER FUTURE","CB","04/2027","12/2027","1000","USD","23.000%"
"CME","AGRICULTURE","FTSE CORECOMMODITY CRB INDEX FUTURE","CCI","03/2026","12/2027","1000","USD","25.000%"
"CME","AGRICULTURE","BTIC ON FTSE CORECOMMODITY CRB INDE","CCT","03/2026","12/2027","1000","USD","25.000%"
"CME","AGRICULTURE","FTSE CORECMDTY CRB INDEX FUT MARKER","CCX","03/2026","12/2027","1000","USD","25.000%"
"CME","AGRICULTURE","USD MALAYSIAN CRUDE PALM CAL FUT","CPO","01/2026","01/2026","361","USD","25.000%"
"CME","AGRICULTURE","USD MALAYSIAN CRUDE PALM CAL FUT","CPO","02/2026","03/2026","1600","USD","25.000%"
"CME","AGRICULTURE","USD MALAYSIAN CRUDE PALM CAL FUT","CPO","04/2026","07/2026","1350","USD","25.000%"
"CME","AGRICULTURE","USD MALAYSIAN CRUDE PALM CAL FUT","CPO","08/2026","12/2030","1275","USD","25.000%"
"CME","AGRICULTURE","USD MALAY CRD PALM OIL BULLET FUT","CPV","01/2026","04/2026","1600","USD","25.000%"
"CME","AGRICULTURE","USD MALAY CRD PALM OIL BULLET FUT","CPV","05/2026","08/2026","1350","USD","25.000%"
"CME","AGRICULTURE","USD MALAY CRD PALM OIL BULLET FUT","CPV","09/2026","01/2031","1275","USD","25.000%"
"CME","AGRICULTURE","CASH CHEESE FUTURES","CSC","01/2026","01/2026","700","USD","45.000%"
"CME","AGRICULTURE","CASH CHEESE FUTURES","CSC","02/2026","02/2026","1300","USD","40.000%"
"CME","AGRICULTURE","CASH CHEESE FUTURES","CSC","03/2026","04/2026","1300","USD","22.000%"
"CME","AGRICULTURE","CASH CHEESE FUTURES","CSC","05/2026","06/2026","900","USD","20.000%"
"CME","AGRICULTURE","CASH CHEESE FUTURES","CSC","07/2026","11/2026","600","USD","15.000%"
"CME","AGRICULTURE","CASH CHEESE FUTURES","CSC","12/2026","12/2027","550","USD","12.000%"
"CME","AGRICULTURE","CLASS III MILK FUTURES","DA","01/2026","01/2026","900","USD","50.000%"
"CME","AGRICULTURE","CLASS III MILK FUTURES","DA","02/2026","02/2026","1350","USD","50.000%"
"CME","AGRICULTURE","CLASS III MILK FUTURES","DA","03/2026","05/2026","1350","USD","35.000%"
"CME","AGRICULTURE","CLASS III MILK FUTURES","DA","06/2026","11/2026","800","USD","20.000%"
"CME","AGRICULTURE","CLASS III MILK FUTURES","DA","12/2026","03/2027","800","USD","15.000%"
"CME","AGRICULTURE","CLASS III MILK FUTURES","DA","04/2027","12/2027","750","USD","15.000%"
"CME","AGRICULTURE","CLASS IV MILK FUTURE","DK","01/2026","01/2026","650","USD","45.000%"
"CME","AGRICULTURE","CLASS IV MILK FUTURE","DK","02/2026","02/2026","1200","USD","40.000%"
"CME","AGRICULTURE","CLASS IV MILK FUTURE","DK","03/2026","05/2026","1200","USD","30.000%"
"CME","AGRICULTURE","CLASS IV MILK FUTURE","DK","06/2026","09/2026","1150","USD","25.000%"
"CME","AGRICULTURE","CLASS IV MILK FUTURE","DK","10/2026","12/2027","1100","USD","25.000%"
"CME","AGRICULTURE","CME DRY WHEY FUTURES","DY","01/2026","01/2026","900","USD","40.000%"
"CME","AGRICULTURE","CME DRY WHEY FUTURES","DY","02/2026","02/2026","1600","USD","35.000%"
"CME","AGRICULTURE","CME DRY WHEY FUTURES","DY","03/2026","06/2026","1600","USD","25.000%"
"CME","AGRICULTURE","CME DRY WHEY FUTURES","DY","07/2026","12/2026","1600","USD","20.000%"
"CME","AGRICULTURE","CME DRY WHEY FUTURES","DY","01/2027","12/2027","1600","USD","10.000%"
"CME","AGRICULTURE","GSCI ER FUTURES","GA","03/2026","12/2027","1475","USD","0.04"
"CME","AGRICULTURE","S&P-GSCI COMMODITY INDEX MARKER","GDM","01/2026","04/2026","7000","USD","0.04"
"CME","AGRICULTURE","BTIC ON S&P-GSCI COMMODITY INDEX","GDT","01/2026","04/2026","7000","USD","0.04"
"CME","AGRICULTURE","FEEDER CATTLE TRADE AT SETTLE","GFT","03/2026","03/2026","6000","USD","20.000%"
"CME","AGRICULTURE","FEEDER CATTLE TRADE AT SETTLE","GFT","04/2026","04/2026","6000","USD","19.000%"
"CME","AGRICULTURE","S&P-GSCI COMMODITY INDEX FUTURE","GI","01/2026","04/2026","7000","USD","0.04"
"CME","AGRICULTURE","S&P-GSCI EXCESS RETURN INDEX FUT MR","GII","03/2026","12/2027","1475","USD","0.04"
"CME","AGRICULTURE","BTIC ON S&P-GSCI EXCESS RETURN INDE","GIT","03/2026","12/2027","1475","USD","0.04"
"CME","AGRICULTURE","LEAN HOGS TRADE AT SETTLE","HET","02/2026","02/2026","1700","USD","35.000%"
"CME","AGRICULTURE","LEAN HOGS TRADE AT SETTLE","HET","04/2026","04/2026","1700","USD","25.000%"
"CME","AGRICULTURE","LEAN HOGS TRADE AT SETTLE","HET","06/2026","07/2026","1700","USD","15.000%"
"CME","AGRICULTURE","LEAN HOGS TRADE AT SETTLE","HET","08/2026","08/2026","1700","USD","14.000%"
"CME","AGRICULTURE","MLK MID FUTURES","JQ","01/2026","01/2026","450","USD","50.000%"
"CME","AGRICULTURE","MLK MID FUTURES","JQ","02/2026","02/2026","675","USD","50.000%"
"CME","AGRICULTURE","MLK MID FUTURES","JQ","03/2026","05/2026","675","USD","35.000%"
"CME","AGRICULTURE","MLK MID FUTURES","JQ","06/2026","11/2026","400","USD","20.000%"
"CME","AGRICULTURE","MLK MID FUTURES","JQ","12/2026","03/2027","400","USD","15.000%"
"CME","AGRICULTURE","MLK MID FUTURES","JQ","04/2027","12/2027","375","USD","15.000%"
"CME","AGRICULTURE","LUMBER FUTURES","LBR","01/2026","03/2026","1100","USD","30.000%"
"CME","AGRICULTURE","LUMBER FUTURES","LBR","05/2026","03/2027","850","USD","20.000%"
"CME","AGRICULTURE","LIVE CATTLE TRADE AT SETTLEMENT","LET","02/2026","02/2026","3300","USD","40.000%"
"CME","AGRICULTURE","LIVE CATTLE TRADE AT SETTLEMENT","LET","04/2026","04/2026","3300","USD","28.000%"
"CME","AGRICULTURE","LIVE CATTLE TRADE AT SETTLEMENT","LET","06/2026","06/2026","3300","USD","21.000%"
"CME","AGRICULTURE","LIVE CATTLE TRADE AT SETTLEMENT","LET","08/2026","10/2026","3300","USD","20.000%"
"CME","AGRICULTURE","LEAN HOG FUTURES","LN","02/2026","02/2026","1700","USD","35.000%"
"CME","AGRICULTURE","LEAN HOG FUTURES","LN","04/2026","04/2026","1700","USD","25.000%"
"CME","AGRICULTURE","LEAN HOG FUTURES","LN","05/2026","05/2026","1700","USD","22.000%"
"CME","AGRICULTURE","LEAN HOG FUTURES","LN","06/2026","07/2026","1700","USD","15.000%"
"CME","AGRICULTURE","LEAN HOG FUTURES","LN","08/2026","06/2027","1700","USD","14.000%"
"CME","AGRICULTURE","NONFAT DRY MILK FUTURES","NF","01/2026","01/2026","800","USD","40.000%"
"CME","AGRICULTURE","NONFAT DRY MILK FUTURES","NF","02/2026","02/2026","1400","USD","40.000%"
"CME","AGRICULTURE","NONFAT DRY MILK FUTURES","NF","03/2026","09/2026","1550","USD","30.000%"
"CME","AGRICULTURE","NONFAT DRY MILK FUTURES","NF","10/2026","12/2027","1450","USD","20.000%"
"CME","AGRICULTURE","USD MALAYSIAN PALM OLEIN CAL FUT","OPF","01/2026","11/2027","2500","USD","0.01"
"CME","AGRICULTURE","USD MALAYSIAN PALM OLEIN CAL SWAP","OPS","01/2026","01/2026","564","USD","25.000%"
"CME","AGRICULTURE","USD MALAYSIAN PALM OLEIN CAL SWAP","OPS","02/2026","11/2027","2500","USD","25.000%"
"CME","AGRICULTURE","USD MALAYSIAN PALM OIL - EU GASOIL","POG","01/2026","12/2026","2000","USD","0.01"
"CME","AGRICULTURE","PORK CUTOUT FUTURE","PRK","02/2026","02/2026","1950","USD","40.000%"
"CME","AGRICULTURE","PORK CUTOUT FUTURE","PRK","04/2026","04/2026","1950","USD","30.000%"
"CME","AGRICULTURE","PORK CUTOUT FUTURE","PRK","05/2026","05/2026","1950","USD","25.000%"
"CME","AGRICULTURE","PORK CUTOUT FUTURE","PRK","06/2026","07/2026","1950","USD","18.000%"
"CME","AGRICULTURE","PORK CUTOUT FUTURE","PRK","08/2026","06/2027","1950","USD","17.000%"
"CME","AGRICULTURE","LIVE CATTLE 2 MTH SYN CAL SPREAD","Q02","12/2025","12/2025","","USD","25.000%"
"CME","AGRICULTURE","LIVE CATTLE 2 MTH SYN CAL SPREAD","Q02","02/2026","02/2026","1000","USD","25.000%"
"CME","AGRICULTURE","LIVE CATTLE 2 MTH SYN CAL SPREAD","Q02","04/2026","04/2026","700","USD","25.000%"
"CME","AGRICULTURE","LIVE CATTLE 2 MTH SYN CAL SPREAD","Q02","06/2026","06/2026","500","USD","25.000%"
"CME","AGRICULTURE","LIVE CATTLE 4 MTH SYN CAL SPREAD","Q04","12/2025","12/2025","1000","USD","25.000%"
"CME","AGRICULTURE","LIVE CATTLE 4 MTH SYN CAL SPREAD","Q04","02/2026","02/2026","1100","USD","25.000%"
"CME","AGRICULTURE","LIVE CATTLE 4 MTH SYN CAL SPREAD","Q04","04/2026","04/2026","950","USD","25.000%"
"CME","AGRICULTURE","LIVE CATTLE 6 MTH SYN CAL SPREAD","Q06","12/2025","12/2025","1100","USD","25.000%"
"CME","AGRICULTURE","LIVE CATTLE 6 MTH SYN CAL SPREAD","Q06","02/2026","02/2026","1300","USD","25.000%"
"CME","AGRICULTURE","S&P GSCI ENHANCED ER SWAP FUT","RRE","03/2026","12/2027","1800","USD","0.04"
"CME","AGRICULTURE","S&P-GSCI EXCESS RETURN INDEX SWAPS","SEI","03/2026","12/2027","1475","USD","0.04"
"CME","AGRICULTURE","SP GSCI SWAP FUTURES","SES","03/2026","12/2027","1475","USD","0.04"
"CME","AGRICULTURE","BTIC ON S&P-GSCI EXCESS RETURN INDE","SET","03/2026","12/2027","1475","USD","0.04"
"CME","AGRICULTURE","SOUTHERN YELLOW PINE FUTURES","SYP","01/2026","03/2026","600","USD","30.000%"
"CME","AGRICULTURE","SOUTHERN YELLOW PINE FUTURES","SYP","05/2026","03/2027","550","USD","20.000%"
"CME","CRYPTOCURRENCIES","BTIC ON BITCOIN FRIDAY FUTU","BFB","01/16/2026","02/06/2026","","USD","50.000%"
"CME","CRYPTOCURRENCIES","BTIC ON BITCOIN FRIDAY FUTU","BFB","01/30/2026","01/30/2026","2","USD","50.000%"
"CME","CRYPTOCURRENCIES","BITCOIN FRIDAY FUTURE","BFF","01/16/2026","01/16/2026","457","USD","50.000%"
"CME","CRYPTOCURRENCIES","BITCOIN FRIDAY FUTURE","BFF","01/23/2026","02/06/2026","431","USD","50.000%"
"CME","CRYPTOCURRENCIES","BITCOIN FRIDAY FUTURE","BFF","01/30/2026","01/30/2026","430","USD","50.000%"
"CME","CRYPTOCURRENCIES","BFF SYNTHETIC FUTURE","BFS","01/16/2026","01/16/2026","457","USD","50.000%"
"CME","CRYPTOCURRENCIES","BFF SYNTHETIC FUTURE","BFS","01/23/2026","02/06/2026","431","USD","50.000%"
"CME","CRYPTOCURRENCIES","BTIC ON MICRO SOL FUTURE BRRNY MARK","BOM","01/2026","12/2027","1338","USD","60.000%"
"CME","CRYPTOCURRENCIES","BTIC ON SOL FUTURE BRRNY MARKER","BSM","01/2026","12/2027","26741","USD","60.000%"
"CME","CRYPTOCURRENCIES","BITCOIN FUTURES","BTC","01/2026","01/2026","107400","USD","50.000%"
"CME","CRYPTOCURRENCIES","BITCOIN FUTURES","BTC","02/2026","02/2026","107820","USD","50.000%"
"CME","CRYPTOCURRENCIES","BITCOIN FUTURES","BTC","03/2026","03/2026","108258","USD","50.000%"
"CME","CRYPTOCURRENCIES","BITCOIN FUTURES","BTC","04/2026","04/2026","108726","USD","50.000%"
"CME","CRYPTOCURRENCIES","BITCOIN FUTURES","BTC","05/2026","05/2026","109272","USD","50.000%"
"CME","CRYPTOCURRENCIES","BITCOIN FUTURES","BTC","06/2026","06/2026","109836","USD","50.000%"
"CME","CRYPTOCURRENCIES","BITCOIN FUTURES","BTC","09/2026","09/2026","111930","USD","50.000%"
"CME","CRYPTOCURRENCIES","BITCOIN FUTURES","BTC","12/2026","12/2026","113652","USD","50.000%"
"CME","CRYPTOCURRENCIES","BITCOIN FUTURES","BTC","03/2027","03/2027","115392","USD","50.000%"
"CME","CRYPTOCURRENCIES","BITCOIN FUTURES","BTC","06/2027","06/2027","117144","USD","50.000%"
"CME","CRYPTOCURRENCIES","BITCOIN FUTURES","BTC","12/2027","12/2027","120756","USD","50.000%"
"CME","CRYPTOCURRENCIES","BITCOIN EURO FUTURES","BTE","01/2026","01/2026","90888","EUR","50.000%"
"CME","CRYPTOCURRENCIES","BITCOIN EURO FUTURES","BTE","02/2026","02/2026","91620","EUR","50.000%"
"CME","CRYPTOCURRENCIES","BITCOIN EURO FUTURES","BTE","03/2026","03/2026","92346","EUR","50.000%"
"CME","CRYPTOCURRENCIES","BITCOIN EURO FUTURES","BTE","04/2026","04/2026","93078","EUR","50.000%"
"CME","CRYPTOCURRENCIES","BITCOIN EURO FUTURES","BTE","05/2026","05/2026","93990","EUR","50.000%"
"CME","CRYPTOCURRENCIES","BITCOIN EURO FUTURES","BTE","06/2026","06/2026","94722","EUR","50.000%"
"CME","CRYPTOCURRENCIES","BITCOIN EURO FUTURES","BTE","09/2026","09/2026","97098","EUR","50.000%"
"CME","CRYPTOCURRENCIES","BITCOIN EURO FUTURES","BTE","12/2026","12/2026","99444","EUR","50.000%"
"CME","CRYPTOCURRENCIES","BITCOIN EURO FUTURES","BTE","03/2027","03/2027","101820","EUR","50.000%"
"CME","CRYPTOCURRENCIES","BITCOIN EURO FUTURES","BTE","06/2027","06/2027","104220","EUR","50.000%"
"CME","CRYPTOCURRENCIES","BITCOIN EURO FUTURES","BTE","12/2027","12/2027","109152","EUR","50.000%"
"CME","CRYPTOCURRENCIES","MICRO BITCOIN EURO FUTURES","EBM","01/2026","01/2026","1818","EUR","50.000%"
"CME","CRYPTOCURRENCIES","MICRO BITCOIN EURO FUTURES","EBM","02/2026","02/2026","1833","EUR","50.000%"
"CME","CRYPTOCURRENCIES","MICRO BITCOIN EURO FUTURES","EBM","03/2026","03/2026","1847","EUR","50.000%"
"CME","CRYPTOCURRENCIES","MICRO BITCOIN EURO FUTURES","EBM","04/2026","04/2026","1862","EUR","50.000%"
"CME","CRYPTOCURRENCIES","MICRO BITCOIN EURO FUTURES","EBM","05/2026","05/2026","1880","EUR","50.000%"
"CME","CRYPTOCURRENCIES","MICRO BITCOIN EURO FUTURES","EBM","06/2026","06/2026","1895","EUR","50.000%"
"CME","CRYPTOCURRENCIES","MICRO BITCOIN EURO FUTURES","EBM","09/2026","09/2026","1942","EUR","50.000%"
"CME","CRYPTOCURRENCIES","MICRO BITCOIN EURO FUTURES","EBM","12/2026","12/2026","1989","EUR","50.000%"
"CME","CRYPTOCURRENCIES","MICRO BITCOIN EURO FUTURES","EBM","03/2027","03/2027","2037","EUR","50.000%"
"CME","CRYPTOCURRENCIES","MICRO BITCOIN EURO FUTURES","EBM","06/2027","06/2027","2085","EUR","50.000%"
"CME","CRYPTOCURRENCIES","MICRO BITCOIN EURO FUTURES","EBM","12/2027","12/2027","2184","EUR","50.000%"
"CME","CRYPTOCURRENCIES","ETHER BITCOIN  RATIO FUTURES","EBR","01/2026","12/2027","4700","USD","50.000%"
"CME","CRYPTOCURRENCIES","MICRO ETHER EURO FUTURES","EEM","01/2026","01/2026","80","EUR","60.000%"
"CME","CRYPTOCURRENCIES","MICRO ETHER EURO FUTURES","EEM","02/2026","03/2026","81","EUR","60.000%"
"CME","CRYPTOCURRENCIES","MICRO ETHER EURO FUTURES","EEM","04/2026","05/2026","82","EUR","60.000%"
"CME","CRYPTOCURRENCIES","MICRO ETHER EURO FUTURES","EEM","06/2026","06/2026","83","EUR","60.000%"
"CME","CRYPTOCURRENCIES","MICRO ETHER EURO FUTURES","EEM","09/2026","09/2026","84","EUR","60.000%"
"CME","CRYPTOCURRENCIES","MICRO ETHER EURO FUTURES","EEM","12/2026","12/2026","86","EUR","60.000%"
"CME","CRYPTOCURRENCIES","MICRO ETHER EURO FUTURES","EEM","03/2027","03/2027","87","EUR","60.000%"
"CME","CRYPTOCURRENCIES","MICRO ETHER EURO FUTURES","EEM","06/2027","06/2027","89","EUR","60.000%"
"CME","CRYPTOCURRENCIES","MICRO ETHER EURO FUTURES","EEM","12/2027","12/2027","92","EUR","60.000%"
"CME","CRYPTOCURRENCIES","ETHER EURO FUTURES","ETE","01/2026","01/2026","39832","EUR","60.000%"
"CME","CRYPTOCURRENCIES","ETHER EURO FUTURES","ETE","02/2026","02/2026","40072","EUR","60.000%"
"CME","CRYPTOCURRENCIES","ETHER EURO FUTURES","ETE","03/2026","03/2026","40320","EUR","60.000%"
"CME","CRYPTOCURRENCIES","ETHER EURO FUTURES","ETE","04/2026","04/2026","40560","EUR","60.000%"
"CME","CRYPTOCURRENCIES","ETHER EURO FUTURES","ETE","05/2026","05/2026","40872","EUR","60.000%"
"CME","CRYPTOCURRENCIES","ETHER EURO FUTURES","ETE","06/2026","06/2026","41112","EUR","60.000%"
"CME","CRYPTOCURRENCIES","ETHER EURO FUTURES","ETE","09/2026","09/2026","41904","EUR","60.000%"
"CME","CRYPTOCURRENCIES","ETHER EURO FUTURES","ETE","12/2026","12/2026","42688","EUR","60.000%"
"CME","CRYPTOCURRENCIES","ETHER EURO FUTURES","ETE","03/2027","03/2027","43480","EUR","60.000%"
"CME","CRYPTOCURRENCIES","ETHER EURO FUTURES","ETE","06/2027","06/2027","44288","EUR","60.000%"
"CME","CRYPTOCURRENCIES","ETHER EURO FUTURES","ETE","12/2027","12/2027","45936","EUR","60.000%"
"CME","CRYPTOCURRENCIES","ETHER FUTURES","ETH","01/2026","01/2026","47032","USD","60.000%"
"CME","CRYPTOCURRENCIES","ETHER FUTURES","ETH","02/2026","02/2026","47224","USD","60.000%"
"CME","CRYPTOCURRENCIES","ETHER FUTURES","ETH","03/2026","03/2026","47376","USD","60.000%"
"CME","CRYPTOCURRENCIES","ETHER FUTURES","ETH","04/2026","04/2026","47600","USD","60.000%"
"CME","CRYPTOCURRENCIES","ETHER FUTURES","ETH","05/2026","05/2026","47904","USD","60.000%"
"CME","CRYPTOCURRENCIES","ETHER FUTURES","ETH","06/2026","06/2026","48192","USD","60.000%"
"CME","CRYPTOCURRENCIES","ETHER FUTURES","ETH","09/2026","09/2026","49488","USD","60.000%"
"CME","CRYPTOCURRENCIES","ETHER FUTURES","ETH","12/2026","12/2026","50416","USD","60.000%"
"CME","CRYPTOCURRENCIES","ETHER FUTURES","ETH","03/2027","03/2027","51352","USD","60.000%"
"CME","CRYPTOCURRENCIES","ETHER FUTURES","ETH","06/2027","06/2027","52304","USD","60.000%"
"CME","CRYPTOCURRENCIES","ETHER FUTURES","ETH","12/2027","12/2027","54248","USD","60.000%"
"CME","CRYPTOCURRENCIES","MICRO BITCOIN FUTURES","MBT","01/2026","01/2026","2148","USD","50.000%"
"CME","CRYPTOCURRENCIES","MICRO BITCOIN FUTURES","MBT","02/2026","02/2026","2157","USD","50.000%"
"CME","CRYPTOCURRENCIES","MICRO BITCOIN FUTURES","MBT","03/2026","03/2026","2166","USD","50.000%"
"CME","CRYPTOCURRENCIES","MICRO BITCOIN FUTURES","MBT","04/2026","04/2026","2175","USD","50.000%"
"CME","CRYPTOCURRENCIES","MICRO BITCOIN FUTURES","MBT","05/2026","05/2026","2186","USD","50.000%"
"CME","CRYPTOCURRENCIES","MICRO BITCOIN FUTURES","MBT","06/2026","06/2026","2197","USD","50.000%"
"CME","CRYPTOCURRENCIES","MICRO BITCOIN FUTURES","MBT","09/2026","09/2026","2239","USD","50.000%"
"CME","CRYPTOCURRENCIES","MICRO BITCOIN FUTURES","MBT","12/2026","12/2026","2274","USD","50.000%"
"CME","CRYPTOCURRENCIES","MICRO BITCOIN FUTURES","MBT","03/2027","03/2027","2308","USD","50.000%"
"CME","CRYPTOCURRENCIES","MICRO BITCOIN FUTURES","MBT","06/2027","06/2027","2343","USD","50.000%"
"CME","CRYPTOCURRENCIES","MICRO BITCOIN FUTURES","MBT","12/2027","12/2027","2416","USD","50.000%"
"CME","CRYPTOCURRENCIES","MICRO ETHER FUTURES","MET","01/2026","03/2026","95","USD","60.000%"
"CME","CRYPTOCURRENCIES","MICRO ETHER FUTURES","MET","04/2026","05/2026","96","USD","60.000%"
"CME","CRYPTOCURRENCIES","MICRO ETHER FUTURES","MET","06/2026","06/2026","97","USD","60.000%"
"CME","CRYPTOCURRENCIES","MICRO ETHER FUTURES","MET","09/2026","09/2026","99","USD","60.000%"
"CME","CRYPTOCURRENCIES","MICRO ETHER FUTURES","MET","12/2026","12/2026","101","USD","60.000%"
"CME","CRYPTOCURRENCIES","MICRO ETHER FUTURES","MET","03/2027","03/2027","103","USD","60.000%"
"CME","CRYPTOCURRENCIES","MICRO ETHER FUTURES","MET","06/2027","06/2027","105","USD","60.000%"
"CME","CRYPTOCURRENCIES","MICRO ETHER FUTURES","MET","12/2027","12/2027","109","USD","60.000%"
"CME","CRYPTOCURRENCIES","MICRO SOL FUTURES","MSL","01/2026","01/2026","1331","USD","60.000%"
"CME","CRYPTOCURRENCIES","MICRO SOL FUTURES","MSL","02/2026","02/2026","1333","USD","60.000%"
"CME","CRYPTOCURRENCIES","MICRO SOL FUTURES","MSL","03/2026","03/2026","1336","USD","60.000%"
"CME","CRYPTOCURRENCIES","MICRO SOL FUTURES","MSL","04/2026","04/2026","1343","USD","60.000%"
"CME","CRYPTOCURRENCIES","MICRO SOL FUTURES","MSL","05/2026","05/2026","1353","USD","60.000%"
"CME","CRYPTOCURRENCIES","MICRO SOL FUTURES","MSL","06/2026","06/2026","1374","USD","60.000%"
"CME","CRYPTOCURRENCIES","MICRO SOL FUTURES","MSL","09/2026","09/2026","1401","USD","60.000%"
"CME","CRYPTOCURRENCIES","MICRO SOL FUTURES","MSL","12/2026","12/2026","1427","USD","60.000%"
"CME","CRYPTOCURRENCIES","MICRO SOL FUTURES","MSL","03/2027","03/2027","1453","USD","60.000%"
"CME","CRYPTOCURRENCIES","MICRO SOL FUTURES","MSL","06/2027","06/2027","1480","USD","60.000%"
"CME","CRYPTOCURRENCIES","MICRO SOL FUTURES","MSL","12/2027","12/2027","1535","USD","60.000%"
"CME","CRYPTOCURRENCIES","BTIC ON SOL LONDON MARKER FUT","MSM","01/2026","12/2027","26584","USD","60.000%"
"CME","CRYPTOCURRENCIES","MICRO XRP FUTURES","MXP","01/2026","01/2026","2113","USD","60.000%"
"CME","CRYPTOCURRENCIES","MICRO XRP FUTURES","MXP","02/2026","02/2026","2125","USD","60.000%"
"CME","CRYPTOCURRENCIES","MICRO XRP FUTURES","MXP","03/2026","03/2026","2137","USD","60.000%"
"CME","CRYPTOCURRENCIES","MICRO XRP FUTURES","MXP","04/2026","04/2026","2169","USD","60.000%"
"CME","CRYPTOCURRENCIES","MICRO XRP FUTURES","MXP","05/2026","05/2026","2193","USD","60.000%"
"CME","CRYPTOCURRENCIES","MICRO XRP FUTURES","MXP","06/2026","06/2026","2213","USD","60.000%"
"CME","CRYPTOCURRENCIES","MICRO XRP FUTURES","MXP","09/2026","09/2026","2275","USD","60.000%"
"CME","CRYPTOCURRENCIES","MICRO XRP FUTURES","MXP","12/2026","12/2026","2338","USD","60.000%"
"CME","CRYPTOCURRENCIES","MICRO XRP FUTURES","MXP","03/2027","03/2027","2401","USD","60.000%"
"CME","CRYPTOCURRENCIES","MICRO XRP FUTURES","MXP","06/2027","06/2027","2464","USD","60.000%"
"CME","CRYPTOCURRENCIES","MICRO XRP FUTURES","MXP","12/2027","12/2027","2595","USD","60.000%"
"CME","CRYPTOCURRENCIES","SPOT-QUOTED BITCOIN FUT","QBTC","06/2026","06/2026","215","USD","50.000%"
"CME","CRYPTOCURRENCIES","ETHER SPOT QUOTED FUT NON TRADE","QEF","06/2026","06/2026","179","USD","50.000%"
"CME","CRYPTOCURRENCIES","ETHER MARKER SPOT QUOTED FUTURES","QEM","06/2026","06/2026","10","USD","50.000%"
"CME","CRYPTOCURRENCIES","SPOT-QUOTED ETHER FUT","QETH","06/2026","06/2026","189","USD","50.000%"
"CME","CRYPTOCURRENCIES","SOL SPOT QUOTED FUT NON","QOF","06/2026","06/2026","266","USD","60.000%"
"CME","CRYPTOCURRENCIES","SOL MARKER SPOT QUOTED","QOM","06/2026","06/2026","1","USD","60.000%"
"CME","CRYPTOCURRENCIES","SPOT-QUOTED SOL FUT","QSOL","06/2026","06/2026","267","USD","60.000%"
"CME","CRYPTOCURRENCIES","BITCOIN SPOT QUOTED FUT NON TRAD","QTF","06/2026","06/2026","205","USD","50.000%"
"CME","CRYPTOCURRENCIES","BITCOIN MARKER SPOT QUOTED FUT","QTM","06/2026","06/2026","11","USD","50.000%"
"CME","CRYPTOCURRENCIES","XRP SPOT QUOTED FUT NON TRAD","QXF","06/2026","06/2026","210","USD","60.000%"
"CME","CRYPTOCURRENCIES","XRP MARKER SPOT QUOTED","QXM","06/2026","06/2026","1","USD","60.000%"
"CME","CRYPTOCURRENCIES","SPOT-QUOTED XRP FUT","QXRP","06/2026","06/2026","211","USD","60.000%"
"CME","CRYPTOCURRENCIES","BTIC ON MICRO SOL LONDON MARKER FUT","SLM","01/2026","12/2027","1330","USD","60.000%"
"CME","CRYPTOCURRENCIES","SOL FUTURES","SOL","01/2026","01/2026","26607","USD","60.000%"
"CME","CRYPTOCURRENCIES","SOL FUTURES","SOL","02/2026","02/2026","26660","USD","60.000%"
"CME","CRYPTOCURRENCIES","SOL FUTURES","SOL","03/2026","03/2026","26712","USD","60.000%"
"CME","CRYPTOCURRENCIES","SOL FUTURES","SOL","04/2026","04/2026","26849","USD","60.000%"
"CME","CRYPTOCURRENCIES","SOL FUTURES","SOL","05/2026","05/2026","27048","USD","60.000%"
"CME","CRYPTOCURRENCIES","SOL FUTURES","SOL","06/2026","06/2026","27468","USD","60.000%"
"CME","CRYPTOCURRENCIES","SOL FUTURES","SOL","09/2026","09/2026","28004","USD","60.000%"
"CME","CRYPTOCURRENCIES","SOL FUTURES","SOL","12/2026","12/2026","28529","USD","60.000%"
"CME","CRYPTOCURRENCIES","SOL FUTURES","SOL","03/2027","03/2027","29054","USD","60.000%"
"CME","CRYPTOCURRENCIES","SOL FUTURES","SOL","06/2027","06/2027","29589","USD","60.000%"
"CME","CRYPTOCURRENCIES","SOL FUTURES","SOL","12/2027","12/2027","30692","USD","60.000%"
"CME","CRYPTOCURRENCIES","TAS ON MICRO ETHER FUTURES","TEM","01/2026","03/2026","","USD","60.000%"
"CME","CRYPTOCURRENCIES","TAS ON ETHER FUTURES","TET","01/2026","03/2026","","USD","60.000%"
"CME","CRYPTOCURRENCIES","TAS ON MICRO SOL FUTURES","TMS","01/2026","03/2026","","USD","60.000%"
"CME","CRYPTOCURRENCIES","TAS ON MICRO XRP FUTURES","TMX","01/2026","03/2026","","USD","60.000%"
"CME","CRYPTOCURRENCIES","TAS ON SOL FUTURES","TSL","01/2026","03/2026","","USD","60.000%"
"CME","CRYPTOCURRENCIES","TAS ON XRP FUTURES","TXP","01/2026","03/2026","","USD","60.000%"
"CME","CRYPTOCURRENCIES","XRP FUTURES","XRP","01/2026","01/2026","42251","USD","60.000%"
"CME","CRYPTOCURRENCIES","XRP FUTURES","XRP","02/2026","02/2026","42482","USD","60.000%"
"CME","CRYPTOCURRENCIES","XRP FUTURES","XRP","03/2026","03/2026","42724","USD","60.000%"
"CME","CRYPTOCURRENCIES","XRP FUTURES","XRP","04/2026","04/2026","43373","USD","60.000%"
"CME","CRYPTOCURRENCIES","XRP FUTURES","XRP","05/2026","05/2026","43857","USD","60.000%"
"CME","CRYPTOCURRENCIES","XRP FUTURES","XRP","06/2026","06/2026","44242","USD","60.000%"
"CME","CRYPTOCURRENCIES","XRP FUTURES","XRP","09/2026","09/2026","45496","USD","60.000%"
"CME","CRYPTOCURRENCIES","XRP FUTURES","XRP","12/2026","12/2026","46750","USD","60.000%"
"CME","CRYPTOCURRENCIES","XRP FUTURES","XRP","03/2027","03/2027","48004","USD","60.000%"
"CME","CRYPTOCURRENCIES","XRP FUTURES","XRP","06/2027","06/2027","49280","USD","60.000%"
"CME","CRYPTOCURRENCIES","XRP FUTURES","XRP","12/2027","12/2027","51898","USD","60.000%"
"CME","EQUITY INDEX","BTIC ON S&P 500 TOTAL RETURN INDEX","TRB","12/2026","12/2026","25800","USD","6.000%"
"CME","EQUITY INDEX","S&P 500 TOTAL RETURN INDEX FUTURES","TRI","12/2026","12/2026","25800","USD","6.000%"
"CME","EQUITY INDEX","S&P 500 TOTAL RETURN INDEX MARKER","TRM","12/2026","12/2026","25800","USD","6.000%"
"CME","FX","BTIC ON EURO/U.S. DOLLAR FUT","6EB","03/2026","03/2026","2700","USD","21.000%"
"CME","FX","EURO/U.S. DOLLAR/(EUR/USD) MARKER","6EM","01/2026","03/2026","2700","USD","21.000%"
"CME","FX","EURO/U.S. DOLLAR/(EUR/USD) MARKER","6EM","06/2026","06/2026","2700","USD","18.000%"
"CME","FX","NEARBY BTIC+ ON EUR/USD FUTURES","6EP","01/2026","01/2026","130","USD","24.000%"
"CME","FX","AD/CD FUTURES","AC","03/2026","06/2027","4000","CAD","0.02"
"CME","FX","AUSTRALIAN DOLLAR FUTURES","AD","01/2026","04/2026","1900","USD","22.000%"
"CME","FX","AUSTRALIAN DOLLAR FUTURES","AD","05/2026","12/2030","1900","USD","18.000%"
"CME","FX","AD/JY FUTURES","AJ","03/2026","06/2027","700000","JPY","24.000%"
"CME","FX","AD/NE CROSS RATE FUTURES","AN","03/2026","06/2027","3300","NZD","28.000%"
"CME","FX","BPSF FUTURE","BF","03/2026","06/2027","3000","CHF","0.05"
"CME","FX","BRITISH POUND FUTURES","BP","01/2026","04/2026","2000","USD","22.000%"
"CME","FX","BRITISH POUND FUTURES","BP","05/2026","12/2030","2000","USD","18.000%"
"CME","FX","BRAZILIAN REAL FUTURES","BR","02/2026","01/2027","850","USD","30.000%"
"CME","FX","BRAZILIAN REAL FUTURES","BR","02/2027","01/2028","950","USD","30.000%"
"CME","FX","BRAZILIAN REAL FUTURES","BR","02/2028","01/2031","1100","USD","30.000%"
"CME","FX","BPJY FUTURE","BY","03/2026","06/2027","650000","JPY","0.02"
"CME","FX","CANADIAN DOLLAR FUTURES","C1","01/2026","05/2026","1000","USD","20.000%"
"CME","FX","CANADIAN DOLLAR FUTURES","C1","06/2026","12/2030","1000","USD","16.000%"
"CME","FX","EC/AD CROSS RATE FUTURES","CA","03/2026","06/2027","5900","AUD","22.000%"
"CME","FX","EC/CD CROSS RATE FUTURE","CC","03/2026","06/2027","4200","CAD","21.000%"
"CME","FX","CHILEAN PESO/US DOLLAR CLP/USD FUT","CHP","02/2026","12/2027","2600","USD","0.07"
"CME","FX","EC/NKR FUTURE","CN","03/2026","06/2027","43000","NOK","0.02"
"CME","FX","USD/CNH FUTURE","CNH","01/2026","09/2027","12000","CNH","22.000%"
"CME","FX","CD/JY FUTURES","CY","03/2026","06/2027","625000","JPY","0.02"
"CME","FX","CZECH KORUNA FUTURES","CZ","03/2026","06/2027","5100","USD","0.04"
"CME","FX","SWISS FRANC FUTURES","E1","03/2026","09/2026","4500","USD","24.000%"
"CME","FX","SWISS FRANC FUTURES","E1","12/2026","12/2030","4500","USD","19.000%"
"CME","FX","E-MINI EURO FX FUTURE","E7","03/2026","03/2026","1350","USD","21.000%"
"CME","FX","E-MINI EURO FX FUTURE","E7","06/2026","06/2026","1350","USD","18.000%"
"CME","FX","EURO FUTURE","EC","01/2026","04/2026","2700","USD","21.000%"
"CME","FX","EURO FUTURE","EC","05/2026","12/2030","2700","USD","18.000%"
"CME","FX","EUR/NZD FUTURE","ENZ","03/2026","06/2027","5000","NZD","3.000%"
"CME","FX","HUNGARIAN FORINT (USD) FUTURES","FR","03/2026","06/2027","3000","USD","20.000%"
"CME","FX","IDR/USD FUTURE","IDR","01/2026","12/2026","1900","USD","5.000%"
"CME","FX","ISRAELI SHEKEL FUTURES","IS","03/2026","06/2027","9500","USD","20.000%"
"CME","FX","JAPANESE YEN FUTURES","J1","01/2026","04/2026","2800","USD","24.000%"
"CME","FX","JAPANESE YEN FUTURES","J1","05/2026","12/2030","2800","USD","17.000%"
"CME","FX","E-MINI J-YEN FUTURE","J7","03/2026","03/2026","1400","USD","24.000%"
"CME","FX","E-MINI J-YEN FUTURE","J7","06/2026","06/2026","1400","USD","17.000%"
"CME","FX","CZECH KORUNA/EURO CROSS RATE FUT","K","03/2026","06/2027","2100","EUR","0.03"
"CME","FX","EC/SKR CROSS RATE FUTURE","KE","03/2026","06/2027","29000","SEK","0.02"
"CME","FX","KOREAN WONU.S. DOLLAR FUTURE","KRW","01/2026","06/2027","3400","USD","20.000%"
"CME","FX","MICRO AUD/USD FUTURES","M6A","03/2026","03/2026","190","USD","22.000%"
"CME","FX","MICRO AUD/USD FUTURES","M6A","06/2026","06/2026","190","USD","18.000%"
"CME","FX","MICRO GBP/USD FUTURES","M6B","03/2026","03/2026","200","USD","22.000%"
"CME","FX","MICRO GBP/USD FUTURES","M6B","06/2026","06/2026","200","USD","18.000%"
"CME","FX","MICRO EUR/USD FUTURES","M6E","03/2026","03/2026","270","USD","21.000%"
"CME","FX","MICRO EUR/USD FUTURES","M6E","06/2026","06/2026","270","USD","18.000%"
"CME","FX","MICRO CAD/USD FUTURES","MCD","03/2026","03/2026","100","USD","20.000%"
"CME","FX","MICRO CAD/USD FUTURES","MCD","06/2026","06/2026","100","USD","16.000%"
"CME","FX","MICRO INR/USD FUTURE","MIR","01/2026","12/2026","176","USD","22.000%"
"CME","FX","MICRO JPY/USD FUT","MJY","03/2026","03/2026","280","USD","24.000%"
"CME","FX","MICRO JPY/USD FUT","MJY","06/2026","06/2026","280","USD","17.000%"
"CME","FX","MICRO USD/CNH FUTURES","MNH","01/2026","03/2026","1200","CNH","22.000%"
"CME","FX","MEXICAN PESO FUTURES","MP","01/2026","06/2026","1100","USD","22.000%"
"CME","FX","MEXICAN PESO FUTURES","MP","07/2026","06/2027","1100","USD","18.000%"
"CME","FX","MICRO CHF/USD FUTURES","MSF","03/2026","06/2026","450","USD","24.000%"
"CME","FX","NEW ZEALAND FUTURES","NE","03/2026","09/2026","1300","USD","28.000%"
"CME","FX","NEW ZEALAND FUTURES","NE","12/2026","06/2027","1300","USD","22.000%"
"CME","FX","NZD/JPY FUTURE","NJY","03/2026","06/2027","500000","JPY","3.000%"
"CME","FX","NOK/SEK FUTURE","NSK","03/2026","06/2027","19000","SEK","3.000%"
"CME","FX","NZD/CAD FUTURE","NZC","03/2026","06/2027","1700","CAD","3.000%"
"CME","FX","GBP/AUD FUTURE","PAD","03/2026","06/2027","5700","AUD","3.000%"
"CME","FX","GBP/CAD FUTURE","PCD","03/2026","06/2027","3800","CAD","3.000%"
"CME","FX","GBP/NOK FUTURE","PNK","03/2026","06/2027","37000","NOK","3.000%"
"CME","FX","GBP/SEK FUTURE","PSK","03/2026","06/2027","33000","SEK","3.000%"
"CME","FX","POLISH ZLOTY FUTURES","PZ","03/2026","06/2027","4000","USD","20.000%"
"CME","FX","HUNGARIAN FORINT/EUR CROSS RATE FUT","R","03/2026","06/2027","1500","EUR","0.03"
"CME","FX","AFRICAN RAND FUTURES","RA","01/2026","12/2027","1400","USD","20.000%"
"CME","FX","EURO FX/SF FUTURES","RF","03/2026","06/2027","1800","CHF","0.03"
"CME","FX","U.S. DOLLARRENMINBI FUTURES","RMB","01/2026","12/2028","2500","USD","20.000%"
"CME","FX","EURORENMINBI FUTURE","RME","01/2026","06/2027","3300","EUR","0.03"
"CME","FX","EURO FX/BP FUTURE","RP","01/2026","06/2027","1700","GBP","0.03"
"CME","FX","EURO FX/JY FUTURE","RY","03/2026","06/2027","500000","JPY","0.03"
"CME","FX","SKR/USD CROSS RATE FUTURE","SE","03/2026","06/2027","6200","USD","0.02"
"CME","FX","SINGAPORE DOLLAR/US DOLLAR FUTURES","SGD","01/2026","12/2026","2600","USD","5.000%"
"CME","FX","INR/USD FUTURE","SIR","01/2026","12/2027","880","USD","22.000%"
"CME","FX","SFJY FUTURES","SJ","03/2026","06/2027","1100000","JPY","0.02"
"CME","FX","THAI BAHT/U.S. DOLLAR (THB/USD) FUT","THAI","01/2026","12/2026","1950","USD","5.000%"
"CME","FX","TURKISH LIRA/US DOLLAR (TRY/USD)","TRL","03/2026","06/2027","4700","USD","45.000%"
"CME","FX","NKR/USD FUTURES","UN","03/2026","06/2027","6500","USD","0.02"
"CME","FX","POLISH ZLOTY/EURO CROSS RATE FUT","Z","03/2026","06/2027","1900","EUR","0.03"
"CME","INTEREST RATES","ESTR FUTURES","ESR","10/2025","11/2025","100","EUR","40.000%"
"CME","INTEREST RATES","ESTR FUTURES","ESR","12/2025","12/2025","120","EUR","40.000%"
"CME","INTEREST RATES","ESTR FUTURES","ESR","01/2026","01/2026","150","EUR","40.000%"
"CME","INTEREST RATES","ESTR FUTURES","ESR","02/2026","02/2026","210","EUR","40.000%"
"CME","INTEREST RATES","ESTR FUTURES","ESR","03/2026","03/2026","300","EUR","40.000%"
"CME","INTEREST RATES","ESTR FUTURES","ESR","04/2026","04/2026","360","EUR","40.000%"
"CME","INTEREST RATES","ESTR FUTURES","ESR","06/2026","06/2026","440","EUR","40.000%"
"CME","INTEREST RATES","ESTR FUTURES","ESR","09/2026","12/2028","525","EUR","40.000%"
"CME","INTEREST RATES","ESTR THREE MO BASIS SPREAD FUTURES","EUS","01/2026","12/2028","95","EUR","40.000%"
"CME","INTEREST RATES","QUARTERLY IMM SONIA FUTURES","SON","12/2025","12/2025","450","GBP","35.000%"
"CME","INTEREST RATES","ONE-MONTH SOFR FUTURES","SR1","01/2026","01/2026","225","USD","40.000%"
"CME","INTEREST RATES","ONE-MONTH SOFR FUTURES","SR1","02/2026","02/2026","515","USD","40.000%"
"CME","INTEREST RATES","ONE-MONTH SOFR FUTURES","SR1","03/2026","03/2026","615","USD","35.000%"
"CME","INTEREST RATES","ONE-MONTH SOFR FUTURES","SR1","04/2026","04/2026","755","USD","30.000%"
"CME","INTEREST RATES","ONE-MONTH SOFR FUTURES","SR1","05/2026","05/2026","925","USD","30.000%"
"CME","INTEREST RATES","ONE-MONTH SOFR FUTURES","SR1","06/2026","06/2026","1025","USD","30.000%"
"CME","INTEREST RATES","ONE-MONTH SOFR FUTURES","SR1","07/2026","07/2026","1125","USD","30.000%"
"CME","INTEREST RATES","ONE-MONTH SOFR FUTURES","SR1","08/2026","08/2026","1250","USD","30.000%"
"CME","INTEREST RATES","ONE-MONTH SOFR FUTURES","SR1","09/2026","01/2028","1325","USD","30.000%"
"CME","INTEREST RATES","THREE-MONTH SOFR FUTURES","SR3","10/2025","01/2026","200","USD","42.000%"
"CME","INTEREST RATES","THREE-MONTH SOFR FUTURES","SR3","02/2026","04/2026","490","USD","42.000%"
"CME","INTEREST RATES","THREE-MONTH SOFR FUTURES","SR3","05/2026","06/2026","725","USD","35.000%"
"CME","INTEREST RATES","THREE-MONTH SOFR FUTURES","SR3","07/2026","07/2026","725","USD","30.000%"
"CME","INTEREST RATES","THREE-MONTH SOFR FUTURES","SR3","09/2026","06/2027","825","USD","30.000%"
"CME","INTEREST RATES","THREE-MONTH SOFR FUTURES","SR3","09/2027","09/2027","800","USD","30.000%"
"CME","INTEREST RATES","THREE-MONTH SOFR FUTURES","SR3","12/2027","12/2027","750","USD","30.000%"
"CME","INTEREST RATES","THREE-MONTH SOFR FUTURES","SR3","03/2028","06/2028","700","USD","25.000%"
"CME","INTEREST RATES","THREE-MONTH SOFR FUTURES","SR3","09/2028","12/2028","675","USD","25.000%"
"CME","INTEREST RATES","THREE-MONTH SOFR FUTURES","SR3","03/2029","03/2031","675","USD","23.000%"
"CME","INTEREST RATES","THREE-MONTH SOFR FUTURES","SR3","06/2031","06/2035","675","USD","20.000%"
"CME","INTEREST RATES","13-WEEK U.S. TREASURY BILL FUTURES","TBF3","01/2026","02/2026","240","USD","40.000%"
"CME","INTEREST RATES","13-WEEK U.S. TREASURY BILL FUTURES","TBF3","03/2026","03/2026","380","USD","40.000%"
"CME","INTEREST RATES","13-WEEK U.S. TREASURY BILL FUTURES","TBF3","04/2026","04/2026","460","USD","40.000%"
"CME","INTEREST RATES","13-WEEK U.S. TREASURY BILL FUTURES","TBF3","06/2026","06/2026","675","USD","40.000%"
"CME","INTEREST RATES","13-WEEK U.S. TREASURY BILL FUTURES","TBF3","09/2026","12/2026","750","USD","40.000%"
"CME","INTEREST RATES","THREE-MONTH F-TIIE FUTURES","TI3","12/2025","12/2025","5050","MXN","40.000%"
"CME","INTEREST RATES","THREE-MONTH F-TIIE FUTURES","TI3","03/2026","03/2026","8200","MXN","40.000%"
"CME","INTEREST RATES","THREE-MONTH F-TIIE FUTURES","TI3","06/2026","06/2026","11175","MXN","40.000%"
"CME","INTEREST RATES","THREE-MONTH F-TIIE FUTURES","TI3","09/2026","09/2026","15250","MXN","40.000%"
"CME","INTEREST RATES","THREE-MONTH F-TIIE FUTURES","TI3","12/2026","06/2027","18000","MXN","40.000%"
"CME","INTEREST RATES","THREE-MONTH F-TIIE FUTURES","TI3","09/2027","09/2027","17500","MXN","40.000%"
"CME","INTEREST RATES","THREE-MONTH F-TIIE FUTURES","TI3","12/2027","12/2027","15900","MXN","40.000%"
"CME","INTEREST RATES","THREE-MONTH F-TIIE FUTURES","TI3","03/2028","03/2028","14600","MXN","40.000%"
"CME","INTEREST RATES","THREE-MONTH F-TIIE FUTURES","TI3","06/2028","12/2030","14280","MXN","40.000%"
"CME","INTEREST RATES","MEXICAN FUNDING TIIE (MTH CTRT) FUT","TIE","01/2026","01/2026","4420","MXN","40.000%"
"CME","INTEREST RATES","MEXICAN FUNDING TIIE (MTH CTRT) FUT","TIE","02/2026","02/2026","4675","MXN","40.000%"
"CME","INTEREST RATES","MEXICAN FUNDING TIIE (MTH CTRT) FUT","TIE","03/2026","03/2026","4845","MXN","40.000%"
"CME","INTEREST RATES","MEXICAN FUNDING TIIE (MTH CTRT) FUT","TIE","04/2026","04/2026","5525","MXN","40.000%"
"CME","INTEREST RATES","MEXICAN FUNDING TIIE (MTH CTRT) FUT","TIE","05/2026","05/2026","5950","MXN","40.000%"
"CME","INTEREST RATES","MEXICAN FUNDING TIIE (MTH CTRT) FUT","TIE","06/2026","06/2026","7225","MXN","40.000%"
"CME","INTEREST RATES","MEXICAN FUNDING TIIE (MTH CTRT) FUT","TIE","07/2026","07/2026","7650","MXN","40.000%"
"CME","INTEREST RATES","MEXICAN FUNDING TIIE (MTH CTRT) FUT","TIE","08/2026","08/2026","8500","MXN","40.000%"
"CME","INTEREST RATES","MEXICAN FUNDING TIIE (MTH CTRT) FUT","TIE","09/2026","11/2026","9350","MXN","40.000%"
"CME","INTEREST RATES","MEXICAN FUNDING TIIE (MTH CTRT) FUT","TIE","12/2026","08/2027","9775","MXN","40.000%"
"CME","INTEREST RATES","MEXICAN FUNDING TIIE (MTH CTRT) FUT","TIE","09/2027","01/2028","10200","MXN","40.000%"
"CME","INTEREST RATES","EUR/USD CROSS CURRENCY BASIS","XEU","03/2026","12/2026","125","USD","50.000%"
"CME","INTEREST RATES","CME EUR/USD XCCY BASIS INDEX","XEURBI","12/2050","12/2050","125","USD","50.000%"
"CME","REAL ESTATE","BOSTON CSI HOUSING INDEX FUTURES","BOS","02/2026","02/2031","2250","USD","0.01"
"CME","REAL ESTATE","CHICAGO CSI HOUSING INDEX FUTURE","CHI","02/2026","02/2031","1500","USD","0.01"
"CME","REAL ESTATE","COMP CITIES CSI HOUSING INDEX FUT","CUS","02/2026","02/2031","2750","USD","0.01"
"CME","REAL ESTATE","DENVER CSI HOUSING INDEX FUTURES","DEN","02/2026","02/2031","2400","USD","0.01"
"CME","REAL ESTATE","LAS VEGAS CSI HOUSING INDEX FUTURES","LAV","02/2026","02/2031","2000","USD","0.01"
"CME","REAL ESTATE","LOS ANGELES CSI HOUSING INDEX FUT","LAX","02/2026","02/2031","3000","USD","25.000%"
"CME","REAL ESTATE","MIAMI CSI HOUSING INDEX FUTURES","MIA","02/2026","02/2031","3000","USD","0.01"
"CME","REAL ESTATE","NEW YORK CSI HOUSING INDEX FUTURES","NYM","02/2026","02/2031","2250","USD","0.01"
"CME","REAL ESTATE","SAN DIEGO CSI HOUSING INDEX FUTURE","SDG","02/2026","02/2031","3000","USD","0.01"
"CME","REAL ESTATE","SAN FRANCISCO CSI HOUSING INDEX FUT","SFR","02/2026","02/2031","2750","USD","0.01"
"CME","REAL ESTATE","WASH DC CSI HOUSING INDEX FUTURES","WDC","02/2026","02/2031","2250","USD","0.01"
"CME","WEATHER","LONDON HDD Q1 SEASONAL FUT","1D0","03/2026","03/2026","999","USD","25.000%"
"CME","WEATHER","PARIS HDD Q1 SEASONAL FUT","1D1","03/2026","03/2026","969","USD","25.000%"
"CME","WEATHER","AMSTERDAM HDD Q1 SEASONAL FUT","1D2","03/2026","03/2026","1169","USD","25.000%"
"CME","WEATHER","ESSEN HDD Q1 SEASONAL FUT","1D4","03/2026","03/2026","1155","USD","25.000%"
"CME","WEATHER","TOKYO CAT Q1 SEASONAL FUT","1G6","03/2026","03/2026","89375","JPY","25.000%"
"CME","WEATHER","LAS VEGAS HDD Q1 SEASONAL FUT","1H0","03/2026","03/2026","851","USD","25.000%"
"CME","WEATHER","ATLANTA HDD Q1 SEASONAL FUT","1H1","03/2026","03/2026","1306","USD","25.000%"
"CME","WEATHER","CHICAGO HDD Q1 SEASONAL FUT","1H2","03/2026","03/2026","3143","USD","25.000%"
"CME","WEATHER","CINCINNATI HDD Q1 SEASONAL FUT","1H3","03/2026","03/2026","2635","USD","25.000%"
"CME","WEATHER","NEW YORK HDD Q1 SEASONAL FUT","1H4","03/2026","03/2026","2534","USD","25.000%"
"CME","WEATHER","DALLAS HDD Q1 SEASONAL FUT","1H5","03/2026","03/2026","1216","USD","25.000%"
"CME","WEATHER","PHILADELPHIA HDD Q1 SEASONAL FUT","1H6","03/2026","03/2026","2484","USD","25.000%"
"CME","WEATHER","PORTLAND HDD Q1 SEASONAL FUT","1H7","03/2026","03/2026","1830","USD","25.000%"
"CME","WEATHER","MINNEAPOLIS HDD Q1 SEASONAL FUT","1HQ","03/2026","03/2026","3759","USD","25.000%"
"CME","WEATHER","HOUSTON HDD Q1 SEASONAL FUT","1HR","03/2026","03/2026","725","USD","25.000%"
"CME","WEATHER","SACRAMENTO HDD Q1 SEASONAL FUT","1HS","03/2026","03/2026","1164","USD","25.000%"
"CME","WEATHER","BOSTON HDD Q1 SEASONAL FUT","1HW","03/2026","03/2026","2867","USD","25.000%"
"CME","WEATHER","BURBANK HDD Q1 SEASONAL FUT","1LP","03/2026","03/2026","559","USD","25.000%"
"CME","WEATHER","LAS VEGAS CDD Q2 SEASONAL STR FUT","2K0","06/2026","06/2026","1302","USD","25.000%"
"CME","WEATHER","ATLANTA CDD Q2 SEASONAL STR FUT","2K1","06/2026","06/2026","733","USD","25.000%"
"CME","WEATHER","CHICAGO CDD Q2 SEASONAL STR FUT","2K2","06/2026","06/2026","301","USD","25.000%"
"CME","WEATHER","CINCINNATI CDD Q2 SEASONAL STR FUT","2K3","06/2026","06/2026","385","USD","25.000%"
"CME","WEATHER","NEW YORK CDD Q2 SEASONAL STR FUT","2K4","06/2026","06/2026","345","USD","25.000%"
"CME","WEATHER","DALLAS CDD Q2 SEASONAL STR FUT","2K5","06/2026","06/2026","982","USD","25.000%"
"CME","WEATHER","PHILADELPHIA CDD Q2 SEAS STR FUT","2K6","06/2026","06/2026","405","USD","25.000%"
"CME","WEATHER","PORTLAND CDD Q2 SEASONAL STR FUT","2K7","06/2026","06/2026","103","USD","25.000%"
"CME","WEATHER","BURBANK CDD Q2 SEASONAL STR FUT","2KP","06/2026","06/2026","325","USD","25.000%"
"CME","WEATHER","MINNEAPOLIS CDD Q2 SEASONAL STR FUT","2KQ","06/2026","06/2026","277","USD","25.000%"
"CME","WEATHER","HOUSTON CDD Q2 SEASONAL STR FUT","2KR","06/2026","06/2026","1161","USD","25.000%"
"CME","WEATHER","SACRAMENTO CDD Q2 SEASONAL STR FUT","2KS","06/2026","06/2026","386","USD","25.000%"
"CME","WEATHER","BOSTON CDD Q2 SEASONAL STR FUT","2KW","06/2026","06/2026","195","USD","25.000%"
"CME","WEATHER","HOUSTON CDD Q3 SEASONAL FUT","33K","09/2026","09/2026","1801","USD","25.000%"
"CME","WEATHER","LONDON CAT Q3 SEASONAL STR FUT","3G0","09/2026","09/2026","1692","USD","25.000%"
"CME","WEATHER","PARIS CAT Q3 SEASONAL STP FUT","3G1","09/2026","09/2026","1816","USD","25.000%"
"CME","WEATHER","AMSTERDAM CAT Q3 SEASONAL STR FUT","3G2","09/2026","09/2026","1614","USD","25.000%"
"CME","WEATHER","ESSEN CAT Q3 SEASONAL STP FUT","3G4","09/2026","09/2026","1660","USD","25.000%"
"CME","WEATHER","TOKYO CAT Q3 SEASONAL STP FUT","3G6","09/2026","09/2026","305750","JPY","25.000%"
"CME","WEATHER","LAS VEGAS CDD Q3 SEASONAL FUT","3K0","09/2026","09/2026","2368","USD","25.000%"
"CME","WEATHER","ATLANTA CDD Q3 SEASONAL FUT","3K1","09/2026","09/2026","1338","USD","25.000%"
"CME","WEATHER","CHICAGO CDD Q3 SEASONAL FUT","3K2","09/2026","09/2026","775","USD","25.000%"
"CME","WEATHER","CINCINNATI CDD Q3 SEASONAL FUT","3K3","09/2026","09/2026","869","USD","25.000%"
"CME","WEATHER","NEW YORK CDD Q3 SEASONAL FUT","3K4","09/2026","09/2026","1077","USD","25.000%"
"CME","WEATHER","DALLAS CDD Q3 SEASONAL FUT","3K5","09/2026","09/2026","1836","USD","25.000%"
"CME","WEATHER","PHILADELPHIA CDD Q3 SEASONAL ST FUT","3K6","09/2026","09/2026","1090","USD","25.000%"
"CME","WEATHER","PORTLAND CDD Q3 SEASONAL STP FUT","3K7","09/2026","09/2026","525","USD","25.000%"
"CME","WEATHER","BURBANK CDD Q3 SEASONAL FUT","3KP","09/2026","09/2026","1105","USD","25.000%"
"CME","WEATHER","MINNEAPOLIS CDD Q3 SEASONAL STP FUT","3KQ","09/2026","09/2026","688","USD","25.000%"
"CME","WEATHER","SACRAMENTO CDD Q3 SEASONAL STRP FUT","3KS","09/2026","09/2026","963","USD","25.000%"
"CME","WEATHER","BOSTON CDD Q3 SEASONAL FUT","3KW","09/2026","09/2026","717","USD","25.000%"
"CME","WEATHER","LONDON HDD Q4 SEASONAL STR FUT","4D0","12/2026","12/2026","778","USD","25.000%"
"CME","WEATHER","PARIS HDD Q4 SEASONAL STP FUT","4D1","12/2026","12/2026","790","USD","25.000%"
"CME","WEATHER","AMSTERDAM HDD Q4 SEASONAL STP FUT","4D2","12/2026","12/2026","881","USD","25.000%"
"CME","WEATHER","ESSEN HDD Q4 SEASONAL STP FUT","4D4","12/2026","12/2026","920","USD","25.000%"
"CME","WEATHER","TOKYO HDD Q4 SEASONAL STP FUT","4G6","12/2026","12/2026","154625","JPY","25.000%"
"CME","WEATHER","LAS VEGAS HDD Q4 SEASONAL FUT","4H0","12/2026","12/2026","701","USD","25.000%"
"CME","WEATHER","ATLANTA HDD Q4 SEASONAL STR FUT","4H1","12/2026","12/2026","870","USD","25.000%"
"CME","WEATHER","CHICAGO HDD Q4 SEASONAL FUT","4H2","12/2026","12/2026","2064","USD","25.000%"
"CME","WEATHER","CINCINNATI HDD Q4 SEASONAL FUT","4H3","12/2026","12/2026","1712","USD","25.000%"
"CME","WEATHER","NEW YORK HDD Q4 SEASONAL FUT","4H4","12/2026","12/2026","1407","USD","25.000%"
"CME","WEATHER","DALLAS HDD Q4 SEASONAL FUT","4H5","12/2026","12/2026","732","USD","25.000%"
"CME","WEATHER","PHILADELPHIA HDD Q4 SEASONAL FUT","4H6","12/2026","12/2026","1464","USD","25.000%"
"CME","WEATHER","PORTLAND HDD Q4 SEASONAL FUT","4H7","12/2026","12/2026","1497","USD","25.000%"
"CME","WEATHER","MINNEAPOLIS HDD Q4 SEASONAL FUT","4HQ","12/2026","12/2026","2605","USD","25.000%"
"CME","WEATHER","HOUSTON HDD Q4 SEASONAL FUT","4HR","12/2026","12/2026","431","USD","25.000%"
"CME","WEATHER","SACRAMENTO HDD Q4 SEASONAL FUT","4HS","12/2026","12/2026","924","USD","25.000%"
"CME","WEATHER","BOSTON HDD Q4 SEASONAL STR FUT","4HW","12/2026","12/2026","1738","USD","25.000%"
"CME","WEATHER","BURBANK HDD Q4 SEASONAL STR FUT","4LP","12/2026","12/2026","399","USD","25.000%"
"CME","WEATHER","LONDON MONTHLY HDD FUTURES","D0","01/2026","01/2026","965","GBP","30.000%"
"CME","WEATHER","LONDON MONTHLY HDD FUTURES","D0","02/2026","02/2026","620","GBP","30.000%"
"CME","WEATHER","LONDON MONTHLY HDD FUTURES","D0","03/2026","03/2026","345","GBP","30.000%"
"CME","WEATHER","LONDON MONTHLY HDD FUTURES","D0","04/2026","04/2028","172","GBP","30.000%"
"CME","WEATHER","LONDON MONTHLY HDD FUTURES","D0","10/2026","10/2028","126","GBP","30.000%"
"CME","WEATHER","LONDON MONTHLY HDD FUTURES","D0","11/2026","11/2028","222","GBP","30.000%"
"CME","WEATHER","LONDON MONTHLY HDD FUTURES","D0","12/2026","12/2028","276","GBP","30.000%"
"CME","WEATHER","LONDON MONTHLY HDD FUTURES","D0","01/2027","01/2028","314","GBP","30.000%"
"CME","WEATHER","LONDON MONTHLY HDD FUTURES","D0","02/2027","02/2027","258","GBP","30.000%"
"CME","WEATHER","LONDON MONTHLY HDD FUTURES","D0","03/2027","03/2028","240","GBP","30.000%"
"CME","WEATHER","LONDON MONTHLY HDD FUTURES","D0","02/2028","02/2028","267","GBP","30.000%"
"CME","WEATHER","LONDON HEATING SEASONAL STRIP FUTUR","D0X","03/2026","03/2026","976","GBP","25.000%"
"CME","WEATHER","LONDON HEATING SEASONAL STRIP FUTUR","D0Z","02/2026","02/2026","642","GBP","25.000%"
"CME","WEATHER","PARIS HDD INDEX FUTURE","D1","01/2026","01/2026","912","EUR","25.000%"
"CME","WEATHER","PARIS HDD INDEX FUTURE","D1","02/2026","02/2026","632","EUR","25.000%"
"CME","WEATHER","PARIS HDD INDEX FUTURE","D1","03/2026","03/2026","328","EUR","25.000%"
"CME","WEATHER","PARIS HDD INDEX FUTURE","D1","04/2026","04/2028","152","EUR","25.000%"
"CME","WEATHER","PARIS HDD INDEX FUTURE","D1","10/2026","10/2028","115","EUR","25.000%"
"CME","WEATHER","PARIS HDD INDEX FUTURE","D1","11/2026","11/2028","225","EUR","25.000%"
"CME","WEATHER","PARIS HDD INDEX FUTURE","D1","12/2026","12/2028","293","EUR","25.000%"
"CME","WEATHER","PARIS HDD INDEX FUTURE","D1","01/2027","01/2028","324","EUR","25.000%"
"CME","WEATHER","PARIS HDD INDEX FUTURE","D1","02/2027","02/2027","266","EUR","25.000%"
"CME","WEATHER","PARIS HDD INDEX FUTURE","D1","03/2027","03/2028","228","EUR","25.000%"
"CME","WEATHER","PARIS HDD INDEX FUTURE","D1","02/2028","02/2028","275","EUR","25.000%"
"CME","WEATHER","PARIS NOV HEAT SEA STRIP","D1X","03/2026","03/2026","946","EUR","25.000%"
"CME","WEATHER","PARIS DEC HEAT SEA STRIP","D1Z","02/2026","02/2026","621","EUR","25.000%"
"CME","WEATHER","AMSTERDAM HDD MONTHLY FUTURES","D2","01/2026","01/2026","1124","EUR","30.000%"
"CME","WEATHER","AMSTERDAM HDD MONTHLY FUTURES","D2","02/2026","02/2026","730","EUR","30.000%"
"CME","WEATHER","AMSTERDAM HDD MONTHLY FUTURES","D2","03/2026","03/2026","538","EUR","30.000%"
"CME","WEATHER","AMSTERDAM HDD MONTHLY FUTURES","D2","04/2026","04/2028","294","EUR","30.000%"
"CME","WEATHER","AMSTERDAM HDD MONTHLY FUTURES","D2","10/2026","10/2028","221","EUR","30.000%"
"CME","WEATHER","AMSTERDAM HDD MONTHLY FUTURES","D2","11/2026","11/2028","372","EUR","30.000%"
"CME","WEATHER","AMSTERDAM HDD MONTHLY FUTURES","D2","12/2026","12/2028","465","EUR","30.000%"
"CME","WEATHER","AMSTERDAM HDD MONTHLY FUTURES","D2","01/2027","01/2028","515","EUR","30.000%"
"CME","WEATHER","AMSTERDAM HDD MONTHLY FUTURES","D2","02/2027","02/2027","443","EUR","30.000%"
"CME","WEATHER","AMSTERDAM HDD MONTHLY FUTURES","D2","03/2027","03/2027","413","EUR","30.000%"
"CME","WEATHER","AMSTERDAM HDD MONTHLY FUTURES","D2","02/2028","02/2028","459","EUR","30.000%"
"CME","WEATHER","AMSTERDAM HDD MONTHLY FUTURES","D2","03/2028","03/2028","412","EUR","30.000%"
"CME","WEATHER","AMSTERDAM HEATING SEASONAL STRIP FU","D2X","03/2026","03/2026","1406","EUR","25.000%"
"CME","WEATHER","AMSTERDAM HEATING SEASONAL STRIP FU","D2Z","02/2026","02/2026","916","EUR","25.000%"
"CME","WEATHER","ESSEN HDD INDEX FUTURE","D4","01/2026","01/2026","1116","EUR","25.000%"
"CME","WEATHER","ESSEN HDD INDEX FUTURE","D4","02/2026","02/2026","738","EUR","25.000%"
"CME","WEATHER","ESSEN HDD INDEX FUTURE","D4","03/2026","03/2026","514","EUR","25.000%"
"CME","WEATHER","ESSEN HDD INDEX FUTURE","D4","04/2026","04/2028","278","EUR","25.000%"
"CME","WEATHER","ESSEN HDD INDEX FUTURE","D4","10/2026","10/2028","228","EUR","25.000%"
"CME","WEATHER","ESSEN HDD INDEX FUTURE","D4","11/2026","11/2028","387","EUR","25.000%"
"CME","WEATHER","ESSEN HDD INDEX FUTURE","D4","12/2026","12/2028","490","EUR","25.000%"
"CME","WEATHER","ESSEN HDD INDEX FUTURE","D4","01/2027","01/2028","548","EUR","25.000%"
"CME","WEATHER","ESSEN HDD INDEX FUTURE","D4","02/2027","02/2027","453","EUR","25.000%"
"CME","WEATHER","ESSEN HDD INDEX FUTURE","D4","03/2027","03/2027","402","EUR","25.000%"
"CME","WEATHER","ESSEN HDD INDEX FUTURE","D4","02/2028","02/2028","467","EUR","25.000%"
"CME","WEATHER","ESSEN HDD INDEX FUTURE","D4","03/2028","03/2028","401","EUR","25.000%"
"CME","WEATHER","ESSEN NOV HEAT SEA STRIP","D4X","03/2026","03/2026","1483","EUR","25.000%"
"CME","WEATHER","ESSEN DEC HEAT SEA STRIP","D4Z","02/2026","02/2026","979","EUR","25.000%"
"CME","WEATHER","LONDON CAT MONTHLY FUTURES","G0","04/2026","04/2026","650","GBP","30.000%"
"CME","WEATHER","LONDON CAT MONTHLY FUTURES","G0","05/2026","05/2026","618","GBP","30.000%"
"CME","WEATHER","LONDON CAT MONTHLY FUTURES","G0","06/2026","06/2026","635","GBP","30.000%"
"CME","WEATHER","LONDON CAT MONTHLY FUTURES","G0","07/2026","07/2028","488","GBP","30.000%"
"CME","WEATHER","LONDON CAT MONTHLY FUTURES","G0","08/2026","08/2028","473","GBP","30.000%"
"CME","WEATHER","LONDON CAT MONTHLY FUTURES","G0","09/2026","09/2028","394","GBP","30.000%"
"CME","WEATHER","LONDON CAT MONTHLY FUTURES","G0","10/2026","10/2028","322","GBP","30.000%"
"CME","WEATHER","LONDON CAT MONTHLY FUTURES","G0","04/2027","04/2028","260","GBP","30.000%"
"CME","WEATHER","LONDON CAT MONTHLY FUTURES","G0","05/2027","05/2028","353","GBP","30.000%"
"CME","WEATHER","LONDON CAT MONTHLY FUTURES","G0","06/2027","06/2028","424","GBP","30.000%"
"CME","WEATHER","LONDON CAT Q2 SEASONAL STP FUT","G02","06/2026","06/2026","1295","USD","25.000%"
"CME","WEATHER","LONDON COOLING SEASONAL STRIP FUTUR","G0K","09/2026","09/2026","1598","GBP","25.000%"
"CME","WEATHER","LONDON COOLING SEASONAL STRIP FUTUR","G0N","08/2026","08/2026","720","GBP","25.000%"
"CME","WEATHER","PARIS MONTH CAT FUTURE","G1","04/2026","04/2026","704","EUR","25.000%"
"CME","WEATHER","PARIS MONTH CAT FUTURE","G1","05/2026","05/2026","749","EUR","25.000%"
"CME","WEATHER","PARIS MONTH CAT FUTURE","G1","06/2026","06/2026","692","EUR","25.000%"
"CME","WEATHER","PARIS MONTH CAT FUTURE","G1","07/2026","07/2028","523","EUR","25.000%"
"CME","WEATHER","PARIS MONTH CAT FUTURE","G1","08/2026","08/2028","514","EUR","25.000%"
"CME","WEATHER","PARIS MONTH CAT FUTURE","G1","09/2026","09/2026","417","EUR","25.000%"
"CME","WEATHER","PARIS MONTH CAT FUTURE","G1","10/2026","10/2028","335","EUR","25.000%"
"CME","WEATHER","PARIS MONTH CAT FUTURE","G1","04/2027","04/2028","282","EUR","25.000%"
"CME","WEATHER","PARIS MONTH CAT FUTURE","G1","05/2027","05/2028","375","EUR","25.000%"
"CME","WEATHER","PARIS MONTH CAT FUTURE","G1","06/2027","06/2027","461","EUR","25.000%"
"CME","WEATHER","PARIS MONTH CAT FUTURE","G1","09/2027","09/2028","418","EUR","25.000%"
"CME","WEATHER","PARIS MONTH CAT FUTURE","G1","06/2028","06/2028","462","EUR","25.000%"
"CME","WEATHER","PARIS CAT Q2 SEASONAL STP FUT","G12","06/2026","06/2026","1396","USD","25.000%"
"CME","WEATHER","PARIS CAT MAY SEA STRIP","G1K","09/2026","09/2026","1716","EUR","25.000%"
"CME","WEATHER","PARIS JUL CAT SEA STRIP","G1N","08/2026","08/2026","777","EUR","25.000%"
"CME","WEATHER","AMSTERDAM MONTHLY CAT FUTURES","G2","04/2026","04/2026","472","EUR","30.000%"
"CME","WEATHER","AMSTERDAM MONTHLY CAT FUTURES","G2","05/2026","05/2026","334","EUR","30.000%"
"CME","WEATHER","AMSTERDAM MONTHLY CAT FUTURES","G2","06/2026","06/2026","406","EUR","30.000%"
"CME","WEATHER","AMSTERDAM MONTHLY CAT FUTURES","G2","07/2026","07/2028","342","EUR","30.000%"
"CME","WEATHER","AMSTERDAM MONTHLY CAT FUTURES","G2","08/2026","08/2028","344","EUR","30.000%"
"CME","WEATHER","AMSTERDAM MONTHLY CAT FUTURES","G2","09/2026","09/2026","283","EUR","30.000%"
"CME","WEATHER","AMSTERDAM MONTHLY CAT FUTURES","G2","10/2026","10/2028","225","EUR","30.000%"
"CME","WEATHER","AMSTERDAM MONTHLY CAT FUTURES","G2","04/2027","04/2028","177","EUR","30.000%"
"CME","WEATHER","AMSTERDAM MONTHLY CAT FUTURES","G2","05/2027","05/2028","251","EUR","30.000%"
"CME","WEATHER","AMSTERDAM MONTHLY CAT FUTURES","G2","06/2027","06/2028","305","EUR","30.000%"
"CME","WEATHER","AMSTERDAM MONTHLY CAT FUTURES","G2","09/2027","09/2028","284","EUR","30.000%"
"CME","WEATHER","AMSTERDAM CAT Q2 SEASONAL STP FUT","G22","06/2026","06/2026","1219","USD","25.000%"
"CME","WEATHER","AMSTERDAM COOLING SEASONAL STRIP FU","G2K","09/2026","09/2026","1523","EUR","25.000%"
"CME","WEATHER","AMSTERDAM COOLING SEASONAL STRIP FU","G2N","08/2026","08/2026","686","EUR","25.000%"
"CME","WEATHER","ESSEN CAT INDEX FUTURE","G4","04/2026","04/2026","496","EUR","25.000%"
"CME","WEATHER","ESSEN CAT INDEX FUTURE","G4","05/2026","05/2026","519","EUR","25.000%"
"CME","WEATHER","ESSEN CAT INDEX FUTURE","G4","06/2026","06/2027","427","EUR","25.000%"
"CME","WEATHER","ESSEN CAT INDEX FUTURE","G4","07/2026","07/2028","475","EUR","25.000%"
"CME","WEATHER","ESSEN CAT INDEX FUTURE","G4","08/2026","08/2028","476","EUR","25.000%"
"CME","WEATHER","ESSEN CAT INDEX FUTURE","G4","09/2026","09/2027","379","EUR","25.000%"
"CME","WEATHER","ESSEN CAT INDEX FUTURE","G4","10/2026","10/2028","296","EUR","25.000%"
"CME","WEATHER","ESSEN CAT INDEX FUTURE","G4","04/2027","04/2028","248","EUR","25.000%"
"CME","WEATHER","ESSEN CAT INDEX FUTURE","G4","05/2027","05/2028","346","EUR","25.000%"
"CME","WEATHER","ESSEN CAT INDEX FUTURE","G4","06/2028","06/2028","428","EUR","25.000%"
"CME","WEATHER","ESSEN CAT INDEX FUTURE","G4","09/2028","09/2028","380","EUR","25.000%"
"CME","WEATHER","ESSEN CAT Q2 SEASONAL STP FUT","G42","06/2026","06/2026","1275","USD","25.000%"
"CME","WEATHER","ESSEN MAY COOL SEA STRIP","G4K","09/2026","09/2026","2100","EUR","25.000%"
"CME","WEATHER","ESSEN JUL COOL SEA STRIP","G4N","08/2026","08/2026","950","EUR","25.000%"
"CME","WEATHER","TOKYO PACIFIC RIM INDEX FUT CAT","G6","01/2026","01/2026","119375","JPY","25.000%"
"CME","WEATHER","TOKYO PACIFIC RIM INDEX FUT CAT","G6","02/2026","02/2026","121250","JPY","25.000%"
"CME","WEATHER","TOKYO PACIFIC RIM INDEX FUT CAT","G6","03/2026","03/2026","206250","JPY","25.000%"
"CME","WEATHER","TOKYO PACIFIC RIM INDEX FUT CAT","G6","04/2026","04/2026","283750","JPY","25.000%"
"CME","WEATHER","TOKYO PACIFIC RIM INDEX FUT CAT","G6","05/2026","05/2026","380625","JPY","25.000%"
"CME","WEATHER","TOKYO PACIFIC RIM INDEX FUT CAT","G6","06/2026","06/2026","428125","JPY","25.000%"
"CME","WEATHER","TOKYO PACIFIC RIM INDEX FUT CAT","G6","07/2026","07/2026","521250","JPY","25.000%"
"CME","WEATHER","TOKYO PACIFIC RIM INDEX FUT CAT","G6","08/2026","08/2026","546250","JPY","25.000%"
"CME","WEATHER","TOKYO PACIFIC RIM INDEX FUT CAT","G6","09/2026","09/2026","461250","JPY","25.000%"
"CME","WEATHER","TOKYO PACIFIC RIM INDEX FUT CAT","G6","10/2026","10/2026","361875","JPY","25.000%"
"CME","WEATHER","TOKYO PACIFIC RIM INDEX FUT CAT","G6","11/2026","11/2026","253125","JPY","25.000%"
"CME","WEATHER","TOKYO PACIFIC RIM INDEX FUT CAT","G6","12/2026","12/2026","158125","JPY","25.000%"
"CME","WEATHER","TOKYO CAT Q2 SEASONAL STP FUT","G62","06/2026","06/2026","218500","JPY","25.000%"
"CME","WEATHER","TOKYO CAT MAY-PACIFIC RIM SEASONAL","G6K","09/2026","09/2026","374000","JPY","25.000%"
"CME","WEATHER","TOKYO CAT JUL-PACIFIC RIM SEASONAL","G6N","08/2026","08/2026","170800","JPY","25.000%"
"CME","WEATHER","TOKYO CAT NOV-PACIFIC RIM SEASONAL","G6X","03/2026","03/2026","136100","JPY","25.000%"
"CME","WEATHER","TOKYO CAT DEC-PACIFIC RIM SEASONAL","G6Z","02/2026","02/2026","64600","JPY","25.000%"
"CME","WEATHER","H0 LAS VEGAS HDD FUTURES","H0","01/2026","01/2026","944","USD","30.000%"
"CME","WEATHER","H0 LAS VEGAS HDD FUTURES","H0","02/2026","02/2026","570","USD","30.000%"
"CME","WEATHER","H0 LAS VEGAS HDD FUTURES","H0","03/2026","03/2026","208","USD","30.000%"
"CME","WEATHER","H0 LAS VEGAS HDD FUTURES","H0","04/2026","04/2028","32","USD","30.000%"
"CME","WEATHER","H0 LAS VEGAS HDD FUTURES","H0","10/2026","10/2028","21","USD","30.000%"
"CME","WEATHER","H0 LAS VEGAS HDD FUTURES","H0","11/2026","11/2028","172","USD","30.000%"
"CME","WEATHER","H0 LAS VEGAS HDD FUTURES","H0","12/2026","12/2028","368","USD","30.000%"
"CME","WEATHER","H0 LAS VEGAS HDD FUTURES","H0","01/2027","01/2028","377","USD","30.000%"
"CME","WEATHER","H0 LAS VEGAS HDD FUTURES","H0","02/2027","02/2027","252","USD","30.000%"
"CME","WEATHER","H0 LAS VEGAS HDD FUTURES","H0","03/2027","03/2027","139","USD","30.000%"
"CME","WEATHER","H0 LAS VEGAS HDD FUTURES","H0","02/2028","02/2028","259","USD","30.000%"
"CME","WEATHER","H0 LAS VEGAS HDD FUTURES","H0","03/2028","03/2028","140","USD","30.000%"
"CME","WEATHER","LAS VEGAS HEATING SEASONAL STRIP FU","H0X","03/2026","03/2026","1180","USD","250"
"CME","WEATHER","LAS VEGAS HEATING SEASONAL STRIP FU","H0Z","02/2026","02/2026","894","USD","250"
"CME","WEATHER","ATLANTA HDD FUTURE","H1","01/2026","01/2026","2318","USD","30.000%"
"CME","WEATHER","ATLANTA HDD FUTURE","H1","02/2026","02/2026","1290","USD","30.000%"
"CME","WEATHER","ATLANTA HDD FUTURE","H1","03/2026","03/2026","532","USD","30.000%"
"CME","WEATHER","ATLANTA HDD FUTURE","H1","04/2026","04/2027","149","USD","30.000%"
"CME","WEATHER","ATLANTA HDD FUTURE","H1","10/2026","10/2028","108","USD","30.000%"
"CME","WEATHER","ATLANTA HDD FUTURE","H1","11/2026","11/2028","430","USD","30.000%"
"CME","WEATHER","ATLANTA HDD FUTURE","H1","12/2026","12/2028","681","USD","30.000%"
"CME","WEATHER","ATLANTA HDD FUTURE","H1","01/2027","01/2028","848","USD","30.000%"
"CME","WEATHER","ATLANTA HDD FUTURE","H1","02/2027","02/2027","552","USD","30.000%"
"CME","WEATHER","ATLANTA HDD FUTURE","H1","03/2027","03/2027","367","USD","30.000%"
"CME","WEATHER","ATLANTA HDD FUTURE","H1","02/2028","02/2028","566","USD","30.000%"
"CME","WEATHER","ATLANTA HDD FUTURE","H1","03/2028","03/2028","366","USD","30.000%"
"CME","WEATHER","ATLANTA HDD FUTURE","H1","04/2028","04/2028","147","USD","30.000%"
"CME","WEATHER","ATLANTA HEATING SEASONAL STRIP FUTU","H1X","03/2026","03/2026","2009","USD","25.000%"
"CME","WEATHER","ATLANTA HEATING SEASONAL STRIP FUTU","H1Z","02/2026","02/2026","1511","USD","25.000%"
"CME","WEATHER","CHICAGO HDD FUTURE","H2","01/2026","01/2026","2746","USD","30.000%"
"CME","WEATHER","CHICAGO HDD FUTURE","H2","02/2026","02/2026","1628","USD","30.000%"
"CME","WEATHER","CHICAGO HDD FUTURE","H2","03/2026","03/2026","904","USD","30.000%"
"CME","WEATHER","CHICAGO HDD FUTURE","H2","04/2026","04/2027","476","USD","30.000%"
"CME","WEATHER","CHICAGO HDD FUTURE","H2","10/2026","10/2027","325","USD","30.000%"
"CME","WEATHER","CHICAGO HDD FUTURE","H2","11/2026","11/2026","707","USD","30.000%"
"CME","WEATHER","CHICAGO HDD FUTURE","H2","12/2026","12/2026","1032","USD","30.000%"
"CME","WEATHER","CHICAGO HDD FUTURE","H2","01/2027","01/2027","1228","USD","30.000%"
"CME","WEATHER","CHICAGO HDD FUTURE","H2","02/2027","02/2027","1028","USD","30.000%"
"CME","WEATHER","CHICAGO HDD FUTURE","H2","03/2027","03/2027","772","USD","30.000%"
"CME","WEATHER","CHICAGO HDD FUTURE","H2","11/2027","11/2028","706","USD","30.000%"
"CME","WEATHER","CHICAGO HDD FUTURE","H2","12/2027","12/2028","1031","USD","30.000%"
"CME","WEATHER","CHICAGO HDD FUTURE","H2","01/2028","01/2028","1227","USD","30.000%"
"CME","WEATHER","CHICAGO HDD FUTURE","H2","02/2028","02/2028","1058","USD","30.000%"
"CME","WEATHER","CHICAGO HDD FUTURE","H2","03/2028","03/2028","771","USD","30.000%"
"CME","WEATHER","CHICAGO HDD FUTURE","H2","04/2028","04/2028","475","USD","30.000%"
"CME","WEATHER","CHICAGO HDD FUTURE","H2","10/2028","10/2028","324","USD","30.000%"
"CME","WEATHER","CHICAGO HEATING SEASONAL STRIP FUTU","H2X","03/2026","03/2026","2801","USD","25.000%"
"CME","WEATHER","CHICAGO HEATING SEASONAL STRIP FUTU","H2Z","02/2026","02/2026","1999","USD","25.000%"
"CME","WEATHER","CINCINNATI HDD FUTURE","H3","01/2026","01/2026","2936","USD","30.000%"
"CME","WEATHER","CINCINNATI HDD FUTURE","H3","02/2026","02/2026","1704","USD","30.000%"
"CME","WEATHER","CINCINNATI HDD FUTURE","H3","03/2026","03/2026","785","USD","30.000%"
"CME","WEATHER","CINCINNATI HDD FUTURE","H3","04/2026","04/2028","260","USD","30.000%"
"CME","WEATHER","CINCINNATI HDD FUTURE","H3","10/2026","10/2027","206","USD","30.000%"
"CME","WEATHER","CINCINNATI HDD FUTURE","H3","11/2026","11/2028","488","USD","30.000%"
"CME","WEATHER","CINCINNATI HDD FUTURE","H3","12/2026","12/2028","676","USD","30.000%"
"CME","WEATHER","CINCINNATI HDD FUTURE","H3","01/2027","01/2028","827","USD","30.000%"
"CME","WEATHER","CINCINNATI HDD FUTURE","H3","02/2027","02/2027","649","USD","30.000%"
"CME","WEATHER","CINCINNATI HDD FUTURE","H3","03/2027","03/2028","486","USD","30.000%"
"CME","WEATHER","CINCINNATI HDD FUTURE","H3","02/2028","02/2028","669","USD","30.000%"
"CME","WEATHER","CINCINNATI HDD FUTURE","H3","10/2028","10/2028","205","USD","30.000%"
"CME","WEATHER","CINCINNATI HEATING SEASONAL STRIP F","H3X","03/2026","03/2026","2860","USD","25.000%"
"CME","WEATHER","CINCINNATI HEATING SEASONAL STRIP F","H3Z","02/2026","02/2026","2053","USD","25.000%"
"CME","WEATHER","NEW YORK HDD FUTURE","H4","01/2026","01/2026","3177","USD","30.000%"
"CME","WEATHER","NEW YORK HDD FUTURE","H4","02/2026","02/2026","2143","USD","30.000%"
"CME","WEATHER","NEW YORK HDD FUTURE","H4","03/2026","03/2026","1042","USD","30.000%"
"CME","WEATHER","NEW YORK HDD FUTURE","H4","04/2026","04/2028","345","USD","30.000%"
"CME","WEATHER","NEW YORK HDD FUTURE","H4","10/2026","10/2027","169","USD","30.000%"
"CME","WEATHER","NEW YORK HDD FUTURE","H4","11/2026","11/2028","477","USD","30.000%"
"CME","WEATHER","NEW YORK HDD FUTURE","H4","12/2026","12/2028","761","USD","30.000%"
"CME","WEATHER","NEW YORK HDD FUTURE","H4","01/2027","01/2028","921","USD","30.000%"
"CME","WEATHER","NEW YORK HDD FUTURE","H4","02/2027","02/2027","776","USD","30.000%"
"CME","WEATHER","NEW YORK HDD FUTURE","H4","03/2027","03/2028","646","USD","30.000%"
"CME","WEATHER","NEW YORK HDD FUTURE","H4","02/2028","02/2028","801","USD","30.000%"
"CME","WEATHER","NEW YORK HDD FUTURE","H4","10/2028","10/2028","168","USD","30.000%"
"CME","WEATHER","NEW YORK HEATING SEASONAL STRIP FUT","H4X","03/2026","03/2026","1757","USD","25.000%"
"CME","WEATHER","NEW YORK HEATING SEASONAL STRIP FUT","H4Z","02/2026","02/2026","1246","USD","25.000%"
"CME","WEATHER","H5 DALLAS HDD FUTURES","H5","01/2026","01/2026","2352","USD","30.000%"
"CME","WEATHER","H5 DALLAS HDD FUTURES","H5","02/2026","02/2026","1028","USD","30.000%"
"CME","WEATHER","H5 DALLAS HDD FUTURES","H5","03/2026","03/2026","320","USD","30.000%"
"CME","WEATHER","H5 DALLAS HDD FUTURES","H5","04/2026","04/2028","57","USD","30.000%"
"CME","WEATHER","H5 DALLAS HDD FUTURES","H5","10/2026","10/2028","39","USD","30.000%"
"CME","WEATHER","H5 DALLAS HDD FUTURES","H5","11/2026","11/2028","196","USD","30.000%"
"CME","WEATHER","H5 DALLAS HDD FUTURES","H5","12/2026","12/2026","352","USD","30.000%"
"CME","WEATHER","H5 DALLAS HDD FUTURES","H5","01/2027","01/2028","444","USD","30.000%"
"CME","WEATHER","H5 DALLAS HDD FUTURES","H5","02/2027","02/2027","330","USD","30.000%"
"CME","WEATHER","H5 DALLAS HDD FUTURES","H5","03/2027","03/2028","157","USD","30.000%"
"CME","WEATHER","H5 DALLAS HDD FUTURES","H5","12/2027","12/2027","351","USD","30.000%"
"CME","WEATHER","H5 DALLAS HDD FUTURES","H5","02/2028","02/2028","338","USD","30.000%"
"CME","WEATHER","H5 DALLAS HDD FUTURES","H5","12/2028","12/2028","350","USD","30.000%"
"CME","WEATHER","DALLAS HEATING SEASONAL STRIP FUTUR","H5X","03/2026","03/2026","1768","USD","25.000%"
"CME","WEATHER","DALLAS HEATING SEASONAL STRIP FUTUR","H5Z","02/2026","02/2026","1417","USD","25.000%"
"CME","WEATHER","PHILADELPHIA HDD INDEX FUT","H6","01/2026","01/2026","4188","USD","25.000%"
"CME","WEATHER","PHILADELPHIA HDD INDEX FUT","H6","02/2026","02/2026","1918","USD","25.000%"
"CME","WEATHER","PHILADELPHIA HDD INDEX FUT","H6","03/2026","03/2026","766","USD","25.000%"
"CME","WEATHER","PHILADELPHIA HDD INDEX FUT","H6","04/2026","04/2028","240","USD","25.000%"
"CME","WEATHER","PHILADELPHIA HDD INDEX FUT","H6","10/2026","10/2028","148","USD","25.000%"
"CME","WEATHER","PHILADELPHIA HDD INDEX FUT","H6","11/2026","11/2028","407","USD","25.000%"
"CME","WEATHER","PHILADELPHIA HDD INDEX FUT","H6","12/2026","12/2026","618","USD","25.000%"
"CME","WEATHER","PHILADELPHIA HDD INDEX FUT","H6","01/2027","01/2028","742","USD","25.000%"
"CME","WEATHER","PHILADELPHIA HDD INDEX FUT","H6","02/2027","02/2027","606","USD","25.000%"
"CME","WEATHER","PHILADELPHIA HDD INDEX FUT","H6","03/2027","03/2027","483","USD","25.000%"
"CME","WEATHER","PHILADELPHIA HDD INDEX FUT","H6","12/2027","12/2028","619","USD","25.000%"
"CME","WEATHER","PHILADELPHIA HDD INDEX FUT","H6","02/2028","02/2028","625","USD","25.000%"
"CME","WEATHER","PHILADELPHIA HDD INDEX FUT","H6","03/2028","03/2028","482","USD","25.000%"
"CME","WEATHER","PHILADELPHIA HEAT SEA STRIP","H6X","03/2026","03/2026","2353","USD","25.000%"
"CME","WEATHER","PHILADELPHIA HEAT SEA STRIP","H6Z","02/2026","02/2026","1665","USD","25.000%"
"CME","WEATHER","CME-PORTLAND HDD FUTURE","H7","01/2026","01/2026","2148","USD","25.000%"
"CME","WEATHER","CME-PORTLAND HDD FUTURE","H7","02/2026","02/2026","1409","USD","25.000%"
"CME","WEATHER","CME-PORTLAND HDD FUTURE","H7","03/2026","03/2026","844","USD","25.000%"
"CME","WEATHER","CME-PORTLAND HDD FUTURE","H7","04/2026","04/2028","423","USD","25.000%"
"CME","WEATHER","CME-PORTLAND HDD FUTURE","H7","10/2026","10/2028","327","USD","25.000%"
"CME","WEATHER","CME-PORTLAND HDD FUTURE","H7","11/2026","11/2028","629","USD","25.000%"
"CME","WEATHER","CME-PORTLAND HDD FUTURE","H7","12/2026","12/2026","842","USD","25.000%"
"CME","WEATHER","CME-PORTLAND HDD FUTURE","H7","01/2027","01/2028","856","USD","25.000%"
"CME","WEATHER","CME-PORTLAND HDD FUTURE","H7","02/2027","02/2027","735","USD","25.000%"
"CME","WEATHER","CME-PORTLAND HDD FUTURE","H7","03/2027","03/2027","628","USD","25.000%"
"CME","WEATHER","CME-PORTLAND HDD FUTURE","H7","12/2027","12/2027","840","USD","25.000%"
"CME","WEATHER","CME-PORTLAND HDD FUTURE","H7","02/2028","02/2028","759","USD","25.000%"
"CME","WEATHER","CME-PORTLAND HDD FUTURE","H7","03/2028","03/2028","627","USD","25.000%"
"CME","WEATHER","CME-PORTLAND HDD FUTURE","H7","12/2028","12/2028","839","USD","25.000%"
"CME","WEATHER","CME-PORTLAND HDD NOV STRIP","H7X","03/2026","03/2026","2268","USD","25.000%"
"CME","WEATHER","CME-PORTLAND HDD DEC STRIP","H7Z","02/2026","02/2026","1479","USD","25.000%"
"CME","WEATHER","MINNEAPOLIS MONTH HDD FUTURES","HQ","01/2026","01/2026","3804","USD","30.000%"
"CME","WEATHER","MINNEAPOLIS MONTH HDD FUTURES","HQ","02/2026","02/2026","2218","USD","30.000%"
"CME","WEATHER","MINNEAPOLIS MONTH HDD FUTURES","HQ","03/2026","03/2026","1225","USD","30.000%"
"CME","WEATHER","MINNEAPOLIS MONTH HDD FUTURES","HQ","04/2026","04/2028","456","USD","30.000%"
"CME","WEATHER","MINNEAPOLIS MONTH HDD FUTURES","HQ","10/2026","10/2027","353","USD","30.000%"
"CME","WEATHER","MINNEAPOLIS MONTH HDD FUTURES","HQ","11/2026","11/2028","693","USD","30.000%"
"CME","WEATHER","MINNEAPOLIS MONTH HDD FUTURES","HQ","12/2026","12/2027","1039","USD","30.000%"
"CME","WEATHER","MINNEAPOLIS MONTH HDD FUTURES","HQ","01/2027","01/2028","1179","USD","30.000%"
"CME","WEATHER","MINNEAPOLIS MONTH HDD FUTURES","HQ","02/2027","02/2027","1024","USD","30.000%"
"CME","WEATHER","MINNEAPOLIS MONTH HDD FUTURES","HQ","03/2027","03/2028","754","USD","30.000%"
"CME","WEATHER","MINNEAPOLIS MONTH HDD FUTURES","HQ","02/2028","02/2028","1055","USD","30.000%"
"CME","WEATHER","MINNEAPOLIS MONTH HDD FUTURES","HQ","10/2028","10/2028","352","USD","30.000%"
"CME","WEATHER","MINNEAPOLIS MONTH HDD FUTURES","HQ","12/2028","12/2028","1038","USD","30.000%"
"CME","WEATHER","MINNEAPOLIS HEATING SEASONAL STRIP","HQX","03/2026","03/2026","4190","USD","25.000%"
"CME","WEATHER","MINNEAPOLIS HEATING SEASONAL STRIP","HQZ","02/2026","02/2026","2973","USD","25.000%"
"CME","WEATHER","HOUSTON HDD INDEX FUTURE","HR","01/2026","01/2026","1476","USD","30.000%"
"CME","WEATHER","HOUSTON HDD INDEX FUTURE","HR","02/2026","02/2026","605","USD","30.000%"
"CME","WEATHER","HOUSTON HDD INDEX FUTURE","HR","03/2026","03/2026","167","USD","30.000%"
"CME","WEATHER","HOUSTON HDD INDEX FUTURE","HR","04/2026","04/2028","22","USD","30.000%"
"CME","WEATHER","HOUSTON HDD INDEX FUTURE","HR","10/2026","10/2028","16","USD","30.000%"
"CME","WEATHER","HOUSTON HDD INDEX FUTURE","HR","11/2026","11/2028","116","USD","30.000%"
"CME","WEATHER","HOUSTON HDD INDEX FUTURE","HR","12/2026","12/2027","214","USD","30.000%"
"CME","WEATHER","HOUSTON HDD INDEX FUTURE","HR","01/2027","01/2028","292","USD","30.000%"
"CME","WEATHER","HOUSTON HDD INDEX FUTURE","HR","02/2027","02/2027","185","USD","30.000%"
"CME","WEATHER","HOUSTON HDD INDEX FUTURE","HR","03/2027","03/2028","80","USD","30.000%"
"CME","WEATHER","HOUSTON HDD INDEX FUTURE","HR","02/2028","02/2028","189","USD","30.000%"
"CME","WEATHER","HOUSTON HDD INDEX FUTURE","HR","12/2028","12/2028","213","USD","30.000%"
"CME","WEATHER","HOUSTON HEAT SEA STRIP","HRX","03/2026","03/2026","1046","USD","25.000%"
"CME","WEATHER","HOUSTON HEAT SEA STRIP","HRZ","02/2026","02/2026","875","USD","25.000%"
"CME","WEATHER","SACRAMENTO MONTHLY HDD FUTURES","HS","01/2026","01/2026","1160","USD","30.000%"
"CME","WEATHER","SACRAMENTO MONTHLY HDD FUTURES","HS","02/2026","02/2026","512","USD","30.000%"
"CME","WEATHER","SACRAMENTO MONTHLY HDD FUTURES","HS","03/2026","03/2026","316","USD","30.000%"
"CME","WEATHER","SACRAMENTO MONTHLY HDD FUTURES","HS","04/2026","04/2028","155","USD","30.000%"
"CME","WEATHER","SACRAMENTO MONTHLY HDD FUTURES","HS","10/2026","10/2028","63","USD","30.000%"
"CME","WEATHER","SACRAMENTO MONTHLY HDD FUTURES","HS","11/2026","11/2028","336","USD","30.000%"
"CME","WEATHER","SACRAMENTO MONTHLY HDD FUTURES","HS","12/2026","12/2028","525","USD","30.000%"
"CME","WEATHER","SACRAMENTO MONTHLY HDD FUTURES","HS","01/2027","01/2028","500","USD","30.000%"
"CME","WEATHER","SACRAMENTO MONTHLY HDD FUTURES","HS","02/2027","02/2027","382","USD","30.000%"
"CME","WEATHER","SACRAMENTO MONTHLY HDD FUTURES","HS","03/2027","03/2028","312","USD","30.000%"
"CME","WEATHER","SACRAMENTO MONTHLY HDD FUTURES","HS","02/2028","02/2028","394","USD","30.000%"
"CME","WEATHER","SACRAMENTO HEATING SEASONAL STRIP F","HSX","03/2026","03/2026","1271","USD","250"
"CME","WEATHER","SACRAMENTO HEATING SEASONAL STRIP F","HSZ","02/2026","02/2026","882","USD","250"
"CME","WEATHER","BOSTON HDD INDEX FUTURES","HW","01/2026","01/2026","3438","USD","25.000%"
"CME","WEATHER","BOSTON HDD INDEX FUTURES","HW","02/2026","02/2026","2351","USD","25.000%"
"CME","WEATHER","BOSTON HDD INDEX FUTURES","HW","03/2026","03/2026","1308","USD","25.000%"
"CME","WEATHER","BOSTON HDD INDEX FUTURES","HW","04/2026","04/2028","471","USD","25.000%"
"CME","WEATHER","BOSTON HDD INDEX FUTURES","HW","10/2026","10/2026","271","USD","25.000%"
"CME","WEATHER","BOSTON HDD INDEX FUTURES","HW","11/2026","11/2028","589","USD","25.000%"
"CME","WEATHER","BOSTON HDD INDEX FUTURES","HW","12/2026","12/2028","878","USD","25.000%"
"CME","WEATHER","BOSTON HDD INDEX FUTURES","HW","01/2027","01/2028","1034","USD","25.000%"
"CME","WEATHER","BOSTON HDD INDEX FUTURES","HW","02/2027","02/2027","892","USD","25.000%"
"CME","WEATHER","BOSTON HDD INDEX FUTURES","HW","03/2027","03/2028","781","USD","25.000%"
"CME","WEATHER","BOSTON HDD INDEX FUTURES","HW","10/2027","10/2028","270","USD","25.000%"
"CME","WEATHER","BOSTON HDD INDEX FUTURES","HW","02/2028","02/2028","922","USD","25.000%"
"CME","WEATHER","BOSTON HDD NOV SEAS STP INDEX FUT","HWX","03/2026","03/2026","1997","USD","25.000%"
"CME","WEATHER","BOSTON HEAT SEA STRIP","HWZ","02/2026","02/2026","1362","USD","25.000%"
"CME","WEATHER","K0 LAS VEGAS CDD FUTURES","K0","04/2026","04/2026","411","USD","25.000%"
"CME","WEATHER","K0 LAS VEGAS CDD FUTURES","K0","05/2026","05/2026","788","USD","25.000%"
"CME","WEATHER","K0 LAS VEGAS CDD FUTURES","K0","06/2026","06/2026","885","USD","25.000%"
"CME","WEATHER","K0 LAS VEGAS CDD FUTURES","K0","07/2026","07/2028","737","USD","25.000%"
"CME","WEATHER","K0 LAS VEGAS CDD FUTURES","K0","08/2026","08/2028","684","USD","25.000%"
"CME","WEATHER","K0 LAS VEGAS CDD FUTURES","K0","09/2026","09/2028","475","USD","25.000%"
"CME","WEATHER","K0 LAS VEGAS CDD FUTURES","K0","10/2026","10/2028","184","USD","25.000%"
"CME","WEATHER","K0 LAS VEGAS CDD FUTURES","K0","04/2027","04/2028","137","USD","25.000%"
"CME","WEATHER","K0 LAS VEGAS CDD FUTURES","K0","05/2027","05/2028","316","USD","25.000%"
"CME","WEATHER","K0 LAS VEGAS CDD FUTURES","K0","06/2027","06/2028","590","USD","25.000%"
"CME","WEATHER","LAS VEGAS SEASONAL STRIP CDD","K0K","09/2026","09/2026","2100","USD","25.000%"
"CME","WEATHER","LAS VEGAS SEASONAL STRIP CDD FUTURE","K0N","08/2026","08/2026","1065","USD","25.000%"
"CME","WEATHER","K1 ATLANTA CDD FUTURES","K1","04/2026","04/2026","188","USD","30.000%"
"CME","WEATHER","K1 ATLANTA CDD FUTURES","K1","05/2026","05/2026","468","USD","30.000%"
"CME","WEATHER","K1 ATLANTA CDD FUTURES","K1","06/2026","06/2026","506","USD","30.000%"
"CME","WEATHER","K1 ATLANTA CDD FUTURES","K1","07/2026","07/2028","415","USD","30.000%"
"CME","WEATHER","K1 ATLANTA CDD FUTURES","K1","08/2026","08/2028","386","USD","30.000%"
"CME","WEATHER","K1 ATLANTA CDD FUTURES","K1","09/2026","09/2028","271","USD","30.000%"
"CME","WEATHER","K1 ATLANTA CDD FUTURES","K1","10/2026","10/2028","87","USD","30.000%"
"CME","WEATHER","K1 ATLANTA CDD FUTURES","K1","04/2027","04/2028","63","USD","30.000%"
"CME","WEATHER","K1 ATLANTA CDD FUTURES","K1","05/2027","05/2028","188","USD","30.000%"
"CME","WEATHER","K1 ATLANTA CDD FUTURES","K1","06/2027","06/2028","337","USD","30.000%"
"CME","WEATHER","ATLANTA COOLING SEASONAL STRIP FUTU","K1K","09/2026","09/2026","1914","USD","25.000%"
"CME","WEATHER","ATLANTA COOLING SEASONAL STRIP FUTU","K1N","08/2026","08/2026","960","USD","25.000%"
"CME","WEATHER","K2 CHICAGO CDD FUTURES","K2","04/2026","04/2026","36","USD","30.000%"
"CME","WEATHER","K2 CHICAGO CDD FUTURES","K2","05/2026","05/2026","201","USD","30.000%"
"CME","WEATHER","K2 CHICAGO CDD FUTURES","K2","06/2026","06/2026","360","USD","30.000%"
"CME","WEATHER","K2 CHICAGO CDD FUTURES","K2","07/2026","07/2028","267","USD","30.000%"
"CME","WEATHER","K2 CHICAGO CDD FUTURES","K2","08/2026","08/2028","235","USD","30.000%"
"CME","WEATHER","K2 CHICAGO CDD FUTURES","K2","09/2026","09/2028","120","USD","30.000%"
"CME","WEATHER","K2 CHICAGO CDD FUTURES","K2","10/2026","10/2028","18","USD","30.000%"
"CME","WEATHER","K2 CHICAGO CDD FUTURES","K2","04/2027","04/2028","8","USD","30.000%"
"CME","WEATHER","K2 CHICAGO CDD FUTURES","K2","05/2027","05/2028","54","USD","30.000%"
"CME","WEATHER","K2 CHICAGO CDD FUTURES","K2","06/2027","06/2028","181","USD","30.000%"
"CME","WEATHER","CHICAGO COOLING SEASONAL STRIP FUTU","K2K","09/2026","09/2026","1494","USD","25.000%"
"CME","WEATHER","CHICAGO COOLING SEASONAL STRIP FUTU","K2N","08/2026","08/2026","877","USD","25.000%"
"CME","WEATHER","K3 CINCINNATI CDD FUTURES","K3","04/2026","04/2026","84","USD","30.000%"
"CME","WEATHER","K3 CINCINNATI CDD FUTURES","K3","05/2026","05/2026","312","USD","30.000%"
"CME","WEATHER","K3 CINCINNATI CDD FUTURES","K3","06/2026","06/2026","416","USD","30.000%"
"CME","WEATHER","K3 CINCINNATI CDD FUTURES","K3","07/2026","07/2028","295","USD","30.000%"
"CME","WEATHER","K3 CINCINNATI CDD FUTURES","K3","08/2026","08/2028","254","USD","30.000%"
"CME","WEATHER","K3 CINCINNATI CDD FUTURES","K3","09/2026","09/2028","148","USD","30.000%"
"CME","WEATHER","K3 CINCINNATI CDD FUTURES","K3","10/2026","10/2028","28","USD","30.000%"
"CME","WEATHER","K3 CINCINNATI CDD FUTURES","K3","04/2027","04/2028","17","USD","30.000%"
"CME","WEATHER","K3 CINCINNATI CDD FUTURES","K3","05/2027","05/2028","84","USD","30.000%"
"CME","WEATHER","K3 CINCINNATI CDD FUTURES","K3","06/2027","06/2028","208","USD","30.000%"
"CME","WEATHER","CINCINNATI COOLING SEASONAL STRIP F","K3K","09/2026","09/2026","1431","USD","25.000%"
"CME","WEATHER","CINCINNATI COOLING SEASONAL STRIP F","K3N","08/2026","08/2026","795","USD","25.000%"
"CME","WEATHER","K4 NEW YORK CDD FUTURES","K4","04/2026","04/2026","36","USD","25.000%"
"CME","WEATHER","K4 NEW YORK CDD FUTURES","K4","05/2026","05/2026","176","USD","25.000%"
"CME","WEATHER","K4 NEW YORK CDD FUTURES","K4","06/2026","06/2026","316","USD","25.000%"
"CME","WEATHER","K4 NEW YORK CDD FUTURES","K4","07/2026","07/2028","376","USD","25.000%"
"CME","WEATHER","K4 NEW YORK CDD FUTURES","K4","08/2026","08/2028","320","USD","25.000%"
"CME","WEATHER","K4 NEW YORK CDD FUTURES","K4","09/2026","09/2028","167","USD","25.000%"
"CME","WEATHER","K4 NEW YORK CDD FUTURES","K4","10/2026","10/2028","34","USD","25.000%"
"CME","WEATHER","K4 NEW YORK CDD FUTURES","K4","04/2027","04/2028","8","USD","25.000%"
"CME","WEATHER","K4 NEW YORK CDD FUTURES","K4","05/2027","05/2028","59","USD","25.000%"
"CME","WEATHER","K4 NEW YORK CDD FUTURES","K4","06/2027","06/2028","211","USD","25.000%"
"CME","WEATHER","NEW YORK COOLING SEASONAL STRIP FUT","K4K","09/2026","09/2026","1413","USD","25.000%"
"CME","WEATHER","NEW YORK COOLING SEASONAL STRIP FUT","K4N","08/2026","08/2026","869","USD","25.000%"
"CME","WEATHER","K5 DALLAS CDD FUTURES","K5","04/2026","04/2026","348","USD","25.000%"
"CME","WEATHER","K5 DALLAS CDD FUTURES","K5","05/2026","05/2026","624","USD","25.000%"
"CME","WEATHER","K5 DALLAS CDD FUTURES","K5","06/2026","06/2026","776","USD","25.000%"
"CME","WEATHER","K5 DALLAS CDD FUTURES","K5","07/2026","07/2028","542","USD","25.000%"
"CME","WEATHER","K5 DALLAS CDD FUTURES","K5","08/2026","08/2028","551","USD","25.000%"
"CME","WEATHER","K5 DALLAS CDD FUTURES","K5","09/2026","09/2028","377","USD","25.000%"
"CME","WEATHER","K5 DALLAS CDD FUTURES","K5","10/2026","10/2026","158","USD","25.000%"
"CME","WEATHER","K5 DALLAS CDD FUTURES","K5","04/2027","04/2027","93","USD","25.000%"
"CME","WEATHER","K5 DALLAS CDD FUTURES","K5","05/2027","05/2028","250","USD","25.000%"
"CME","WEATHER","K5 DALLAS CDD FUTURES","K5","06/2027","06/2027","444","USD","25.000%"
"CME","WEATHER","K5 DALLAS CDD FUTURES","K5","10/2027","10/2028","159","USD","25.000%"
"CME","WEATHER","K5 DALLAS CDD FUTURES","K5","04/2028","04/2028","94","USD","25.000%"
"CME","WEATHER","K5 DALLAS CDD FUTURES","K5","06/2028","06/2028","443","USD","25.000%"
"CME","WEATHER","DALLAS COOLING SEASONAL STRIP FUTUR","K5K","09/2026","09/2026","2973","USD","25.000%"
"CME","WEATHER","DALLAS COOLING SEASONAL STRIP FUTUR","K5N","08/2026","08/2026","1502","USD","25.000%"
"CME","WEATHER","PHILADELPHIA CDD FUTURES","K6","04/2026","04/2026","72","USD","25.000%"
"CME","WEATHER","PHILADELPHIA CDD FUTURES","K6","05/2026","05/2026","233","USD","25.000%"
"CME","WEATHER","PHILADELPHIA CDD FUTURES","K6","06/2026","06/2026","348","USD","25.000%"
"CME","WEATHER","PHILADELPHIA CDD FUTURES","K6","07/2026","07/2026","384","USD","25.000%"
"CME","WEATHER","PHILADELPHIA CDD FUTURES","K6","08/2026","08/2028","316","USD","25.000%"
"CME","WEATHER","PHILADELPHIA CDD FUTURES","K6","09/2026","09/2028","173","USD","25.000%"
"CME","WEATHER","PHILADELPHIA CDD FUTURES","K6","10/2026","10/2028","35","USD","25.000%"
"CME","WEATHER","PHILADELPHIA CDD FUTURES","K6","04/2027","04/2028","15","USD","25.000%"
"CME","WEATHER","PHILADELPHIA CDD FUTURES","K6","05/2027","05/2028","78","USD","25.000%"
"CME","WEATHER","PHILADELPHIA CDD FUTURES","K6","06/2027","06/2028","232","USD","25.000%"
"CME","WEATHER","PHILADELPHIA CDD FUTURES","K6","07/2027","07/2028","385","USD","25.000%"
"CME","WEATHER","PHILADELPHIA COOL SEA STRIP","K6K","09/2026","09/2026","1477","USD","25.000%"
"CME","WEATHER","PHILADELPHIA COOL SEA STRIP","K6N","08/2026","08/2026","874","USD","25.000%"
"CME","WEATHER","K7 PORTLAND CDD FUTURES","K7","04/2026","04/2026","8","USD","25.000%"
"CME","WEATHER","K7 PORTLAND CDD FUTURES","K7","05/2026","05/2026","75","USD","25.000%"
"CME","WEATHER","K7 PORTLAND CDD FUTURES","K7","06/2026","06/2026","152","USD","25.000%"
"CME","WEATHER","K7 PORTLAND CDD FUTURES","K7","07/2026","07/2026","335","USD","25.000%"
"CME","WEATHER","K7 PORTLAND CDD FUTURES","K7","08/2026","08/2027","372","USD","25.000%"
"CME","WEATHER","K7 PORTLAND CDD FUTURES","K7","09/2026","09/2028","135","USD","25.000%"
"CME","WEATHER","K7 PORTLAND CDD FUTURES","K7","10/2026","10/2028","7","USD","25.000%"
"CME","WEATHER","K7 PORTLAND CDD FUTURES","K7","04/2027","04/2028","4","USD","25.000%"
"CME","WEATHER","K7 PORTLAND CDD FUTURES","K7","05/2027","05/2028","40","USD","25.000%"
"CME","WEATHER","K7 PORTLAND CDD FUTURES","K7","06/2027","06/2028","122","USD","25.000%"
"CME","WEATHER","K7 PORTLAND CDD FUTURES","K7","07/2027","07/2028","336","USD","25.000%"
"CME","WEATHER","K7 PORTLAND CDD FUTURES","K7","08/2028","08/2028","373","USD","25.000%"
"CME","WEATHER","CME-PORTLAND CDD MAY STRIP FUTURE","K7K","09/2026","09/2026","501","USD","25.000%"
"CME","WEATHER","CME-PORTLAND CDD JUL STRIP FUTURE","K7N","08/2026","08/2026","353","USD","25.000%"
"CME","WEATHER","BURBANK CDD FUTURES","KP","04/2026","04/2026","130","USD","25.000%"
"CME","WEATHER","BURBANK CDD FUTURES","KP","05/2026","05/2026","122","USD","25.000%"
"CME","WEATHER","BURBANK CDD FUTURES","KP","06/2026","06/2026","234","USD","25.000%"
"CME","WEATHER","BURBANK CDD FUTURES","KP","07/2026","07/2028","291","USD","25.000%"
"CME","WEATHER","BURBANK CDD FUTURES","KP","08/2026","08/2028","326","USD","25.000%"
"CME","WEATHER","BURBANK CDD FUTURES","KP","09/2026","09/2028","268","USD","25.000%"
"CME","WEATHER","BURBANK CDD FUTURES","KP","10/2026","10/2028","136","USD","25.000%"
"CME","WEATHER","BURBANK CDD FUTURES","KP","04/2027","04/2028","44","USD","25.000%"
"CME","WEATHER","BURBANK CDD FUTURES","KP","05/2027","05/2027","61","USD","25.000%"
"CME","WEATHER","BURBANK CDD FUTURES","KP","06/2027","06/2028","156","USD","25.000%"
"CME","WEATHER","BURBANK CDD FUTURES","KP","05/2028","05/2028","60","USD","25.000%"
"CME","WEATHER","MAY BURBANK COOL SEA STRIP","KPK","09/2026","09/2026","1376","USD","25.000%"
"CME","WEATHER","JUL BURBANK COOL SEA STRIP","KPN","08/2026","08/2026","770","USD","25.000%"
"CME","WEATHER","MINNEAPOLIS MONTHLY CDD FUTURES","KQ","04/2026","04/2026","12","USD","25.000%"
"CME","WEATHER","MINNEAPOLIS MONTHLY CDD FUTURES","KQ","05/2026","05/2026","146","USD","25.000%"
"CME","WEATHER","MINNEAPOLIS MONTHLY CDD FUTURES","KQ","06/2026","06/2026","348","USD","25.000%"
"CME","WEATHER","MINNEAPOLIS MONTHLY CDD FUTURES","KQ","07/2026","07/2028","451","USD","25.000%"
"CME","WEATHER","MINNEAPOLIS MONTHLY CDD FUTURES","KQ","08/2026","08/2028","346","USD","25.000%"
"CME","WEATHER","MINNEAPOLIS MONTHLY CDD FUTURES","KQ","09/2026","09/2026","167","USD","25.000%"
"CME","WEATHER","MINNEAPOLIS MONTHLY CDD FUTURES","KQ","10/2026","10/2028","15","USD","25.000%"
"CME","WEATHER","MINNEAPOLIS MONTHLY CDD FUTURES","KQ","04/2027","04/2028","6","USD","25.000%"
"CME","WEATHER","MINNEAPOLIS MONTHLY CDD FUTURES","KQ","05/2027","05/2028","79","USD","25.000%"
"CME","WEATHER","MINNEAPOLIS MONTHLY CDD FUTURES","KQ","06/2027","06/2027","304","USD","25.000%"
"CME","WEATHER","MINNEAPOLIS MONTHLY CDD FUTURES","KQ","09/2027","09/2028","169","USD","25.000%"
"CME","WEATHER","MINNEAPOLIS MONTHLY CDD FUTURES","KQ","06/2028","06/2028","306","USD","25.000%"
"CME","WEATHER","MINNEAPOLIS COOLING SEASONAL STRIP","KQK","09/2026","09/2026","1346","USD","250"
"CME","WEATHER","MINNEAPOLIS COOLING SEASONAL STRIP","KQN","08/2026","08/2026","797","USD","250"
"CME","WEATHER","HOUSTON CDD INDEX FUTURES","KR","04/2026","04/2026","772","USD","25.000%"
"CME","WEATHER","HOUSTON CDD INDEX FUTURES","KR","05/2026","05/2026","960","USD","25.000%"
"CME","WEATHER","HOUSTON CDD INDEX FUTURES","KR","06/2026","06/2026","682","USD","25.000%"
"CME","WEATHER","HOUSTON CDD INDEX FUTURES","KR","07/2026","07/2026","512","USD","25.000%"
"CME","WEATHER","HOUSTON CDD INDEX FUTURES","KR","08/2026","08/2028","532","USD","25.000%"
"CME","WEATHER","HOUSTON CDD INDEX FUTURES","KR","09/2026","09/2027","397","USD","25.000%"
"CME","WEATHER","HOUSTON CDD INDEX FUTURES","KR","10/2026","10/2028","212","USD","25.000%"
"CME","WEATHER","HOUSTON CDD INDEX FUTURES","KR","04/2027","04/2028","156","USD","25.000%"
"CME","WEATHER","HOUSTON CDD INDEX FUTURES","KR","05/2027","05/2027","320","USD","25.000%"
"CME","WEATHER","HOUSTON CDD INDEX FUTURES","KR","06/2027","06/2027","455","USD","25.000%"
"CME","WEATHER","HOUSTON CDD INDEX FUTURES","KR","07/2027","07/2028","513","USD","25.000%"
"CME","WEATHER","HOUSTON CDD INDEX FUTURES","KR","05/2028","05/2028","321","USD","25.000%"
"CME","WEATHER","HOUSTON CDD INDEX FUTURES","KR","06/2028","06/2028","456","USD","25.000%"
"CME","WEATHER","HOUSTON CDD INDEX FUTURES","KR","09/2028","09/2028","398","USD","25.000%"
"CME","WEATHER","HOUSTON COOL SEA STRIP","KRK","09/2026","09/2026","3046","USD","25.000%"
"CME","WEATHER","HOUSTON COOL SEA STRIP","KRN","08/2026","08/2026","1436","USD","25.000%"
"CME","WEATHER","SACRAMENTO MONTHLY CDD FUTURES","KS","04/2026","04/2026","72","USD","25.000%"
"CME","WEATHER","SACRAMENTO MONTHLY CDD FUTURES","KS","05/2026","05/2026","152","USD","25.000%"
"CME","WEATHER","SACRAMENTO MONTHLY CDD FUTURES","KS","06/2026","06/2026","254","USD","25.000%"
"CME","WEATHER","SACRAMENTO MONTHLY CDD FUTURES","KS","07/2026","07/2028","254","USD","25.000%"
"CME","WEATHER","SACRAMENTO MONTHLY CDD FUTURES","KS","08/2026","08/2028","245","USD","25.000%"
"CME","WEATHER","SACRAMENTO MONTHLY CDD FUTURES","KS","09/2026","09/2027","177","USD","25.000%"
"CME","WEATHER","SACRAMENTO MONTHLY CDD FUTURES","KS","10/2026","10/2028","50","USD","25.000%"
"CME","WEATHER","SACRAMENTO MONTHLY CDD FUTURES","KS","04/2027","04/2028","17","USD","25.000%"
"CME","WEATHER","SACRAMENTO MONTHLY CDD FUTURES","KS","05/2027","05/2028","76","USD","25.000%"
"CME","WEATHER","SACRAMENTO MONTHLY CDD FUTURES","KS","06/2027","09/2028","178","USD","25.000%"
"CME","WEATHER","SACRAMENTO COOLING SEASONAL STRIP F","KSK","09/2026","09/2026","1458","USD","25.000%"
"CME","WEATHER","SACRAMENTO COOLING SEASONAL STRIP F","KSN","08/2026","08/2026","783","USD","25.000%"
"CME","WEATHER","BOSTON CDD INDEX FUTURES","KW","04/2026","04/2026","16","USD","25.000%"
"CME","WEATHER","BOSTON CDD INDEX FUTURES","KW","05/2026","05/2026","89","USD","25.000%"
"CME","WEATHER","BOSTON CDD INDEX FUTURES","KW","06/2026","06/2026","185","USD","25.000%"
"CME","WEATHER","BOSTON CDD INDEX FUTURES","KW","07/2026","07/2028","263","USD","25.000%"
"CME","WEATHER","BOSTON CDD INDEX FUTURES","KW","08/2026","08/2028","221","USD","25.000%"
"CME","WEATHER","BOSTON CDD INDEX FUTURES","KW","09/2026","09/2028","91","USD","25.000%"
"CME","WEATHER","BOSTON CDD INDEX FUTURES","KW","10/2026","10/2028","13","USD","25.000%"
"CME","WEATHER","BOSTON CDD INDEX FUTURES","KW","04/2027","04/2028","4","USD","25.000%"
"CME","WEATHER","BOSTON CDD INDEX FUTURES","KW","05/2027","05/2028","30","USD","25.000%"
"CME","WEATHER","BOSTON CDD INDEX FUTURES","KW","06/2027","06/2028","124","USD","25.000%"
"CME","WEATHER","BOSTON COOL SEA STRIP","KWK","09/2026","09/2026","908","USD","25.000%"
"CME","WEATHER","BOSTON COOL SEA STRIP","KWN","08/2026","08/2026","604","USD","25.000%"
"CME","WEATHER","BURBANK  HDD FUTURE","LP","01/2026","01/2026","420","USD","25.000%"
"CME","WEATHER","BURBANK  HDD FUTURE","LP","02/2026","02/2026","312","USD","25.000%"
"CME","WEATHER","BURBANK  HDD FUTURE","LP","03/2026","03/2026","227","USD","25.000%"
"CME","WEATHER","BURBANK  HDD FUTURE","LP","04/2026","04/2028","75","USD","25.000%"
"CME","WEATHER","BURBANK  HDD FUTURE","LP","10/2026","10/2028","12","USD","25.000%"
"CME","WEATHER","BURBANK  HDD FUTURE","LP","11/2026","11/2028","96","USD","25.000%"
"CME","WEATHER","BURBANK  HDD FUTURE","LP","12/2026","12/2027","213","USD","25.000%"
"CME","WEATHER","BURBANK  HDD FUTURE","LP","01/2027","01/2028","208","USD","25.000%"
"CME","WEATHER","BURBANK  HDD FUTURE","LP","02/2027","02/2027","177","USD","25.000%"
"CME","WEATHER","BURBANK  HDD FUTURE","LP","03/2027","03/2027","148","USD","25.000%"
"CME","WEATHER","BURBANK  HDD FUTURE","LP","02/2028","02/2028","184","USD","25.000%"
"CME","WEATHER","BURBANK  HDD FUTURE","LP","03/2028","03/2028","149","USD","25.000%"
"CME","WEATHER","BURBANK  HDD FUTURE","LP","12/2028","12/2028","212","USD","25.000%"
"CME","WEATHER","NOV BURBANK HEAT SEA STRIP","LPX","03/2026","03/2026","745","USD","25.000%"
"CME","WEATHER","DEC BURBANK HEAT SEA STRIP","LPZ","02/2026","02/2026","468","USD","25.000%"
"CMX","METALS","1-OUNCE GOLD TAS","1OT","02/2026","02/2026","","USD","40.000%"
"CMX","METALS","1-OUNCE GOLD TAS","1OT","04/2026","04/2026","","USD","25.000%"
"CMX","METALS","1-OUNCE GOLD TAS","1OT","06/2026","10/2026","","USD","15.000%"
"CMX","METALS","1 OUNCE GOLD FUTURES","1OZ","02/2026","02/2026","249","USD","40.000%"
"CMX","METALS","1 OUNCE GOLD FUTURES","1OZ","04/2026","04/2026","251","USD","25.000%"
"CMX","METALS","1 OUNCE GOLD FUTURES","1OZ","06/2026","06/2026","253","USD","15.000%"
"CMX","METALS","1 OUNCE GOLD FUTURES","1OZ","08/2026","08/2026","255","USD","15.000%"
"CMX","METALS","1 OUNCE GOLD FUTURES","1OZ","10/2026","10/2026","257","USD","15.000%"
"CMX","METALS","1 OUNCE GOLD FUTURES","1OZ","12/2026","12/2026","259","USD","15.000%"
"CMX","METALS","1 OUNCE GOLD FUTURES","1OZ","02/2027","02/2027","260","USD","15.000%"
"CMX","METALS","1 OUNCE GOLD FUTURES","1OZ","04/2027","04/2027","262","USD","15.000%"
"CMX","METALS","1 OUNCE GOLD FUTURES","1OZ","06/2027","06/2027","263","USD","15.000%"
"CMX","METALS","1 OUNCE GOLD FUTURES","1OZ","08/2027","08/2027","265","USD","15.000%"
"CMX","METALS","1 OUNCE GOLD FUTURES","1OZ","10/2027","10/2027","266","USD","15.000%"
"CMX","METALS","1 OUNCE GOLD FUTURES","1OZ","12/2027","12/2027","267","USD","15.000%"
"CMX","METALS","GOLD (ENHANCED DELIVERY) FUTURES","4GC","01/2026","02/2026","24000","USD","40.000%"
"CMX","METALS","GOLD (ENHANCED DELIVERY) FUTURES","4GC","03/2026","03/2026","24000","USD","35.000%"
"CMX","METALS","GOLD (ENHANCED DELIVERY) FUTURES","4GC","04/2026","04/2026","24000","USD","30.000%"
"CMX","METALS","GOLD (ENHANCED DELIVERY) FUTURES","4GC","06/2026","10/2026","24000","USD","26.000%"
"CMX","METALS","GOLD (ENHANCED DELIVERY) FUTURES","4GC","12/2026","12/2031","24000","USD","25.000%"
"CMX","METALS","ALUMINUM A-380 ALLOY PLATTS FUTURES","A38","01/2026","01/2026","1290","USD","35.000%"
"CMX","METALS","ALUMINUM A-380 ALLOY PLATTS FUTURES","A38","02/2026","04/2026","4000","USD","35.000%"
"CMX","METALS","ALUMINUM A-380 ALLOY PLATTS FUTURES","A38","05/2026","12/2027","3000","USD","20.000%"
"CMX","METALS","ALUMINIUM EURO PREM METAL BULLETIN","AEP","01/2026","01/2026","322","USD","35.000%"
"CMX","METALS","ALUMINIUM EURO PREM METAL BULLETIN","AEP","02/2026","02/2026","1000","USD","25.000%"
"CMX","METALS","ALUMINIUM EURO PREM METAL BULLETIN","AEP","03/2026","12/2029","1000","USD","20.000%"
"CMX","METALS","ALUMINA FOB AUSTRALIA PLATT FUTURES","ALA","01/2026","01/2026","1064","USD","30.000%"
"CMX","METALS","ALUMINA FOB AUSTRALIA PLATT FUTURES","ALA","02/2026","12/2028","2500","USD","30.000%"
"CMX","METALS","ALUMINA FOB METAL BULLETIN FUTURES","ALB","01/2026","12/2028","5500","USD","30.000%"
"CMX","METALS","ALUMINUM FUTURES","ALI","01/2026","04/2026","3500","USD","30.000%"
"CMX","METALS","ALUMINUM FUTURES","ALI","05/2026","12/2030","3500","USD","20.000%"
"CMX","METALS","ALUMINUM MW TRANS PREM PLATTS FUT","AUP","01/2026","01/2026","1290","USD","30.000%"
"CMX","METALS","ALUMINUM MW TRANS PREM PLATTS FUT","AUP","02/2026","09/2027","3500","USD","15.000%"
"CMX","METALS","ALUMINUM MW TRANS PREM PLATTS FUT","AUP","10/2027","12/2030","3000","USD","15.000%"
"CMX","METALS","CHI #1 BUSHELING FERROUS SCRAP FUT","BCH","01/2026","01/2028","700","USD","30.000%"
"CMX","METALS","COBALT METAL (FASTMARKETS) FUT","COB","01/2026","01/2026","1774","USD","35.000%"
"CMX","METALS","COBALT METAL (FASTMARKETS) FUT","COB","02/2026","03/2026","5000","USD","30.000%"
"CMX","METALS","COBALT METAL (FASTMARKETS) FUT","COB","04/2026","06/2026","5000","USD","25.000%"
"CMX","METALS","COBALT METAL (FASTMARKETS) FUT","COB","07/2026","12/2030","5000","USD","20.000%"
"CMX","METALS","COBALT HYD CIF CHINA (FSTMKT) FUT","COH","01/2026","01/2026","1951","USD","35.000%"
"CMX","METALS","COBALT HYD CIF CHINA (FSTMKT) FUT","COH","02/2026","03/2026","5500","USD","30.000%"
"CMX","METALS","COBALT HYD CIF CHINA (FSTMKT) FUT","COH","04/2026","06/2026","5500","USD","25.000%"
"CMX","METALS","COBALT HYD CIF CHINA (FSTMKT) FUT","COH","07/2026","12/2030","5500","USD","20.000%"
"CMX","METALS","COPPER PREMIUM GRADE A CIF SHANGHAI","CUP","01/2026","01/2026","85","USD","0.04"
"CMX","METALS","COPPER PREMIUM GRADE A CIF SHANGHAI","CUP","02/2026","06/2027","240","USD","0.04"
"CMX","METALS","ALUMINIUM EURO PREM DUTY-PAID FUT","EDP","01/2026","01/2026","258","USD","30.000%"
"CMX","METALS","ALUMINIUM EURO PREM DUTY-PAID FUT","EDP","02/2026","09/2026","800","USD","30.000%"
"CMX","METALS","ALUMINIUM EURO PREM DUTY-PAID FUT","EDP","10/2026","12/2029","700","USD","30.000%"
"CMX","METALS","NORTH EURO HOT-ROLLED COIL STEEL","EHR","01/2026","01/2026","248","EUR","35.000%"
"CMX","METALS","NORTH EURO HOT-ROLLED COIL STEEL","EHR","02/2026","04/2026","700","EUR","35.000%"
"CMX","METALS","NORTH EURO HOT-ROLLED COIL STEEL","EHR","05/2026","12/2028","600","EUR","20.000%"
"CMX","METALS","HMS 80/20 FERROUS SCRAP CFR TURKEY","FSF","01/2026","01/2026","88","USD","25.000%"
"CMX","METALS","HMS 80/20 FERROUS SCRAP CFR TURKEY","FSF","02/2026","12/2027","250","USD","25.000%"
"CMX","METALS","CLEARED OTC LONDON GOLD FWD (CM)","GBC","01/21/2026","02/05/2036","125","USD","0.04"
"CMX","METALS","COMEX 100 GOLD FUTURES","GC","01/2026","01/2026","24881","USD","40.000%"
"CMX","METALS","COMEX 100 GOLD FUTURES","GC","02/2026","02/2026","24899","USD","40.000%"
"CMX","METALS","COMEX 100 GOLD FUTURES","GC","03/2026","03/2026","24990","USD","30.000%"
"CMX","METALS","COMEX 100 GOLD FUTURES","GC","04/2026","04/2026","25085","USD","25.000%"
"CMX","METALS","COMEX 100 GOLD FUTURES","GC","05/2026","05/2026","25180","USD","18.000%"
"CMX","METALS","COMEX 100 GOLD FUTURES","GC","06/2026","06/2026","25275","USD","15.000%"
"CMX","METALS","COMEX 100 GOLD FUTURES","GC","07/2026","07/2026","25367","USD","15.000%"
"CMX","METALS","COMEX 100 GOLD FUTURES","GC","08/2026","08/2026","25465","USD","15.000%"
"CMX","METALS","COMEX 100 GOLD FUTURES","GC","09/2026","09/2026","25553","USD","15.000%"
"CMX","METALS","COMEX 100 GOLD FUTURES","GC","10/2026","10/2026","25631","USD","15.000%"
"CMX","METALS","COMEX 100 GOLD FUTURES","GC","11/2026","11/2026","25714","USD","15.000%"
"CMX","METALS","COMEX 100 GOLD FUTURES","GC","12/2026","12/2026","25802","USD","15.000%"
"CMX","METALS","COMEX 100 GOLD FUTURES","GC","01/2027","01/2027","25879","USD","15.000%"
"CMX","METALS","COMEX 100 GOLD FUTURES","GC","02/2027","02/2027","25968","USD","15.000%"
"CMX","METALS","COMEX 100 GOLD FUTURES","GC","03/2027","03/2027","26045","USD","15.000%"
"CMX","METALS","COMEX 100 GOLD FUTURES","GC","04/2027","04/2027","26119","USD","15.000%"
"CMX","METALS","COMEX 100 GOLD FUTURES","GC","05/2027","05/2027","26198","USD","15.000%"
"CMX","METALS","COMEX 100 GOLD FUTURES","GC","06/2027","06/2027","26267","USD","15.000%"
"CMX","METALS","COMEX 100 GOLD FUTURES","GC","07/2027","07/2027","26342","USD","15.000%"
"CMX","METALS","COMEX 100 GOLD FUTURES","GC","08/2027","08/2027","26409","USD","15.000%"
"CMX","METALS","COMEX 100 GOLD FUTURES","GC","09/2027","09/2027","26475","USD","15.000%"
"CMX","METALS","COMEX 100 GOLD FUTURES","GC","10/2027","10/2027","26544","USD","15.000%"
"CMX","METALS","COMEX 100 GOLD FUTURES","GC","11/2027","11/2027","26609","USD","15.000%"
"CMX","METALS","COMEX 100 GOLD FUTURES","GC","12/2027","12/2027","26676","USD","15.000%"
"CMX","METALS","COMEX 100 GOLD FUTURES","GC","01/2028","01/2028","26747","USD","15.000%"
"CMX","METALS","COMEX 100 GOLD FUTURES","GC","02/2028","02/2028","26810","USD","15.000%"
"CMX","METALS","COMEX 100 GOLD FUTURES","GC","06/2028","06/2028","27085","USD","15.000%"
"CMX","METALS","COMEX 100 GOLD FUTURES","GC","12/2028","12/2028","27489","USD","15.000%"
"CMX","METALS","COMEX 100 GOLD FUTURES","GC","06/2029","06/2029","27903","USD","15.000%"
"CMX","METALS","COMEX 100 GOLD FUTURES","GC","12/2029","12/2029","28933","USD","15.000%"
"CMX","METALS","COMEX 100 GOLD FUTURES","GC","06/2030","06/2030","29233","USD","15.000%"
"CMX","METALS","COMEX 100 GOLD FUTURES","GC","12/2030","12/2030","29412","USD","15.000%"
"CMX","METALS","COMEX 100 GOLD FUTURES","GC","06/2031","06/2031","29587","USD","15.000%"
"CMX","METALS","COMEX 100 GOLD FUTURES","GC","12/2031","12/2031","29764","USD","15.000%"
"CMX","METALS","GOLD LONDON TAM FIRST PM","GCD","02/2026","02/2026","","USD","40.000%"
"CMX","METALS","COMEX 100 GOLD TRADE AT SETTLEMENT","GCT","02/2026","02/2026","","USD","40.000%"
"CMX","METALS","COMEX 100 GOLD TRADE AT SETTLEMENT","GCT","04/2026","04/2026","","USD","25.000%"
"CMX","METALS","COMEX 100 GOLD TRADE AT SETTLEMENT","GCT","06/2026","10/2026","","USD","15.000%"
"CMX","METALS","U.S. MIDWEST DOM STEEL PREM(CRU)FUT","HDG","01/2026","04/2026","1000","USD","35.000%"
"CMX","METALS","U.S. MIDWEST DOM STEEL PREM(CRU)FUT","HDG","05/2026","12/2029","1000","USD","20.000%"
"CMX","METALS","COMEX COPPER FUTURES","HG","01/2026","02/2026","10000","USD","40.000%"
"CMX","METALS","COMEX COPPER FUTURES","HG","03/2026","03/2026","10000","USD","30.000%"
"CMX","METALS","COMEX COPPER FUTURES","HG","04/2026","08/2026","10000","USD","25.000%"
"CMX","METALS","COMEX COPPER FUTURES","HG","09/2026","03/2031","10000","USD","20.000%"
"CMX","METALS","COPPER SPOT TAS","HG0","01/2026","01/2026","10000","USD","40.000%"
"CMX","METALS","COPPER LONDON TAM","HGF","03/2026","03/2026","10000","USD","30.000%"
"CMX","METALS","COPPER LONDON MARKER","HGK","03/2026","03/2026","10000","USD","30.000%"
"CMX","METALS","COMEX COPPER SWAP FUTURES","HGS","01/2026","01/2026","2500","USD","0.043"
"CMX","METALS","COMEX COPPER SWAP FUTURES","HGS","02/2026","04/2026","10000","USD","0.038"
"CMX","METALS","COMEX COPPER SWAP FUTURES","HGS","05/2026","07/2026","10000","USD","0.03"
"CMX","METALS","COMEX COPPER SWAP FUTURES","HGS","08/2026","11/2027","10000","USD","0.02"
"CMX","METALS","COMEX COPPER SWAP FUTURES","HGS","12/2027","12/2027","9090","USD","0.02"
"CMX","METALS","COMEX COPPER SWAP FUTURES","HGS","03/2028","03/2028","9130","USD","0.02"
"CMX","METALS","COMEX COPPER SWAP FUTURES","HGS","05/2028","12/2030","1900","USD","0.02"
"CMX","METALS","COPPER TAS","HGT","03/2026","03/2026","10000","USD","30.000%"
"CMX","METALS","COPPER TAS","HGT","05/2026","07/2026","10000","USD","25.000%"
"CMX","METALS","COPPER TAS","HGT","09/2026","12/2026","10000","USD","20.000%"
"CMX","METALS","U.S. MIDWEST DOMESTIC HOT-ROLLED CO","HR","01/2026","01/2026","174","USD","30.000%"
"CMX","METALS","U.S. MIDWEST DOMESTIC HOT-ROLLED CO","HR","02/2026","07/2026","900","USD","30.000%"
"CMX","METALS","U.S. MIDWEST DOMESTIC HOT-ROLLED CO","HR","08/2026","12/2029","700","USD","30.000%"
"CMX","METALS","U.S. MIDWEST HOT-ROLLED COIL STEEL","HRP","01/2026","04/2026","900","USD","35.000%"
"CMX","METALS","U.S. MIDWEST HOT-ROLLED COIL STEEL","HRP","05/2026","12/2029","900","USD","20.000%"
"CMX","METALS","LEAD FUTURES","LED","01/2026","01/2026","2100","USD","35.000%"
"CMX","METALS","LEAD FUTURES","LED","02/2026","03/2026","2100","USD","30.000%"
"CMX","METALS","LEAD FUTURES","LED","04/2026","06/2026","2100","USD","25.000%"
"CMX","METALS","LEAD FUTURES","LED","07/2026","12/2026","2100","USD","20.000%"
"CMX","METALS","CLEARED OTC LONDON SILVER FWD(CM)","LSF","01/21/2026","01/30/2026","2","USD","0.11"
"CMX","METALS","CLEARED OTC LONDON SILVER FWD(CM)","LSF","02/02/2026","02/27/2026","2","USD","0.05"
"CMX","METALS","CLEARED OTC LONDON SILVER FWD(CM)","LSF","03/02/2026","01/30/2031","2","USD","0.03"
"CMX","METALS","LITHIUM CARBONATE CIF CJK (FASTMARK","LTC","01/2026","01/2026","1064","USD","35.000%"
"CMX","METALS","LITHIUM CARBONATE CIF CJK (FASTMARK","LTC","02/2026","03/2026","3000","USD","30.000%"
"CMX","METALS","LITHIUM CARBONATE CIF CJK (FASTMARK","LTC","04/2026","06/2026","3000","USD","25.000%"
"CMX","METALS","LITHIUM CARBONATE CIF CJK (FASTMARK","LTC","07/2026","12/2028","3000","USD","20.000%"
"CMX","METALS","LITHIUM HYDROXIDE (FASTMARKETS) FUT","LTH","01/2026","01/2026","958","USD","35.000%"
"CMX","METALS","LITHIUM HYDROXIDE (FASTMARKETS) FUT","LTH","02/2026","03/2026","2600","USD","30.000%"
"CMX","METALS","LITHIUM HYDROXIDE (FASTMARKETS) FUT","LTH","04/2026","06/2026","2500","USD","25.000%"
"CMX","METALS","LITHIUM HYDROXIDE (FASTMARKETS) FUT","LTH","07/2026","12/2028","2500","USD","20.000%"
"CMX","METALS","MICRO GOLD FUTURES","MGC","02/2026","02/2026","2490","USD","40.000%"
"CMX","METALS","MICRO GOLD FUTURES","MGC","04/2026","04/2026","2509","USD","25.000%"
"CMX","METALS","MICRO GOLD FUTURES","MGC","06/2026","06/2026","2528","USD","15.000%"
"CMX","METALS","MICRO GOLD FUTURES","MGC","08/2026","08/2026","2547","USD","15.000%"
"CMX","METALS","MICRO GOLD FUTURES","MGC","10/2026","10/2026","2564","USD","15.000%"
"CMX","METALS","MICRO GOLD FUTURES","MGC","12/2026","12/2026","2581","USD","15.000%"
"CMX","METALS","MICRO GOLD FUTURES","MGC","02/2027","02/2027","2597","USD","15.000%"
"CMX","METALS","MICRO GOLD FUTURES","MGC","04/2027","04/2027","2612","USD","15.000%"
"CMX","METALS","MICRO GOLD FUTURES","MGC","06/2027","06/2027","2627","USD","15.000%"
"CMX","METALS","MICRO GOLD FUTURES","MGC","08/2027","08/2027","2641","USD","15.000%"
"CMX","METALS","MICRO GOLD FUTURES","MGC","10/2027","10/2027","2655","USD","15.000%"
"CMX","METALS","MICRO GOLD FUTURES","MGC","12/2027","12/2027","2668","USD","15.000%"
"CMX","METALS","MICRO GOLD TAS","MGT","02/2026","02/2026","","USD","40.000%"
"CMX","METALS","MICRO GOLD TAS","MGT","04/2026","04/2026","","USD","25.000%"
"CMX","METALS","MICRO GOLD TAS","MGT","06/2026","10/2026","","USD","15.000%"
"CMX","METALS","COMEX MICRO COPPER FUTURES","MHG","02/2026","02/2026","1000","USD","40.000%"
"CMX","METALS","COMEX MICRO COPPER FUTURES","MHG","03/2026","03/2026","1000","USD","30.000%"
"CMX","METALS","COMEX MICRO COPPER FUTURES","MHG","04/2026","08/2026","1000","USD","25.000%"
"CMX","METALS","COMEX MICRO COPPER FUTURES","MHG","09/2026","03/2031","1000","USD","20.000%"
"CMX","METALS","MICRO COPPER TAS","MHT","03/2026","03/2026","1000","USD","30.000%"
"CMX","METALS","MICRO COPPER TAS","MHT","05/2026","07/2026","1000","USD","25.000%"
"CMX","METALS","MICRO COPPER TAS","MHT","09/2026","12/2026","1000","USD","20.000%"
"CMX","METALS","ALUMINUM JAPAN PREMIUM (PLATTS) FUT","MJP","01/2026","01/2026","212","USD","30.000%"
"CMX","METALS","ALUMINUM JAPAN PREMIUM (PLATTS) FUT","MJP","02/2026","12/2028","600","USD","30.000%"
"CMX","METALS","MOLYBDENUM OXIDE PLATTS FUT","MOX","01/2026","01/2026","887","USD","35.000%"
"CMX","METALS","MOLYBDENUM OXIDE PLATTS FUT","MOX","02/2026","12/2028","2500","USD","30.000%"
"CMX","METALS","MICRO SILVER TAS","MST","03/2026","03/2026","","USD","35.000%"
"CMX","METALS","MICRO SILVER TAS","MST","05/2026","05/2026","","USD","25.000%"
"CMX","METALS","MICRO SILVER TAS","MST","07/2026","07/2026","","USD","20.000%"
"CMX","METALS","MICRO SILVER TAS","MST","09/2026","12/2026","","USD","15.000%"
"CMX","METALS","IRON ORE CHINA PORTSIDE FINES CNH F","PAC","01/2026","01/2026","3548","CNH","35.000%"
"CMX","METALS","IRON ORE CHINA PORTSIDE FINES CNH F","PAC","02/2026","03/2026","10000","CNH","30.000%"
"CMX","METALS","IRON ORE CHINA PORTSIDE FINES CNH F","PAC","04/2026","06/2026","10000","CNH","25.000%"
"CMX","METALS","IRON ORE CHINA PORTSIDE FINES CNH F","PAC","07/2026","12/2026","10000","CNH","20.000%"
"CMX","METALS","IRON ORE CHINA PORTSIDE FINES USD F","PAU","01/2026","01/2026","532","USD","35.000%"
"CMX","METALS","IRON ORE CHINA PORTSIDE FINES USD F","PAU","02/2026","03/2026","1500","USD","30.000%"
"CMX","METALS","IRON ORE CHINA PORTSIDE FINES USD F","PAU","04/2026","06/2026","1500","USD","25.000%"
"CMX","METALS","IRON ORE CHINA PORTSIDE FINES USD F","PAU","07/2026","12/2026","1500","USD","20.000%"
"CMX","METALS","E-MINI COPPER FUTURES","QC","02/2026","02/2026","5000","USD","40.000%"
"CMX","METALS","E-MINI COPPER FUTURES","QC","03/2026","03/2026","5000","USD","30.000%"
"CMX","METALS","E-MINI COPPER FUTURES","QC","04/2026","08/2026","5000","USD","25.000%"
"CMX","METALS","E-MINI COPPER FUTURES","QC","09/2026","12/2030","5000","USD","20.000%"
"CMX","METALS","COMEX MINY SILVER FUTURES","QI","03/2026","03/2026","22800","USD","35.000%"
"CMX","METALS","COMEX MINY SILVER FUTURES","QI","05/2026","05/2026","22977","USD","25.000%"
"CMX","METALS","COMEX MINY SILVER FUTURES","QI","07/2026","07/2026","23151","USD","20.000%"
"CMX","METALS","COMEX MINY SILVER FUTURES","QI","09/2026","09/2026","23306","USD","15.000%"
"CMX","METALS","COMEX MINY SILVER FUTURES","QI","12/2026","12/2026","23487","USD","15.000%"
"CMX","METALS","COMEX MINY SILVER FUTURES","QI","01/2027","01/2027","23544","USD","15.000%"
"CMX","METALS","COMEX MINY SILVER FUTURES","QI","03/2027","03/2027","23660","USD","15.000%"
"CMX","METALS","COMEX MINY SILVER FUTURES","QI","05/2027","05/2027","23777","USD","15.000%"
"CMX","METALS","COMEX MINY SILVER FUTURES","QI","07/2027","07/2027","23887","USD","15.000%"
"CMX","METALS","COMEX MINY SILVER FUTURES","QI","09/2027","09/2027","23996","USD","15.000%"
"CMX","METALS","COMEX MINY SILVER FUTURES","QI","12/2027","12/2027","24143","USD","15.000%"
"CMX","METALS","E-MINI GOLD FUTURES","QO","02/2026","02/2026","12450","USD","40.000%"
"CMX","METALS","E-MINI GOLD FUTURES","QO","04/2026","04/2026","12543","USD","25.000%"
"CMX","METALS","E-MINI GOLD FUTURES","QO","06/2026","06/2026","12638","USD","15.000%"
"CMX","METALS","E-MINI GOLD FUTURES","QO","08/2026","08/2026","12733","USD","15.000%"
"CMX","METALS","E-MINI GOLD FUTURES","QO","10/2026","10/2026","12816","USD","15.000%"
"CMX","METALS","E-MINI GOLD FUTURES","QO","12/2026","12/2026","12901","USD","15.000%"
"CMX","METALS","E-MINI GOLD FUTURES","QO","02/2027","02/2027","12984","USD","15.000%"
"CMX","METALS","E-MINI GOLD FUTURES","QO","04/2027","04/2027","13060","USD","15.000%"
"CMX","METALS","E-MINI GOLD FUTURES","QO","06/2027","06/2027","13134","USD","15.000%"
"CMX","METALS","E-MINI GOLD FUTURES","QO","08/2027","08/2027","13205","USD","15.000%"
"CMX","METALS","E-MINI GOLD FUTURES","QO","10/2027","10/2027","13272","USD","15.000%"
"CMX","METALS","E-MINI GOLD FUTURES","QO","12/2027","12/2027","13338","USD","15.000%"
"CMX","METALS","E-MINI GOLD TAS","QOT","02/2026","02/2026","","USD","40.000%"
"CMX","METALS","E-MINI GOLD TAS","QOT","04/2026","04/2026","","USD","25.000%"
"CMX","METALS","E-MINI GOLD TAS","QOT","06/2026","10/2026","","USD","15.000%"
"CMX","METALS","SHANGHAI GOLD (CNH) FUTURES","SGC","01/2026","03/2026","30000","CNH","35.000%"
"CMX","METALS","SHANGHAI GOLD (CNH) FUTURES","SGC","04/2026","12/2026","30000","CNH","20.000%"
"CMX","METALS","SHANGHAI GOLD (USD) FUTURES","SGU","01/2026","03/2026","8000","USD","35.000%"
"CMX","METALS","SHANGHAI GOLD (USD) FUTURES","SGU","04/2026","12/2026","8000","USD","20.000%"
"CMX","METALS","U.S. MIDWEST SHREDDED SCRAP (PLATTS","SHR","01/2026","01/2028","700","USD","30.000%"
"CMX","METALS","COMEX 5000 SILVER FUTURES","SI","01/2026","01/2026","45417","USD","45.000%"
"CMX","METALS","COMEX 5000 SILVER FUTURES","SI","02/2026","02/2026","45451","USD","45.000%"
"CMX","METALS","COMEX 5000 SILVER FUTURES","SI","03/2026","03/2026","45600","USD","35.000%"
"CMX","METALS","COMEX 5000 SILVER FUTURES","SI","04/2026","04/2026","45776","USD","30.000%"
"CMX","METALS","COMEX 5000 SILVER FUTURES","SI","05/2026","05/2026","45954","USD","25.000%"
"CMX","METALS","COMEX 5000 SILVER FUTURES","SI","06/2026","06/2026","46127","USD","20.000%"
"CMX","METALS","COMEX 5000 SILVER FUTURES","SI","07/2026","07/2026","46301","USD","20.000%"
"CMX","METALS","COMEX 5000 SILVER FUTURES","SI","08/2026","08/2026","46458","USD","20.000%"
"CMX","METALS","COMEX 5000 SILVER FUTURES","SI","09/2026","09/2026","46612","USD","15.000%"
"CMX","METALS","COMEX 5000 SILVER FUTURES","SI","10/2026","10/2026","46733","USD","15.000%"
"CMX","METALS","COMEX 5000 SILVER FUTURES","SI","11/2026","11/2026","46863","USD","15.000%"
"CMX","METALS","COMEX 5000 SILVER FUTURES","SI","12/2026","12/2026","46973","USD","15.000%"
"CMX","METALS","COMEX 5000 SILVER FUTURES","SI","01/2027","01/2027","47088","USD","15.000%"
"CMX","METALS","COMEX 5000 SILVER FUTURES","SI","02/2027","02/2027","47195","USD","15.000%"
"CMX","METALS","COMEX 5000 SILVER FUTURES","SI","03/2027","03/2027","47319","USD","15.000%"
"CMX","METALS","COMEX 5000 SILVER FUTURES","SI","04/2027","04/2027","47435","USD","15.000%"
"CMX","METALS","COMEX 5000 SILVER FUTURES","SI","05/2027","05/2027","47554","USD","15.000%"
"CMX","METALS","COMEX 5000 SILVER FUTURES","SI","06/2027","06/2027","47659","USD","15.000%"
"CMX","METALS","COMEX 5000 SILVER FUTURES","SI","07/2027","07/2027","47774","USD","15.000%"
"CMX","METALS","COMEX 5000 SILVER FUTURES","SI","08/2027","08/2027","47881","USD","15.000%"
"CMX","METALS","COMEX 5000 SILVER FUTURES","SI","09/2027","09/2027","47992","USD","15.000%"
"CMX","METALS","COMEX 5000 SILVER FUTURES","SI","10/2027","10/2027","48083","USD","15.000%"
"CMX","METALS","COMEX 5000 SILVER FUTURES","SI","11/2027","11/2027","48183","USD","15.000%"
"CMX","METALS","COMEX 5000 SILVER FUTURES","SI","12/2027","12/2027","48285","USD","15.000%"
"CMX","METALS","COMEX 5000 SILVER FUTURES","SI","01/2028","01/2028","48433","USD","15.000%"
"CMX","METALS","COMEX 5000 SILVER FUTURES","SI","02/2028","02/2028","48561","USD","15.000%"
"CMX","METALS","COMEX 5000 SILVER FUTURES","SI","07/2028","07/2028","49014","USD","15.000%"
"CMX","METALS","COMEX 5000 SILVER FUTURES","SI","12/2028","12/2028","49350","USD","15.000%"
"CMX","METALS","COMEX 5000 SILVER FUTURES","SI","07/2029","07/2029","49575","USD","15.000%"
"CMX","METALS","COMEX 5000 SILVER FUTURES","SI","12/2029","12/2029","49675","USD","15.000%"
"CMX","METALS","COMEX 5000 SILVER FUTURES","SI","07/2030","07/2030","49778","USD","15.000%"
"CMX","METALS","COMEX 5000 SILVER FUTURES","SI","12/2030","12/2030","49878","USD","15.000%"
"CMX","METALS","MICRO SILVER FUTURES","SIL","01/2026","01/2026","9084","USD","45.000%"
"CMX","METALS","MICRO SILVER FUTURES","SIL","02/2026","02/2026","9091","USD","45.000%"
"CMX","METALS","MICRO SILVER FUTURES","SIL","03/2026","03/2026","9120","USD","35.000%"
"CMX","METALS","MICRO SILVER FUTURES","SIL","05/2026","05/2026","9191","USD","25.000%"
"CMX","METALS","MICRO SILVER FUTURES","SIL","07/2026","07/2026","9261","USD","20.000%"
"CMX","METALS","MICRO SILVER FUTURES","SIL","09/2026","09/2026","9323","USD","15.000%"
"CMX","METALS","MICRO SILVER FUTURES","SIL","12/2026","12/2026","9395","USD","15.000%"
"CMX","METALS","COMEX 5000 SILVER TRADE AT SETTLE","SIT","03/2026","03/2026","","USD","35.000%"
"CMX","METALS","COMEX 5000 SILVER TRADE AT SETTLE","SIT","05/2026","05/2026","","USD","25.000%"
"CMX","METALS","COMEX 5000 SILVER TRADE AT SETTLE","SIT","07/2026","07/2026","","USD","20.000%"
"CMX","METALS","COMEX 5000 SILVER TRADE AT SETTLE","SIT","09/2026","12/2026","","USD","15.000%"
"CMX","METALS","SPODUMENE CIF CHINA (FST MKT) FUT","SPM","01/2026","01/2026","851","USD","35.000%"
"CMX","METALS","SPODUMENE CIF CHINA (FST MKT) FUT","SPM","02/2026","03/2026","2400","USD","30.000%"
"CMX","METALS","SPODUMENE CIF CHINA (FST MKT) FUT","SPM","04/2026","06/2026","2400","USD","25.000%"
"CMX","METALS","SPODUMENE CIF CHINA (FST MKT) FUT","SPM","07/2026","12/2028","2400","USD","20.000%"
"CMX","METALS","IRON ORE CFR CHINA PLATTS FUTURES","TIO","01/2026","01/2026","1375","USD","40.000%"
"CMX","METALS","IRON ORE CFR CHINA PLATTS FUTURES","TIO","02/2026","04/2026","4500","USD","25.000%"
"CMX","METALS","IRON ORE CFR CHINA PLATTS FUTURES","TIO","05/2026","12/2029","4000","USD","20.000%"
"CMX","METALS","UXC URANIUM U3O8 FUTURES","UX","01/2026","12/2030","1000","USD","30.000%"
"CMX","METALS","ZINC FUTURES","ZNC","01/2026","04/2026","3600","USD","35.000%"
"CMX","METALS","ZINC FUTURES","ZNC","05/2026","06/2026","3600","USD","30.000%"
"CMX","METALS","ZINC FUTURES","ZNC","07/2026","12/2026","3600","USD","25.000%"
"NYM","AGRICULTURE","NYMEX COCOA","CJ","03/2026","12/2027","1700","USD","0.03"
"NYM","AGRICULTURE","NYMEX COFFEE","KT","03/2026","12/2027","3200","USD","0.03"
"NYM","AGRICULTURE","D4 BIODSL RINS (OPIS) PREV YEAR FUT","PR4","01/2026","01/2026","1827","USD","30.000%"
"NYM","AGRICULTURE","D4 BIODSL RINS (OPIS) PREV YEAR FUT","PR4","02/2026","02/2026","5150","USD","22.000%"
"NYM","AGRICULTURE","D4 BIODSL RINS (OPIS) PREV YEAR FUT","PR4","03/2026","05/2026","4500","USD","13.000%"
"NYM","AGRICULTURE","D4 BIODSL RINS (OPIS) PREV YEAR FUT","PR4","06/2026","06/2027","3500","USD","10.000%"
"NYM","AGRICULTURE","D6 ETHANOL RINS (OPIS) PRS YEAR FUT","PR6","01/2026","01/2026","2146","USD","30.000%"
"NYM","AGRICULTURE","D6 ETHANOL RINS (OPIS) PRS YEAR FUT","PR6","02/2026","02/2026","6050","USD","22.000%"
"NYM","AGRICULTURE","D6 ETHANOL RINS (OPIS) PRS YEAR FUT","PR6","03/2026","05/2026","5000","USD","13.000%"
"NYM","AGRICULTURE","D6 ETHANOL RINS (OPIS) PRS YEAR FUT","PR6","06/2026","06/2027","4000","USD","10.000%"
"NYM","AGRICULTURE","D4 BIODIESEL RINS (OPIS) BALMO FUT","R4B","01/02/2026","01/30/2026","3836","USD","30.000%"
"NYM","AGRICULTURE","D4 BIODIESEL RINS (OPIS) BALMO FUT","R4B","02/02/2026","03/31/2026","3500","USD","10.000%"
"NYM","AGRICULTURE","D6 ETHANOL RINS (OPIS) BALMO FUT","R6B","01/02/2026","01/30/2026","4527","USD","30.000%"
"NYM","AGRICULTURE","D6 ETHANOL RINS (OPIS) BALMO FUT","R6B","02/02/2026","03/31/2026","4000","USD","10.000%"
"NYM","AGRICULTURE","D3 CELLULOSIC RINS (OPIS) FUT","RN3","01/2026","01/2026","5600","USD","30.000%"
"NYM","AGRICULTURE","D3 CELLULOSIC RINS (OPIS) FUT","RN3","02/2026","02/2026","4500","USD","22.000%"
"NYM","AGRICULTURE","D3 CELLULOSIC RINS (OPIS) FUT","RN3","03/2026","05/2026","4000","USD","13.000%"
"NYM","AGRICULTURE","D3 CELLULOSIC RINS (OPIS) FUT","RN3","06/2026","12/2028","3000","USD","10.000%"
"NYM","AGRICULTURE","D4 BIODIESEL RINS (OPIS) FUTURES","RN4","01/2026","01/2026","6700","USD","30.000%"
"NYM","AGRICULTURE","D4 BIODIESEL RINS (OPIS) FUTURES","RN4","02/2026","02/2026","6700","USD","22.000%"
"NYM","AGRICULTURE","D4 BIODIESEL RINS (OPIS) FUTURES","RN4","03/2026","05/2026","5700","USD","13.000%"
"NYM","AGRICULTURE","D4 BIODIESEL RINS (OPIS) FUTURES","RN4","06/2026","12/2028","4500","USD","10.000%"
"NYM","AGRICULTURE","D6 ETHANOL RINS (OPIS) FUTURES","RN6","01/2026","01/2026","7200","USD","30.000%"
"NYM","AGRICULTURE","D6 ETHANOL RINS (OPIS) FUTURES","RN6","02/2026","02/2026","7200","USD","22.000%"
"NYM","AGRICULTURE","D6 ETHANOL RINS (OPIS) FUTURES","RN6","03/2026","05/2026","6100","USD","13.000%"
"NYM","AGRICULTURE","D6 ETHANOL RINS (OPIS) FUTURES","RN6","06/2026","12/2028","4800","USD","10.000%"
"NYM","AGRICULTURE","SYNTHETIC SOY OIL","S07","01/2026","01/2026","2100","USD","30.000%"
"NYM","AGRICULTURE","SYNTHETIC SOY OIL","S07","02/2026","02/2026","2100","USD","22.000%"
"NYM","AGRICULTURE","SYNTHETIC SOY OIL","S07","03/2026","04/2026","2100","USD","13.000%"
"NYM","AGRICULTURE","SYNTHETIC SOY OIL","S07","05/2026","06/2026","2000","USD","13.000%"
"NYM","AGRICULTURE","SYNTHETIC SOY OIL","S07","07/2026","07/2026","1950","USD","10.000%"
"NYM","AGRICULTURE","SYNTHETIC SOY OIL","S07","08/2026","08/2026","1900","USD","10.000%"
"NYM","AGRICULTURE","SYNTHETIC SOY OIL","S07","09/2026","09/2026","1850","USD","10.000%"
"NYM","AGRICULTURE","SYNTHETIC SOY OIL","S07","10/2026","12/2026","1800","USD","10.000%"
"NYM","AGRICULTURE","SYNTHETIC SOY OIL","S07","01/2027","02/2027","1700","USD","10.000%"
"NYM","AGRICULTURE","SYNTHETIC SOY OIL","S07","03/2027","04/2027","1650","USD","10.000%"
"NYM","AGRICULTURE","SYNTHETIC SOY OIL","S07","05/2027","06/2027","1600","USD","10.000%"
"NYM","AGRICULTURE","SYNTHETIC SOY OIL","S07","07/2027","12/2028","1550","USD","10.000%"
"NYM","AGRICULTURE","D4 RIN V D6 RIN SYNTH FUT","S46","01/2026","01/2026","4170","USD","30.000%"
"NYM","AGRICULTURE","D4 RIN V D6 RIN SYNTH FUT","S46","02/2026","02/2026","4170","USD","22.000%"
"NYM","AGRICULTURE","D4 RIN V D6 RIN SYNTH FUT","S46","03/2026","05/2026","3540","USD","13.000%"
"NYM","AGRICULTURE","D4 RIN V D6 RIN SYNTH FUT","S46","06/2026","12/2028","2790","USD","10.000%"
"NYM","AGRICULTURE","NYMEX COTTON","TT","03/2026","03/2026","1500","USD","0.03"
"NYM","AGRICULTURE","NYMEX COTTON","TT","05/2026","12/2027","1400","USD","0.03"
"NYM","AGRICULTURE","SUGAR 11 FUTURES NYMEX","YO","03/2026","10/2027","900","USD","0.03"
"NYM","CRUDE OIL","WTI BALMO FUT","42","01/02/2026","01/02/2026","1300","USD","0.08"
"NYM","CRUDE OIL","WTI BALMO FUT","42","01/05/2026","01/05/2026","1368","USD","0.08"
"NYM","CRUDE OIL","WTI BALMO FUT","42","01/06/2026","01/06/2026","1444","USD","0.08"
"NYM","CRUDE OIL","WTI BALMO FUT","42","01/07/2026","01/07/2026","1528","USD","0.08"
"NYM","CRUDE OIL","WTI BALMO FUT","42","01/08/2026","01/08/2026","1625","USD","0.08"
"NYM","CRUDE OIL","WTI BALMO FUT","42","01/09/2026","01/09/2026","1733","USD","0.08"
"NYM","CRUDE OIL","WTI BALMO FUT","42","01/12/2026","01/12/2026","1856","USD","0.08"
"NYM","CRUDE OIL","WTI BALMO FUT","42","01/13/2026","01/13/2026","1999","USD","0.08"
"NYM","CRUDE OIL","WTI BALMO FUT","42","01/14/2026","01/14/2026","2166","USD","0.08"
"NYM","CRUDE OIL","WTI BALMO FUT","42","01/15/2026","01/15/2026","2363","USD","0.08"
"NYM","CRUDE OIL","WTI BALMO FUT","42","01/16/2026","01/16/2026","2600","USD","0.08"
"NYM","CRUDE OIL","WTI BALMO FUT","42","01/20/2026","01/20/2026","2889","USD","0.08"
"NYM","CRUDE OIL","WTI BALMO FUT","42","01/21/2026","01/21/2026","3250","USD","0.08"
"NYM","CRUDE OIL","WTI BALMO FUT","42","01/22/2026","01/22/2026","3714","USD","0.08"
"NYM","CRUDE OIL","WTI BALMO FUT","42","01/23/2026","01/23/2026","4333","USD","0.08"
"NYM","CRUDE OIL","WTI BALMO FUT","42","01/26/2026","01/30/2026","5200","USD","0.08"
"NYM","CRUDE OIL","WTI BALMO FUT","42","02/02/2026","02/02/2026","5147","USD","0.08"
"NYM","CRUDE OIL","WTI BALMO FUT","42","02/03/2026","02/03/2026","5144","USD","0.08"
"NYM","CRUDE OIL","WTI BALMO FUT","42","02/04/2026","02/04/2026","5140","USD","0.08"
"NYM","CRUDE OIL","WTI BALMO FUT","42","02/05/2026","02/05/2026","5137","USD","0.08"
"NYM","CRUDE OIL","WTI BALMO FUT","42","02/06/2026","02/06/2026","5133","USD","0.08"
"NYM","CRUDE OIL","WTI BALMO FUT","42","02/09/2026","02/09/2026","5128","USD","0.08"
"NYM","CRUDE OIL","WTI BALMO FUT","42","02/10/2026","02/10/2026","5123","USD","0.08"
"NYM","CRUDE OIL","WTI BALMO FUT","42","02/11/2026","02/11/2026","5116","USD","0.08"
"NYM","CRUDE OIL","WTI BALMO FUT","42","02/12/2026","02/12/2026","5109","USD","0.08"
"NYM","CRUDE OIL","WTI BALMO FUT","42","02/13/2026","02/13/2026","5100","USD","0.08"
"NYM","CRUDE OIL","WTI BALMO FUT","42","02/17/2026","02/17/2026","5088","USD","0.08"
"NYM","CRUDE OIL","WTI BALMO FUT","42","02/18/2026","02/18/2026","5075","USD","0.08"
"NYM","CRUDE OIL","WTI BALMO FUT","42","02/19/2026","02/19/2026","5057","USD","0.08"
"NYM","CRUDE OIL","WTI BALMO FUT","42","02/20/2026","02/20/2026","5033","USD","0.08"
"NYM","CRUDE OIL","WTI BALMO FUT","42","02/23/2026","02/27/2026","5000","USD","0.08"
"NYM","CRUDE OIL","DATED BRENT (PLATTS) DAILY FUT","7G","01/13/2026","03/31/2026","6500","USD","0.025"
"NYM","CRUDE OIL","CRUDE OIL CALENDAR FUT STRP SYNTH","8S","01/2026","01/2031","50000","USD","0.02"
"NYM","CRUDE OIL","SEMI-ANNUAL STRIP FOR CRUDE OIL SNT","8SS","07/2026","01/2031","20000","USD","10.000%"
"NYM","CRUDE OIL","CRUDE OIL QUARTERLY FUT SYNTH STRP","8T","04/2026","01/2027","15000","USD","10.000%"
"NYM","CRUDE OIL","ARGUS LLS TRADE MONTH FUT","A4","02/2026","02/2026","774","USD","0.05"
"NYM","CRUDE OIL","ARGUS LLS TRADE MONTH FUT","A4","03/2026","12/2031","6000","USD","0.05"
"NYM","CRUDE OIL","WTI ANNUAL FINANCIAL FUTURES","ACS","12/2026","12/2026","6184","USD","0.07"
"NYM","CRUDE OIL","WTI ANNUAL FINANCIAL FUTURES","ACS","12/2027","12/2031","6200","USD","5.000%"
"NYM","CRUDE OIL","WTS (ARGUS)  TRADE MONTH FUT","AY","02/2026","02/2026","774","USD","0.05"
"NYM","CRUDE OIL","WTS (ARGUS)  TRADE MONTH FUT","AY","03/2026","12/2031","6000","USD","0.05"
"NYM","CRUDE OIL","DUBAI CRUDE OIL BALMO","BI","01/01/2026","01/30/2026","4318","USD","0.025"
"NYM","CRUDE OIL","DUBAI CRUDE OIL BALMO","BI","02/02/2026","03/31/2026","7250","USD","0.025"
"NYM","CRUDE OIL","BRENT CALENDAR FUT STRP","BPS","01/2027","01/2029","60000","USD","10.000%"
"NYM","CRUDE OIL","BRENT QUARTERLY FUTURES STRIP SYNTH","BQS","04/2026","01/2027","15000","USD","0.08"
"NYM","CRUDE OIL","MINI DUBAI CRUDE OIL (PLATTS) FUT","DBL","01/2026","01/2026","212","USD","0.08"
"NYM","CRUDE OIL","MINI DUBAI CRUDE OIL (PLATTS) FUT","DBL","02/2026","02/2026","570","USD","0.08"
"NYM","CRUDE OIL","MINI DUBAI CRUDE OIL (PLATTS) FUT","DBL","03/2026","08/2026","530","USD","0.08"
"NYM","CRUDE OIL","MINI DUBAI CRUDE OIL (PLATTS) FUT","DBL","09/2026","12/2028","500","USD","0.08"
"NYM","CRUDE OIL","MINI DUBAI CRUDE OIL (PLATTS) BALMO","DBT","01/01/2026","01/30/2026","431","USD","0.025"
"NYM","CRUDE OIL","MINI DUBAI CRUDE OIL (PLATTS) BALMO","DBT","02/02/2026","03/31/2026","725","USD","0.025"
"NYM","CRUDE OIL","DUBAI CRUDE OIL CALENDAR FUT","DC","01/2026","01/2026","2129","USD","0.08"
"NYM","CRUDE OIL","DUBAI CRUDE OIL CALENDAR FUT","DC","02/2026","02/2026","5700","USD","0.08"
"NYM","CRUDE OIL","DUBAI CRUDE OIL CALENDAR FUT","DC","03/2026","08/2026","5300","USD","0.08"
"NYM","CRUDE OIL","DUBAI CRUDE OIL CALENDAR FUT","DC","09/2026","12/2031","5000","USD","0.08"
"NYM","CRUDE OIL","WTI SEMI-ANNUAL FINANCIAL FUTURES","HCS","06/2026","06/2026","5729","USD","7.000%"
"NYM","CRUDE OIL","WTI SEMI-ANNUAL FINANCIAL FUTURES","HCS","12/2026","06/2027","6200","USD","5.000%"
"NYM","CRUDE OIL","WTI SEMI-ANNUAL FINANCIAL FUTURES","HCS","12/2027","12/2029","5700","USD","3.000%"
"NYM","CRUDE OIL","WTI SEMI-ANNUAL FINANCIAL FUTURES","HCS","06/2030","12/2031","5000","USD","3.000%"
"NYM","CRUDE OIL","WTI HOUSTON (ARGUS) FINANCIAL FUT","HIA","01/2026","01/2026","2129","USD","0.05"
"NYM","CRUDE OIL","WTI HOUSTON (ARGUS) FINANCIAL FUT","HIA","02/2026","12/2029","6000","USD","0.05"
"NYM","CRUDE OIL","WTI HOUSTON (ARGUS) TRADE MONTH FUT","HTA","02/2026","02/2026","774","USD","0.05"
"NYM","CRUDE OIL","WTI HOUSTON (ARGUS) TRADE MONTH FUT","HTA","03/2026","12/2029","6000","USD","0.05"
"NYM","CRUDE OIL","BRENT BALMO FUT","J9","01/02/2026","01/02/2026","1100","USD","0.025"
"NYM","CRUDE OIL","BRENT BALMO FUT","J9","01/05/2026","01/05/2026","1155","USD","0.025"
"NYM","CRUDE OIL","BRENT BALMO FUT","J9","01/06/2026","01/06/2026","1215","USD","0.025"
"NYM","CRUDE OIL","BRENT BALMO FUT","J9","01/07/2026","01/07/2026","1283","USD","0.025"
"NYM","CRUDE OIL","BRENT BALMO FUT","J9","01/08/2026","01/08/2026","1358","USD","0.025"
"NYM","CRUDE OIL","BRENT BALMO FUT","J9","01/09/2026","01/09/2026","1443","USD","0.025"
"NYM","CRUDE OIL","BRENT BALMO FUT","J9","01/12/2026","01/12/2026","1539","USD","0.025"
"NYM","CRUDE OIL","BRENT BALMO FUT","J9","01/13/2026","01/13/2026","1649","USD","0.025"
"NYM","CRUDE OIL","BRENT BALMO FUT","J9","01/14/2026","01/14/2026","1776","USD","0.025"
"NYM","CRUDE OIL","BRENT BALMO FUT","J9","01/15/2026","01/15/2026","1924","USD","0.025"
"NYM","CRUDE OIL","BRENT BALMO FUT","J9","01/16/2026","01/16/2026","2098","USD","0.025"
"NYM","CRUDE OIL","BRENT BALMO FUT","J9","01/19/2026","01/19/2026","2310","USD","0.025"
"NYM","CRUDE OIL","BRENT BALMO FUT","J9","01/20/2026","01/20/2026","2566","USD","0.025"
"NYM","CRUDE OIL","BRENT BALMO FUT","J9","01/21/2026","01/21/2026","2887","USD","0.025"
"NYM","CRUDE OIL","BRENT BALMO FUT","J9","01/22/2026","01/22/2026","3300","USD","0.025"
"NYM","CRUDE OIL","BRENT BALMO FUT","J9","01/23/2026","01/23/2026","3850","USD","0.025"
"NYM","CRUDE OIL","BRENT BALMO FUT","J9","01/26/2026","01/26/2026","4620","USD","0.025"
"NYM","CRUDE OIL","BRENT BALMO FUT","J9","01/27/2026","01/27/2026","4600","USD","0.025"
"NYM","CRUDE OIL","BRENT BALMO FUT","J9","01/28/2026","01/28/2026","4566","USD","0.025"
"NYM","CRUDE OIL","BRENT BALMO FUT","J9","01/29/2026","01/29/2026","4500","USD","0.025"
"NYM","CRUDE OIL","BRENT BALMO FUT","J9","01/30/2026","01/30/2026","4300","USD","0.025"
"NYM","CRUDE OIL","BRENT BALMO FUT","J9","02/02/2026","02/02/2026","4295","USD","0.025"
"NYM","CRUDE OIL","BRENT BALMO FUT","J9","02/03/2026","02/03/2026","4294","USD","0.025"
"NYM","CRUDE OIL","BRENT BALMO FUT","J9","02/04/2026","02/04/2026","4294","USD","0.025"
"NYM","CRUDE OIL","BRENT BALMO FUT","J9","02/05/2026","02/05/2026","4294","USD","0.025"
"NYM","CRUDE OIL","BRENT BALMO FUT","J9","02/06/2026","02/06/2026","4293","USD","0.025"
"NYM","CRUDE OIL","BRENT BALMO FUT","J9","02/09/2026","02/09/2026","4292","USD","0.025"
"NYM","CRUDE OIL","BRENT BALMO FUT","J9","02/10/2026","02/10/2026","4292","USD","0.025"
"NYM","CRUDE OIL","BRENT BALMO FUT","J9","02/11/2026","02/11/2026","4292","USD","0.025"
"NYM","CRUDE OIL","BRENT BALMO FUT","J9","02/12/2026","02/12/2026","4291","USD","0.025"
"NYM","CRUDE OIL","BRENT BALMO FUT","J9","02/13/2026","02/13/2026","4290","USD","0.025"
"NYM","CRUDE OIL","BRENT BALMO FUT","J9","02/16/2026","02/16/2026","4290","USD","0.025"
"NYM","CRUDE OIL","BRENT BALMO FUT","J9","02/17/2026","02/17/2026","4288","USD","0.025"
"NYM","CRUDE OIL","BRENT BALMO FUT","J9","02/18/2026","02/18/2026","4287","USD","0.025"
"NYM","CRUDE OIL","BRENT BALMO FUT","J9","02/19/2026","02/19/2026","4285","USD","0.025"
"NYM","CRUDE OIL","BRENT BALMO FUT","J9","02/20/2026","02/20/2026","4283","USD","0.025"
"NYM","CRUDE OIL","BRENT BALMO FUT","J9","02/23/2026","02/23/2026","4280","USD","0.025"
"NYM","CRUDE OIL","BRENT BALMO FUT","J9","02/24/2026","02/24/2026","4275","USD","0.025"
"NYM","CRUDE OIL","BRENT BALMO FUT","J9","02/25/2026","02/25/2026","4266","USD","0.025"
"NYM","CRUDE OIL","BRENT BALMO FUT","J9","02/26/2026","02/26/2026","4250","USD","0.025"
"NYM","CRUDE OIL","BRENT BALMO FUT","J9","02/27/2026","02/27/2026","4200","USD","0.025"
"NYM","CRUDE OIL","BRENT BALMO FUT","J9","03/02/2026","03/02/2026","4195","USD","0.025"
"NYM","CRUDE OIL","BRENT BALMO FUT","J9","03/03/2026","03/03/2026","4195","USD","0.025"
"NYM","CRUDE OIL","BRENT BALMO FUT","J9","03/04/2026","03/04/2026","4195","USD","0.025"
"NYM","CRUDE OIL","BRENT BALMO FUT","J9","03/05/2026","03/05/2026","4194","USD","0.025"
"NYM","CRUDE OIL","BRENT BALMO FUT","J9","03/06/2026","03/06/2026","4194","USD","0.025"
"NYM","CRUDE OIL","BRENT BALMO FUT","J9","03/09/2026","03/09/2026","4194","USD","0.025"
"NYM","CRUDE OIL","BRENT BALMO FUT","J9","03/10/2026","03/10/2026","4193","USD","0.025"
"NYM","CRUDE OIL","BRENT BALMO FUT","J9","03/11/2026","03/11/2026","4192","USD","0.025"
"NYM","CRUDE OIL","BRENT BALMO FUT","J9","03/12/2026","03/12/2026","4192","USD","0.025"
"NYM","CRUDE OIL","BRENT BALMO FUT","J9","03/13/2026","03/13/2026","4192","USD","0.025"
"NYM","CRUDE OIL","BRENT BALMO FUT","J9","03/16/2026","03/16/2026","4191","USD","0.025"
"NYM","CRUDE OIL","BRENT BALMO FUT","J9","03/17/2026","03/17/2026","4190","USD","0.025"
"NYM","CRUDE OIL","BRENT BALMO FUT","J9","03/18/2026","03/18/2026","4190","USD","0.025"
"NYM","CRUDE OIL","BRENT BALMO FUT","J9","03/19/2026","03/19/2026","4188","USD","0.025"
"NYM","CRUDE OIL","BRENT BALMO FUT","J9","03/20/2026","03/20/2026","4187","USD","0.025"
"NYM","CRUDE OIL","BRENT BALMO FUT","J9","03/23/2026","03/23/2026","4185","USD","0.025"
"NYM","CRUDE OIL","BRENT BALMO FUT","J9","03/24/2026","03/24/2026","4183","USD","0.025"
"NYM","CRUDE OIL","BRENT BALMO FUT","J9","03/25/2026","03/25/2026","4180","USD","0.025"
"NYM","CRUDE OIL","BRENT BALMO FUT","J9","03/26/2026","03/26/2026","4175","USD","0.025"
"NYM","CRUDE OIL","BRENT BALMO FUT","J9","03/27/2026","03/27/2026","4166","USD","0.025"
"NYM","CRUDE OIL","BRENT BALMO FUT","J9","03/30/2026","03/30/2026","4150","USD","0.025"
"NYM","CRUDE OIL","BRENT BALMO FUT","J9","03/31/2026","03/31/2026","4100","USD","0.025"
"NYM","CRUDE OIL","JAPAN CRUDE COCKTAIL (DETAILED) FUT","JCC","11/2025","11/2025","2000","USD","25.000%"
"NYM","CRUDE OIL","JAPAN CRUDE COCKTAIL (DETAILED) FUT","JCC","12/2025","12/2025","1903","USD","25.000%"
"NYM","CRUDE OIL","JAPAN CRUDE COCKTAIL (DETAILED) FUT","JCC","01/2026","02/2026","5800","USD","25.000%"
"NYM","CRUDE OIL","JAPAN CRUDE COCKTAIL (DETAILED) FUT","JCC","03/2026","06/2026","5600","USD","25.000%"
"NYM","CRUDE OIL","JAPAN CRUDE COCKTAIL (DETAILED) FUT","JCC","07/2026","12/2031","5000","USD","25.000%"
"NYM","CRUDE OIL","JAPAN CRUDE COCKTAIL (DETL) YEN FUT","JCY","11/2025","11/2025","274193","JPY","25.000%"
"NYM","CRUDE OIL","JAPAN CRUDE COCKTAIL (DETL) YEN FUT","JCY","12/2025","12/2025","261290","JPY","25.000%"
"NYM","CRUDE OIL","JAPAN CRUDE COCKTAIL (DETL) YEN FUT","JCY","01/2026","02/2026","800000","JPY","25.000%"
"NYM","CRUDE OIL","JAPAN CRUDE COCKTAIL (DETL) YEN FUT","JCY","03/2026","06/2026","770000","JPY","25.000%"
"NYM","CRUDE OIL","JAPAN CRUDE COCKTAIL (DETL) YEN FUT","JCY","07/2026","12/2031","725000","JPY","25.000%"
"NYM","CRUDE OIL","MINI DATED BRENT (PLATTS) FINANCIAL","MDB","01/2026","01/2026","212","USD","0.1"
"NYM","CRUDE OIL","MINI DATED BRENT (PLATTS) FINANCIAL","MDB","02/2026","06/2026","600","USD","0.1"
"NYM","CRUDE OIL","MINI DATED BRENT (PLATTS) FINANCIAL","MDB","07/2026","12/2029","575","USD","0.05"
"NYM","CRUDE OIL","MARS (ARGUS) TRADE MONTH FUT","MO","02/2026","02/2026","774","USD","0.05"
"NYM","CRUDE OIL","MARS (ARGUS) TRADE MONTH FUT","MO","03/2026","12/2031","6000","USD","0.05"
"NYM","CRUDE OIL","WTI QUARTERLY FINANCIAL FUTURES","QCS","03/2026","03/2026","4913","USD","7.000%"
"NYM","CRUDE OIL","WTI QUARTERLY FINANCIAL FUTURES","QCS","06/2026","09/2026","6200","USD","5.000%"
"NYM","CRUDE OIL","WTI QUARTERLY FINANCIAL FUTURES","QCS","12/2026","12/2027","5700","USD","3.000%"
"NYM","CRUDE OIL","WTI QUARTERLY FINANCIAL FUTURES","QCS","03/2028","12/2031","5000","USD","3.000%"
"NYM","CRUDE OIL","WTI TRADE MONTH","TCS","02/2026","02/2026","","USD","25.000%"
"NYM","CRUDE OIL","WTI TRADE MONTH","TCS","03/2026","03/2026","4500","USD","25.000%"
"NYM","CRUDE OIL","WTI TRADE MONTH","TCS","04/2026","04/2026","4450","USD","25.000%"
"NYM","CRUDE OIL","WTI TRADE MONTH","TCS","05/2026","06/2026","4400","USD","25.000%"
"NYM","CRUDE OIL","WTI TRADE MONTH","TCS","07/2026","10/2026","4300","USD","25.000%"
"NYM","CRUDE OIL","WTI TRADE MONTH","TCS","11/2026","12/2029","3975","USD","25.000%"
"NYM","CRUDE OIL","EUROPE DATED BRENT FUT","UB","01/2026","01/2026","2129","USD","0.1"
"NYM","CRUDE OIL","EUROPE DATED BRENT FUT","UB","02/2026","06/2026","6000","USD","0.1"
"NYM","CRUDE OIL","EUROPE DATED BRENT FUT","UB","07/2026","12/2031","5750","USD","0.05"
"NYM","CRUDE OIL","WTI (ARGUS) TRADE MONTH FUT","V7","02/2026","02/2026","6000","USD","25.000%"
"NYM","CRUDE OIL","WTI (ARGUS) TRADE MONTH FUT","V7","03/2026","03/2026","5800","USD","25.000%"
"NYM","CRUDE OIL","WTI (ARGUS) TRADE MONTH FUT","V7","04/2026","07/2026","5700","USD","25.000%"
"NYM","CRUDE OIL","WTI (ARGUS) TRADE MONTH FUT","V7","08/2026","10/2026","5600","USD","25.000%"
"NYM","CRUDE OIL","WTI (ARGUS) TRADE MONTH FUT","V7","11/2026","01/2027","5500","USD","25.000%"
"NYM","CRUDE OIL","WTI (ARGUS) TRADE MONTH FUT","V7","02/2027","12/2031","4800","USD","25.000%"
"NYM","CRUDE OIL","WTI MIDLAND (ARGUS) TRADE MONTH FUT","WTI","02/2026","02/2026","774","USD","0.1"
"NYM","CRUDE OIL","WTI MIDLAND (ARGUS) TRADE MONTH FUT","WTI","03/2026","03/2026","5900","USD","0.07"
"NYM","CRUDE OIL","WTI MIDLAND (ARGUS) TRADE MONTH FUT","WTI","04/2026","07/2026","5700","USD","0.05"
"NYM","CRUDE OIL","WTI MIDLAND (ARGUS) TRADE MONTH FUT","WTI","08/2026","12/2031","4800","USD","0.05"
"NYM","CRUDE OIL","WTI MIDLAND (ARGUS) FINANCIAL FUT","XB","01/2026","01/2026","2129","USD","0.05"
"NYM","CRUDE OIL","WTI MIDLAND (ARGUS) FINANCIAL FUT","XB","02/2026","12/2031","6000","USD","0.05"
"NYM","CRUDE OIL SPREADS","BRENT CRUDE OIL 1 M CLNDR FIN COM","2A","03/2026","03/2026","750","USD","10.000%"
"NYM","CRUDE OIL SPREADS","BRENT CRUDE OIL 1 M CLNDR FIN COM","2A","04/2026","04/2026","450","USD","10.000%"
"NYM","CRUDE OIL SPREADS","BRENT CRUDE OIL 1 M CLNDR FIN COM","2A","05/2026","05/2026","300","USD","10.000%"
"NYM","CRUDE OIL SPREADS","BRENT CRUDE OIL 1 M CLNDR FIN COM","2A","06/2026","06/2026","275","USD","10.000%"
"NYM","CRUDE OIL SPREADS","BRENT CRUDE OIL 1 M CLNDR FIN COM","2A","07/2026","11/2031","270","USD","10.000%"
"NYM","CRUDE OIL SPREADS","BRENT CRUDE OIL 1 M CLNDR FIN COM","2A","08/2026","08/2026","247","USD","10.000%"
"NYM","CRUDE OIL SPREADS","BRENT CRUDE OIL 1 M CLNDR FIN COM","2A","09/2026","10/2026","225","USD","10.000%"
"NYM","CRUDE OIL SPREADS","BRENT CRUDE OIL 1 M CLNDR FIN COM","2A","11/2026","02/2027","202","USD","10.000%"
"NYM","CRUDE OIL SPREADS","BRENT CRUDE OIL 1 M CLNDR FIN COM","2A","03/2027","03/2027","180","USD","10.000%"
"NYM","CRUDE OIL SPREADS","BRENT CRUDE OIL 1 M CLNDR FIN COM","2A","04/2027","04/2027","150","USD","10.000%"
"NYM","CRUDE OIL SPREADS","BRENT CRUDE OIL 1 M CLNDR FIN COM","2A","05/2027","06/2027","140","USD","10.000%"
"NYM","CRUDE OIL SPREADS","BRENT CRUDE OIL 1 M CLNDR FIN COM","2A","07/2027","07/2027","135","USD","10.000%"
"NYM","CRUDE OIL SPREADS","BRENT CRUDE OIL 1 M CLNDR FIN COM","2A","08/2027","08/2028","110","USD","10.000%"
"NYM","CRUDE OIL SPREADS","BRENT CRUDE OIL 1 M CLNDR FIN COM","2A","09/2028","09/2029","90","USD","10.000%"
"NYM","CRUDE OIL SPREADS","BRENT CRUDE OIL 1 M CLNDR FIN COM","2A","10/2029","09/2030","70","USD","10.000%"
"NYM","CRUDE OIL SPREADS","BRENT CRUDE OIL 1 M CLNDR FIN COM","2A","10/2030","06/2031","45","USD","10.000%"
"NYM","CRUDE OIL SPREADS","WTI 12 MONTH CLNDR FINANCIAL COMBO","3A","02/2026","02/2026","3800","USD","10.000%"
"NYM","CRUDE OIL SPREADS","WTI 12 MONTH CLNDR FINANCIAL COMBO","3A","03/2026","03/2026","2100","USD","10.000%"
"NYM","CRUDE OIL SPREADS","WTI 12 MONTH CLNDR FINANCIAL COMBO","3A","04/2026","04/2026","1750","USD","10.000%"
"NYM","CRUDE OIL SPREADS","WTI 12 MONTH CLNDR FINANCIAL COMBO","3A","05/2026","05/2026","1450","USD","10.000%"
"NYM","CRUDE OIL SPREADS","WTI 12 MONTH CLNDR FINANCIAL COMBO","3A","06/2026","06/2026","1425","USD","10.000%"
"NYM","CRUDE OIL SPREADS","WTI 12 MONTH CLNDR FINANCIAL COMBO","3A","07/2026","07/2026","1300","USD","10.000%"
"NYM","CRUDE OIL SPREADS","WTI 12 MONTH CLNDR FINANCIAL COMBO","3A","08/2026","08/2026","1200","USD","10.000%"
"NYM","CRUDE OIL SPREADS","WTI 12 MONTH CLNDR FINANCIAL COMBO","3A","09/2026","09/2026","1150","USD","10.000%"
"NYM","CRUDE OIL SPREADS","WTI 12 MONTH CLNDR FINANCIAL COMBO","3A","10/2026","11/2026","1100","USD","10.000%"
"NYM","CRUDE OIL SPREADS","WTI 12 MONTH CLNDR FINANCIAL COMBO","3A","12/2026","12/2026","1050","USD","10.000%"
"NYM","CRUDE OIL SPREADS","WTI 12 MONTH CLNDR FINANCIAL COMBO","3A","01/2027","01/2027","1000","USD","10.000%"
"NYM","CRUDE OIL SPREADS","WTI 12 MONTH CLNDR FINANCIAL COMBO","3A","02/2027","02/2027","950","USD","10.000%"
"NYM","CRUDE OIL SPREADS","WTI 12 MONTH CLNDR FINANCIAL COMBO","3A","03/2027","03/2027","900","USD","10.000%"
"NYM","CRUDE OIL SPREADS","WTI 12 MONTH CLNDR FINANCIAL COMBO","3A","06/2027","09/2027","750","USD","10.000%"
"NYM","CRUDE OIL SPREADS","WTI 12 MONTH CLNDR FINANCIAL COMBO","3A","12/2027","12/2027","675","USD","10.000%"
"NYM","CRUDE OIL SPREADS","WTI 12 MONTH CLNDR FINANCIAL COMBO","3A","03/2028","06/2028","650","USD","10.000%"
"NYM","CRUDE OIL SPREADS","WTI 12 MONTH CLNDR FINANCIAL COMBO","3A","09/2028","12/2028","600","USD","10.000%"
"NYM","CRUDE OIL SPREADS","BRENT CRUDE OIL 12 M CLNDR FIN COMB","3B","03/2026","03/2026","2100","USD","10.000%"
"NYM","CRUDE OIL SPREADS","BRENT CRUDE OIL 12 M CLNDR FIN COMB","3B","04/2026","04/2026","1750","USD","10.000%"
"NYM","CRUDE OIL SPREADS","BRENT CRUDE OIL 12 M CLNDR FIN COMB","3B","05/2026","05/2026","1550","USD","10.000%"
"NYM","CRUDE OIL SPREADS","BRENT CRUDE OIL 12 M CLNDR FIN COMB","3B","06/2026","06/2026","1530","USD","10.000%"
"NYM","CRUDE OIL SPREADS","BRENT CRUDE OIL 12 M CLNDR FIN COMB","3B","07/2026","07/2026","1360","USD","10.000%"
"NYM","CRUDE OIL SPREADS","BRENT CRUDE OIL 12 M CLNDR FIN COMB","3B","08/2026","09/2026","1350","USD","10.000%"
"NYM","CRUDE OIL SPREADS","BRENT CRUDE OIL 12 M CLNDR FIN COMB","3B","10/2026","10/2026","1300","USD","10.000%"
"NYM","CRUDE OIL SPREADS","BRENT CRUDE OIL 12 M CLNDR FIN COMB","3B","11/2026","12/2026","1250","USD","10.000%"
"NYM","CRUDE OIL SPREADS","BRENT CRUDE OIL 12 M CLNDR FIN COMB","3B","01/2027","01/2027","1200","USD","10.000%"
"NYM","CRUDE OIL SPREADS","BRENT CRUDE OIL 12 M CLNDR FIN COMB","3B","02/2027","02/2027","1150","USD","10.000%"
"NYM","CRUDE OIL SPREADS","BRENT CRUDE OIL 12 M CLNDR FIN COMB","3B","03/2027","03/2027","1100","USD","10.000%"
"NYM","CRUDE OIL SPREADS","BRENT CRUDE OIL 12 M CLNDR FIN COMB","3B","06/2027","06/2027","850","USD","10.000%"
"NYM","CRUDE OIL SPREADS","BRENT CRUDE OIL 12 M CLNDR FIN COMB","3B","09/2027","09/2027","800","USD","10.000%"
"NYM","CRUDE OIL SPREADS","BRENT CRUDE OIL 12 M CLNDR FIN COMB","3B","12/2027","09/2028","700","USD","10.000%"
"NYM","CRUDE OIL SPREADS","BRENT CRUDE OIL 12 M CLNDR FIN COMB","3B","12/2028","12/2028","680","USD","10.000%"
"NYM","CRUDE OIL SPREADS","WTI 6 MONTH CLNDR FINANCIAL COMBO","4A","02/2026","02/2026","4400","USD","10.000%"
"NYM","CRUDE OIL SPREADS","WTI 6 MONTH CLNDR FINANCIAL COMBO","4A","03/2026","03/2026","1700","USD","10.000%"
"NYM","CRUDE OIL SPREADS","WTI 6 MONTH CLNDR FINANCIAL COMBO","4A","04/2026","04/2026","1300","USD","10.000%"
"NYM","CRUDE OIL SPREADS","WTI 6 MONTH CLNDR FINANCIAL COMBO","4A","05/2026","05/2026","1100","USD","10.000%"
"NYM","CRUDE OIL SPREADS","WTI 6 MONTH CLNDR FINANCIAL COMBO","4A","06/2026","06/2026","960","USD","10.000%"
"NYM","CRUDE OIL SPREADS","WTI 6 MONTH CLNDR FINANCIAL COMBO","4A","07/2026","07/2026","880","USD","10.000%"
"NYM","CRUDE OIL SPREADS","WTI 6 MONTH CLNDR FINANCIAL COMBO","4A","08/2026","08/2026","800","USD","10.000%"
"NYM","CRUDE OIL SPREADS","WTI 6 MONTH CLNDR FINANCIAL COMBO","4A","09/2026","09/2026","760","USD","10.000%"
"NYM","CRUDE OIL SPREADS","WTI 6 MONTH CLNDR FINANCIAL COMBO","4A","10/2026","10/2026","720","USD","10.000%"
"NYM","CRUDE OIL SPREADS","WTI 6 MONTH CLNDR FINANCIAL COMBO","4A","11/2026","11/2026","680","USD","10.000%"
"NYM","CRUDE OIL SPREADS","WTI 6 MONTH CLNDR FINANCIAL COMBO","4A","12/2026","02/2027","644","USD","10.000%"
"NYM","CRUDE OIL SPREADS","WTI 6 MONTH CLNDR FINANCIAL COMBO","4A","03/2027","03/2027","604","USD","10.000%"
"NYM","CRUDE OIL SPREADS","WTI 6 MONTH CLNDR FINANCIAL COMBO","4A","06/2027","06/2027","484","USD","10.000%"
"NYM","CRUDE OIL SPREADS","WTI 6 MONTH CLNDR FINANCIAL COMBO","4A","12/2027","12/2027","440","USD","10.000%"
"NYM","CRUDE OIL SPREADS","WTI 6 MONTH CLNDR FINANCIAL COMBO","4A","06/2028","12/2028","360","USD","10.000%"
"NYM","CRUDE OIL SPREADS","BRENT CRUDE OIL 6 M CLNDR FIN COMBO","4B","03/2026","03/2026","1700","USD","10.000%"
"NYM","CRUDE OIL SPREADS","BRENT CRUDE OIL 6 M CLNDR FIN COMBO","4B","04/2026","04/2026","1300","USD","10.000%"
"NYM","CRUDE OIL SPREADS","BRENT CRUDE OIL 6 M CLNDR FIN COMBO","4B","05/2026","05/2026","1100","USD","10.000%"
"NYM","CRUDE OIL SPREADS","BRENT CRUDE OIL 6 M CLNDR FIN COMBO","4B","06/2026","06/2026","1080","USD","10.000%"
"NYM","CRUDE OIL SPREADS","BRENT CRUDE OIL 6 M CLNDR FIN COMBO","4B","07/2026","07/2026","990","USD","10.000%"
"NYM","CRUDE OIL SPREADS","BRENT CRUDE OIL 6 M CLNDR FIN COMBO","4B","08/2026","08/2026","900","USD","10.000%"
"NYM","CRUDE OIL SPREADS","BRENT CRUDE OIL 6 M CLNDR FIN COMBO","4B","09/2026","09/2026","855","USD","10.000%"
"NYM","CRUDE OIL SPREADS","BRENT CRUDE OIL 6 M CLNDR FIN COMBO","4B","10/2026","10/2026","810","USD","10.000%"
"NYM","CRUDE OIL SPREADS","BRENT CRUDE OIL 6 M CLNDR FIN COMBO","4B","11/2026","11/2026","765","USD","10.000%"
"NYM","CRUDE OIL SPREADS","BRENT CRUDE OIL 6 M CLNDR FIN COMBO","4B","12/2026","03/2027","700","USD","10.000%"
"NYM","CRUDE OIL SPREADS","BRENT CRUDE OIL 6 M CLNDR FIN COMBO","4B","06/2027","06/2027","650","USD","10.000%"
"NYM","CRUDE OIL SPREADS","BRENT CRUDE OIL 6 M CLNDR FIN COMBO","4B","12/2027","12/2027","585","USD","10.000%"
"NYM","CRUDE OIL SPREADS","BRENT CRUDE OIL 6 M CLNDR FIN COMBO","4B","06/2028","06/2028","495","USD","10.000%"
"NYM","CRUDE OIL SPREADS","BRENT CRUDE OIL 6 M CLNDR FIN COMBO","4B","12/2028","12/2028","400","USD","10.000%"
"NYM","CRUDE OIL SPREADS","DATED BRENT VS. BRENT SECOND MO FUT","59","01/13/2026","04/27/2026","2500","USD","0.07"
"NYM","CRUDE OIL SPREADS","WTI 3 MONTH CLNDR FINANCIAL COMBO","5A","02/2026","02/2026","4900","USD","10.000%"
"NYM","CRUDE OIL SPREADS","WTI 3 MONTH CLNDR FINANCIAL COMBO","5A","03/2026","03/2026","1200","USD","10.000%"
"NYM","CRUDE OIL SPREADS","WTI 3 MONTH CLNDR FINANCIAL COMBO","5A","04/2026","04/2026","900","USD","10.000%"
"NYM","CRUDE OIL SPREADS","WTI 3 MONTH CLNDR FINANCIAL COMBO","5A","05/2026","05/2026","650","USD","10.000%"
"NYM","CRUDE OIL SPREADS","WTI 3 MONTH CLNDR FINANCIAL COMBO","5A","06/2026","06/2026","640","USD","10.000%"
"NYM","CRUDE OIL SPREADS","WTI 3 MONTH CLNDR FINANCIAL COMBO","5A","07/2026","08/2026","520","USD","10.000%"
"NYM","CRUDE OIL SPREADS","WTI 3 MONTH CLNDR FINANCIAL COMBO","5A","09/2026","10/2026","440","USD","10.000%"
"NYM","CRUDE OIL SPREADS","WTI 3 MONTH CLNDR FINANCIAL COMBO","5A","11/2026","11/2026","400","USD","10.000%"
"NYM","CRUDE OIL SPREADS","WTI 3 MONTH CLNDR FINANCIAL COMBO","5A","12/2026","12/2026","360","USD","10.000%"
"NYM","CRUDE OIL SPREADS","WTI 3 MONTH CLNDR FINANCIAL COMBO","5A","01/2027","02/2027","364","USD","10.000%"
"NYM","CRUDE OIL SPREADS","BRENT CRUDE OIL 3 M CLNDR FIN COMBO","5B","03/2026","03/2026","1200","USD","10.000%"
"NYM","CRUDE OIL SPREADS","BRENT CRUDE OIL 3 M CLNDR FIN COMBO","5B","04/2026","04/2026","900","USD","10.000%"
"NYM","CRUDE OIL SPREADS","BRENT CRUDE OIL 3 M CLNDR FIN COMBO","5B","05/2026","05/2026","650","USD","10.000%"
"NYM","CRUDE OIL SPREADS","BRENT CRUDE OIL 3 M CLNDR FIN COMBO","5B","06/2026","06/2026","765","USD","10.000%"
"NYM","CRUDE OIL SPREADS","BRENT CRUDE OIL 3 M CLNDR FIN COMBO","5B","07/2026","07/2026","720","USD","10.000%"
"NYM","CRUDE OIL SPREADS","BRENT CRUDE OIL 3 M CLNDR FIN COMBO","5B","08/2026","08/2026","675","USD","10.000%"
"NYM","CRUDE OIL SPREADS","BRENT CRUDE OIL 3 M CLNDR FIN COMBO","5B","09/2026","09/2026","630","USD","10.000%"
"NYM","CRUDE OIL SPREADS","BRENT CRUDE OIL 3 M CLNDR FIN COMBO","5B","10/2026","10/2026","585","USD","10.000%"
"NYM","CRUDE OIL SPREADS","BRENT CRUDE OIL 3 M CLNDR FIN COMBO","5B","11/2026","11/2026","540","USD","10.000%"
"NYM","CRUDE OIL SPREADS","BRENT CRUDE OIL 3 M CLNDR FIN COMBO","5B","12/2026","01/2027","495","USD","10.000%"
"NYM","CRUDE OIL SPREADS","BRENT CRUDE OIL 3 M CLNDR FIN COMBO","5B","02/2027","02/2027","405","USD","10.000%"
"NYM","CRUDE OIL SPREADS","WTI 2 MONTH CLNDR FINANCIAL COMBO","6A","02/2026","02/2026","5000","USD","10.000%"
"NYM","CRUDE OIL SPREADS","WTI 2 MONTH CLNDR FINANCIAL COMBO","6A","03/2026","03/2026","800","USD","10.000%"
"NYM","CRUDE OIL SPREADS","WTI 2 MONTH CLNDR FINANCIAL COMBO","6A","04/2026","04/2026","750","USD","10.000%"
"NYM","CRUDE OIL SPREADS","WTI 2 MONTH CLNDR FINANCIAL COMBO","6A","05/2026","05/2026","500","USD","10.000%"
"NYM","CRUDE OIL SPREADS","WTI 2 MONTH CLNDR FINANCIAL COMBO","6A","06/2026","06/2026","520","USD","10.000%"
"NYM","CRUDE OIL SPREADS","WTI 2 MONTH CLNDR FINANCIAL COMBO","6A","07/2026","07/2026","400","USD","10.000%"
"NYM","CRUDE OIL SPREADS","WTI 2 MONTH CLNDR FINANCIAL COMBO","6A","08/2026","08/2026","360","USD","10.000%"
"NYM","CRUDE OIL SPREADS","WTI 2 MONTH CLNDR FINANCIAL COMBO","6A","09/2026","10/2026","320","USD","10.000%"
"NYM","CRUDE OIL SPREADS","WTI 2 MONTH CLNDR FINANCIAL COMBO","6A","11/2026","11/2026","280","USD","10.000%"
"NYM","CRUDE OIL SPREADS","WTI 2 MONTH CLNDR FINANCIAL COMBO","6A","12/2026","12/2026","260","USD","10.000%"
"NYM","CRUDE OIL SPREADS","WTI 2 MONTH CLNDR FINANCIAL COMBO","6A","01/2027","01/2027","240","USD","10.000%"
"NYM","CRUDE OIL SPREADS","WTI 2 MONTH CLNDR FINANCIAL COMBO","6A","02/2027","02/2027","284","USD","10.000%"
"NYM","CRUDE OIL SPREADS","BRENT CRUDE OIL 2 M CLNDR FIN COM","6B","03/2026","03/2026","950","USD","10.000%"
"NYM","CRUDE OIL SPREADS","BRENT CRUDE OIL 2 M CLNDR FIN COM","6B","04/2026","04/2026","700","USD","10.000%"
"NYM","CRUDE OIL SPREADS","BRENT CRUDE OIL 2 M CLNDR FIN COM","6B","05/2026","05/2026","500","USD","10.000%"
"NYM","CRUDE OIL SPREADS","BRENT CRUDE OIL 2 M CLNDR FIN COM","6B","06/2026","06/2026","630","USD","10.000%"
"NYM","CRUDE OIL SPREADS","BRENT CRUDE OIL 2 M CLNDR FIN COM","6B","07/2026","07/2026","585","USD","10.000%"
"NYM","CRUDE OIL SPREADS","BRENT CRUDE OIL 2 M CLNDR FIN COM","6B","08/2026","08/2026","540","USD","10.000%"
"NYM","CRUDE OIL SPREADS","BRENT CRUDE OIL 2 M CLNDR FIN COM","6B","09/2026","09/2026","450","USD","10.000%"
"NYM","CRUDE OIL SPREADS","BRENT CRUDE OIL 2 M CLNDR FIN COM","6B","10/2026","10/2026","405","USD","10.000%"
"NYM","CRUDE OIL SPREADS","BRENT CRUDE OIL 2 M CLNDR FIN COM","6B","11/2026","11/2026","360","USD","10.000%"
"NYM","CRUDE OIL SPREADS","BRENT CRUDE OIL 2 M CLNDR FIN COM","6B","12/2026","12/2026","350","USD","10.000%"
"NYM","CRUDE OIL SPREADS","BRENT CRUDE OIL 2 M CLNDR FIN COM","6B","01/2027","02/2027","300","USD","10.000%"
"NYM","CRUDE OIL SPREADS","DATED BRENT VS. BRENT FIRST MO FUT","6W","01/13/2026","04/27/2026","2250","USD","0.025"
"NYM","CRUDE OIL SPREADS","WTI 1 MONTH CLNDR FINANCIAL COMBO","A2","02/2026","03/2026","380","USD","5.000%"
"NYM","CRUDE OIL SPREADS","WTI 1 MONTH CLNDR FINANCIAL COMBO","A2","04/2026","04/2026","170","USD","5.000%"
"NYM","CRUDE OIL SPREADS","WTI 1 MONTH CLNDR FINANCIAL COMBO","A2","05/2026","11/2031","120","USD","5.000%"
"NYM","CRUDE OIL SPREADS","ARGUS V NYMEX WTI TRD MO FUT","ANT","02/2026","02/2026","90","USD","25.000%"
"NYM","CRUDE OIL SPREADS","ARGUS V NYMEX WTI TRD MO FUT","ANT","03/2026","04/2026","600","USD","15.000%"
"NYM","CRUDE OIL SPREADS","ARGUS V NYMEX WTI TRD MO FUT","ANT","05/2026","08/2026","500","USD","10.000%"
"NYM","CRUDE OIL SPREADS","ARGUS V NYMEX WTI TRD MO FUT","ANT","09/2026","02/2029","450","USD","10.000%"
"NYM","CRUDE OIL SPREADS","BRENT 1 MONTH CALENDAR SPREAD FUT","BD","03/2026","03/2026","750","USD","10.000%"
"NYM","CRUDE OIL SPREADS","BRENT 1 MONTH CALENDAR SPREAD FUT","BD","04/2026","04/2026","450","USD","10.000%"
"NYM","CRUDE OIL SPREADS","BRENT 1 MONTH CALENDAR SPREAD FUT","BD","05/2026","05/2026","300","USD","10.000%"
"NYM","CRUDE OIL SPREADS","BRENT 1 MONTH CALENDAR SPREAD FUT","BD","06/2026","06/2026","275","USD","10.000%"
"NYM","CRUDE OIL SPREADS","BRENT 1 MONTH CALENDAR SPREAD FUT","BD","07/2026","11/2031","270","USD","10.000%"
"NYM","CRUDE OIL SPREADS","BRENT 1 MONTH CALENDAR SPREAD FUT","BD","08/2026","08/2026","247","USD","10.000%"
"NYM","CRUDE OIL SPREADS","BRENT 1 MONTH CALENDAR SPREAD FUT","BD","09/2026","10/2026","225","USD","10.000%"
"NYM","CRUDE OIL SPREADS","BRENT 1 MONTH CALENDAR SPREAD FUT","BD","11/2026","02/2027","202","USD","10.000%"
"NYM","CRUDE OIL SPREADS","BRENT 1 MONTH CALENDAR SPREAD FUT","BD","03/2027","03/2027","180","USD","10.000%"
"NYM","CRUDE OIL SPREADS","BRENT 1 MONTH CALENDAR SPREAD FUT","BD","04/2027","04/2027","150","USD","10.000%"
"NYM","CRUDE OIL SPREADS","BRENT 1 MONTH CALENDAR SPREAD FUT","BD","05/2027","06/2027","140","USD","10.000%"
"NYM","CRUDE OIL SPREADS","BRENT 1 MONTH CALENDAR SPREAD FUT","BD","07/2027","07/2027","135","USD","10.000%"
"NYM","CRUDE OIL SPREADS","BRENT 1 MONTH CALENDAR SPREAD FUT","BD","08/2027","08/2028","110","USD","10.000%"
"NYM","CRUDE OIL SPREADS","BRENT 1 MONTH CALENDAR SPREAD FUT","BD","09/2028","09/2029","90","USD","10.000%"
"NYM","CRUDE OIL SPREADS","BRENT 1 MONTH CALENDAR SPREAD FUT","BD","10/2029","09/2030","70","USD","10.000%"
"NYM","CRUDE OIL SPREADS","BRENT 1 MONTH CALENDAR SPREAD FUT","BD","10/2030","06/2031","45","USD","10.000%"
"NYM","CRUDE OIL SPREADS","BRENT CRUDE V DUBAI CRUDE BALMO FUT","BDB","01/01/2026","01/30/2026","416","USD","0.05"
"NYM","CRUDE OIL SPREADS","BRENT CRUDE V DUBAI CRUDE BALMO FUT","BDB","02/02/2026","03/31/2026","700","USD","0.05"
"NYM","CRUDE OIL SPREADS","BAKKEN DAPL (EMDA) VS. WTI TRADE MO","BDT","02/2026","02/2026","154","USD","25.000%"
"NYM","CRUDE OIL SPREADS","BAKKEN DAPL (EMDA) VS. WTI TRADE MO","BDT","03/2026","03/2026","750","USD","20.000%"
"NYM","CRUDE OIL SPREADS","BAKKEN DAPL (EMDA) VS. WTI TRADE MO","BDT","04/2026","12/2029","450","USD","15.000%"
"NYM","CRUDE OIL SPREADS","BRENT 2 MONTH CALENDAR FUTURES","BF","03/2026","03/2026","950","USD","10.000%"
"NYM","CRUDE OIL SPREADS","BRENT 2 MONTH CALENDAR FUTURES","BF","04/2026","04/2026","700","USD","10.000%"
"NYM","CRUDE OIL SPREADS","BRENT 2 MONTH CALENDAR FUTURES","BF","05/2026","05/2026","500","USD","10.000%"
"NYM","CRUDE OIL SPREADS","BRENT 2 MONTH CALENDAR FUTURES","BF","06/2026","06/2026","630","USD","10.000%"
"NYM","CRUDE OIL SPREADS","BRENT 2 MONTH CALENDAR FUTURES","BF","07/2026","07/2026","585","USD","10.000%"
"NYM","CRUDE OIL SPREADS","BRENT 2 MONTH CALENDAR FUTURES","BF","08/2026","08/2026","540","USD","10.000%"
"NYM","CRUDE OIL SPREADS","BRENT 2 MONTH CALENDAR FUTURES","BF","09/2026","09/2026","450","USD","10.000%"
"NYM","CRUDE OIL SPREADS","BRENT 2 MONTH CALENDAR FUTURES","BF","10/2026","10/2026","405","USD","10.000%"
"NYM","CRUDE OIL SPREADS","BRENT 2 MONTH CALENDAR FUTURES","BF","11/2026","11/2026","360","USD","10.000%"
"NYM","CRUDE OIL SPREADS","BRENT 2 MONTH CALENDAR FUTURES","BF","12/2026","12/2026","350","USD","10.000%"
"NYM","CRUDE OIL SPREADS","BRENT 2 MONTH CALENDAR FUTURES","BF","01/2027","02/2027","300","USD","10.000%"
"NYM","CRUDE OIL SPREADS","BRENT 3 MONTH CALENDAR FUTURES","BJ","03/2026","03/2026","1200","USD","10.000%"
"NYM","CRUDE OIL SPREADS","BRENT 3 MONTH CALENDAR FUTURES","BJ","04/2026","04/2026","900","USD","10.000%"
"NYM","CRUDE OIL SPREADS","BRENT 3 MONTH CALENDAR FUTURES","BJ","05/2026","05/2026","650","USD","10.000%"
"NYM","CRUDE OIL SPREADS","BRENT 3 MONTH CALENDAR FUTURES","BJ","06/2026","06/2026","765","USD","10.000%"
"NYM","CRUDE OIL SPREADS","BRENT 3 MONTH CALENDAR FUTURES","BJ","07/2026","07/2026","720","USD","10.000%"
"NYM","CRUDE OIL SPREADS","BRENT 3 MONTH CALENDAR FUTURES","BJ","08/2026","08/2026","675","USD","10.000%"
"NYM","CRUDE OIL SPREADS","BRENT 3 MONTH CALENDAR FUTURES","BJ","09/2026","09/2026","630","USD","10.000%"
"NYM","CRUDE OIL SPREADS","BRENT 3 MONTH CALENDAR FUTURES","BJ","10/2026","10/2026","585","USD","10.000%"
"NYM","CRUDE OIL SPREADS","BRENT 3 MONTH CALENDAR FUTURES","BJ","11/2026","11/2026","540","USD","10.000%"
"NYM","CRUDE OIL SPREADS","BRENT 3 MONTH CALENDAR FUTURES","BJ","12/2026","01/2027","495","USD","10.000%"
"NYM","CRUDE OIL SPREADS","BRENT 3 MONTH CALENDAR FUTURES","BJ","02/2027","02/2027","405","USD","10.000%"
"NYM","CRUDE OIL SPREADS","WTI-BRENT CALENDAR FUT","BK","01/2026","01/2026","220","USD","25.000%"
"NYM","CRUDE OIL SPREADS","WTI-BRENT CALENDAR FUT","BK","02/2026","02/2026","781","USD","10.000%"
"NYM","CRUDE OIL SPREADS","WTI-BRENT CALENDAR FUT","BK","03/2026","03/2026","683","USD","10.000%"
"NYM","CRUDE OIL SPREADS","WTI-BRENT CALENDAR FUT","BK","04/2026","04/2026","608","USD","10.000%"
"NYM","CRUDE OIL SPREADS","WTI-BRENT CALENDAR FUT","BK","05/2026","05/2026","579","USD","9.000%"
"NYM","CRUDE OIL SPREADS","WTI-BRENT CALENDAR FUT","BK","06/2026","06/2026","542","USD","9.000%"
"NYM","CRUDE OIL SPREADS","WTI-BRENT CALENDAR FUT","BK","07/2026","07/2026","538","USD","9.000%"
"NYM","CRUDE OIL SPREADS","WTI-BRENT CALENDAR FUT","BK","08/2026","08/2026","474","USD","9.000%"
"NYM","CRUDE OIL SPREADS","WTI-BRENT CALENDAR FUT","BK","09/2026","09/2026","470","USD","9.000%"
"NYM","CRUDE OIL SPREADS","WTI-BRENT CALENDAR FUT","BK","10/2026","10/2026","573","USD","9.000%"
"NYM","CRUDE OIL SPREADS","WTI-BRENT CALENDAR FUT","BK","11/2026","11/2026","509","USD","9.000%"
"NYM","CRUDE OIL SPREADS","WTI-BRENT CALENDAR FUT","BK","12/2026","12/2026","510","USD","9.000%"
"NYM","CRUDE OIL SPREADS","WTI-BRENT CALENDAR FUT","BK","01/2027","01/2027","575","USD","9.000%"
"NYM","CRUDE OIL SPREADS","WTI-BRENT CALENDAR FUT","BK","02/2027","02/2027","475","USD","9.000%"
"NYM","CRUDE OIL SPREADS","WTI-BRENT CALENDAR FUT","BK","03/2027","03/2027","467","USD","9.000%"
"NYM","CRUDE OIL SPREADS","WTI-BRENT CALENDAR FUT","BK","04/2027","04/2027","460","USD","9.000%"
"NYM","CRUDE OIL SPREADS","WTI-BRENT CALENDAR FUT","BK","05/2027","05/2027","453","USD","9.000%"
"NYM","CRUDE OIL SPREADS","WTI-BRENT CALENDAR FUT","BK","06/2027","06/2027","456","USD","9.000%"
"NYM","CRUDE OIL SPREADS","WTI-BRENT CALENDAR FUT","BK","07/2027","07/2027","557","USD","9.000%"
"NYM","CRUDE OIL SPREADS","WTI-BRENT CALENDAR FUT","BK","08/2027","08/2027","439","USD","9.000%"
"NYM","CRUDE OIL SPREADS","WTI-BRENT CALENDAR FUT","BK","09/2027","09/2027","432","USD","9.000%"
"NYM","CRUDE OIL SPREADS","WTI-BRENT CALENDAR FUT","BK","10/2027","10/2027","425","USD","9.000%"
"NYM","CRUDE OIL SPREADS","WTI-BRENT CALENDAR FUT","BK","11/2027","11/2027","422","USD","9.000%"
"NYM","CRUDE OIL SPREADS","WTI-BRENT CALENDAR FUT","BK","12/2027","12/2027","461","USD","9.000%"
"NYM","CRUDE OIL SPREADS","WTI-BRENT CALENDAR FUT","BK","01/2028","01/2028","841","USD","9.000%"
"NYM","CRUDE OIL SPREADS","WTI-BRENT CALENDAR FUT","BK","02/2028","02/2028","758","USD","9.000%"
"NYM","CRUDE OIL SPREADS","WTI-BRENT CALENDAR FUT","BK","03/2028","03/2028","751","USD","9.000%"
"NYM","CRUDE OIL SPREADS","WTI-BRENT CALENDAR FUT","BK","04/2028","04/2028","745","USD","9.000%"
"NYM","CRUDE OIL SPREADS","WTI-BRENT CALENDAR FUT","BK","05/2028","05/2028","732","USD","9.000%"
"NYM","CRUDE OIL SPREADS","WTI-BRENT CALENDAR FUT","BK","06/2028","06/2028","725","USD","9.000%"
"NYM","CRUDE OIL SPREADS","WTI-BRENT CALENDAR FUT","BK","07/2028","07/2028","714","USD","9.000%"
"NYM","CRUDE OIL SPREADS","WTI-BRENT CALENDAR FUT","BK","08/2028","08/2028","706","USD","9.000%"
"NYM","CRUDE OIL SPREADS","WTI-BRENT CALENDAR FUT","BK","09/2028","09/2028","692","USD","9.000%"
"NYM","CRUDE OIL SPREADS","WTI-BRENT CALENDAR FUT","BK","10/2028","10/2028","682","USD","9.000%"
"NYM","CRUDE OIL SPREADS","WTI-BRENT CALENDAR FUT","BK","11/2028","11/2028","673","USD","9.000%"
"NYM","CRUDE OIL SPREADS","WTI-BRENT CALENDAR FUT","BK","12/2028","12/2028","660","USD","9.000%"
"NYM","CRUDE OIL SPREADS","WTI-BRENT CALENDAR FUT","BK","01/2029","01/2029","654","USD","9.000%"
"NYM","CRUDE OIL SPREADS","WTI-BRENT CALENDAR FUT","BK","02/2029","02/2029","647","USD","9.000%"
"NYM","CRUDE OIL SPREADS","WTI-BRENT CALENDAR FUT","BK","03/2029","03/2029","634","USD","9.000%"
"NYM","CRUDE OIL SPREADS","WTI-BRENT CALENDAR FUT","BK","04/2029","12/2033","630","USD","9.000%"
"NYM","CRUDE OIL SPREADS","WTI-BRENT CALENDAR FUT","BK","02/2033","02/2033","630","USD","9.000%"
"NYM","CRUDE OIL SPREADS","WTI-BRENT CALENDAR FUT","BK","01/2034","01/2034","743","USD","9.000%"
"NYM","CRUDE OIL SPREADS","WTI-BRENT CALENDAR FUT","BK","02/2034","12/2034","4850","USD","9.000%"
"NYM","CRUDE OIL SPREADS","WTI-BRENT BALMO FUTURES","BKB","01/02/2026","01/30/2026","3072","USD","25.000%"
"NYM","CRUDE OIL SPREADS","WTI-BRENT BALMO FUTURES","BKB","02/02/2026","03/31/2026","1000","USD","9.000%"
"NYM","CRUDE OIL SPREADS","BAKKEN CUSH ARGUS V WTI TRD MTH FUT","BKT","02/2026","02/2026","83","USD","25.000%"
"NYM","CRUDE OIL SPREADS","BAKKEN CUSH ARGUS V WTI TRD MTH FUT","BKT","03/2026","03/2026","600","USD","15.000%"
"NYM","CRUDE OIL SPREADS","BAKKEN CUSH ARGUS V WTI TRD MTH FUT","BKT","04/2026","12/2029","500","USD","10.000%"
"NYM","CRUDE OIL SPREADS","BRENT 6 MONTH CALENDAR FUTURES","BM","03/2026","03/2026","1700","USD","10.000%"
"NYM","CRUDE OIL SPREADS","BRENT 6 MONTH CALENDAR FUTURES","BM","04/2026","04/2026","1300","USD","10.000%"
"NYM","CRUDE OIL SPREADS","BRENT 6 MONTH CALENDAR FUTURES","BM","05/2026","05/2026","1100","USD","10.000%"
"NYM","CRUDE OIL SPREADS","BRENT 6 MONTH CALENDAR FUTURES","BM","06/2026","06/2026","1080","USD","10.000%"
"NYM","CRUDE OIL SPREADS","BRENT 6 MONTH CALENDAR FUTURES","BM","07/2026","07/2026","990","USD","10.000%"
"NYM","CRUDE OIL SPREADS","BRENT 6 MONTH CALENDAR FUTURES","BM","08/2026","08/2026","900","USD","10.000%"
"NYM","CRUDE OIL SPREADS","BRENT 6 MONTH CALENDAR FUTURES","BM","09/2026","09/2026","855","USD","10.000%"
"NYM","CRUDE OIL SPREADS","BRENT 6 MONTH CALENDAR FUTURES","BM","10/2026","10/2026","810","USD","10.000%"
"NYM","CRUDE OIL SPREADS","BRENT 6 MONTH CALENDAR FUTURES","BM","11/2026","11/2026","765","USD","10.000%"
"NYM","CRUDE OIL SPREADS","BRENT 6 MONTH CALENDAR FUTURES","BM","12/2026","03/2027","700","USD","10.000%"
"NYM","CRUDE OIL SPREADS","BRENT 6 MONTH CALENDAR FUTURES","BM","06/2027","06/2027","650","USD","10.000%"
"NYM","CRUDE OIL SPREADS","BRENT 6 MONTH CALENDAR FUTURES","BM","12/2027","12/2027","585","USD","10.000%"
"NYM","CRUDE OIL SPREADS","BRENT 6 MONTH CALENDAR FUTURES","BM","06/2028","06/2028","495","USD","10.000%"
"NYM","CRUDE OIL SPREADS","BRENT 6 MONTH CALENDAR FUTURES","BM","12/2028","12/2028","400","USD","10.000%"
"NYM","CRUDE OIL SPREADS","BAKKEN PATOKA (EMDA) MONTHLY FUT","BPA","02/2026","02/2026","","USD","25.000%"
"NYM","CRUDE OIL SPREADS","BAKKEN PATOKA (EMDA) MONTHLY FUT","BPA","03/2026","03/2026","1854","USD","25.000%"
"NYM","CRUDE OIL SPREADS","BAKKEN PATOKA (EMDA) MONTHLY FUT","BPA","04/2026","04/2026","2200","USD","20.000%"
"NYM","CRUDE OIL SPREADS","BAKKEN PATOKA (EMDA) MONTHLY FUT","BPA","05/2026","12/2029","2000","USD","15.000%"
"NYM","CRUDE OIL SPREADS","BRENT 12 MONTH CALENDAR FUTURES","BQ","03/2026","03/2026","2100","USD","0.1"
"NYM","CRUDE OIL SPREADS","BRENT 12 MONTH CALENDAR FUTURES","BQ","04/2026","04/2026","1750","USD","0.1"
"NYM","CRUDE OIL SPREADS","BRENT 12 MONTH CALENDAR FUTURES","BQ","05/2026","05/2026","1550","USD","0.1"
"NYM","CRUDE OIL SPREADS","BRENT 12 MONTH CALENDAR FUTURES","BQ","06/2026","06/2026","1530","USD","0.1"
"NYM","CRUDE OIL SPREADS","BRENT 12 MONTH CALENDAR FUTURES","BQ","07/2026","07/2026","1360","USD","0.1"
"NYM","CRUDE OIL SPREADS","BRENT 12 MONTH CALENDAR FUTURES","BQ","08/2026","09/2026","1350","USD","0.1"
"NYM","CRUDE OIL SPREADS","BRENT 12 MONTH CALENDAR FUTURES","BQ","10/2026","10/2026","1300","USD","0.1"
"NYM","CRUDE OIL SPREADS","BRENT 12 MONTH CALENDAR FUTURES","BQ","11/2026","12/2026","1250","USD","0.1"
"NYM","CRUDE OIL SPREADS","BRENT 12 MONTH CALENDAR FUTURES","BQ","01/2027","01/2027","1200","USD","0.1"
"NYM","CRUDE OIL SPREADS","BRENT 12 MONTH CALENDAR FUTURES","BQ","02/2027","02/2027","1150","USD","0.1"
"NYM","CRUDE OIL SPREADS","BRENT 12 MONTH CALENDAR FUTURES","BQ","03/2027","03/2027","1100","USD","0.1"
"NYM","CRUDE OIL SPREADS","BRENT 12 MONTH CALENDAR FUTURES","BQ","06/2027","06/2027","850","USD","0.1"
"NYM","CRUDE OIL SPREADS","BRENT 12 MONTH CALENDAR FUTURES","BQ","09/2027","09/2027","800","USD","0.1"
"NYM","CRUDE OIL SPREADS","BRENT 12 MONTH CALENDAR FUTURES","BQ","12/2027","09/2028","700","USD","0.1"
"NYM","CRUDE OIL SPREADS","BRENT 12 MONTH CALENDAR FUTURES","BQ","12/2028","12/2028","680","USD","0.1"
"NYM","CRUDE OIL SPREADS","WTI-BRENT CRUDE OIL CROSS-MONTH SPR","BVS","02/2026","02/2026","9900","USD","25.000%"
"NYM","CRUDE OIL SPREADS","WTI-BRENT CRUDE OIL CROSS-MONTH SPR","BVS","03/2026","03/2026","855","USD","25.000%"
"NYM","CRUDE OIL SPREADS","WTI-BRENT CRUDE OIL CROSS-MONTH SPR","BVS","04/2026","04/2026","736","USD","25.000%"
"NYM","CRUDE OIL SPREADS","WTI-BRENT CRUDE OIL CROSS-MONTH SPR","BVS","05/2026","08/2027","630","USD","25.000%"
"NYM","CRUDE OIL SPREADS","WTI-BRENT CRUDE OIL CROSS-MONTH SPR","BVS","06/2026","06/2026","605","USD","25.000%"
"NYM","CRUDE OIL SPREADS","WTI-BRENT CRUDE OIL CROSS-MONTH SPR","BVS","07/2026","07/2026","584","USD","25.000%"
"NYM","CRUDE OIL SPREADS","WTI-BRENT CRUDE OIL CROSS-MONTH SPR","BVS","08/2026","08/2026","570","USD","25.000%"
"NYM","CRUDE OIL SPREADS","WTI-BRENT CRUDE OIL CROSS-MONTH SPR","BVS","09/2026","09/2026","477","USD","25.000%"
"NYM","CRUDE OIL SPREADS","WTI-BRENT CRUDE OIL CROSS-MONTH SPR","BVS","10/2026","10/2026","465","USD","25.000%"
"NYM","CRUDE OIL SPREADS","WTI-BRENT CRUDE OIL CROSS-MONTH SPR","BVS","11/2026","11/2026","604","USD","25.000%"
"NYM","CRUDE OIL SPREADS","WTI-BRENT CRUDE OIL CROSS-MONTH SPR","BVS","12/2026","12/2026","511","USD","25.000%"
"NYM","CRUDE OIL SPREADS","WTI-BRENT CRUDE OIL CROSS-MONTH SPR","BVS","01/2027","01/2027","500","USD","25.000%"
"NYM","CRUDE OIL SPREADS","WTI-BRENT CRUDE OIL CROSS-MONTH SPR","BVS","03/2027","03/2027","476","USD","25.000%"
"NYM","CRUDE OIL SPREADS","WTI-BRENT CRUDE OIL CROSS-MONTH SPR","BVS","04/2027","04/2027","469","USD","25.000%"
"NYM","CRUDE OIL SPREADS","WTI-BRENT CRUDE OIL CROSS-MONTH SPR","BVS","05/2027","05/2027","462","USD","25.000%"
"NYM","CRUDE OIL SPREADS","WTI-BRENT CRUDE OIL CROSS-MONTH SPR","BVS","06/2027","06/2027","455","USD","25.000%"
"NYM","CRUDE OIL SPREADS","WTI-BRENT CRUDE OIL CROSS-MONTH SPR","BVS","07/2027","07/2027","448","USD","25.000%"
"NYM","CRUDE OIL SPREADS","WTI-BRENT CRUDE OIL CROSS-MONTH SPR","BVS","09/2027","09/2027","441","USD","25.000%"
"NYM","CRUDE OIL SPREADS","WTI-BRENT CRUDE OIL CROSS-MONTH SPR","BVS","10/2027","10/2027","434","USD","25.000%"
"NYM","CRUDE OIL SPREADS","WTI-BRENT CRUDE OIL CROSS-MONTH SPR","BVS","11/2027","11/2027","427","USD","25.000%"
"NYM","CRUDE OIL SPREADS","WTI-BRENT CRUDE OIL CROSS-MONTH SPR","BVS","12/2027","12/2027","423","USD","25.000%"
"NYM","CRUDE OIL SPREADS","WTI-BRENT CRUDE OIL CROSS-MONTH SPR","BVS","01/2028","01/2028","420","USD","25.000%"
"NYM","CRUDE OIL SPREADS","WTI-BRENT CRUDE OIL CROSS-MONTH SPR","BVS","02/2028","02/2028","885","USD","25.000%"
"NYM","CRUDE OIL SPREADS","WTI-BRENT CRUDE OIL CROSS-MONTH SPR","BVS","03/2028","03/2028","760","USD","25.000%"
"NYM","CRUDE OIL SPREADS","WTI-BRENT CRUDE OIL CROSS-MONTH SPR","BVS","04/2028","04/2028","754","USD","25.000%"
"NYM","CRUDE OIL SPREADS","WTI-BRENT CRUDE OIL CROSS-MONTH SPR","BVS","05/2028","05/2028","747","USD","25.000%"
"NYM","CRUDE OIL SPREADS","WTI-BRENT CRUDE OIL CROSS-MONTH SPR","BVS","06/2028","06/2028","734","USD","25.000%"
"NYM","CRUDE OIL SPREADS","WTI-BRENT CRUDE OIL CROSS-MONTH SPR","BVS","07/2028","07/2028","728","USD","25.000%"
"NYM","CRUDE OIL SPREADS","WTI-BRENT CRUDE OIL CROSS-MONTH SPR","BVS","08/2028","08/2028","715","USD","25.000%"
"NYM","CRUDE OIL SPREADS","WTI-BRENT CRUDE OIL CROSS-MONTH SPR","BVS","09/2028","09/2028","708","USD","25.000%"
"NYM","CRUDE OIL SPREADS","WTI-BRENT CRUDE OIL CROSS-MONTH SPR","BVS","10/2028","10/2028","695","USD","25.000%"
"NYM","CRUDE OIL SPREADS","WTI-BRENT CRUDE OIL CROSS-MONTH SPR","BVS","11/2028","11/2028","682","USD","25.000%"
"NYM","CRUDE OIL SPREADS","WTI-BRENT CRUDE OIL CROSS-MONTH SPR","BVS","12/2028","12/2028","676","USD","25.000%"
"NYM","CRUDE OIL SPREADS","WTI-BRENT CRUDE OIL CROSS-MONTH SPR","BVS","01/2029","01/2029","663","USD","25.000%"
"NYM","CRUDE OIL SPREADS","WTI-BRENT CRUDE OIL CROSS-MONTH SPR","BVS","02/2029","02/2029","656","USD","25.000%"
"NYM","CRUDE OIL SPREADS","WTI-BRENT CRUDE OIL CROSS-MONTH SPR","BVS","03/2029","03/2029","650","USD","25.000%"
"NYM","CRUDE OIL SPREADS","WTI-BRENT CRUDE OIL CROSS-MONTH SPR","BVS","04/2029","04/2029","637","USD","25.000%"
"NYM","CRUDE OIL SPREADS","WTI-BRENT CRUDE OIL CROSS-MONTH SPR","BVS","05/2029","01/2030","630","USD","25.000%"
"NYM","CRUDE OIL SPREADS","WCS HOUSTON (ARGUS) VS. WTI TRADE M","BWH","12/26/2025","12/31/2025","1077","USD","25.000%"
"NYM","CRUDE OIL SPREADS","WCS HOUSTON (ARGUS) VS. WTI TRADE M","BWH","01/02/2026","01/23/2026","718","USD","15.000%"
"NYM","CRUDE OIL SPREADS","WCS HOUSTON (ARGUS) VS. WTI TRADE M","BWH","01/26/2026","03/25/2026","2000","USD","15.000%"
"NYM","CRUDE OIL SPREADS","WTI-BRENT BULLET FUTURE","BY","03/2026","03/2026","891","USD","25.000%"
"NYM","CRUDE OIL SPREADS","WTI-BRENT BULLET FUTURE","BY","04/2026","04/2026","558","USD","25.000%"
"NYM","CRUDE OIL SPREADS","WTI-BRENT BULLET FUTURE","BY","05/2026","05/2026","546","USD","25.000%"
"NYM","CRUDE OIL SPREADS","WTI-BRENT BULLET FUTURE","BY","06/2026","06/2026","528","USD","25.000%"
"NYM","CRUDE OIL SPREADS","WTI-BRENT BULLET FUTURE","BY","07/2026","07/2026","507","USD","25.000%"
"NYM","CRUDE OIL SPREADS","WTI-BRENT BULLET FUTURE","BY","08/2026","08/2026","412","USD","25.000%"
"NYM","CRUDE OIL SPREADS","WTI-BRENT BULLET FUTURE","BY","09/2026","03/2027","483","USD","25.000%"
"NYM","CRUDE OIL SPREADS","WTI-BRENT BULLET FUTURE","BY","10/2026","10/2026","471","USD","25.000%"
"NYM","CRUDE OIL SPREADS","WTI-BRENT BULLET FUTURE","BY","11/2026","11/2026","459","USD","25.000%"
"NYM","CRUDE OIL SPREADS","WTI-BRENT BULLET FUTURE","BY","12/2026","12/2026","521","USD","25.000%"
"NYM","CRUDE OIL SPREADS","WTI-BRENT BULLET FUTURE","BY","01/2027","01/2027","504","USD","25.000%"
"NYM","CRUDE OIL SPREADS","WTI-BRENT BULLET FUTURE","BY","02/2027","02/2027","493","USD","25.000%"
"NYM","CRUDE OIL SPREADS","WTI-BRENT BULLET FUTURE","BY","04/2027","04/2027","472","USD","25.000%"
"NYM","CRUDE OIL SPREADS","WTI-BRENT BULLET FUTURE","BY","05/2027","05/2027","465","USD","25.000%"
"NYM","CRUDE OIL SPREADS","WTI-BRENT BULLET FUTURE","BY","06/2027","06/2027","458","USD","25.000%"
"NYM","CRUDE OIL SPREADS","WTI-BRENT BULLET FUTURE","BY","07/2027","07/2027","451","USD","25.000%"
"NYM","CRUDE OIL SPREADS","WTI-BRENT BULLET FUTURE","BY","08/2027","08/2027","448","USD","25.000%"
"NYM","CRUDE OIL SPREADS","WTI-BRENT BULLET FUTURE","BY","09/2027","09/2027","441","USD","25.000%"
"NYM","CRUDE OIL SPREADS","WTI-BRENT BULLET FUTURE","BY","10/2027","10/2027","437","USD","25.000%"
"NYM","CRUDE OIL SPREADS","WTI-BRENT BULLET FUTURE","BY","11/2027","11/2027","430","USD","25.000%"
"NYM","CRUDE OIL SPREADS","WTI-BRENT BULLET FUTURE","BY","12/2027","12/2027","423","USD","25.000%"
"NYM","CRUDE OIL SPREADS","WTI-BRENT BULLET FUTURE","BY","01/2028","01/2028","420","USD","25.000%"
"NYM","CRUDE OIL SPREADS","WTI-BRENT BULLET FUTURE","BY","02/2028","02/2028","416","USD","25.000%"
"NYM","CRUDE OIL SPREADS","WTI-BRENT BULLET FUTURE","BY","03/2028","03/2028","760","USD","25.000%"
"NYM","CRUDE OIL SPREADS","WTI-BRENT BULLET FUTURE","BY","04/2028","04/2028","754","USD","25.000%"
"NYM","CRUDE OIL SPREADS","WTI-BRENT BULLET FUTURE","BY","05/2028","05/2028","747","USD","25.000%"
"NYM","CRUDE OIL SPREADS","WTI-BRENT BULLET FUTURE","BY","06/2028","06/2028","741","USD","25.000%"
"NYM","CRUDE OIL SPREADS","WTI-BRENT BULLET FUTURE","BY","07/2028","07/2028","728","USD","25.000%"
"NYM","CRUDE OIL SPREADS","WTI-BRENT BULLET FUTURE","BY","08/2028","08/2028","721","USD","25.000%"
"NYM","CRUDE OIL SPREADS","WTI-BRENT BULLET FUTURE","BY","09/2028","09/2028","715","USD","25.000%"
"NYM","CRUDE OIL SPREADS","WTI-BRENT BULLET FUTURE","BY","10/2028","10/2028","702","USD","25.000%"
"NYM","CRUDE OIL SPREADS","WTI-BRENT BULLET FUTURE","BY","11/2028","11/2028","689","USD","25.000%"
"NYM","CRUDE OIL SPREADS","WTI-BRENT BULLET FUTURE","BY","12/2028","12/2028","682","USD","25.000%"
"NYM","CRUDE OIL SPREADS","WTI-BRENT BULLET FUTURE","BY","01/2029","01/2029","669","USD","25.000%"
"NYM","CRUDE OIL SPREADS","WTI-BRENT BULLET FUTURE","BY","02/2029","02/2029","656","USD","25.000%"
"NYM","CRUDE OIL SPREADS","WTI-BRENT BULLET FUTURE","BY","03/2029","03/2029","650","USD","25.000%"
"NYM","CRUDE OIL SPREADS","WTI-BRENT BULLET FUTURE","BY","04/2029","04/2029","643","USD","25.000%"
"NYM","CRUDE OIL SPREADS","WTI-BRENT BULLET FUTURE","BY","05/2029","12/2029","630","USD","25.000%"
"NYM","CRUDE OIL SPREADS","1 MO CAL SPRD SYN CRUDE OIL FUTURES","CA","12/2025","03/2026","380","USD","5.000%"
"NYM","CRUDE OIL SPREADS","1 MO CAL SPRD SYN CRUDE OIL FUTURES","CA","04/2026","04/2026","170","USD","5.000%"
"NYM","CRUDE OIL SPREADS","1 MO CAL SPRD SYN CRUDE OIL FUTURES","CA","05/2026","01/2037","120","USD","5.000%"
"NYM","CRUDE OIL SPREADS","WTI VS. DATED BRENT CALENDAR MONTH","CLD","01/2026","01/2026","496","USD","25.000%"
"NYM","CRUDE OIL SPREADS","WTI VS. DATED BRENT CALENDAR MONTH","CLD","02/2026","07/2026","1150","USD","15.000%"
"NYM","CRUDE OIL SPREADS","WTI VS. DATED BRENT CALENDAR MONTH","CLD","08/2026","12/2029","1100","USD","10.000%"
"NYM","CRUDE OIL SPREADS","CPC BLEND VS MED DATED BRENT FUTURE","CPD","01/2026","01/2026","425","USD","25.000%"
"NYM","CRUDE OIL SPREADS","CPC BLEND VS MED DATED BRENT FUTURE","CPD","02/2026","12/2026","1100","USD","25.000%"
"NYM","CRUDE OIL SPREADS","WTI-BRENT 2 MONTH CALENDAR FUTURES","CQ","12/2025","01/2026","","USD","10.000%"
"NYM","CRUDE OIL SPREADS","WTI-BRENT 2 MONTH CALENDAR FUTURES","CQ","02/2026","02/2026","575","USD","10.000%"
"NYM","CRUDE OIL SPREADS","WTI-BRENT 2 MONTH CALENDAR FUTURES","CQ","03/2026","03/2026","800","USD","10.000%"
"NYM","CRUDE OIL SPREADS","WTI-BRENT 2 MONTH CALENDAR FUTURES","CQ","04/2026","04/2026","750","USD","10.000%"
"NYM","CRUDE OIL SPREADS","WTI-BRENT 2 MONTH CALENDAR FUTURES","CQ","05/2026","05/2026","500","USD","10.000%"
"NYM","CRUDE OIL SPREADS","WTI-BRENT 2 MONTH CALENDAR FUTURES","CQ","06/2026","06/2026","520","USD","10.000%"
"NYM","CRUDE OIL SPREADS","WTI-BRENT 2 MONTH CALENDAR FUTURES","CQ","07/2026","07/2026","400","USD","10.000%"
"NYM","CRUDE OIL SPREADS","WTI-BRENT 2 MONTH CALENDAR FUTURES","CQ","08/2026","08/2026","360","USD","10.000%"
"NYM","CRUDE OIL SPREADS","WTI-BRENT 2 MONTH CALENDAR FUTURES","CQ","09/2026","10/2026","320","USD","10.000%"
"NYM","CRUDE OIL SPREADS","WTI-BRENT 2 MONTH CALENDAR FUTURES","CQ","11/2026","11/2026","280","USD","10.000%"
"NYM","CRUDE OIL SPREADS","WTI-BRENT 2 MONTH CALENDAR FUTURES","CQ","12/2026","12/2026","260","USD","10.000%"
"NYM","CRUDE OIL SPREADS","WTI-BRENT 2 MONTH CALENDAR FUTURES","CQ","01/2027","01/2027","240","USD","10.000%"
"NYM","CRUDE OIL SPREADS","WTI-BRENT 2 MONTH CALENDAR FUTURES","CQ","02/2027","02/2027","284","USD","10.000%"
"NYM","CRUDE OIL SPREADS","3 MO CAL SPRD SYN CRUDE OIL FUTURES","CT","12/2025","12/2025","","USD","10.000%"
"NYM","CRUDE OIL SPREADS","3 MO CAL SPRD SYN CRUDE OIL FUTURES","CT","01/2026","01/2026","575","USD","10.000%"
"NYM","CRUDE OIL SPREADS","3 MO CAL SPRD SYN CRUDE OIL FUTURES","CT","02/2026","02/2026","800","USD","10.000%"
"NYM","CRUDE OIL SPREADS","3 MO CAL SPRD SYN CRUDE OIL FUTURES","CT","03/2026","03/2026","1200","USD","10.000%"
"NYM","CRUDE OIL SPREADS","3 MO CAL SPRD SYN CRUDE OIL FUTURES","CT","04/2026","04/2026","900","USD","10.000%"
"NYM","CRUDE OIL SPREADS","3 MO CAL SPRD SYN CRUDE OIL FUTURES","CT","05/2026","05/2026","650","USD","10.000%"
"NYM","CRUDE OIL SPREADS","3 MO CAL SPRD SYN CRUDE OIL FUTURES","CT","06/2026","06/2026","640","USD","10.000%"
"NYM","CRUDE OIL SPREADS","3 MO CAL SPRD SYN CRUDE OIL FUTURES","CT","07/2026","08/2026","520","USD","10.000%"
"NYM","CRUDE OIL SPREADS","3 MO CAL SPRD SYN CRUDE OIL FUTURES","CT","09/2026","10/2026","440","USD","10.000%"
"NYM","CRUDE OIL SPREADS","3 MO CAL SPRD SYN CRUDE OIL FUTURES","CT","11/2026","11/2026","400","USD","10.000%"
"NYM","CRUDE OIL SPREADS","3 MO CAL SPRD SYN CRUDE OIL FUTURES","CT","12/2026","12/2026","360","USD","10.000%"
"NYM","CRUDE OIL SPREADS","3 MO CAL SPRD SYN CRUDE OIL FUTURES","CT","01/2027","02/2027","364","USD","10.000%"
"NYM","CRUDE OIL SPREADS","6 MO CAL SPRD SYN CRUDE OIL FUTURE","CV","12/2025","12/2025","1200","USD","10.000%"
"NYM","CRUDE OIL SPREADS","6 MO CAL SPRD SYN CRUDE OIL FUTURE","CV","01/2026","01/2026","1400","USD","10.000%"
"NYM","CRUDE OIL SPREADS","6 MO CAL SPRD SYN CRUDE OIL FUTURE","CV","02/2026","02/2026","1600","USD","10.000%"
"NYM","CRUDE OIL SPREADS","6 MO CAL SPRD SYN CRUDE OIL FUTURE","CV","03/2026","03/2026","1700","USD","10.000%"
"NYM","CRUDE OIL SPREADS","6 MO CAL SPRD SYN CRUDE OIL FUTURE","CV","04/2026","04/2026","1300","USD","10.000%"
"NYM","CRUDE OIL SPREADS","6 MO CAL SPRD SYN CRUDE OIL FUTURE","CV","05/2026","05/2026","1100","USD","10.000%"
"NYM","CRUDE OIL SPREADS","6 MO CAL SPRD SYN CRUDE OIL FUTURE","CV","06/2026","06/2026","960","USD","10.000%"
"NYM","CRUDE OIL SPREADS","6 MO CAL SPRD SYN CRUDE OIL FUTURE","CV","07/2026","07/2026","880","USD","10.000%"
"NYM","CRUDE OIL SPREADS","6 MO CAL SPRD SYN CRUDE OIL FUTURE","CV","08/2026","08/2026","800","USD","10.000%"
"NYM","CRUDE OIL SPREADS","6 MO CAL SPRD SYN CRUDE OIL FUTURE","CV","09/2026","09/2026","760","USD","10.000%"
"NYM","CRUDE OIL SPREADS","6 MO CAL SPRD SYN CRUDE OIL FUTURE","CV","10/2026","10/2026","720","USD","10.000%"
"NYM","CRUDE OIL SPREADS","6 MO CAL SPRD SYN CRUDE OIL FUTURE","CV","11/2026","11/2026","680","USD","10.000%"
"NYM","CRUDE OIL SPREADS","6 MO CAL SPRD SYN CRUDE OIL FUTURE","CV","12/2026","02/2027","644","USD","10.000%"
"NYM","CRUDE OIL SPREADS","6 MO CAL SPRD SYN CRUDE OIL FUTURE","CV","03/2027","03/2027","604","USD","10.000%"
"NYM","CRUDE OIL SPREADS","6 MO CAL SPRD SYN CRUDE OIL FUTURE","CV","06/2027","06/2027","484","USD","10.000%"
"NYM","CRUDE OIL SPREADS","6 MO CAL SPRD SYN CRUDE OIL FUTURE","CV","12/2027","12/2027","440","USD","10.000%"
"NYM","CRUDE OIL SPREADS","6 MO CAL SPRD SYN CRUDE OIL FUTURE","CV","06/2028","12/2028","360","USD","10.000%"
"NYM","CRUDE OIL SPREADS","12 MO CAL SPRD SYN CRUDE OIL FUTURE","CX","12/2025","12/2025","1950","USD","10.000%"
"NYM","CRUDE OIL SPREADS","12 MO CAL SPRD SYN CRUDE OIL FUTURE","CX","01/2026","01/2026","2000","USD","10.000%"
"NYM","CRUDE OIL SPREADS","12 MO CAL SPRD SYN CRUDE OIL FUTURE","CX","02/2026","02/2026","2050","USD","10.000%"
"NYM","CRUDE OIL SPREADS","12 MO CAL SPRD SYN CRUDE OIL FUTURE","CX","03/2026","03/2026","2100","USD","10.000%"
"NYM","CRUDE OIL SPREADS","12 MO CAL SPRD SYN CRUDE OIL FUTURE","CX","04/2026","04/2026","1750","USD","10.000%"
"NYM","CRUDE OIL SPREADS","12 MO CAL SPRD SYN CRUDE OIL FUTURE","CX","05/2026","05/2026","1450","USD","10.000%"
"NYM","CRUDE OIL SPREADS","12 MO CAL SPRD SYN CRUDE OIL FUTURE","CX","06/2026","06/2026","1425","USD","10.000%"
"NYM","CRUDE OIL SPREADS","12 MO CAL SPRD SYN CRUDE OIL FUTURE","CX","07/2026","07/2026","1300","USD","10.000%"
"NYM","CRUDE OIL SPREADS","12 MO CAL SPRD SYN CRUDE OIL FUTURE","CX","08/2026","08/2026","1200","USD","10.000%"
"NYM","CRUDE OIL SPREADS","12 MO CAL SPRD SYN CRUDE OIL FUTURE","CX","09/2026","09/2026","1150","USD","10.000%"
"NYM","CRUDE OIL SPREADS","12 MO CAL SPRD SYN CRUDE OIL FUTURE","CX","10/2026","11/2026","1100","USD","10.000%"
"NYM","CRUDE OIL SPREADS","12 MO CAL SPRD SYN CRUDE OIL FUTURE","CX","12/2026","12/2026","1050","USD","10.000%"
"NYM","CRUDE OIL SPREADS","12 MO CAL SPRD SYN CRUDE OIL FUTURE","CX","01/2027","01/2027","1000","USD","10.000%"
"NYM","CRUDE OIL SPREADS","12 MO CAL SPRD SYN CRUDE OIL FUTURE","CX","02/2027","02/2027","950","USD","10.000%"
"NYM","CRUDE OIL SPREADS","12 MO CAL SPRD SYN CRUDE OIL FUTURE","CX","03/2027","03/2027","900","USD","10.000%"
"NYM","CRUDE OIL SPREADS","12 MO CAL SPRD SYN CRUDE OIL FUTURE","CX","06/2027","09/2027","750","USD","10.000%"
"NYM","CRUDE OIL SPREADS","12 MO CAL SPRD SYN CRUDE OIL FUTURE","CX","12/2027","12/2027","675","USD","10.000%"
"NYM","CRUDE OIL SPREADS","12 MO CAL SPRD SYN CRUDE OIL FUTURE","CX","03/2028","06/2028","650","USD","10.000%"
"NYM","CRUDE OIL SPREADS","12 MO CAL SPRD SYN CRUDE OIL FUTURE","CX","09/2028","12/2028","600","USD","10.000%"
"NYM","CRUDE OIL SPREADS","BAKKEN DAPL (EMDA) MONTHLY FUT","DAB","02/2026","02/2026","","USD","25.000%"
"NYM","CRUDE OIL SPREADS","BAKKEN DAPL (EMDA) MONTHLY FUT","DAB","03/2026","03/2026","1290","USD","25.000%"
"NYM","CRUDE OIL SPREADS","BAKKEN DAPL (EMDA) MONTHLY FUT","DAB","04/2026","04/2026","1500","USD","25.000%"
"NYM","CRUDE OIL SPREADS","BAKKEN DAPL (EMDA) MONTHLY FUT","DAB","05/2026","12/2029","1250","USD","25.000%"
"NYM","CRUDE OIL SPREADS","ICE BRENT DUBAI FUT","DB","01/2026","01/2026","825","USD","25.000%"
"NYM","CRUDE OIL SPREADS","ICE BRENT DUBAI FUT","DB","02/2026","02/2026","775","USD","25.000%"
"NYM","CRUDE OIL SPREADS","ICE BRENT DUBAI FUT","DB","03/2026","08/2026","650","USD","20.000%"
"NYM","CRUDE OIL SPREADS","ICE BRENT DUBAI FUT","DB","09/2026","12/2031","450","USD","15.000%"
"NYM","CRUDE OIL SPREADS","WTI V. DUBAI CRUDE OIL (PLATTS) FUT","DCW","01/2026","01/2026","496","USD","25.000%"
"NYM","CRUDE OIL SPREADS","WTI V. DUBAI CRUDE OIL (PLATTS) FUT","DCW","02/2026","03/2026","1100","USD","25.000%"
"NYM","CRUDE OIL SPREADS","WTI V. DUBAI CRUDE OIL (PLATTS) FUT","DCW","04/2026","08/2026","800","USD","20.000%"
"NYM","CRUDE OIL SPREADS","WTI V. DUBAI CRUDE OIL (PLATTS) FUT","DCW","09/2026","12/2031","750","USD","15.000%"
"NYM","CRUDE OIL SPREADS","ARGUS LLS VS. WTI (ARG) TRD M","E5","02/2026","02/2026","64","USD","25.000%"
"NYM","CRUDE OIL SPREADS","ARGUS LLS VS. WTI (ARG) TRD M","E5","03/2026","05/2026","350","USD","15.000%"
"NYM","CRUDE OIL SPREADS","ARGUS LLS VS. WTI (ARG) TRD M","E5","06/2026","12/2026","300","USD","10.000%"
"NYM","CRUDE OIL SPREADS","ARGUS LLS VS. WTI (ARG) TRD M","E5","01/2027","12/2031","250","USD","10.000%"
"NYM","CRUDE OIL SPREADS","DATED TO FRONTLINE BRENT BALMO FUT","FE","01/01/2026","01/30/2026","595","USD","25.000%"
"NYM","CRUDE OIL SPREADS","DATED TO FRONTLINE BRENT BALMO FUT","FE","02/02/2026","03/31/2026","750","USD","15.000%"
"NYM","CRUDE OIL SPREADS","WTI MIDLAND(ARGUS) VS WTI FINCL FUT","FF","01/2026","01/2026","97","USD","25.000%"
"NYM","CRUDE OIL SPREADS","WTI MIDLAND(ARGUS) VS WTI FINCL FUT","FF","02/2026","02/2026","225","USD","15.000%"
"NYM","CRUDE OIL SPREADS","WTI MIDLAND(ARGUS) VS WTI FINCL FUT","FF","03/2026","07/2026","200","USD","10.000%"
"NYM","CRUDE OIL SPREADS","WTI MIDLAND(ARGUS) VS WTI FINCL FUT","FF","08/2026","03/2027","175","USD","10.000%"
"NYM","CRUDE OIL SPREADS","WTI MIDLAND(ARGUS) VS WTI FINCL FUT","FF","04/2027","12/2033","150","USD","10.000%"
"NYM","CRUDE OIL SPREADS","WTS (ARGUS)  V WTI TRD MTH FUT","FH","02/2026","02/2026","58","USD","25.000%"
"NYM","CRUDE OIL SPREADS","WTS (ARGUS)  V WTI TRD MTH FUT","FH","03/2026","04/2026","350","USD","15.000%"
"NYM","CRUDE OIL SPREADS","WTS (ARGUS)  V WTI TRD MTH FUT","FH","05/2026","12/2031","350","USD","10.000%"
"NYM","CRUDE OIL SPREADS","DATED TO FRONTLINE BRENT CLNDR FUT","FY","01/2026","01/2026","500","USD","0.05"
"NYM","CRUDE OIL SPREADS","DATED TO FRONTLINE BRENT CLNDR FUT","FY","02/2026","03/2026","450","USD","0.05"
"NYM","CRUDE OIL SPREADS","DATED TO FRONTLINE BRENT CLNDR FUT","FY","04/2026","12/2031","400","USD","0.05"
"NYM","CRUDE OIL SPREADS","GUERNSEY LIGHT SWEET (EMDA) MON FUT","GSW","02/2026","02/2026","206","USD","25.000%"
"NYM","CRUDE OIL SPREADS","GUERNSEY LIGHT SWEET (EMDA) MON FUT","GSW","03/2026","03/2026","1500","USD","20.000%"
"NYM","CRUDE OIL SPREADS","GUERNSEY LIGHT SWEET (EMDA) MON FUT","GSW","04/2026","12/2029","1300","USD","15.000%"
"NYM","CRUDE OIL SPREADS","GUERNSEY LIGHT SWEET (EMDA) VS. WTI","GWT","02/2026","02/2026","144","USD","25.000%"
"NYM","CRUDE OIL SPREADS","GUERNSEY LIGHT SWEET (EMDA) VS. WTI","GWT","03/2026","03/2026","700","USD","20.000%"
"NYM","CRUDE OIL SPREADS","GUERNSEY LIGHT SWEET (EMDA) VS. WTI","GWT","04/2026","12/2029","425","USD","15.000%"
"NYM","CRUDE OIL SPREADS","WTI HSTN (ARGUS) VS BRNT CROSS FUT","HBX","02/2026","02/2026","167","USD","28.000%"
"NYM","CRUDE OIL SPREADS","WTI HSTN (ARGUS) VS BRNT CROSS FUT","HBX","03/2026","03/2026","900","USD","15.000%"
"NYM","CRUDE OIL SPREADS","WTI HSTN (ARGUS) VS BRNT CROSS FUT","HBX","04/2026","05/2026","725","USD","15.000%"
"NYM","CRUDE OIL SPREADS","WTI HSTN (ARGUS) VS BRNT CROSS FUT","HBX","06/2026","08/2026","700","USD","10.000%"
"NYM","CRUDE OIL SPREADS","WTI HSTN (ARGUS) VS BRNT CROSS FUT","HBX","09/2026","12/2029","500","USD","10.000%"
"NYM","CRUDE OIL SPREADS","WTI HOUSTON ARGUS V. WTI FINANCIAL","HIL","01/2026","01/2026","177","USD","25.000%"
"NYM","CRUDE OIL SPREADS","WTI HOUSTON ARGUS V. WTI FINANCIAL","HIL","02/2026","02/2026","425","USD","15.000%"
"NYM","CRUDE OIL SPREADS","WTI HOUSTON ARGUS V. WTI FINANCIAL","HIL","03/2026","07/2026","400","USD","10.000%"
"NYM","CRUDE OIL SPREADS","WTI HOUSTON ARGUS V. WTI FINANCIAL","HIL","08/2026","07/2027","300","USD","10.000%"
"NYM","CRUDE OIL SPREADS","WTI HOUSTON ARGUS V. WTI FINANCIAL","HIL","08/2027","12/2033","250","USD","10.000%"
"NYM","CRUDE OIL SPREADS","HLS (ARGUS) VS. WTI TRADE MONTH FUT","HLT","02/2026","02/2026","67","USD","25.000%"
"NYM","CRUDE OIL SPREADS","HLS (ARGUS) VS. WTI TRADE MONTH FUT","HLT","03/2026","03/2026","450","USD","15.000%"
"NYM","CRUDE OIL SPREADS","HLS (ARGUS) VS. WTI TRADE MONTH FUT","HLT","04/2026","08/2026","350","USD","10.000%"
"NYM","CRUDE OIL SPREADS","HLS (ARGUS) VS. WTI TRADE MONTH FUT","HLT","09/2026","12/2029","300","USD","10.000%"
"NYM","CRUDE OIL SPREADS","WTI HOUSTON ARGUS V.WTI TRADE MONTH","HTB","12/29/2025","01/23/2026","359","USD","0.05"
"NYM","CRUDE OIL SPREADS","WTI HOUSTON ARGUS V.WTI TRADE MONTH","HTB","01/26/2026","03/25/2026","1000","USD","0.05"
"NYM","CRUDE OIL SPREADS","WTI HOUSTON ARGUS V.WTI TRADE MONTH","HTT","02/2026","02/2026","70","USD","25.000%"
"NYM","CRUDE OIL SPREADS","WTI HOUSTON ARGUS V.WTI TRADE MONTH","HTT","03/2026","03/2026","350","USD","15.000%"
"NYM","CRUDE OIL SPREADS","WTI HOUSTON ARGUS V.WTI TRADE MONTH","HTT","04/2026","08/2026","200","USD","10.000%"
"NYM","CRUDE OIL SPREADS","WTI HOUSTON ARGUS V.WTI TRADE MONTH","HTT","09/2026","08/2027","175","USD","10.000%"
"NYM","CRUDE OIL SPREADS","WTI HOUSTON ARGUS V.WTI TRADE MONTH","HTT","09/2027","12/2033","150","USD","10.000%"
"NYM","CRUDE OIL SPREADS","WTI HOUSTON VS WTI MID TRADE SYNTH","LHS","02/2026","02/2026","650","USD","28.000%"
"NYM","CRUDE OIL SPREADS","WTI HOUSTON VS WTI MID TRADE SYNTH","LHS","03/2026","03/2026","400","USD","15.000%"
"NYM","CRUDE OIL SPREADS","WTI HOUSTON VS WTI MID TRADE SYNTH","LHS","04/2026","05/2026","350","USD","15.000%"
"NYM","CRUDE OIL SPREADS","WTI HOUSTON VS WTI MID TRADE SYNTH","LHS","06/2026","08/2026","300","USD","10.000%"
"NYM","CRUDE OIL SPREADS","WTI HOUSTON VS WTI MID TRADE SYNTH","LHS","09/2026","01/2029","275","USD","10.000%"
"NYM","CRUDE OIL SPREADS","MARS VS. BRENT CAL MONTH FUT","MAB","01/2026","01/2026","638","USD","25.000%"
"NYM","CRUDE OIL SPREADS","MARS VS. BRENT CAL MONTH FUT","MAB","02/2026","07/2026","1800","USD","15.000%"
"NYM","CRUDE OIL SPREADS","MARS VS. BRENT CAL MONTH FUT","MAB","08/2026","12/2029","1800","USD","10.000%"
"NYM","CRUDE OIL SPREADS","MARS VS. BRENT TRADE MONTH FUT","MBM","02/2026","02/2026","232","USD","25.000%"
"NYM","CRUDE OIL SPREADS","MARS VS. BRENT TRADE MONTH FUT","MBM","03/2026","08/2026","1800","USD","15.000%"
"NYM","CRUDE OIL SPREADS","MARS VS. BRENT TRADE MONTH FUT","MBM","09/2026","12/2029","1800","USD","10.000%"
"NYM","CRUDE OIL SPREADS","BAKKEN PATOKA (EMDA) VS. WTI TRADE","PBT","02/2026","02/2026","125","USD","25.000%"
"NYM","CRUDE OIL SPREADS","BAKKEN PATOKA (EMDA) VS. WTI TRADE","PBT","03/2026","03/2026","600","USD","20.000%"
"NYM","CRUDE OIL SPREADS","BAKKEN PATOKA (EMDA) VS. WTI TRADE","PBT","04/2026","12/2029","350","USD","15.000%"
"NYM","CRUDE OIL SPREADS","SOUTHERN GREEN CANYON (ARGUS) VS. W","SCB","12/26/2025","12/31/2025","933","USD","25.000%"
"NYM","CRUDE OIL SPREADS","SOUTHERN GREEN CANYON (ARGUS) VS. W","SCB","01/02/2026","01/23/2026","628","USD","15.000%"
"NYM","CRUDE OIL SPREADS","SOUTHERN GREEN CANYON (ARGUS) VS. W","SCB","01/26/2026","03/25/2026","1750","USD","15.000%"
"NYM","CRUDE OIL SPREADS","SGC (ARGUS) VS. WTI TRD MTH FUT","SCT","02/2026","02/2026","245","USD","25.000%"
"NYM","CRUDE OIL SPREADS","SGC (ARGUS) VS. WTI TRD MTH FUT","SCT","03/2026","03/2026","1750","USD","15.000%"
"NYM","CRUDE OIL SPREADS","SGC (ARGUS) VS. WTI TRD MTH FUT","SCT","04/2026","12/2029","1500","USD","10.000%"
"NYM","CRUDE OIL SPREADS","WTI-BRENT TRADE MONTH FINANCIAL FUT","TBK","02/2026","02/2026","213","USD","28.000%"
"NYM","CRUDE OIL SPREADS","WTI-BRENT TRADE MONTH FINANCIAL FUT","TBK","03/2026","03/2026","799","USD","15.000%"
"NYM","CRUDE OIL SPREADS","WTI-BRENT TRADE MONTH FINANCIAL FUT","TBK","04/2026","04/2026","730","USD","15.000%"
"NYM","CRUDE OIL SPREADS","WTI-BRENT TRADE MONTH FINANCIAL FUT","TBK","05/2026","05/2026","680","USD","15.000%"
"NYM","CRUDE OIL SPREADS","WTI-BRENT TRADE MONTH FINANCIAL FUT","TBK","06/2026","06/2026","628","USD","10.000%"
"NYM","CRUDE OIL SPREADS","WTI-BRENT TRADE MONTH FINANCIAL FUT","TBK","07/2026","07/2026","580","USD","10.000%"
"NYM","CRUDE OIL SPREADS","WTI-BRENT TRADE MONTH FINANCIAL FUT","TBK","08/2026","08/2026","536","USD","10.000%"
"NYM","CRUDE OIL SPREADS","WTI-BRENT TRADE MONTH FINANCIAL FUT","TBK","09/2026","09/2026","473","USD","10.000%"
"NYM","CRUDE OIL SPREADS","WTI-BRENT TRADE MONTH FINANCIAL FUT","TBK","10/2026","10/2026","505","USD","10.000%"
"NYM","CRUDE OIL SPREADS","WTI-BRENT TRADE MONTH FINANCIAL FUT","TBK","11/2026","11/2026","569","USD","10.000%"
"NYM","CRUDE OIL SPREADS","WTI-BRENT TRADE MONTH FINANCIAL FUT","TBK","12/2026","12/2026","508","USD","10.000%"
"NYM","CRUDE OIL SPREADS","WTI-BRENT TRADE MONTH FINANCIAL FUT","TBK","01/2027","01/2027","542","USD","10.000%"
"NYM","CRUDE OIL SPREADS","WTI-BRENT TRADE MONTH FINANCIAL FUT","TBK","02/2027","02/2027","572","USD","10.000%"
"NYM","CRUDE OIL SPREADS","WTI-BRENT TRADE MONTH FINANCIAL FUT","TBK","03/2027","03/2027","474","USD","10.000%"
"NYM","CRUDE OIL SPREADS","WTI-BRENT TRADE MONTH FINANCIAL FUT","TBK","04/2027","04/2027","467","USD","10.000%"
"NYM","CRUDE OIL SPREADS","WTI-BRENT TRADE MONTH FINANCIAL FUT","TBK","05/2027","05/2027","459","USD","10.000%"
"NYM","CRUDE OIL SPREADS","WTI-BRENT TRADE MONTH FINANCIAL FUT","TBK","06/2027","06/2027","452","USD","10.000%"
"NYM","CRUDE OIL SPREADS","WTI-BRENT TRADE MONTH FINANCIAL FUT","TBK","07/2027","07/2027","500","USD","10.000%"
"NYM","CRUDE OIL SPREADS","WTI-BRENT TRADE MONTH FINANCIAL FUT","TBK","08/2027","08/2027","557","USD","10.000%"
"NYM","CRUDE OIL SPREADS","WTI-BRENT TRADE MONTH FINANCIAL FUT","TBK","09/2027","09/2027","438","USD","10.000%"
"NYM","CRUDE OIL SPREADS","WTI-BRENT TRADE MONTH FINANCIAL FUT","TBK","10/2027","10/2027","431","USD","10.000%"
"NYM","CRUDE OIL SPREADS","WTI-BRENT TRADE MONTH FINANCIAL FUT","TBK","11/2027","12/2029","275","USD","10.000%"
"NYM","CRUDE OIL SPREADS","WTL MIDLAND VS. WTI CAL MONTH FUT","TIL","01/2026","01/2026","567","USD","25.000%"
"NYM","CRUDE OIL SPREADS","WTL MIDLAND VS. WTI CAL MONTH FUT","TIL","02/2026","02/2026","1450","USD","15.000%"
"NYM","CRUDE OIL SPREADS","WTL MIDLAND VS. WTI CAL MONTH FUT","TIL","03/2026","04/2026","1200","USD","15.000%"
"NYM","CRUDE OIL SPREADS","WTL MIDLAND VS. WTI CAL MONTH FUT","TIL","05/2026","07/2026","1200","USD","10.000%"
"NYM","CRUDE OIL SPREADS","WTL MIDLAND VS. WTI CAL MONTH FUT","TIL","08/2026","03/2027","900","USD","10.000%"
"NYM","CRUDE OIL SPREADS","WTL MIDLAND VS. WTI CAL MONTH FUT","TIL","04/2027","12/2029","600","USD","10.000%"
"NYM","CRUDE OIL SPREADS","UHC CLEARBROOK (EMDA) MONTHLY FUTUR","UHC","02/2026","02/2026","","USD","25.000%"
"NYM","CRUDE OIL SPREADS","UHC CLEARBROOK (EMDA) MONTHLY FUTUR","UHC","03/2026","03/2026","846","USD","25.000%"
"NYM","CRUDE OIL SPREADS","UHC CLEARBROOK (EMDA) MONTHLY FUTUR","UHC","04/2026","04/2026","750","USD","20.000%"
"NYM","CRUDE OIL SPREADS","UHC CLEARBROOK (EMDA) MONTHLY FUTUR","UHC","05/2026","12/2029","400","USD","15.000%"
"NYM","CRUDE OIL SPREADS","UHC CLEARBROOK (EMDA) VS. WTI TRADE","UHT","02/2026","02/2026","135","USD","25.000%"
"NYM","CRUDE OIL SPREADS","UHC CLEARBROOK (EMDA) VS. WTI TRADE","UHT","03/2026","03/2026","650","USD","20.000%"
"NYM","CRUDE OIL SPREADS","UHC CLEARBROOK (EMDA) VS. WTI TRADE","UHT","04/2026","12/2029","400","USD","15.000%"
"NYM","CRUDE OIL SPREADS","WTI HOUSTON VS. BRENT WBR CAL MO","WBR","01/2026","01/2026","461","USD","25.000%"
"NYM","CRUDE OIL SPREADS","WTI HOUSTON VS. BRENT WBR CAL MO","WBR","02/2026","07/2026","1300","USD","15.000%"
"NYM","CRUDE OIL SPREADS","WTI HOUSTON VS. BRENT WBR CAL MO","WBR","08/2026","12/2029","1300","USD","10.000%"
"NYM","CRUDE OIL SPREADS","WTI MIDLND (ARGS) VS. BRNT CRSS FUT","WBX","02/2026","02/2026","141","USD","28.000%"
"NYM","CRUDE OIL SPREADS","WTI MIDLND (ARGS) VS. BRNT CRSS FUT","WBX","03/2026","03/2026","800","USD","15.000%"
"NYM","CRUDE OIL SPREADS","WTI MIDLND (ARGS) VS. BRNT CRSS FUT","WBX","04/2026","05/2026","650","USD","15.000%"
"NYM","CRUDE OIL SPREADS","WTI MIDLND (ARGS) VS. BRNT CRSS FUT","WBX","06/2026","08/2026","600","USD","10.000%"
"NYM","CRUDE OIL SPREADS","WTI MIDLND (ARGS) VS. BRNT CRSS FUT","WBX","09/2026","12/2029","475","USD","10.000%"
"NYM","CRUDE OIL SPREADS","WTI HOUSTON VS. DUBAI CAL MO FUT","WDB","01/2026","01/2026","532","USD","25.000%"
"NYM","CRUDE OIL SPREADS","WTI HOUSTON VS. DUBAI CAL MO FUT","WDB","02/2026","07/2026","1250","USD","15.000%"
"NYM","CRUDE OIL SPREADS","WTI HOUSTON VS. DUBAI CAL MO FUT","WDB","08/2026","12/2029","1200","USD","10.000%"
"NYM","CRUDE OIL SPREADS","WTI HOUSTON VS. BRENT TRADE MO FUT","WHB","02/2026","02/2026","167","USD","25.000%"
"NYM","CRUDE OIL SPREADS","WTI HOUSTON VS. BRENT TRADE MO FUT","WHB","03/2026","08/2026","1300","USD","15.000%"
"NYM","CRUDE OIL SPREADS","WTI HOUSTON VS. BRENT TRADE MO FUT","WHB","09/2026","12/2029","1300","USD","10.000%"
"NYM","CRUDE OIL SPREADS","WTI HOUSTON VS. DUBAI TRADE MO FUT","WHD","02/2026","02/2026","193","USD","25.000%"
"NYM","CRUDE OIL SPREADS","WTI HOUSTON VS. DUBAI TRADE MO FUT","WHD","03/2026","08/2026","1250","USD","15.000%"
"NYM","CRUDE OIL SPREADS","WTI HOUSTON VS. DUBAI TRADE MO FUT","WHD","09/2026","12/2029","1200","USD","10.000%"
"NYM","CRUDE OIL SPREADS","WCS  HOUST ARGUS VS WTI TRADE","WHT","02/2026","02/2026","283","USD","25.000%"
"NYM","CRUDE OIL SPREADS","WCS  HOUST ARGUS VS WTI TRADE","WHT","03/2026","04/2026","2000","USD","25.000%"
"NYM","CRUDE OIL SPREADS","WCS  HOUST ARGUS VS WTI TRADE","WHT","05/2026","12/2029","1800","USD","25.000%"
"NYM","CRUDE OIL SPREADS","LLS (ARGUS) V WTI FUT","WJ","01/2026","01/2026","1300","USD","25.000%"
"NYM","CRUDE OIL SPREADS","LLS (ARGUS) V WTI FUT","WJ","02/2026","02/2026","5147","USD","15.000%"
"NYM","CRUDE OIL SPREADS","LLS (ARGUS) V WTI FUT","WJ","03/2026","03/2026","4968","USD","15.000%"
"NYM","CRUDE OIL SPREADS","LLS (ARGUS) V WTI FUT","WJ","04/2026","04/2026","4833","USD","10.000%"
"NYM","CRUDE OIL SPREADS","LLS (ARGUS) V WTI FUT","WJ","05/2026","05/2026","4630","USD","10.000%"
"NYM","CRUDE OIL SPREADS","LLS (ARGUS) V WTI FUT","WJ","06/2026","06/2026","4471","USD","10.000%"
"NYM","CRUDE OIL SPREADS","LLS (ARGUS) V WTI FUT","WJ","07/2026","07/2026","4363","USD","10.000%"
"NYM","CRUDE OIL SPREADS","LLS (ARGUS) V WTI FUT","WJ","08/2026","08/2026","4266","USD","10.000%"
"NYM","CRUDE OIL SPREADS","LLS (ARGUS) V WTI FUT","WJ","09/2026","09/2026","4171","USD","10.000%"
"NYM","CRUDE OIL SPREADS","LLS (ARGUS) V WTI FUT","WJ","10/2026","10/2026","4063","USD","10.000%"
"NYM","CRUDE OIL SPREADS","LLS (ARGUS) V WTI FUT","WJ","11/2026","11/2026","3975","USD","10.000%"
"NYM","CRUDE OIL SPREADS","LLS (ARGUS) V WTI FUT","WJ","12/2026","12/2026","3868","USD","10.000%"
"NYM","CRUDE OIL SPREADS","LLS (ARGUS) V WTI FUT","WJ","01/2027","01/2027","3763","USD","10.000%"
"NYM","CRUDE OIL SPREADS","LLS (ARGUS) V WTI FUT","WJ","02/2027","02/2027","3689","USD","10.000%"
"NYM","CRUDE OIL SPREADS","LLS (ARGUS) V WTI FUT","WJ","03/2027","03/2027","3636","USD","10.000%"
"NYM","CRUDE OIL SPREADS","LLS (ARGUS) V WTI FUT","WJ","04/2027","04/2027","3581","USD","10.000%"
"NYM","CRUDE OIL SPREADS","LLS (ARGUS) V WTI FUT","WJ","05/2027","05/2027","3535","USD","10.000%"
"NYM","CRUDE OIL SPREADS","LLS (ARGUS) V WTI FUT","WJ","06/2027","07/2027","3500","USD","10.000%"
"NYM","CRUDE OIL SPREADS","LLS (ARGUS) V WTI FUT","WJ","08/2027","08/2027","3484","USD","10.000%"
"NYM","CRUDE OIL SPREADS","LLS (ARGUS) V WTI FUT","WJ","09/2027","09/2027","3433","USD","10.000%"
"NYM","CRUDE OIL SPREADS","LLS (ARGUS) V WTI FUT","WJ","10/2027","10/2027","3383","USD","10.000%"
"NYM","CRUDE OIL SPREADS","LLS (ARGUS) V WTI FUT","WJ","11/2027","11/2027","3335","USD","10.000%"
"NYM","CRUDE OIL SPREADS","LLS (ARGUS) V WTI FUT","WJ","12/2027","12/2027","3281","USD","10.000%"
"NYM","CRUDE OIL SPREADS","LLS (ARGUS) V WTI FUT","WJ","01/2028","01/2028","3232","USD","10.000%"
"NYM","CRUDE OIL SPREADS","LLS (ARGUS) V WTI FUT","WJ","02/2028","02/2028","3187","USD","10.000%"
"NYM","CRUDE OIL SPREADS","LLS (ARGUS) V WTI FUT","WJ","03/2028","03/2028","3132","USD","10.000%"
"NYM","CRUDE OIL SPREADS","LLS (ARGUS) V WTI FUT","WJ","04/2028","04/2028","3084","USD","10.000%"
"NYM","CRUDE OIL SPREADS","LLS (ARGUS) V WTI FUT","WJ","05/2028","05/2028","3036","USD","10.000%"
"NYM","CRUDE OIL SPREADS","LLS (ARGUS) V WTI FUT","WJ","06/2028","06/2028","2980","USD","10.000%"
"NYM","CRUDE OIL SPREADS","LLS (ARGUS) V WTI FUT","WJ","07/2028","07/2028","2950","USD","10.000%"
"NYM","CRUDE OIL SPREADS","LLS (ARGUS) V WTI FUT","WJ","08/2028","08/2028","2934","USD","10.000%"
"NYM","CRUDE OIL SPREADS","LLS (ARGUS) V WTI FUT","WJ","09/2028","09/2028","2882","USD","10.000%"
"NYM","CRUDE OIL SPREADS","LLS (ARGUS) V WTI FUT","WJ","10/2028","10/2028","2850","USD","10.000%"
"NYM","CRUDE OIL SPREADS","LLS (ARGUS) V WTI FUT","WJ","11/2028","11/2028","2833","USD","10.000%"
"NYM","CRUDE OIL SPREADS","LLS (ARGUS) V WTI FUT","WJ","12/2028","12/2028","2782","USD","10.000%"
"NYM","CRUDE OIL SPREADS","LLS (ARGUS) V WTI FUT","WJ","01/2029","01/2029","2733","USD","10.000%"
"NYM","CRUDE OIL SPREADS","LLS (ARGUS) V WTI FUT","WJ","02/2029","02/2029","2684","USD","10.000%"
"NYM","CRUDE OIL SPREADS","LLS (ARGUS) V WTI FUT","WJ","03/2029","03/2029","2633","USD","10.000%"
"NYM","CRUDE OIL SPREADS","LLS (ARGUS) V WTI FUT","WJ","04/2029","12/2030","2600","USD","10.000%"
"NYM","CRUDE OIL SPREADS","LLS (ARGUS) V WTI FUT","WJ","01/2031","12/2031","1200","USD","10.000%"
"NYM","CRUDE OIL SPREADS","WTI MIDLAND VS. BRENT WMB TRADE MO","WMB","02/2026","02/2026","193","USD","25.000%"
"NYM","CRUDE OIL SPREADS","WTI MIDLAND VS. BRENT WMB TRADE MO","WMB","03/2026","08/2026","1500","USD","15.000%"
"NYM","CRUDE OIL SPREADS","WTI MIDLAND VS. BRENT WMB TRADE MO","WMB","09/2026","12/2029","1500","USD","10.000%"
"NYM","CRUDE OIL SPREADS","WTI MIDLAND VS. DUBAI TRADE MO FUT","WMD","02/2026","02/2026","361","USD","25.000%"
"NYM","CRUDE OIL SPREADS","WTI MIDLAND VS. DUBAI TRADE MO FUT","WMD","03/2026","08/2026","2800","USD","15.000%"
"NYM","CRUDE OIL SPREADS","WTI MIDLAND VS. DUBAI TRADE MO FUT","WMD","09/2026","12/2029","2800","USD","10.000%"
"NYM","CRUDE OIL SPREADS","WTI MIDLAND VS. BRENT WMR CAL MO","WMR","01/2026","01/2026","1029","USD","25.000%"
"NYM","CRUDE OIL SPREADS","WTI MIDLAND VS. BRENT WMR CAL MO","WMR","02/2026","07/2026","2900","USD","15.000%"
"NYM","CRUDE OIL SPREADS","WTI MIDLAND VS. BRENT WMR CAL MO","WMR","08/2026","12/2029","2900","USD","10.000%"
"NYM","CRUDE OIL SPREADS","WCS CUSHING (ARGUS) VS. WTI TRADE M","WNB","12/26/2025","12/31/2025","1365","USD","25.000%"
"NYM","CRUDE OIL SPREADS","WCS CUSHING (ARGUS) VS. WTI TRADE M","WNB","01/02/2026","01/23/2026","898","USD","15.000%"
"NYM","CRUDE OIL SPREADS","WCS CUSHING (ARGUS) VS. WTI TRADE M","WNB","01/26/2026","03/25/2026","2500","USD","15.000%"
"NYM","CRUDE OIL SPREADS","WCS CUSH ARGUS VS WTI TRADE MTH FUT","WNT","02/2026","02/2026","354","USD","25.000%"
"NYM","CRUDE OIL SPREADS","WCS CUSH ARGUS VS WTI TRADE MTH FUT","WNT","03/2026","04/2026","2500","USD","15.000%"
"NYM","CRUDE OIL SPREADS","WCS CUSH ARGUS VS WTI TRADE MTH FUT","WNT","05/2026","08/2026","2250","USD","10.000%"
"NYM","CRUDE OIL SPREADS","WCS CUSH ARGUS VS WTI TRADE MTH FUT","WNT","09/2026","12/2031","2000","USD","10.000%"
"NYM","CRUDE OIL SPREADS","WTI MIDLAND (A) VS. WTI TRADE M BAL","WTB","12/26/2025","12/31/2025","359","USD","35.000%"
"NYM","CRUDE OIL SPREADS","WTI MIDLAND (A) VS. WTI TRADE M BAL","WTB","01/02/2026","01/23/2026","197","USD","15.000%"
"NYM","CRUDE OIL SPREADS","WTI MIDLAND (A) VS. WTI TRADE M BAL","WTB","01/26/2026","04/24/2026","550","USD","15.000%"
"NYM","CRUDE OIL SPREADS","WTI MIDLAND VS. DUBAI CAL MO FUT","WTD","01/2026","01/2026","940","USD","25.000%"
"NYM","CRUDE OIL SPREADS","WTI MIDLAND VS. DUBAI CAL MO FUT","WTD","02/2026","07/2026","2600","USD","15.000%"
"NYM","CRUDE OIL SPREADS","WTI MIDLAND VS. DUBAI CAL MO FUT","WTD","08/2026","12/2029","2500","USD","10.000%"
"NYM","CRUDE OIL SPREADS","WTL MIDLAND (ARGUS) VS. WTI TRADE M","WTL","02/2026","02/2026","103","USD","25.000%"
"NYM","CRUDE OIL SPREADS","WTL MIDLAND (ARGUS) VS. WTI TRADE M","WTL","03/2026","03/2026","500","USD","15.000%"
"NYM","CRUDE OIL SPREADS","WTL MIDLAND (ARGUS) VS. WTI TRADE M","WTL","04/2026","05/2026","450","USD","15.000%"
"NYM","CRUDE OIL SPREADS","WTL MIDLAND (ARGUS) VS. WTI TRADE M","WTL","06/2026","12/2029","450","USD","10.000%"
"NYM","CRUDE OIL SPREADS","WTI MIDLAND (ARG) VS. WTI TRADE MTH","WTT","02/2026","02/2026","58","USD","28.000%"
"NYM","CRUDE OIL SPREADS","WTI MIDLAND (ARG) VS. WTI TRADE MTH","WTT","03/2026","03/2026","300","USD","15.000%"
"NYM","CRUDE OIL SPREADS","WTI MIDLAND (ARG) VS. WTI TRADE MTH","WTT","04/2026","05/2026","250","USD","15.000%"
"NYM","CRUDE OIL SPREADS","WTI MIDLAND (ARG) VS. WTI TRADE MTH","WTT","06/2026","08/2026","200","USD","10.000%"
"NYM","CRUDE OIL SPREADS","WTI MIDLAND (ARG) VS. WTI TRADE MTH","WTT","09/2026","12/2033","175","USD","10.000%"
"NYM","CRUDE OIL SPREADS","WTI EX-PIPE (ARGS) VS WTI TRADE FU","XTT","02/2026","02/2026","103","USD","25.000%"
"NYM","CRUDE OIL SPREADS","WTI EX-PIPE (ARGS) VS WTI TRADE FU","XTT","03/2026","03/2026","500","USD","15.000%"
"NYM","CRUDE OIL SPREADS","WTI EX-PIPE (ARGS) VS WTI TRADE FU","XTT","04/2026","08/2026","300","USD","10.000%"
"NYM","CRUDE OIL SPREADS","WTI EX-PIPE (ARGS) VS WTI TRADE FU","XTT","09/2026","08/2027","225","USD","10.000%"
"NYM","CRUDE OIL SPREADS","WTI EX-PIPE (ARGS) VS WTI TRADE FU","XTT","09/2027","12/2028","200","USD","10.000%"
"NYM","CRUDE OIL SPREADS","MARS (ARGUS) V WTI TRD MTH FUT","YV","02/2026","02/2026","103","USD","25.000%"
"NYM","CRUDE OIL SPREADS","MARS (ARGUS) V WTI TRD MTH FUT","YV","03/2026","03/2026","500","USD","15.000%"
"NYM","CRUDE OIL SPREADS","MARS (ARGUS) V WTI TRD MTH FUT","YV","04/2026","08/2026","500","USD","10.000%"
"NYM","CRUDE OIL SPREADS","MARS (ARGUS) V WTI TRD MTH FUT","YV","09/2026","12/2031","350","USD","10.000%"
"NYM","CRUDE OIL SPREADS","MARS (ARGUS) VS. WTI TRADE MONTH BA","YVB","12/26/2025","12/31/2025","395","USD","25.000%"
"NYM","CRUDE OIL SPREADS","MARS (ARGUS) VS. WTI TRADE MONTH BA","YVB","01/02/2026","01/23/2026","251","USD","15.000%"
"NYM","CRUDE OIL SPREADS","MARS (ARGUS) VS. WTI TRADE MONTH BA","YVB","01/26/2026","03/25/2026","700","USD","15.000%"
"NYM","CRUDE OIL SPREADS","MARS (ARGUS) V WTI FUT","YX","01/2026","01/2026","283","USD","25.000%"
"NYM","CRUDE OIL SPREADS","MARS (ARGUS) V WTI FUT","YX","02/2026","07/2026","700","USD","15.000%"
"NYM","CRUDE OIL SPREADS","MARS (ARGUS) V WTI FUT","YX","08/2026","12/2031","625","USD","10.000%"
"NYM","DME Products","BRENT (SPORE) VS GME OMAN","BDS","01/2026","01/2026","887","USD","0.08"
"NYM","DME Products","BRENT (SPORE) VS GME OMAN","BDS","02/2026","12/2028","2250","USD","0.08"
"NYM","DME Products","GME CRUDE OIL BALMO FUT","DDB","01/02/2026","01/30/2026","4169","USD","0.08"
"NYM","DME Products","GME CRUDE OIL BALMO FUT","DDB","02/02/2026","03/31/2026","7000","USD","0.08"
"NYM","DME Products","GME OMAN CRUDE CAL FUT","ODO","01/2026","01/2026","5500","USD","8.000%"
"NYM","DME Products","GME OMAN CRUDE CAL FUT","ODO","02/2026","03/2026","5400","USD","8.000%"
"NYM","DME Products","GME OMAN CRUDE CAL FUT","ODO","04/2026","08/2026","5300","USD","8.000%"
"NYM","DME Products","GME OMAN CRUDE CAL FUT","ODO","09/2026","12/2028","5100","USD","8.000%"
"NYM","ELECTRICITY","CAISO NP15 EZGNHUB5 MW P DAY A","1Y","02/2026","02/2026","400","USD","0.025"
"NYM","ELECTRICITY","CAISO NP15 EZGNHUB5 MW P DAY A","1Y","03/2026","07/2026","300","USD","0.025"
"NYM","ELECTRICITY","CAISO NP15 EZGNHUB5 MW P DAY A","1Y","08/2026","12/2031","200","USD","0.025"
"NYM","ELECTRICITY","CAISO SP15 EZGNHUB5 MW P DAY A","1Z","02/2026","02/2026","400","USD","0.025"
"NYM","ELECTRICITY","CAISO SP15 EZGNHUB5 MW P DAY A","1Z","03/2026","04/2026","300","USD","0.025"
"NYM","ELECTRICITY","CAISO SP15 EZGNHUB5 MW P DAY A","1Z","05/2026","12/2031","200","USD","0.025"
"NYM","ELECTRICITY","PJM WEST HUB REAL-TIME PK 5 MW SYN","28A","01/2027","01/2027","76800","USD","10.000%"
"NYM","ELECTRICITY","PJM WEST HUB REAL-TIME PK 5 MW SYN","28A","01/2028","01/2029","76500","USD","10.000%"
"NYM","ELECTRICITY","CAISO NP15 EZGNHUB5 MW OFF P D","2D","02/2026","02/2026","20","USD","0.025"
"NYM","ELECTRICITY","CAISO NP15 EZGNHUB5 MW OFF P D","2D","03/2026","12/2031","10","USD","0.025"
"NYM","ELECTRICITY","CAISO SP15 EZGNHUB5 MW OFF P D","2E","02/2026","02/2026","20","USD","0.025"
"NYM","ELECTRICITY","CAISO SP15 EZGNHUB5 MW OFF P D","2E","03/2026","12/2031","10","USD","0.025"
"NYM","ELECTRICITY","CAISO NP15 EZGNHUB5 PEAK CLN D","2F","01/15/2026","02/28/2026","950","USD","0.05"
"NYM","ELECTRICITY","CAISO SP15 EZGNHUB5 PEAK CLN D","2H","01/15/2026","02/28/2026","1125","USD","0.05"
"NYM","ELECTRICITY","CAISO NP15 EZGNHUB5 OFF P CLN","2J","01/15/2026","02/28/2026","35","USD","0.05"
"NYM","ELECTRICITY","CAISO SP15 EZGNHUB5 OFF P CLN","2K","01/15/2026","02/28/2026","35","USD","0.05"
"NYM","ELECTRICITY","CAISO NP15 EZGNHUB5 OFF P CLN","2Z","01/15/2026","02/28/2026","35","USD","0.05"
"NYM","ELECTRICITY","CAISO NP15 EZGNHUB5 MW OFF P D","3X","02/2026","02/2026","20","USD","0.05"
"NYM","ELECTRICITY","CAISO NP15 EZGNHUB5 MW OFF P D","3X","03/2026","12/2031","10","USD","0.05"
"NYM","ELECTRICITY","CAISO NP15 EZGNHUB5 PEAK CLN D","3Z","01/15/2026","02/28/2026","675","USD","0.05"
"NYM","ELECTRICITY","PJM METED ZONE OFFPK CAL MO LMP FUT","46","01/2026","01/2026","13","USD","0.08"
"NYM","ELECTRICITY","PJM METED ZONE OFFPK CAL MO LMP FUT","46","02/2026","02/2026","26","USD","0.08"
"NYM","ELECTRICITY","PJM METED ZONE OFFPK CAL MO LMP FUT","46","03/2026","04/2026","15","USD","0.08"
"NYM","ELECTRICITY","PJM METED ZONE OFFPK CAL MO LMP FUT","46","05/2026","12/2031","10","USD","0.08"
"NYM","ELECTRICITY","PJM METED ZONE PK CAL LMP FUTURES","47","01/2026","01/2026","293","USD","0.08"
"NYM","ELECTRICITY","PJM METED ZONE PK CAL LMP FUTURES","47","02/2026","02/2026","600","USD","0.08"
"NYM","ELECTRICITY","PJM METED ZONE PK CAL LMP FUTURES","47","03/2026","06/2026","350","USD","0.08"
"NYM","ELECTRICITY","PJM METED ZONE PK CAL LMP FUTURES","47","07/2026","12/2031","150","USD","0.08"
"NYM","ELECTRICITY","PJM PENELEC ZONE PK CAL LMP FUT","49","01/2026","01/2026","316","USD","0.08"
"NYM","ELECTRICITY","PJM PENELEC ZONE PK CAL LMP FUT","49","02/2026","02/2026","600","USD","0.08"
"NYM","ELECTRICITY","PJM PENELEC ZONE PK CAL LMP FUT","49","03/2026","12/2031","220","USD","0.08"
"NYM","ELECTRICITY","NYISO ZONE F 5MW PK FUT","4L","01/2026","01/2026","1350","USD","0.06"
"NYM","ELECTRICITY","NYISO ZONE F 5MW PK FUT","4L","02/2026","02/2026","1300","USD","0.06"
"NYM","ELECTRICITY","NYISO ZONE F 5MW PK FUT","4L","03/2026","04/2026","900","USD","0.06"
"NYM","ELECTRICITY","NYISO ZONE F 5MW PK FUT","4L","05/2026","12/2031","325","USD","0.06"
"NYM","ELECTRICITY","NYISO ZONE F  5MW  O PK FUT","4M","01/2026","01/2026","120","USD","0.06"
"NYM","ELECTRICITY","NYISO ZONE F  5MW  O PK FUT","4M","02/2026","02/2026","90","USD","0.06"
"NYM","ELECTRICITY","NYISO ZONE F  5MW  O PK FUT","4M","03/2026","12/2031","23","USD","0.06"
"NYM","ELECTRICITY","PJM PECO Z5 MW PK CLM DA LMP","4N","01/2026","01/2026","189","USD","0.025"
"NYM","ELECTRICITY","PJM PECO Z5 MW PK CLM DA LMP","4N","02/2026","02/2026","370","USD","0.025"
"NYM","ELECTRICITY","PJM PECO Z5 MW PK CLM DA LMP","4N","03/2026","11/2026","140","USD","0.025"
"NYM","ELECTRICITY","PJM PECO Z5 MW PK CLM DA LMP","4N","12/2026","12/2031","110","USD","0.025"
"NYM","ELECTRICITY","PJM PECO Z5 MW OFPK CLM DA LMP","4P","01/2026","01/2026","10","USD","0.025"
"NYM","ELECTRICITY","PJM PECO Z5 MW OFPK CLM DA LMP","4P","02/2026","02/2026","20","USD","0.025"
"NYM","ELECTRICITY","PJM PECO Z5 MW OFPK CLM DA LMP","4P","03/2026","11/2026","10","USD","0.025"
"NYM","ELECTRICITY","PJM PECO Z5 MW OFPK CLM DA LMP","4P","12/2026","12/2031","5","USD","0.025"
"NYM","ELECTRICITY","MID IND TRAN SO IL HUB5MW PEAK","4Q","01/2026","01/2026","316","USD","0.05"
"NYM","ELECTRICITY","MID IND TRAN SO IL HUB5MW PEAK","4Q","02/2026","02/2026","500","USD","0.05"
"NYM","ELECTRICITY","MID IND TRAN SO IL HUB5MW PEAK","4Q","03/2026","12/2031","200","USD","0.05"
"NYM","ELECTRICITY","MID IND TRAN SO IL HUB5MW OFFP","4R","01/2026","01/2026","13","USD","0.05"
"NYM","ELECTRICITY","MID IND TRAN SO IL HUB5MW OFFP","4R","02/2026","02/2026","20","USD","0.05"
"NYM","ELECTRICITY","MID IND TRAN SO IL HUB5MW OFFP","4R","03/2026","12/2031","10","USD","0.05"
"NYM","ELECTRICITY","CAISO NP15 EZGNHUB5 MW P DAY A","4X","02/2026","02/2026","500","USD","0.05"
"NYM","ELECTRICITY","CAISO NP15 EZGNHUB5 MW P DAY A","4X","03/2026","07/2026","300","USD","0.05"
"NYM","ELECTRICITY","CAISO NP15 EZGNHUB5 MW P DAY A","4X","08/2026","12/2031","200","USD","0.05"
"NYM","ELECTRICITY","CAISO SP15 EZGNHUB5 OFF P CLN","4Z","01/15/2026","02/28/2026","35","USD","0.05"
"NYM","ELECTRICITY","PJM PENELEC ZN OFF-PK CAL LMP FUT","50","01/2026","01/2026","9","USD","0.08"
"NYM","ELECTRICITY","PJM PENELEC ZN OFF-PK CAL LMP FUT","50","02/2026","02/2026","10","USD","0.08"
"NYM","ELECTRICITY","PJM PENELEC ZN OFF-PK CAL LMP FUT","50","03/2026","12/2031","7","USD","0.08"
"NYM","ELECTRICITY","NYISO ZONE E 5MW PK CAL MO FUT","55","01/2026","01/2026","541","USD","0.1"
"NYM","ELECTRICITY","NYISO ZONE E 5MW PK CAL MO FUT","55","02/2026","02/2026","1000","USD","0.1"
"NYM","ELECTRICITY","NYISO ZONE E 5MW PK CAL MO FUT","55","03/2026","12/2031","350","USD","0.1"
"NYM","ELECTRICITY","NYISO ZONE E 5MW OFF- PK CAL MO FUT","58","01/2026","01/2026","31","USD","0.1"
"NYM","ELECTRICITY","NYISO ZONE E 5MW OFF- PK CAL MO FUT","58","02/2026","06/2026","50","USD","0.1"
"NYM","ELECTRICITY","NYISO ZONE E 5MW OFF- PK CAL MO FUT","58","07/2026","12/2031","14","USD","0.1"
"NYM","ELECTRICITY","CAISO SP15 EZGNHUB5 MW OFF P D","5X","02/2026","02/2026","15","USD","0.05"
"NYM","ELECTRICITY","CAISO SP15 EZGNHUB5 MW OFF P D","5X","03/2026","12/2031","10","USD","0.05"
"NYM","ELECTRICITY","MISO INDIANA HUB PEAK 5 MW STRP SYN","7EM","01/2027","01/2027","51400","USD","25.000%"
"NYM","ELECTRICITY","MISO INDIANA HUB PEAK 5 MW STRP SYN","7EM","01/2028","01/2031","51000","USD","25.000%"
"NYM","ELECTRICITY","CAISO SP15 EZGNHUB5 MW P DAY A","9X","02/2026","02/2026","500","USD","0.05"
"NYM","ELECTRICITY","CAISO SP15 EZGNHUB5 MW P DAY A","9X","03/2026","04/2026","400","USD","0.05"
"NYM","ELECTRICITY","CAISO SP15 EZGNHUB5 MW P DAY A","9X","05/2026","07/2026","300","USD","0.05"
"NYM","ELECTRICITY","CAISO SP15 EZGNHUB5 MW P DAY A","9X","08/2026","12/2026","200","USD","0.05"
"NYM","ELECTRICITY","CAISO SP15 EZGNHUB5 MW P DAY A","9X","01/2027","12/2031","100","USD","0.05"
"NYM","ELECTRICITY","CAISO SP15 EZGNHUB5 PEAK CLN D","9Z","01/15/2026","01/29/2026","1500","USD","0.05"
"NYM","ELECTRICITY","CAISO SP15 EZGNHUB5 PEAK CLN D","9Z","01/30/2026","02/28/2026","1400","USD","0.05"
"NYM","ELECTRICITY","NYISO ZONE C 5MW D AH O PK","A3","01/2026","01/2026","16","USD","0.025"
"NYM","ELECTRICITY","NYISO ZONE C 5MW D AH O PK","A3","02/2026","02/2026","25","USD","0.025"
"NYM","ELECTRICITY","NYISO ZONE C 5MW D AH O PK","A3","03/2026","12/2031","12","USD","0.025"
"NYM","ELECTRICITY","ALBERTA PWR POOL EXT. OF-PK CAL MO","AEF","01/2026","01/2026","","CAD","0.08"
"NYM","ELECTRICITY","ALBERTA PWR POOL EXT. OF-PK CAL MO","AEF","02/2026","02/2026","4","CAD","0.08"
"NYM","ELECTRICITY","ALBERTA PWR POOL EXT. OF-PK CAL MO","AEF","03/2026","12/2031","15","CAD","0.08"
"NYM","ELECTRICITY","ALBERTA PWR POOL EXT. PK CAL MONTH","AEX","12/2025","12/2025","","CAD","0.08"
"NYM","ELECTRICITY","ALBERTA PWR POOL EXT. PK CAL MONTH","AEX","01/2026","01/2026","225","CAD","0.08"
"NYM","ELECTRICITY","ALBERTA PWR POOL EXT. PK CAL MONTH","AEX","02/2026","12/2031","300","CAD","0.08"
"NYM","ELECTRICITY","ALBERTA PWR POOL EXT. OF-PK CAL DAY","AFP","01/08/2026","02/28/2026","150","CAD","0.08"
"NYM","ELECTRICITY","ALBERTA POWER POOL OF-PK CAL DAY","ALF","01/08/2026","02/28/2026","150","CAD","0.08"
"NYM","ELECTRICITY","ALBERTA POWER POOL PK CAL DAY FUT","ALP","01/08/2026","02/28/2026","3000","CAD","0.08"
"NYM","ELECTRICITY","NYISO ZONE A LBMP FUT","AN","01/15/2026","02/06/2026","3600","USD","0.05"
"NYM","ELECTRICITY","NYISO ZONE A LBMP FUT","AN","02/09/2026","02/27/2026","3000","USD","0.05"
"NYM","ELECTRICITY","ALBERTA POWER POOL CAL DAY FUTURES","AOD","01/08/2026","01/25/2026","50","CAD","0.2"
"NYM","ELECTRICITY","ALBERTA POWER POOL CAL DAY FUTURES","AOD","01/26/2026","02/01/2026","20","CAD","0.2"
"NYM","ELECTRICITY","ALBERTA POWER POOL CAL DAY FUTURES","AOD","02/02/2026","02/28/2026","10","CAD","0.2"
"NYM","ELECTRICITY","ALBERTA POWER POOL CAL MONTH FUT","AOM","01/2026","01/2026","","CAD","0.08"
"NYM","ELECTRICITY","ALBERTA POWER POOL CAL MONTH FUT","AOM","02/2026","02/2026","5","CAD","0.08"
"NYM","ELECTRICITY","ALBERTA POWER POOL CAL MONTH FUT","AOM","03/2026","07/2026","20","CAD","0.08"
"NYM","ELECTRICITY","ALBERTA POWER POOL CAL MONTH FUT","AOM","08/2026","12/2031","15","CAD","0.08"
"NYM","ELECTRICITY","PJM AEP DAYTON HUB RT OP DAILY","AOR","01/08/2026","01/26/2026","450","USD","0.2"
"NYM","ELECTRICITY","PJM AEP DAYTON HUB RT OP DAILY","AOR","01/27/2026","02/28/2026","70","USD","0.2"
"NYM","ELECTRICITY","ALBERTA POWER POOL OF-PK CAL MONTH","APF","02/2026","02/2026","5","CAD","0.08"
"NYM","ELECTRICITY","ALBERTA POWER POOL OF-PK CAL MONTH","APF","03/2026","07/2026","20","CAD","0.08"
"NYM","ELECTRICITY","ALBERTA POWER POOL OF-PK CAL MONTH","APF","08/2026","12/2031","15","CAD","0.08"
"NYM","ELECTRICITY","ALBERTA POWER POOL PK CAL MO FUT","APP","02/2026","02/2026","112","CAD","0.08"
"NYM","ELECTRICITY","ALBERTA POWER POOL PK CAL MO FUT","APP","03/2026","12/2031","300","CAD","0.08"
"NYM","ELECTRICITY","ALBERTA POWER POOL EXT. PK CAL DAY","AXP","01/08/2026","02/27/2026","1000","CAD","0.08"
"NYM","ELECTRICITY","PJM NI HUB 5MW REAL TIME PK","B3","02/2026","02/2026","500","USD","0.025"
"NYM","ELECTRICITY","PJM NI HUB 5MW REAL TIME PK","B3","03/2026","03/2026","450","USD","0.025"
"NYM","ELECTRICITY","PJM NI HUB 5MW REAL TIME PK","B3","04/2026","05/2026","350","USD","0.025"
"NYM","ELECTRICITY","PJM NI HUB 5MW REAL TIME PK","B3","06/2026","12/2026","250","USD","0.025"
"NYM","ELECTRICITY","PJM NI HUB 5MW REAL TIME PK","B3","01/2027","12/2031","200","USD","0.025"
"NYM","ELECTRICITY","PJM NI HUB 5MW REAL TIME O PK","B6","02/2026","02/2026","21","USD","0.025"
"NYM","ELECTRICITY","PJM NI HUB 5MW REAL TIME O PK","B6","03/2026","03/2026","19","USD","0.025"
"NYM","ELECTRICITY","PJM NI HUB 5MW REAL TIME O PK","B6","04/2026","05/2026","15","USD","0.025"
"NYM","ELECTRICITY","PJM NI HUB 5MW REAL TIME O PK","B6","06/2026","12/2031","13","USD","0.025"
"NYM","ELECTRICITY","NEW ENGLAND HUB PEAK DAILY","CE","12/31/2025","01/23/2026","8000","USD","0.05"
"NYM","ELECTRICITY","NEW ENGLAND HUB PEAK DAILY","CE","01/26/2026","02/27/2026","7000","USD","0.05"
"NYM","ELECTRICITY","NYISO ZONE G 5MW D AH O PK","D2","02/2026","02/2026","35","USD","0.025"
"NYM","ELECTRICITY","NYISO ZONE G 5MW D AH O PK","D2","03/2026","03/2026","25","USD","0.025"
"NYM","ELECTRICITY","NYISO ZONE G 5MW D AH O PK","D2","04/2026","05/2026","13","USD","0.025"
"NYM","ELECTRICITY","NYISO ZONE G 5MW D AH O PK","D2","06/2026","12/2031","8","USD","0.025"
"NYM","ELECTRICITY","NYISO ZONE J 5MW D AH PK","D3","02/2026","02/2026","800","USD","0.12"
"NYM","ELECTRICITY","NYISO ZONE J 5MW D AH PK","D3","03/2026","03/2026","500","USD","0.08"
"NYM","ELECTRICITY","NYISO ZONE J 5MW D AH PK","D3","04/2026","07/2026","400","USD","0.06"
"NYM","ELECTRICITY","NYISO ZONE J 5MW D AH PK","D3","08/2026","12/2031","150","USD","0.06"
"NYM","ELECTRICITY","NYISO ZONE J 5MW D AH O PK","D4","02/2026","02/2026","35","USD","0.025"
"NYM","ELECTRICITY","NYISO ZONE J 5MW D AH O PK","D4","03/2026","03/2026","25","USD","0.025"
"NYM","ELECTRICITY","NYISO ZONE J 5MW D AH O PK","D4","04/2026","05/2026","15","USD","0.025"
"NYM","ELECTRICITY","NYISO ZONE J 5MW D AH O PK","D4","06/2026","12/2031","8","USD","0.025"
"NYM","ELECTRICITY","PJM DUQUESNE 5MW D AH PK","D5","01/2026","01/2026","700","USD","0.025"
"NYM","ELECTRICITY","PJM DUQUESNE 5MW D AH PK","D5","02/2026","02/2026","500","USD","0.025"
"NYM","ELECTRICITY","PJM DUQUESNE 5MW D AH PK","D5","03/2026","12/2031","220","USD","0.025"
"NYM","ELECTRICITY","PJM DUQUS 5MW D AH O PK","D6","01/2026","01/2026","18","USD","0.025"
"NYM","ELECTRICITY","PJM DUQUS 5MW D AH O PK","D6","02/2026","02/2026","28","USD","0.025"
"NYM","ELECTRICITY","PJM DUQUS 5MW D AH O PK","D6","03/2026","12/2031","10","USD","0.025"
"NYM","ELECTRICITY","PJM DAYTON DA PEAK","D7","02/2026","02/2026","935","USD","0.025"
"NYM","ELECTRICITY","PJM DAYTON DA PEAK","D7","03/2026","03/2026","715","USD","0.025"
"NYM","ELECTRICITY","PJM DAYTON DA PEAK","D7","04/2026","05/2026","510","USD","0.025"
"NYM","ELECTRICITY","PJM DAYTON DA PEAK","D7","06/2026","12/2026","410","USD","0.025"
"NYM","ELECTRICITY","PJM DAYTON DA PEAK","D7","01/2027","01/2032","310","USD","0.025"
"NYM","ELECTRICITY","PJM COMED 5MW D AH PK","D8","01/2026","01/2026","800","USD","0.025"
"NYM","ELECTRICITY","PJM COMED 5MW D AH PK","D8","02/2026","02/2026","550","USD","0.025"
"NYM","ELECTRICITY","PJM COMED 5MW D AH PK","D8","03/2026","04/2026","430","USD","0.025"
"NYM","ELECTRICITY","PJM COMED 5MW D AH PK","D8","05/2026","12/2031","220","USD","0.025"
"NYM","ELECTRICITY","PJM COMED 5MW D AH O PK","D9","01/2026","01/2026","18","USD","0.025"
"NYM","ELECTRICITY","PJM COMED 5MW D AH O PK","D9","02/2026","02/2026","26","USD","0.025"
"NYM","ELECTRICITY","PJM COMED 5MW D AH O PK","D9","03/2026","04/2026","18","USD","0.025"
"NYM","ELECTRICITY","PJM COMED 5MW D AH O PK","D9","05/2026","12/2031","10","USD","0.025"
"NYM","ELECTRICITY","GERMAN POWER BASELOAD CAL MONTH FUT","DEB","01/2026","01/2026","14000","EUR","0.08"
"NYM","ELECTRICITY","GERMAN POWER BASELOAD CAL MONTH FUT","DEB","02/2026","02/2026","12500","EUR","0.08"
"NYM","ELECTRICITY","GERMAN POWER BASELOAD CAL MONTH FUT","DEB","03/2026","08/2026","11000","EUR","0.08"
"NYM","ELECTRICITY","GERMAN POWER BASELOAD CAL MONTH FUT","DEB","09/2026","12/2030","9000","EUR","0.08"
"NYM","ELECTRICITY","GERMAN POWER PEAKLOAD CAL MONTH FUT","DEP","01/2026","01/2026","7500","EUR","0.08"
"NYM","ELECTRICITY","GERMAN POWER PEAKLOAD CAL MONTH FUT","DEP","02/2026","02/2026","7000","EUR","0.08"
"NYM","ELECTRICITY","GERMAN POWER PEAKLOAD CAL MONTH FUT","DEP","03/2026","03/2026","6000","EUR","0.08"
"NYM","ELECTRICITY","GERMAN POWER PEAKLOAD CAL MONTH FUT","DEP","04/2026","12/2028","4500","EUR","0.08"
"NYM","ELECTRICITY","PJM BGE DA PEAK","E3","01/2026","01/2026","564","USD","0.025"
"NYM","ELECTRICITY","PJM BGE DA PEAK","E3","02/2026","02/2026","1200","USD","0.025"
"NYM","ELECTRICITY","PJM BGE DA PEAK","E3","03/2026","04/2026","750","USD","0.025"
"NYM","ELECTRICITY","PJM BGE DA PEAK","E3","05/2026","12/2031","180","USD","0.025"
"NYM","ELECTRICITY","PJM WESTH DA OFF-PEAK","E4","02/2026","02/2026","46","USD","0.025"
"NYM","ELECTRICITY","PJM WESTH DA OFF-PEAK","E4","03/2026","03/2026","36","USD","0.025"
"NYM","ELECTRICITY","PJM WESTH DA OFF-PEAK","E4","04/2026","05/2026","31","USD","0.025"
"NYM","ELECTRICITY","PJM WESTH DA OFF-PEAK","E4","06/2026","12/2026","21","USD","0.025"
"NYM","ELECTRICITY","PJM WESTH DA OFF-PEAK","E4","01/2027","01/2032","11","USD","0.025"
"NYM","ELECTRICITY","PJM DPL DA OFF-PEAK","E8","01/2026","01/2026","18","USD","0.025"
"NYM","ELECTRICITY","PJM DPL DA OFF-PEAK","E8","02/2026","02/2026","30","USD","0.025"
"NYM","ELECTRICITY","PJM DPL DA OFF-PEAK","E8","03/2026","11/2026","15","USD","0.025"
"NYM","ELECTRICITY","PJM DPL DA OFF-PEAK","E8","12/2026","12/2031","8","USD","0.025"
"NYM","ELECTRICITY","PJM EASTERNH DA PEAK","E9","01/2026","01/2026","316","USD","0.025"
"NYM","ELECTRICITY","PJM EASTERNH DA PEAK","E9","02/2026","02/2026","400","USD","0.025"
"NYM","ELECTRICITY","PJM EASTERNH DA PEAK","E9","03/2026","12/2031","220","USD","0.025"
"NYM","ELECTRICITY","ERCOT HSTN 345 KV HUB DAY AHED PK","EHE","02/2026","02/2026","870","USD","0.08"
"NYM","ELECTRICITY","ERCOT HSTN 345 KV HUB DAY AHED PK","EHE","03/2026","03/2026","3600","USD","0.08"
"NYM","ELECTRICITY","ERCOT HSTN 345 KV HUB DAY AHED PK","EHE","04/2026","12/2031","1500","USD","0.08"
"NYM","ELECTRICITY","ERCOT HSTN 345KV HUB DAYHD 5MW PK","EHF","01/08/2026","02/27/2026","8500","USD","0.08"
"NYM","ELECTRICITY","ERCOT HSTON 345KV HUB DAY AHD OFFPK","EHP","02/2026","02/2026","17","USD","0.08"
"NYM","ELECTRICITY","ERCOT HSTON 345KV HUB DAY AHD OFFPK","EHP","03/2026","03/2026","90","USD","0.08"
"NYM","ELECTRICITY","ERCOT HSTON 345KV HUB DAY AHD OFFPK","EHP","04/2026","12/2031","45","USD","0.08"
"NYM","ELECTRICITY","ERCOT HOUST 345KV HUB DAYH 5MW OFPK","EHW","01/08/2026","02/28/2026","340","USD","0.08"
"NYM","ELECTRICITY","ERCOT DAILY LOAD FORCAST FUT","EMC","01/12/2026","01/31/2026","2250","USD","0.08"
"NYM","ELECTRICITY","ERCOT SOUTH 345KV HUB DAY AHD OFFPK","ERA","02/2026","02/2026","17","USD","0.08"
"NYM","ELECTRICITY","ERCOT SOUTH 345KV HUB DAY AHD OFFPK","ERA","03/2026","03/2026","90","USD","0.08"
"NYM","ELECTRICITY","ERCOT SOUTH 345KV HUB DAY AHD OFFPK","ERA","04/2026","12/2031","45","USD","0.08"
"NYM","ELECTRICITY","ERCOT NORTH 345 KV HUB DAY AHEAD PK","ERE","02/2026","03/2026","3600","USD","0.08"
"NYM","ELECTRICITY","ERCOT NORTH 345 KV HUB DAY AHEAD PK","ERE","04/2026","12/2031","2250","USD","0.08"
"NYM","ELECTRICITY","ERCOT NRTH 345KV HUB DAYHD 5MW OFPK","ERP","01/08/2026","02/28/2026","340","USD","0.08"
"NYM","ELECTRICITY","ERCOT NORTH 345KV HUB DAY AHD OFFPK","ERU","02/2026","03/2026","115","USD","0.08"
"NYM","ELECTRICITY","ERCOT NORTH 345KV HUB DAY AHD OFFPK","ERU","04/2026","12/2031","45","USD","0.08"
"NYM","ELECTRICITY","ERCOT NORTH 345KV HUB DAYHD 5MW PK","ERW","01/08/2026","02/27/2026","11000","USD","0.08"
"NYM","ELECTRICITY","ERCOT SOUTH 345KV HUB DAY AHEAD PK","EUE","02/2026","02/2026","696","USD","0.08"
"NYM","ELECTRICITY","ERCOT SOUTH 345KV HUB DAY AHEAD PK","EUE","03/2026","03/2026","3600","USD","0.08"
"NYM","ELECTRICITY","ERCOT SOUTH 345KV HUB DAY AHEAD PK","EUE","04/2026","12/2031","1500","USD","0.08"
"NYM","ELECTRICITY","ERCOT S. 345KV HUB DAYHD 5MW OFPK","EUP","01/08/2026","02/28/2026","340","USD","0.08"
"NYM","ELECTRICITY","ERCOT SOUTH 345KV HUB DAYHD 5MW PK","EUW","01/08/2026","02/27/2026","6500","USD","0.08"
"NYM","ELECTRICITY","ERCOT WEST 345 KV HUB DAY AHEAD PK","EWE","02/2026","03/2026","3600","USD","0.08"
"NYM","ELECTRICITY","ERCOT WEST 345 KV HUB DAY AHEAD PK","EWE","04/2026","12/2031","1500","USD","0.08"
"NYM","ELECTRICITY","ERCOT WEST 345KV HUB DAYHD 5MW OFPK","EWF","01/08/2026","02/28/2026","340","USD","0.08"
"NYM","ELECTRICITY","ERCOT WEST 345KV HUB DAY AHD OFFPK","EWK","02/2026","02/2026","12","USD","0.08"
"NYM","ELECTRICITY","ERCOT WEST 345KV HUB DAY AHD OFFPK","EWK","03/2026","03/2026","65","USD","0.08"
"NYM","ELECTRICITY","ERCOT WEST 345KV HUB DAY AHD OFFPK","EWK","04/2026","12/2031","45","USD","0.08"
"NYM","ELECTRICITY","ERCOT WEST 345KV HB DAYHD 5MW PK","EWW","01/08/2026","02/27/2026","6500","USD","0.08"
"NYM","ELECTRICITY","PJM JCPL DA OFF-PEAK","F2","01/2026","01/2026","18","USD","0.025"
"NYM","ELECTRICITY","PJM JCPL DA OFF-PEAK","F2","02/2026","03/2026","20","USD","0.025"
"NYM","ELECTRICITY","PJM JCPL DA OFF-PEAK","F2","04/2026","12/2031","10","USD","0.025"
"NYM","ELECTRICITY","PJM EASTERNH DA OFF-PEAK","F4","01/2026","01/2026","18","USD","0.025"
"NYM","ELECTRICITY","PJM EASTERNH DA OFF-PEAK","F4","02/2026","02/2026","30","USD","0.025"
"NYM","ELECTRICITY","PJM EASTERNH DA OFF-PEAK","F4","03/2026","12/2031","12","USD","0.025"
"NYM","ELECTRICITY","PJM PPL DA OFF-PEAK","F5","01/2026","01/2026","13","USD","0.05"
"NYM","ELECTRICITY","PJM PPL DA OFF-PEAK","F5","02/2026","02/2026","20","USD","0.05"
"NYM","ELECTRICITY","PJM PPL DA OFF-PEAK","F5","03/2026","12/2031","10","USD","0.05"
"NYM","ELECTRICITY","MISO INDIANA HUB 5MW OFPK CALDAY DA","FAD","01/08/2026","01/27/2026","180","USD","50.000%"
"NYM","ELECTRICITY","MISO INDIANA HUB 5MW OFPK CALDAY DA","FAD","01/28/2026","02/28/2026","100","USD","50.000%"
"NYM","ELECTRICITY","MISO INDIANA HUB 5MW OFPK CALDAY RT","FTD","01/08/2026","01/27/2026","100","USD","50.000%"
"NYM","ELECTRICITY","MISO INDIANA HUB 5MW OFPK CALDAY RT","FTD","01/28/2026","02/28/2026","40","USD","50.000%"
"NYM","ELECTRICITY","NYISO ZONE G DAY-AHEAD PK CAL DAY","GN","12/31/2025","01/16/2026","9800","USD","0.05"
"NYM","ELECTRICITY","NYISO ZONE G DAY-AHEAD PK CAL DAY","GN","01/19/2026","01/23/2026","9500","USD","0.05"
"NYM","ELECTRICITY","NYISO ZONE G DAY-AHEAD PK CAL DAY","GN","01/26/2026","02/27/2026","5000","USD","0.05"
"NYM","ELECTRICITY","NEPOOL INTR HUB 5MW D AH O PK","H2","02/2026","02/2026","75","USD","0.025"
"NYM","ELECTRICITY","NEPOOL INTR HUB 5MW D AH O PK","H2","03/2026","03/2026","60","USD","0.025"
"NYM","ELECTRICITY","NEPOOL INTR HUB 5MW D AH O PK","H2","04/2026","05/2026","50","USD","0.025"
"NYM","ELECTRICITY","NEPOOL INTR HUB 5MW D AH O PK","H2","06/2026","12/2026","30","USD","0.025"
"NYM","ELECTRICITY","NEPOOL INTR HUB 5MW D AH O PK","H2","01/2027","12/2031","25","USD","0.025"
"NYM","ELECTRICITY","MISO INDIANA HUB 5MW REAL TIME PK","H3","02/2026","02/2026","500","USD","0.2"
"NYM","ELECTRICITY","MISO INDIANA HUB 5MW REAL TIME PK","H3","03/2026","03/2026","350","USD","0.12"
"NYM","ELECTRICITY","MISO INDIANA HUB 5MW REAL TIME PK","H3","04/2026","12/2031","200","USD","0.05"
"NYM","ELECTRICITY","MISO INDIANA HUB 5MW REAL TIME OFPK","H4","02/2026","02/2026","25","USD","0.025"
"NYM","ELECTRICITY","MISO INDIANA HUB 5MW REAL TIME OFPK","H4","03/2026","03/2026","20","USD","0.025"
"NYM","ELECTRICITY","MISO INDIANA HUB 5MW REAL TIME OFPK","H4","04/2026","12/2031","10","USD","0.025"
"NYM","ELECTRICITY","MISO INDIANA HUB 5MW D AH PK","H5","02/2026","02/2026","515","USD","0.08"
"NYM","ELECTRICITY","MISO INDIANA HUB 5MW D AH PK","H5","03/2026","03/2026","365","USD","0.08"
"NYM","ELECTRICITY","MISO INDIANA HUB 5MW D AH PK","H5","04/2026","12/2031","210","USD","0.08"
"NYM","ELECTRICITY","MICHIGAN HUB OFF-PK 5MW MONTH FUT","HJ","12/2025","12/2025","","USD","0.025"
"NYM","ELECTRICITY","MICHIGAN HUB OFF-PK 5MW MONTH FUT","HJ","01/2026","01/2026","10","USD","0.025"
"NYM","ELECTRICITY","MICHIGAN HUB OFF-PK 5MW MONTH FUT","HJ","02/2026","02/2026","10","USD","0.025"
"NYM","ELECTRICITY","MICHIGAN HUB OFF-PK 5MW MONTH FUT","HJ","03/2026","12/2031","8","USD","0.025"
"NYM","ELECTRICITY","MICHIGAN HUB PK 5 MW FUT","HM","12/2025","12/2025","","USD","0.05"
"NYM","ELECTRICITY","MICHIGAN HUB PK 5 MW FUT","HM","01/2026","01/2026","406","USD","0.05"
"NYM","ELECTRICITY","MICHIGAN HUB PK 5 MW FUT","HM","02/2026","02/2026","600","USD","0.05"
"NYM","ELECTRICITY","MICHIGAN HUB PK 5 MW FUT","HM","03/2026","12/2031","200","USD","0.05"
"NYM","ELECTRICITY","MISO MICHIGAN HUB OF-PK DA MONTHLY","HMO","01/2026","01/2026","13","USD","0.08"
"NYM","ELECTRICITY","MISO MICHIGAN HUB OF-PK DA MONTHLY","HMO","02/2026","02/2026","25","USD","0.08"
"NYM","ELECTRICITY","MISO MICHIGAN HUB OF-PK DA MONTHLY","HMO","03/2026","12/2031","15","USD","0.08"
"NYM","ELECTRICITY","MIDWEST ISO MICHIGAN HUB 5MW PEAK C","HMW","01/2026","01/2026","392","USD","0.08"
"NYM","ELECTRICITY","MIDWEST ISO MICHIGAN HUB 5MW PEAK C","HMW","02/2026","02/2026","650","USD","0.08"
"NYM","ELECTRICITY","MIDWEST ISO MICHIGAN HUB 5MW PEAK C","HMW","03/2026","04/2026","420","USD","0.08"
"NYM","ELECTRICITY","MIDWEST ISO MICHIGAN HUB 5MW PEAK C","HMW","05/2026","12/2031","200","USD","0.08"
"NYM","ELECTRICITY","ERCOT HSTN 345 KV HUB 5 MW PEAK FUT","I1","02/2026","02/2026","12000","USD","0.05"
"NYM","ELECTRICITY","ERCOT HSTN 345 KV HUB 5 MW PEAK FUT","I1","03/2026","03/2026","11250","USD","0.05"
"NYM","ELECTRICITY","ERCOT HSTN 345 KV HUB 5 MW PEAK FUT","I1","04/2026","12/2026","3300","USD","0.05"
"NYM","ELECTRICITY","ERCOT HSTN 345 KV HUB 5 MW PEAK FUT","I1","01/2027","12/2031","1800","USD","0.05"
"NYM","ELECTRICITY","ERCOT HSTN 345 KV HUB 5 MW OFFPK S","I2","02/2026","02/2026","20","USD","0.05"
"NYM","ELECTRICITY","ERCOT HSTN 345 KV HUB 5 MW OFFPK S","I2","03/2026","03/2026","90","USD","0.05"
"NYM","ELECTRICITY","ERCOT HSTN 345 KV HUB 5 MW OFFPK S","I2","04/2026","12/2031","45","USD","0.05"
"NYM","ELECTRICITY","ERCOT HSTN 345 KV HUB 5 PEAK CLND D","I3","01/08/2026","02/27/2026","45000","USD","0.05"
"NYM","ELECTRICITY","ERCOT HSTN 345 KV HUB 5 OFFPK CLN D","I4","01/08/2026","02/28/2026","450","USD","0.05"
"NYM","ELECTRICITY","ERCOT NRTH 345 KV HUB 5 MW PEAK FUT","I5","02/2026","02/2026","9750","USD","0.05"
"NYM","ELECTRICITY","ERCOT NRTH 345 KV HUB 5 MW PEAK FUT","I5","03/2026","04/2026","9450","USD","0.05"
"NYM","ELECTRICITY","ERCOT NRTH 345 KV HUB 5 MW PEAK FUT","I5","05/2026","12/2026","2100","USD","0.05"
"NYM","ELECTRICITY","ERCOT NRTH 345 KV HUB 5 MW PEAK FUT","I5","01/2027","12/2031","1350","USD","0.05"
"NYM","ELECTRICITY","ERCOT NRTH 345 KV HUB 5 MW OFFPK S","I6","02/2026","02/2026","55","USD","0.05"
"NYM","ELECTRICITY","ERCOT NRTH 345 KV HUB 5 MW OFFPK S","I6","03/2026","12/2031","45","USD","0.05"
"NYM","ELECTRICITY","ERCOT NRTH 345 KV HUB PEAK CLND D","I7","01/08/2026","01/23/2026","31500","USD","0.05"
"NYM","ELECTRICITY","ERCOT NRTH 345 KV HUB PEAK CLND D","I7","01/26/2026","01/30/2026","11000","USD","0.05"
"NYM","ELECTRICITY","ERCOT NRTH 345 KV HUB PEAK CLND D","I7","02/02/2026","02/27/2026","9000","USD","0.05"
"NYM","ELECTRICITY","ERCOT NRTH 345 KV HUB OFFPK CLN D","I8","01/08/2026","02/28/2026","300","USD","0.05"
"NYM","ELECTRICITY","ERCOT STH 345 KV HUB MW PEAK FUT","I9","02/2026","02/2026","609","USD","0.05"
"NYM","ELECTRICITY","ERCOT STH 345 KV HUB MW PEAK FUT","I9","03/2026","03/2026","2250","USD","0.05"
"NYM","ELECTRICITY","ERCOT STH 345 KV HUB MW PEAK FUT","I9","04/2026","12/2031","1350","USD","0.05"
"NYM","ELECTRICITY","ISO NEW ENG MASS HUB DA OP DAILY","IDO","01/09/2026","01/27/2026","450","USD","0.2"
"NYM","ELECTRICITY","ISO NEW ENG MASS HUB DA OP DAILY","IDO","01/28/2026","02/28/2026","70","USD","0.2"
"NYM","ELECTRICITY","ITALIAN POWER BASELOAD GME CAL FUT","ITB","01/2026","01/2026","20000","EUR","0.08"
"NYM","ELECTRICITY","ITALIAN POWER BASELOAD GME CAL FUT","ITB","02/2026","02/2026","17500","EUR","0.08"
"NYM","ELECTRICITY","ITALIAN POWER BASELOAD GME CAL FUT","ITB","03/2026","08/2026","15000","EUR","0.08"
"NYM","ELECTRICITY","ITALIAN POWER BASELOAD GME CAL FUT","ITB","09/2026","12/2028","12500","EUR","0.08"
"NYM","ELECTRICITY","ITALIAN POWER PEAKLOAD GME CAL FUT","ITP","01/2026","01/2026","9000","EUR","0.08"
"NYM","ELECTRICITY","ITALIAN POWER PEAKLOAD GME CAL FUT","ITP","02/2026","02/2026","8500","EUR","0.08"
"NYM","ELECTRICITY","ITALIAN POWER PEAKLOAD GME CAL FUT","ITP","03/2026","03/2026","7500","EUR","0.08"
"NYM","ELECTRICITY","ITALIAN POWER PEAKLOAD GME CAL FUT","ITP","04/2026","06/2026","7000","EUR","0.08"
"NYM","ELECTRICITY","ITALIAN POWER PEAKLOAD GME CAL FUT","ITP","07/2026","12/2028","6500","EUR","0.08"
"NYM","ELECTRICITY","ERCOT STH 345 KV HUB MW OFFPK S","J1","02/2026","02/2026","16","USD","0.05"
"NYM","ELECTRICITY","ERCOT STH 345 KV HUB MW OFFPK S","J1","03/2026","03/2026","55","USD","0.05"
"NYM","ELECTRICITY","ERCOT STH 345 KV HUB MW OFFPK S","J1","04/2026","12/2031","45","USD","0.05"
"NYM","ELECTRICITY","PJM JCPL DA PEAK","J2","01/2026","01/2026","316","USD","0.2"
"NYM","ELECTRICITY","PJM JCPL DA PEAK","J2","02/2026","02/2026","500","USD","0.12"
"NYM","ELECTRICITY","PJM JCPL DA PEAK","J2","03/2026","11/2026","200","USD","0.05"
"NYM","ELECTRICITY","PJM JCPL DA PEAK","J2","12/2026","12/2031","180","USD","0.05"
"NYM","ELECTRICITY","PJM WESTHDA PEAK","J4","02/2026","02/2026","830","USD","0.025"
"NYM","ELECTRICITY","PJM WESTHDA PEAK","J4","03/2026","03/2026","615","USD","0.025"
"NYM","ELECTRICITY","PJM WESTHDA PEAK","J4","04/2026","06/2026","510","USD","0.025"
"NYM","ELECTRICITY","PJM WESTHDA PEAK","J4","07/2026","12/2026","360","USD","0.025"
"NYM","ELECTRICITY","PJM WESTHDA PEAK","J4","01/2027","01/2032","310","USD","0.025"
"NYM","ELECTRICITY","JAPANESE POWER KANSAI BASE-LOAD","JBK","01/2026","01/2026","1500000","JPY","35.000%"
"NYM","ELECTRICITY","JAPANESE POWER KANSAI BASE-LOAD","JBK","02/2026","02/2026","1100000","JPY","35.000%"
"NYM","ELECTRICITY","JAPANESE POWER KANSAI BASE-LOAD","JBK","03/2026","03/2026","900000","JPY","35.000%"
"NYM","ELECTRICITY","JAPANESE POWER KANSAI BASE-LOAD","JBK","04/2026","12/2027","800000","JPY","35.000%"
"NYM","ELECTRICITY","JAPANESE POWER TOKYO BASE-LOAD","JBT","01/2026","01/2026","1800000","JPY","40.000%"
"NYM","ELECTRICITY","JAPANESE POWER TOKYO BASE-LOAD","JBT","02/2026","02/2026","1650000","JPY","40.000%"
"NYM","ELECTRICITY","JAPANESE POWER TOKYO BASE-LOAD","JBT","03/2026","03/2026","1300000","JPY","35.000%"
"NYM","ELECTRICITY","JAPANESE POWER TOKYO BASE-LOAD","JBT","04/2026","12/2027","1000000","JPY","35.000%"
"NYM","ELECTRICITY","PJM DAILY","JD","01/14/2026","01/28/2026","5500","USD","0.4"
"NYM","ELECTRICITY","PJM DAILY","JD","01/29/2026","02/05/2026","4000","USD","0.4"
"NYM","ELECTRICITY","PJM DAILY","JD","02/06/2026","02/27/2026","2500","USD","0.4"
"NYM","ELECTRICITY","NEW YORK HUB ZONE J PEAK DAILY","JN","01/15/2026","02/27/2026","4500","USD","0.05"
"NYM","ELECTRICITY","JAPANESE POWER KANSAI PEAK-LOAD","JPK","01/2026","01/2026","825000","JPY","35.000%"
"NYM","ELECTRICITY","JAPANESE POWER KANSAI PEAK-LOAD","JPK","02/2026","02/2026","800000","JPY","35.000%"
"NYM","ELECTRICITY","JAPANESE POWER KANSAI PEAK-LOAD","JPK","03/2026","12/2027","650000","JPY","35.000%"
"NYM","ELECTRICITY","PJM AECO ZONE PEAK CALDAY DA FUT","JPP","01/09/2026","01/28/2026","2500","USD","0.2"
"NYM","ELECTRICITY","PJM AECO ZONE PEAK CALDAY DA FUT","JPP","01/29/2026","02/27/2026","2400","USD","0.2"
"NYM","ELECTRICITY","JAPANESE POWER DAY-AHEAD PEAKLOAD","JPT","01/2026","01/2026","1100000","JPY","35.000%"
"NYM","ELECTRICITY","JAPANESE POWER DAY-AHEAD PEAKLOAD","JPT","02/2026","02/2026","850000","JPY","35.000%"
"NYM","ELECTRICITY","JAPANESE POWER DAY-AHEAD PEAKLOAD","JPT","03/2026","12/2027","600000","JPY","35.000%"
"NYM","ELECTRICITY","ERCOT STH 345 KV HUB PEAK CLND D","K1","01/08/2026","02/27/2026","29000","USD","0.05"
"NYM","ELECTRICITY","MISO INDIANA HUB 5MW D AH O PK","K2","02/2026","02/2026","26","USD","0.025"
"NYM","ELECTRICITY","MISO INDIANA HUB 5MW D AH O PK","K2","03/2026","03/2026","21","USD","0.025"
"NYM","ELECTRICITY","MISO INDIANA HUB 5MW D AH O PK","K2","04/2026","12/2031","11","USD","0.025"
"NYM","ELECTRICITY","NYISO ZONE A 5MW D AH PK","K3","02/2026","02/2026","500","USD","30.000%"
"NYM","ELECTRICITY","NYISO ZONE A 5MW D AH PK","K3","03/2026","03/2026","350","USD","30.000%"
"NYM","ELECTRICITY","NYISO ZONE A 5MW D AH PK","K3","04/2026","06/2026","300","USD","30.000%"
"NYM","ELECTRICITY","NYISO ZONE A 5MW D AH PK","K3","07/2026","12/2031","150","USD","30.000%"
"NYM","ELECTRICITY","NYISO ZONE A 5MW D AH O PK","K4","02/2026","02/2026","25","USD","0.025"
"NYM","ELECTRICITY","NYISO ZONE A 5MW D AH O PK","K4","03/2026","03/2026","18","USD","0.025"
"NYM","ELECTRICITY","NYISO ZONE A 5MW D AH O PK","K4","04/2026","05/2026","13","USD","0.025"
"NYM","ELECTRICITY","NYISO ZONE A 5MW D AH O PK","K4","06/2026","12/2031","7","USD","0.025"
"NYM","ELECTRICITY","PJM WES HUB PEAK CAL MON REAL TIME","L1","02/2026","02/2026","800","USD","38.000%"
"NYM","ELECTRICITY","PJM WES HUB PEAK CAL MON REAL TIME","L1","03/2026","03/2026","600","USD","30.000%"
"NYM","ELECTRICITY","PJM WES HUB PEAK CAL MON REAL TIME","L1","04/2026","06/2026","500","USD","30.000%"
"NYM","ELECTRICITY","PJM WES HUB PEAK CAL MON REAL TIME","L1","07/2026","12/2026","350","USD","30.000%"
"NYM","ELECTRICITY","PJM WES HUB PEAK CAL MON REAL TIME","L1","01/2027","12/2031","300","USD","15.000%"
"NYM","ELECTRICITY","PJM NILL DA OFF-PEAK","L3","02/2026","02/2026","22","USD","0.025"
"NYM","ELECTRICITY","PJM NILL DA OFF-PEAK","L3","03/2026","03/2026","20","USD","0.025"
"NYM","ELECTRICITY","PJM NILL DA OFF-PEAK","L3","04/2026","06/2026","16","USD","0.025"
"NYM","ELECTRICITY","PJM NILL DA OFF-PEAK","L3","07/2026","01/2032","14","USD","0.025"
"NYM","ELECTRICITY","PJM PPL DA PEAK","L5","01/2026","01/2026","316","USD","0.05"
"NYM","ELECTRICITY","PJM PPL DA PEAK","L5","02/2026","02/2026","500","USD","0.05"
"NYM","ELECTRICITY","PJM PPL DA PEAK","L5","03/2026","12/2031","200","USD","0.05"
"NYM","ELECTRICITY","PJM PSEG DA PEAK","L6","01/2026","01/2026","587","USD","0.025"
"NYM","ELECTRICITY","PJM PSEG DA PEAK","L6","02/2026","02/2026","1150","USD","0.025"
"NYM","ELECTRICITY","PJM PSEG DA PEAK","L6","03/2026","11/2026","600","USD","0.025"
"NYM","ELECTRICITY","PJM PSEG DA PEAK","L6","12/2026","12/2031","250","USD","0.025"
"NYM","ELECTRICITY","PJM DPL DA PEAK","L8","01/2026","01/2026","158","USD","0.025"
"NYM","ELECTRICITY","PJM DPL DA PEAK","L8","02/2026","12/2031","150","USD","0.025"
"NYM","ELECTRICITY","NEPOOL W CNT MASS 5MW D AH O PK","L9","01/2026","01/2026","22","USD","0.025"
"NYM","ELECTRICITY","NEPOOL W CNT MASS 5MW D AH O PK","L9","02/2026","02/2026","45","USD","0.025"
"NYM","ELECTRICITY","NEPOOL W CNT MASS 5MW D AH O PK","L9","03/2026","12/2031","25","USD","0.025"
"NYM","ELECTRICITY","NYISO LOW HUD VAL CAP FUT","LHV","02/2026","04/2028","4000","USD","0.08"
"NYM","ELECTRICITY","MINNESOTA  OFF-PEAK MONTH FUT","LJ","12/2025","12/2025","","USD","0.05"
"NYM","ELECTRICITY","MINNESOTA  OFF-PEAK MONTH FUT","LJ","01/2026","01/2026","18","USD","0.05"
"NYM","ELECTRICITY","MINNESOTA  OFF-PEAK MONTH FUT","LJ","02/2026","12/2029","10","USD","0.05"
"NYM","ELECTRICITY","MINNESOTA HUB PEAK MONTH FUT","LM","12/2025","12/2025","","USD","0.05"
"NYM","ELECTRICITY","MINNESOTA HUB PEAK MONTH FUT","LM","01/2026","01/2026","406","USD","0.05"
"NYM","ELECTRICITY","MINNESOTA HUB PEAK MONTH FUT","LM","02/2026","06/2026","400","USD","0.05"
"NYM","ELECTRICITY","MINNESOTA HUB PEAK MONTH FUT","LM","07/2026","12/2029","200","USD","0.05"
"NYM","ELECTRICITY","ERCOT STH 345 KV HUB OFFPK CLN D","M1","01/08/2026","02/28/2026","675","USD","0.05"
"NYM","ELECTRICITY","SYNTHETIC PJM DAILY","M14","01/2026","01/2026","8000","USD","0.2"
"NYM","ELECTRICITY","SYNTHETIC PJM DAILY","M15","01/2026","01/2026","8000","USD","0.2"
"NYM","ELECTRICITY","SYNTHETIC PJM DAILY","M16","01/2026","01/2026","8000","USD","0.2"
"NYM","ELECTRICITY","SYNTHETIC PJM DAILY","M19","01/2026","01/2026","8000","USD","0.2"
"NYM","ELECTRICITY","SYNTHETIC PJM DAILY","M20","01/2026","01/2026","8000","USD","0.2"
"NYM","ELECTRICITY","SYNTHETIC PJM DAILY","M21","01/2026","01/2026","8000","USD","0.2"
"NYM","ELECTRICITY","SYNTHETIC PJM DAILY","M22","01/2026","01/2026","8000","USD","0.2"
"NYM","ELECTRICITY","SYNTHETIC PJM DAILY","M23","01/2026","01/2026","20000","USD","0.2"
"NYM","ELECTRICITY","SYNTHETIC PJM DAILY","M26","01/2026","01/2026","20000","USD","0.2"
"NYM","ELECTRICITY","MISO ILLINOIS HUB PEAK CAL-DAY 5 MW","MIP","01/09/2026","01/28/2026","2000","USD","50.000%"
"NYM","ELECTRICITY","MISO ILLINOIS HUB PEAK CAL-DAY 5 MW","MIP","01/29/2026","02/02/2026","1500","USD","50.000%"
"NYM","ELECTRICITY","MISO ILLINOIS HUB PEAK CAL-DAY 5 MW","MIP","02/03/2026","02/27/2026","1260","USD","50.000%"
"NYM","ELECTRICITY","MISO MICHIGAN HUB OFF-PEAK CAL 5 MW","MMO","01/09/2026","01/28/2026","135","USD","50.000%"
"NYM","ELECTRICITY","MISO MICHIGAN HUB OFF-PEAK CAL 5 MW","MMO","01/29/2026","02/02/2026","50","USD","50.000%"
"NYM","ELECTRICITY","MISO MICHIGAN HUB OFF-PEAK CAL 5 MW","MMO","02/03/2026","02/28/2026","45","USD","50.000%"
"NYM","ELECTRICITY","MISO MICHIGAN HUB PEAK CAL-DAY 5 MW","MMP","01/09/2026","01/28/2026","2000","USD","50.000%"
"NYM","ELECTRICITY","MISO MICHIGAN HUB PEAK CAL-DAY 5 MW","MMP","01/29/2026","02/02/2026","1500","USD","50.000%"
"NYM","ELECTRICITY","MISO MICHIGAN HUB PEAK CAL-DAY 5 MW","MMP","02/03/2026","02/27/2026","1155","USD","50.000%"
"NYM","ELECTRICITY","MISO MINNESOTA HUB OFF-PEAK CAL 5MW","MMR","01/08/2026","01/27/2026","175","USD","50.000%"
"NYM","ELECTRICITY","MISO MINNESOTA HUB OFF-PEAK CAL 5MW","MMR","01/28/2026","02/28/2026","150","USD","50.000%"
"NYM","ELECTRICITY","MISO MINNESOTA HUB PEAK CAL-DAY 5MW","MNT","01/07/2026","01/26/2026","3000","USD","50.000%"
"NYM","ELECTRICITY","MISO MINNESOTA HUB PEAK CAL-DAY 5MW","MNT","01/27/2026","01/29/2026","2500","USD","50.000%"
"NYM","ELECTRICITY","MISO MINNESOTA HUB PEAK CAL-DAY 5MW","MNT","01/30/2026","02/27/2026","2425","USD","50.000%"
"NYM","ELECTRICITY","PJM ASTI ZONE PEAK DA MO","MOD","01/2026","01/2026","18","USD","0.025"
"NYM","ELECTRICITY","PJM ASTI ZONE PEAK DA MO","MOD","02/2026","03/2026","30","USD","0.025"
"NYM","ELECTRICITY","PJM ASTI ZONE PEAK DA MO","MOD","04/2026","12/2031","17","USD","0.025"
"NYM","ELECTRICITY","MISO ILLINOIS HUB OFF-PEAK CAL 5 MW","MOI","01/09/2026","01/28/2026","135","USD","50.000%"
"NYM","ELECTRICITY","MISO ILLINOIS HUB OFF-PEAK CAL 5 MW","MOI","01/29/2026","02/02/2026","50","USD","50.000%"
"NYM","ELECTRICITY","MISO ILLINOIS HUB OFF-PEAK CAL 5 MW","MOI","02/03/2026","02/28/2026","45","USD","50.000%"
"NYM","ELECTRICITY","PJM ASTI ZONE OFF PEAK RT MO","MOR","01/2026","01/2026","4","USD","0.025"
"NYM","ELECTRICITY","PJM ASTI ZONE OFF PEAK RT MO","MOR","02/2026","12/2031","8","USD","0.025"
"NYM","ELECTRICITY","PJM ATSI ZONE MONTHLY DAILY","MPD","01/2026","01/2026","451","USD","0.025"
"NYM","ELECTRICITY","PJM ATSI ZONE MONTHLY DAILY","MPD","02/2026","03/2026","1000","USD","0.025"
"NYM","ELECTRICITY","PJM ATSI ZONE MONTHLY DAILY","MPD","04/2026","12/2026","260","USD","0.025"
"NYM","ELECTRICITY","PJM ATSI ZONE MONTHLY DAILY","MPD","01/2027","12/2031","210","USD","0.025"
"NYM","ELECTRICITY","PJM ASTI ZONE PEAK RT MO","MPR","01/2026","01/2026","225","USD","0.025"
"NYM","ELECTRICITY","PJM ASTI ZONE PEAK RT MO","MPR","02/2026","12/2026","300","USD","0.025"
"NYM","ELECTRICITY","PJM ASTI ZONE PEAK RT MO","MPR","01/2027","12/2031","150","USD","0.025"
"NYM","ELECTRICITY","MISO ILLINOIS HUB OFF-PEAK CAL 5 MW","MRI","01/08/2026","01/27/2026","150","USD","50.000%"
"NYM","ELECTRICITY","MISO ILLINOIS HUB OFF-PEAK CAL 5 MW","MRI","01/28/2026","02/28/2026","105","USD","50.000%"
"NYM","ELECTRICITY","MISO MICHIGAN HUB OFF-PEAK CAL 5 MW","MRT","01/08/2026","01/27/2026","165","USD","50.000%"
"NYM","ELECTRICITY","MISO MICHIGAN HUB OFF-PEAK CAL 5 MW","MRT","01/28/2026","02/28/2026","150","USD","50.000%"
"NYM","ELECTRICITY","MISO ILLINOIS HUB PEAK CAL-DAY 5 MW","MTI","01/07/2026","01/26/2026","3080","USD","50.000%"
"NYM","ELECTRICITY","MISO ILLINOIS HUB PEAK CAL-DAY 5 MW","MTI","01/27/2026","01/29/2026","3000","USD","50.000%"
"NYM","ELECTRICITY","MISO ILLINOIS HUB PEAK CAL-DAY 5 MW","MTI","01/30/2026","02/27/2026","2500","USD","50.000%"
"NYM","ELECTRICITY","ERCOT WEST 345 KV HUB MW PEAK FUT","N1","02/2026","02/2026","1600","USD","0.05"
"NYM","ELECTRICITY","ERCOT WEST 345 KV HUB MW PEAK FUT","N1","03/2026","03/2026","1300","USD","0.05"
"NYM","ELECTRICITY","ERCOT WEST 345 KV HUB MW PEAK FUT","N1","04/2026","12/2031","1200","USD","0.05"
"NYM","ELECTRICITY","PJM NILL DA PEAK","N3","02/2026","02/2026","525","USD","0.025"
"NYM","ELECTRICITY","PJM NILL DA PEAK","N3","03/2026","03/2026","465","USD","0.025"
"NYM","ELECTRICITY","PJM NILL DA PEAK","N3","04/2026","05/2026","360","USD","0.025"
"NYM","ELECTRICITY","PJM NILL DA PEAK","N3","06/2026","12/2026","260","USD","0.025"
"NYM","ELECTRICITY","PJM NILL DA PEAK","N3","01/2027","01/2032","210","USD","0.025"
"NYM","ELECTRICITY","NYISO ZONE C 5 MW PEAK CAL DAY FUT","N3P","01/16/2026","01/30/2026","3000","USD","0.05"
"NYM","ELECTRICITY","NYISO ZONE C 5 MW PEAK CAL DAY FUT","N3P","02/02/2026","02/09/2026","2000","USD","0.05"
"NYM","ELECTRICITY","NYISO ZONE C 5 MW PEAK CAL DAY FUT","N3P","02/10/2026","02/27/2026","1190","USD","0.05"
"NYM","ELECTRICITY","PJM WESTH RT OFF-PEAK","N9","02/2026","02/2026","45","USD","0.025"
"NYM","ELECTRICITY","PJM WESTH RT OFF-PEAK","N9","03/2026","03/2026","35","USD","0.025"
"NYM","ELECTRICITY","PJM WESTH RT OFF-PEAK","N9","04/2026","05/2026","30","USD","0.025"
"NYM","ELECTRICITY","PJM WESTH RT OFF-PEAK","N9","06/2026","12/2026","20","USD","0.025"
"NYM","ELECTRICITY","PJM WESTH RT OFF-PEAK","N9","01/2027","12/2031","10","USD","0.025"
"NYM","ELECTRICITY","NYISO ZONE C OFFPEAK CAL DAY AHEAD","NCD","01/09/2026","01/27/2026","150","USD","0.2"
"NYM","ELECTRICITY","NYISO ZONE C OFFPEAK CAL DAY AHEAD","NCD","01/28/2026","02/02/2026","75","USD","0.2"
"NYM","ELECTRICITY","NYISO ZONE C OFFPEAK CAL DAY AHEAD","NCD","02/03/2026","02/28/2026","55","USD","0.2"
"NYM","ELECTRICITY","ISO NEW ENG CONNECTICUT ZONE OP DAY","NCO","01/09/2026","02/02/2026","160","USD","50.000%"
"NYM","ELECTRICITY","ISO NEW ENG CONNECTICUT ZONE OP DAY","NCO","02/03/2026","02/28/2026","120","USD","50.000%"
"NYM","ELECTRICITY","ISO NEW ENG NE MASSACHUSETTS OP FUT","NEO","01/09/2026","02/02/2026","150","USD","50.000%"
"NYM","ELECTRICITY","ISO NEW ENG NE MASSACHUSETTS OP FUT","NEO","02/03/2026","02/28/2026","120","USD","50.000%"
"NYM","ELECTRICITY","NYISO ZONE E 5 MW PEAK CALENDAR-DAY","NEP","01/16/2026","01/30/2026","3000","USD","0.05"
"NYM","ELECTRICITY","NYISO ZONE E 5 MW PEAK CALENDAR-DAY","NEP","02/02/2026","02/09/2026","2000","USD","0.05"
"NYM","ELECTRICITY","NYISO ZONE E 5 MW PEAK CALENDAR-DAY","NEP","02/10/2026","02/27/2026","1150","USD","0.05"
"NYM","ELECTRICITY","ISO NE CAL FUT STRP SYNTH","NES","01/2027","01/2027","102400","USD","0.25"
"NYM","ELECTRICITY","ISO NE CAL FUT STRP SYNTH","NES","01/2028","01/2029","102000","USD","0.25"
"NYM","ELECTRICITY","NYISO ZONE F 5 MW PEAK CALENDAR-DAY","NFD","01/16/2026","01/30/2026","3000","USD","0.05"
"NYM","ELECTRICITY","NYISO ZONE F 5 MW PEAK CALENDAR-DAY","NFD","02/02/2026","02/09/2026","2000","USD","0.05"
"NYM","ELECTRICITY","NYISO ZONE F 5 MW PEAK CALENDAR-DAY","NFD","02/10/2026","02/27/2026","1350","USD","0.05"
"NYM","ELECTRICITY","NYISO ZONE F 5 MW OFF-PEAK CAL FUT","NFO","01/09/2026","01/27/2026","150","USD","0.2"
"NYM","ELECTRICITY","NYISO ZONE F 5 MW OFF-PEAK CAL FUT","NFO","01/28/2026","02/28/2026","75","USD","0.2"
"NYM","ELECTRICITY","ISO NEW ENG NEW HAMPSHIRE ZONE OP","NHO","01/09/2026","02/02/2026","150","USD","50.000%"
"NYM","ELECTRICITY","ISO NEW ENG NEW HAMPSHIRE ZONE OP","NHO","02/03/2026","02/28/2026","120","USD","50.000%"
"NYM","ELECTRICITY","ISO NEW ENGLND NHAMP ZN PK DA FUT","NHP","01/09/2026","02/02/2026","4000","USD","0.2"
"NYM","ELECTRICITY","ISO NEW ENGLND NHAMP ZN PK DA FUT","NHP","02/03/2026","02/27/2026","3500","USD","0.2"
"NYM","ELECTRICITY","ISO NEW ENG MAINE ZONE OP 5MW FUT","NMO","01/09/2026","02/02/2026","150","USD","50.000%"
"NYM","ELECTRICITY","ISO NEW ENG MAINE ZONE OP 5MW FUT","NMO","02/03/2026","02/28/2026","120","USD","50.000%"
"NYM","ELECTRICITY","ISO NEW ENGLND MAINE ZN PEAK FUT","NMP","01/09/2026","02/02/2026","3650","USD","0.2"
"NYM","ELECTRICITY","ISO NEW ENGLND MAINE ZN PEAK FUT","NMP","02/03/2026","02/27/2026","3000","USD","0.2"
"NYM","ELECTRICITY","NYISO NYC IN-CITY CAPACITY CAL MO","NNC","02/2026","12/2029","4000","USD","0.08"
"NYM","ELECTRICITY","ISO NEW ENGLND NE MASS ZN PK  FUT","NNP","01/09/2026","02/02/2026","3800","USD","0.2"
"NYM","ELECTRICITY","ISO NEW ENGLND NE MASS ZN PK  FUT","NNP","02/03/2026","02/27/2026","3000","USD","0.2"
"NYM","ELECTRICITY","PJM NORTERN ILL HUB RT OP DAILY","NOC","01/08/2026","01/26/2026","350","USD","0.2"
"NYM","ELECTRICITY","PJM NORTERN ILL HUB RT OP DAILY","NOC","01/27/2026","02/01/2026","200","USD","0.2"
"NYM","ELECTRICITY","PJM NORTERN ILL HUB RT OP DAILY","NOC","02/02/2026","02/28/2026","100","USD","0.2"
"NYM","ELECTRICITY","NYISO ZONE E 5 MW OFFPEAK CAL DAY","NOD","01/09/2026","01/27/2026","150","USD","0.2"
"NYM","ELECTRICITY","NYISO ZONE E 5 MW OFFPEAK CAL DAY","NOD","01/28/2026","02/02/2026","75","USD","0.2"
"NYM","ELECTRICITY","NYISO ZONE E 5 MW OFFPEAK CAL DAY","NOD","02/03/2026","02/28/2026","60","USD","0.2"
"NYM","ELECTRICITY","ISO NEW ENG RHDE ISLND ZNE OFFPEAK","NRO","01/09/2026","02/02/2026","150","USD","50.000%"
"NYM","ELECTRICITY","ISO NEW ENG RHDE ISLND ZNE OFFPEAK","NRO","02/03/2026","02/28/2026","120","USD","50.000%"
"NYM","ELECTRICITY","ISO NEW ENGLND RHOD ISLND ZN PK FUT","NRP","01/09/2026","02/02/2026","2850","USD","0.2"
"NYM","ELECTRICITY","ISO NEW ENGLND RHOD ISLND ZN PK FUT","NRP","02/03/2026","02/27/2026","2500","USD","0.2"
"NYM","ELECTRICITY","NYISO REST OF STATE CAPACITY CAL MO","NRS","02/2026","02/2026","3500","USD","0.08"
"NYM","ELECTRICITY","NYISO REST OF STATE CAPACITY CAL MO","NRS","03/2026","03/2026","2500","USD","0.08"
"NYM","ELECTRICITY","NYISO REST OF STATE CAPACITY CAL MO","NRS","04/2026","07/2026","2000","USD","0.08"
"NYM","ELECTRICITY","NYISO REST OF STATE CAPACITY CAL MO","NRS","08/2026","12/2029","1500","USD","0.08"
"NYM","ELECTRICITY","ISO NEW ENG SE MASS ZONE OP 5MW DA","NSO","01/09/2026","02/02/2026","150","USD","50.000%"
"NYM","ELECTRICITY","ISO NEW ENG SE MASS ZONE OP 5MW DA","NSO","02/03/2026","02/28/2026","120","USD","50.000%"
"NYM","ELECTRICITY","ISO NEW ENGLND SE MASS ZN PK FUT","NSP","01/09/2026","02/02/2026","2600","USD","0.2"
"NYM","ELECTRICITY","ISO NEW ENGLND SE MASS ZN PK FUT","NSP","02/03/2026","02/27/2026","2500","USD","0.2"
"NYM","ELECTRICITY","ISO NEW ENGLAND CONN ZN PEAK DA FUT","NTP","01/09/2026","02/02/2026","2850","USD","0.2"
"NYM","ELECTRICITY","ISO NEW ENGLAND CONN ZN PEAK DA FUT","NTP","02/03/2026","02/27/2026","2500","USD","0.2"
"NYM","ELECTRICITY","ISO NEW ENG WC MASS ZONE OP FUT","NWO","01/09/2026","02/02/2026","150","USD","50.000%"
"NYM","ELECTRICITY","ISO NEW ENG WC MASS ZONE OP FUT","NWO","02/03/2026","02/28/2026","120","USD","50.000%"
"NYM","ELECTRICITY","ISO NEW ENGLND WC MASS ZN PK  FUT","NWP","01/09/2026","02/02/2026","3000","USD","0.2"
"NYM","ELECTRICITY","ISO NEW ENGLND WC MASS ZN PK  FUT","NWP","02/03/2026","02/27/2026","2500","USD","0.2"
"NYM","ELECTRICITY","ERCOT WEST 345 KV HUB 5 MW OFFPK S","O1","02/2026","02/2026","50","USD","0.05"
"NYM","ELECTRICITY","ERCOT WEST 345 KV HUB 5 MW OFFPK S","O1","03/2026","12/2031","40","USD","0.05"
"NYM","ELECTRICITY","ONTARIO REAL TIM OFF-PK CAL DAY FUT","OFD","01/08/2026","02/01/2026","80","CAD","50.000%"
"NYM","ELECTRICITY","ONTARIO REAL TIM OFF-PK CAL DAY FUT","OFD","02/02/2026","02/28/2026","70","CAD","50.000%"
"NYM","ELECTRICITY","ONTARIO REAL TIM OFF-PK CAL-MO FUT","OFM","02/2026","02/2026","20","CAD","0.1"
"NYM","ELECTRICITY","ONTARIO REAL TIM OFF-PK CAL-MO FUT","OFM","03/2026","03/2026","15","CAD","0.1"
"NYM","ELECTRICITY","ONTARIO REAL TIM OFF-PK CAL-MO FUT","OFM","04/2026","12/2030","10","CAD","0.1"
"NYM","ELECTRICITY","ILLINOIS OFF-PEAK MONTH FUT","OJ","12/2025","12/2025","","USD","0.05"
"NYM","ELECTRICITY","ILLINOIS OFF-PEAK MONTH FUT","OJ","01/2026","01/2026","20","USD","0.05"
"NYM","ELECTRICITY","ILLINOIS OFF-PEAK MONTH FUT","OJ","02/2026","06/2026","20","USD","0.05"
"NYM","ELECTRICITY","ILLINOIS OFF-PEAK MONTH FUT","OJ","07/2026","12/2029","12","USD","0.05"
"NYM","ELECTRICITY","ILLINOIS HUB PEAK MONTH FUT","OM","12/2025","12/2025","","USD","0.05"
"NYM","ELECTRICITY","ILLINOIS HUB PEAK MONTH FUT","OM","01/2026","01/2026","406","USD","0.05"
"NYM","ELECTRICITY","ILLINOIS HUB PEAK MONTH FUT","OM","02/2026","06/2026","400","USD","0.05"
"NYM","ELECTRICITY","ILLINOIS HUB PEAK MONTH FUT","OM","07/2026","12/2031","200","USD","0.05"
"NYM","ELECTRICITY","PJM WESTERN HUB RT OF-PK STRP 50 MW","OO6","01/2027","01/2027","466400","USD","25.000%"
"NYM","ELECTRICITY","PJM WESTERN HUB RT OF-PK STRP 50 MW","OO6","01/2028","01/2028","470400","USD","25.000%"
"NYM","ELECTRICITY","PJM WESTERN HUB RT OF-PK STRP 50 MW","OO6","01/2029","01/2029","468000","USD","25.000%"
"NYM","ELECTRICITY","ONTARIO REAL TIME PEAK CAL-DAY FUT","OPD","01/08/2026","01/27/2026","3500","CAD","0.2"
"NYM","ELECTRICITY","ONTARIO REAL TIME PEAK CAL-DAY FUT","OPD","01/28/2026","02/27/2026","1450","CAD","0.2"
"NYM","ELECTRICITY","ONTARIO REAL TIM PEAK CAL-MONTH FUT","OPM","02/2026","02/2026","450","CAD","0.1"
"NYM","ELECTRICITY","ONTARIO REAL TIM PEAK CAL-MONTH FUT","OPM","03/2026","03/2026","280","CAD","0.1"
"NYM","ELECTRICITY","ONTARIO REAL TIM PEAK CAL-MONTH FUT","OPM","04/2026","12/2026","250","CAD","0.1"
"NYM","ELECTRICITY","ONTARIO REAL TIM PEAK CAL-MONTH FUT","OPM","01/2027","12/2030","200","CAD","0.1"
"NYM","ELECTRICITY","NEPOOL CONECTIC 5MW D AH PK","P2","01/2026","01/2026","541","USD","0.025"
"NYM","ELECTRICITY","NEPOOL CONECTIC 5MW D AH PK","P2","02/2026","02/2026","1200","USD","0.025"
"NYM","ELECTRICITY","NEPOOL CONECTIC 5MW D AH PK","P2","03/2026","05/2026","850","USD","0.025"
"NYM","ELECTRICITY","NEPOOL CONECTIC 5MW D AH PK","P2","06/2026","12/2031","250","USD","0.025"
"NYM","ELECTRICITY","NEPOOL CNCTCT 5MW D AH O PK","P3","01/2026","01/2026","27","USD","0.025"
"NYM","ELECTRICITY","NEPOOL CNCTCT 5MW D AH O PK","P3","02/2026","02/2026","45","USD","0.025"
"NYM","ELECTRICITY","NEPOOL CNCTCT 5MW D AH O PK","P3","03/2026","04/2026","35","USD","0.025"
"NYM","ELECTRICITY","NEPOOL CNCTCT 5MW D AH O PK","P3","05/2026","12/2031","20","USD","0.025"
"NYM","ELECTRICITY","NEPOOL SE MASS 5MW D AH PK","P4","01/2026","01/2026","541","USD","0.025"
"NYM","ELECTRICITY","NEPOOL SE MASS 5MW D AH PK","P4","02/2026","02/2026","1200","USD","0.025"
"NYM","ELECTRICITY","NEPOOL SE MASS 5MW D AH PK","P4","03/2026","04/2026","500","USD","0.025"
"NYM","ELECTRICITY","NEPOOL SE MASS 5MW D AH PK","P4","05/2026","12/2031","200","USD","0.025"
"NYM","ELECTRICITY","NEPOOL SE MASS 5MW D AH O PK","P5","01/2026","01/2026","22","USD","0.025"
"NYM","ELECTRICITY","NEPOOL SE MASS 5MW D AH O PK","P5","02/2026","02/2026","40","USD","0.025"
"NYM","ELECTRICITY","NEPOOL SE MASS 5MW D AH O PK","P5","03/2026","04/2026","30","USD","0.025"
"NYM","ELECTRICITY","NEPOOL SE MASS 5MW D AH O PK","P5","05/2026","12/2031","25","USD","0.025"
"NYM","ELECTRICITY","NEPOOL NE MASS 5MW D AH PK","P7","01/2026","01/2026","338","USD","0.025"
"NYM","ELECTRICITY","NEPOOL NE MASS 5MW D AH PK","P7","02/2026","02/2026","750","USD","0.025"
"NYM","ELECTRICITY","NEPOOL NE MASS 5MW D AH PK","P7","03/2026","05/2026","450","USD","0.025"
"NYM","ELECTRICITY","NEPOOL NE MASS 5MW D AH PK","P7","06/2026","11/2026","220","USD","0.025"
"NYM","ELECTRICITY","NEPOOL NE MASS 5MW D AH PK","P7","12/2026","12/2031","150","USD","0.025"
"NYM","ELECTRICITY","NEPOOL NE MASS 5MW D AH O PK","P8","01/2026","01/2026","20","USD","0.025"
"NYM","ELECTRICITY","NEPOOL NE MASS 5MW D AH O PK","P8","02/2026","02/2026","30","USD","0.025"
"NYM","ELECTRICITY","NEPOOL NE MASS 5MW D AH O PK","P8","03/2026","04/2026","25","USD","0.025"
"NYM","ELECTRICITY","NEPOOL NE MASS 5MW D AH O PK","P8","05/2026","11/2026","13","USD","0.025"
"NYM","ELECTRICITY","NEPOOL NE MASS 5MW D AH O PK","P8","12/2026","12/2031","10","USD","0.025"
"NYM","ELECTRICITY","NEPOOL MAINE 5MW D AH PK","P9","01/2026","01/2026","496","USD","0.025"
"NYM","ELECTRICITY","NEPOOL MAINE 5MW D AH PK","P9","02/2026","02/2026","1000","USD","0.025"
"NYM","ELECTRICITY","NEPOOL MAINE 5MW D AH PK","P9","03/2026","04/2026","700","USD","0.025"
"NYM","ELECTRICITY","NEPOOL MAINE 5MW D AH PK","P9","05/2026","12/2031","225","USD","0.025"
"NYM","ELECTRICITY","PJM AEP DAYTON HUB DA PEAK DAILY","PAP","01/09/2026","01/28/2026","2000","USD","0.2"
"NYM","ELECTRICITY","PJM AEP DAYTON HUB DA PEAK DAILY","PAP","01/29/2026","02/27/2026","1200","USD","0.2"
"NYM","ELECTRICITY","PJM AEP 50 MW CAL STRIP SYNTH","PAS","01/2027","01/2027","768000","USD","0.25"
"NYM","ELECTRICITY","PJM BGE ZONE OFF-PEAK CAL D","PBO","01/09/2026","01/27/2026","150","USD","0.2"
"NYM","ELECTRICITY","PJM BGE ZONE OFF-PEAK CAL D","PBO","01/28/2026","02/02/2026","100","USD","0.2"
"NYM","ELECTRICITY","PJM BGE ZONE OFF-PEAK CAL D","PBO","02/03/2026","02/28/2026","75","USD","0.2"
"NYM","ELECTRICITY","PJM BGE ZONE PEAK CAL DAY FUT","PBP","01/09/2026","01/28/2026","2500","USD","0.2"
"NYM","ELECTRICITY","PJM BGE ZONE PEAK CAL DAY FUT","PBP","01/29/2026","02/27/2026","2000","USD","0.2"
"NYM","ELECTRICITY","PJM COMED ZONE OFF-PK DAY AHEAD FUT","PCO","01/09/2026","01/27/2026","150","USD","0.2"
"NYM","ELECTRICITY","PJM COMED ZONE OFF-PK DAY AHEAD FUT","PCO","01/28/2026","02/02/2026","100","USD","0.2"
"NYM","ELECTRICITY","PJM COMED ZONE OFF-PK DAY AHEAD FUT","PCO","02/03/2026","02/28/2026","75","USD","0.2"
"NYM","ELECTRICITY","PJM COMED ZONE PEAK CALDAY DA FUT","PCP","01/09/2026","01/28/2026","2500","USD","0.2"
"NYM","ELECTRICITY","PJM COMED ZONE PEAK CALDAY DA FUT","PCP","01/29/2026","02/02/2026","2000","USD","0.2"
"NYM","ELECTRICITY","PJM COMED ZONE PEAK CALDAY DA FUT","PCP","02/03/2026","02/27/2026","1600","USD","0.2"
"NYM","ELECTRICITY","MISO INDIANA HUB 5MW PK CAL DAYHD","PDD","01/08/2026","01/27/2026","2400","USD","50.000%"
"NYM","ELECTRICITY","MISO INDIANA HUB 5MW PK CAL DAYHD","PDD","01/28/2026","02/27/2026","1300","USD","50.000%"
"NYM","ELECTRICITY","PJM DAILY LOAD FORECAST FUT","PDJ","01/12/2026","01/30/2026","450","USD","0.08"
"NYM","ELECTRICITY","PJM AEP DAYTON HUB DA OP DAILY","PEO","01/09/2026","01/28/2026","160","USD","50.000%"
"NYM","ELECTRICITY","PJM AEP DAYTON HUB DA OP DAILY","PEO","01/29/2026","02/28/2026","50","USD","50.000%"
"NYM","ELECTRICITY","PJM  AECO ZONE OFF-PEAK CAL DA FUT","PFO","01/09/2026","01/27/2026","150","USD","0.2"
"NYM","ELECTRICITY","PJM  AECO ZONE OFF-PEAK CAL DA FUT","PFO","01/28/2026","02/02/2026","100","USD","0.2"
"NYM","ELECTRICITY","PJM  AECO ZONE OFF-PEAK CAL DA FUT","PFO","02/03/2026","02/28/2026","75","USD","0.2"
"NYM","ELECTRICITY","PJM ATSI ZONE OFF-PEAK CAL DAY AHEA","PHO","01/09/2026","01/27/2026","150","USD","0.2"
"NYM","ELECTRICITY","PJM ATSI ZONE OFF-PEAK CAL DAY AHEA","PHO","01/28/2026","02/02/2026","100","USD","0.2"
"NYM","ELECTRICITY","PJM ATSI ZONE OFF-PEAK CAL DAY AHEA","PHO","02/03/2026","02/28/2026","75","USD","0.2"
"NYM","ELECTRICITY","PJM ATSI ZONE PEAK CALDAY DA FUT","PHP","01/09/2026","01/28/2026","2500","USD","0.2"
"NYM","ELECTRICITY","PJM ATSI ZONE PEAK CALDAY DA FUT","PHP","01/29/2026","02/27/2026","2000","USD","0.2"
"NYM","ELECTRICITY","PJM PENELEC ZONE PEAK CALDAY DA FUT","PKP","01/09/2026","01/28/2026","2500","USD","0.2"
"NYM","ELECTRICITY","PJM PENELEC ZONE PEAK CALDAY DA FUT","PKP","01/29/2026","02/02/2026","2300","USD","0.2"
"NYM","ELECTRICITY","PJM PENELEC ZONE PEAK CALDAY DA FUT","PKP","02/03/2026","02/27/2026","2000","USD","0.2"
"NYM","ELECTRICITY","PJM PPL ZONE OFF-PEAK CALDAY FUT","PLO","01/09/2026","01/27/2026","150","USD","0.2"
"NYM","ELECTRICITY","PJM PPL ZONE OFF-PEAK CALDAY FUT","PLO","01/28/2026","02/02/2026","100","USD","0.2"
"NYM","ELECTRICITY","PJM PPL ZONE OFF-PEAK CALDAY FUT","PLO","02/03/2026","02/28/2026","80","USD","0.2"
"NYM","ELECTRICITY","PJM PPL ZONE PEAK CALDAY DA FUT","PLP","01/09/2026","01/28/2026","2500","USD","0.2"
"NYM","ELECTRICITY","PJM PPL ZONE PEAK CALDAY DA FUT","PLP","01/29/2026","02/02/2026","2370","USD","0.2"
"NYM","ELECTRICITY","PJM PPL ZONE PEAK CALDAY DA FUT","PLP","02/03/2026","02/27/2026","2000","USD","0.2"
"NYM","ELECTRICITY","PJM METED ZONE OFF-PEAK CALDAY FUT","PMO","01/09/2026","01/27/2026","150","USD","0.2"
"NYM","ELECTRICITY","PJM METED ZONE OFF-PEAK CALDAY FUT","PMO","01/28/2026","02/02/2026","100","USD","0.2"
"NYM","ELECTRICITY","PJM METED ZONE OFF-PEAK CALDAY FUT","PMO","02/03/2026","02/28/2026","80","USD","0.2"
"NYM","ELECTRICITY","PJM METED ZONE PEAK CALDAY DA PHY","PMP","01/09/2026","01/28/2026","2500","USD","0.2"
"NYM","ELECTRICITY","PJM METED ZONE PEAK CALDAY DA PHY","PMP","01/29/2026","02/02/2026","2330","USD","0.2"
"NYM","ELECTRICITY","PJM METED ZONE PEAK CALDAY DA PHY","PMP","02/03/2026","02/27/2026","2000","USD","0.2"
"NYM","ELECTRICITY","PJM NORTERN ILL HUB DA OP DAILY","PNO","01/09/2026","01/31/2026","100","USD","0.2"
"NYM","ELECTRICITY","PJM NORTERN ILL HUB DA OP DAILY","PNO","02/01/2026","02/28/2026","60","USD","0.2"
"NYM","ELECTRICITY","PJM NORTERN ILL HUB DA PEAK DAILY","PNP","01/09/2026","01/26/2026","2000","USD","0.2"
"NYM","ELECTRICITY","PJM NORTERN ILL HUB DA PEAK DAILY","PNP","01/27/2026","02/27/2026","1300","USD","0.2"
"NYM","ELECTRICITY","PJM NI HUB 50 LMP CAL STRIP SYNTH","PNS","01/2027","01/2027","514000","USD","25.000%"
"NYM","ELECTRICITY","PJM NI HUB 50 LMP CAL STRIP SYNTH","PNS","01/2028","01/2031","510000","USD","25.000%"
"NYM","ELECTRICITY","PJM PENELEC ZONE OFF-PEAK CALDAY FU","POC","01/09/2026","01/27/2026","150","USD","0.2"
"NYM","ELECTRICITY","PJM PENELEC ZONE OFF-PEAK CALDAY FU","POC","01/28/2026","02/02/2026","100","USD","0.2"
"NYM","ELECTRICITY","PJM PENELEC ZONE OFF-PEAK CALDAY FU","POC","02/03/2026","02/28/2026","70","USD","0.2"
"NYM","ELECTRICITY","PJM JCPL PEAK CALDAY DAY AHEAD FUT","PPL","01/09/2026","01/28/2026","2500","USD","0.2"
"NYM","ELECTRICITY","PJM JCPL PEAK CALDAY DAY AHEAD FUT","PPL","01/29/2026","02/02/2026","2370","USD","0.2"
"NYM","ELECTRICITY","PJM JCPL PEAK CALDAY DAY AHEAD FUT","PPL","02/03/2026","02/27/2026","2000","USD","0.2"
"NYM","ELECTRICITY","PJM DUQUESNE ZONE OFF-PEAK CALDAY F","PQO","01/09/2026","01/27/2026","150","USD","0.2"
"NYM","ELECTRICITY","PJM DUQUESNE ZONE OFF-PEAK CALDAY F","PQO","01/28/2026","02/02/2026","100","USD","0.2"
"NYM","ELECTRICITY","PJM DUQUESNE ZONE OFF-PEAK CALDAY F","PQO","02/03/2026","02/28/2026","70","USD","0.2"
"NYM","ELECTRICITY","PJM DUQUESNE ZONE OFF PEAK CALDAY F","PQP","01/09/2026","01/28/2026","2500","USD","0.2"
"NYM","ELECTRICITY","PJM DUQUESNE ZONE OFF PEAK CALDAY F","PQP","01/29/2026","02/02/2026","2000","USD","0.2"
"NYM","ELECTRICITY","PJM DUQUESNE ZONE OFF PEAK CALDAY F","PQP","02/03/2026","02/27/2026","1810","USD","0.2"
"NYM","ELECTRICITY","PJM ATSI ZONE OFF PEAK CALDAY RT FU","PRO","01/08/2026","01/26/2026","150","USD","0.2"
"NYM","ELECTRICITY","PJM ATSI ZONE OFF PEAK CALDAY RT FU","PRO","01/27/2026","02/01/2026","125","USD","0.2"
"NYM","ELECTRICITY","PJM ATSI ZONE OFF PEAK CALDAY RT FU","PRO","02/02/2026","02/28/2026","75","USD","0.2"
"NYM","ELECTRICITY","PJM ATSI ZONE PEAK CALDAY RT FUT","PRP","01/08/2026","01/22/2026","4000","USD","0.05"
"NYM","ELECTRICITY","PJM ATSI ZONE PEAK CALDAY RT FUT","PRP","01/23/2026","01/30/2026","2500","USD","0.05"
"NYM","ELECTRICITY","PJM ATSI ZONE PEAK CALDAY RT FUT","PRP","02/02/2026","02/27/2026","2000","USD","0.05"
"NYM","ELECTRICITY","PJM PSEG ZONE OFF-PEAK CAL D","PSO","01/09/2026","01/27/2026","150","USD","0.2"
"NYM","ELECTRICITY","PJM PSEG ZONE OFF-PEAK CAL D","PSO","01/28/2026","02/02/2026","100","USD","0.2"
"NYM","ELECTRICITY","PJM PSEG ZONE OFF-PEAK CAL D","PSO","02/03/2026","02/28/2026","80","USD","0.2"
"NYM","ELECTRICITY","PJM PSEG ZONE PEAK CALDAY DA FUT","PSP","01/09/2026","01/28/2026","2500","USD","0.2"
"NYM","ELECTRICITY","PJM PSEG ZONE PEAK CALDAY DA FUT","PSP","01/29/2026","02/02/2026","2420","USD","0.2"
"NYM","ELECTRICITY","PJM PSEG ZONE PEAK CALDAY DA FUT","PSP","02/03/2026","02/27/2026","2000","USD","0.2"
"NYM","ELECTRICITY","MISO INDIANA HUB 5MW PK CAL-DAY RT","PTD","01/07/2026","01/26/2026","3300","USD","50.000%"
"NYM","ELECTRICITY","MISO INDIANA HUB 5MW PK CAL-DAY RT","PTD","01/27/2026","01/30/2026","1500","USD","50.000%"
"NYM","ELECTRICITY","MISO INDIANA HUB 5MW PK CAL-DAY RT","PTD","02/02/2026","02/27/2026","1250","USD","50.000%"
"NYM","ELECTRICITY","PJM JCPL ZONE OFF-PEAK CALDAY FUT","PTO","01/09/2026","01/27/2026","150","USD","0.2"
"NYM","ELECTRICITY","PJM JCPL ZONE OFF-PEAK CALDAY FUT","PTO","01/28/2026","02/02/2026","100","USD","0.2"
"NYM","ELECTRICITY","PJM JCPL ZONE OFF-PEAK CALDAY FUT","PTO","02/03/2026","02/28/2026","80","USD","0.2"
"NYM","ELECTRICITY","PJM DPL ZONE OFF-PEAK CALDAY FUT","PUO","01/09/2026","01/27/2026","150","USD","0.2"
"NYM","ELECTRICITY","PJM DPL ZONE OFF-PEAK CALDAY FUT","PUO","01/28/2026","02/02/2026","130","USD","0.2"
"NYM","ELECTRICITY","PJM DPL ZONE OFF-PEAK CALDAY FUT","PUO","02/03/2026","02/28/2026","75","USD","0.2"
"NYM","ELECTRICITY","PJM DPL ZONE OFF PEAK CALDAY DA FUT","PUP","01/09/2026","01/28/2026","3000","USD","0.2"
"NYM","ELECTRICITY","PJM DPL ZONE OFF PEAK CALDAY DA FUT","PUP","01/29/2026","02/02/2026","2500","USD","0.2"
"NYM","ELECTRICITY","PJM DPL ZONE OFF PEAK CALDAY DA FUT","PUP","02/03/2026","02/27/2026","2000","USD","0.2"
"NYM","ELECTRICITY","PJM PECO ZONE OFF-PEAK CALDAY FUT","PVO","01/09/2026","01/27/2026","150","USD","0.2"
"NYM","ELECTRICITY","PJM PECO ZONE OFF-PEAK CALDAY FUT","PVO","01/28/2026","02/02/2026","100","USD","0.2"
"NYM","ELECTRICITY","PJM PECO ZONE OFF-PEAK CALDAY FUT","PVO","02/03/2026","02/28/2026","80","USD","0.2"
"NYM","ELECTRICITY","PJM PECO ZONE PEAK CALDAY DA FUT","PVP","01/09/2026","01/28/2026","2500","USD","0.2"
"NYM","ELECTRICITY","PJM PECO ZONE PEAK CALDAY DA FUT","PVP","01/29/2026","02/02/2026","2450","USD","0.2"
"NYM","ELECTRICITY","PJM PECO ZONE PEAK CALDAY DA FUT","PVP","02/03/2026","02/27/2026","2000","USD","0.2"
"NYM","ELECTRICITY","PJM WESTERN HUB DA OP DAILY FUT","PWO","01/09/2026","01/27/2026","180","USD","0.2"
"NYM","ELECTRICITY","PJM WESTERN HUB DA OP DAILY FUT","PWO","01/28/2026","02/28/2026","60","USD","0.2"
"NYM","ELECTRICITY","PJM WESTERN HUB DA PEAK DAILY","PWP","01/09/2026","01/27/2026","2400","USD","0.2"
"NYM","ELECTRICITY","PJM WESTERN HUB DA PEAK DAILY","PWP","01/28/2026","02/27/2026","1900","USD","0.2"
"NYM","ELECTRICITY","PJM PEPCO ZONE OFF-PEAK CALDAY FUT","PXO","01/09/2026","01/27/2026","150","USD","0.2"
"NYM","ELECTRICITY","PJM PEPCO ZONE OFF-PEAK CALDAY FUT","PXO","01/28/2026","02/02/2026","110","USD","0.2"
"NYM","ELECTRICITY","PJM PEPCO ZONE OFF-PEAK CALDAY FUT","PXO","02/03/2026","02/28/2026","75","USD","0.2"
"NYM","ELECTRICITY","PJM PEPCO ZONE PEAK CALDAY DA FUT","PXP","01/09/2026","01/28/2026","2500","USD","0.2"
"NYM","ELECTRICITY","PJM PEPCO ZONE PEAK CALDAY DA FUT","PXP","01/29/2026","02/02/2026","2000","USD","0.2"
"NYM","ELECTRICITY","PJM PEPCO ZONE PEAK CALDAY DA FUT","PXP","02/03/2026","02/27/2026","1950","USD","0.2"
"NYM","ELECTRICITY","PJM EASTERN HUB OFF-PEAK CALDAY FUT","PYO","01/09/2026","01/27/2026","150","USD","0.2"
"NYM","ELECTRICITY","PJM EASTERN HUB OFF-PEAK CALDAY FUT","PYO","01/28/2026","02/02/2026","120","USD","0.2"
"NYM","ELECTRICITY","PJM EASTERN HUB OFF-PEAK CALDAY FUT","PYO","02/03/2026","02/28/2026","75","USD","0.2"
"NYM","ELECTRICITY","PJM EASTERN HUB PEAK CALDAY DA FUT","PYP","01/09/2026","01/28/2026","3000","USD","0.2"
"NYM","ELECTRICITY","PJM EASTERN HUB PEAK CALDAY DA FUT","PYP","01/29/2026","02/02/2026","2500","USD","0.2"
"NYM","ELECTRICITY","PJM EASTERN HUB PEAK CALDAY DA FUT","PYP","02/03/2026","02/27/2026","2000","USD","0.2"
"NYM","ELECTRICITY","PJM APS ZONE OFF-PEAK CAL DAY AHEAD","PZO","01/09/2026","01/27/2026","150","USD","0.2"
"NYM","ELECTRICITY","PJM APS ZONE OFF-PEAK CAL DAY AHEAD","PZO","01/28/2026","02/02/2026","100","USD","0.2"
"NYM","ELECTRICITY","PJM APS ZONE OFF-PEAK CAL DAY AHEAD","PZO","02/03/2026","02/28/2026","75","USD","0.2"
"NYM","ELECTRICITY","PJM APS ZONE PEAK CALDAY DA FUT","PZP","01/09/2026","01/28/2026","2500","USD","0.2"
"NYM","ELECTRICITY","PJM APS ZONE PEAK CALDAY DA FUT","PZP","01/29/2026","02/27/2026","2000","USD","0.2"
"NYM","ELECTRICITY","NYISO ZONE C 5MW D AH PK","Q5","01/2026","01/2026","406","USD","0.025"
"NYM","ELECTRICITY","NYISO ZONE C 5MW D AH PK","Q5","02/2026","12/2031","450","USD","0.025"
"NYM","ELECTRICITY","PJM PEPCO DA OFF-PEAK","Q8","01/2026","01/2026","9","USD","0.025"
"NYM","ELECTRICITY","PJM PEPCO DA OFF-PEAK","Q8","02/2026","02/2026","10","USD","0.025"
"NYM","ELECTRICITY","PJM PEPCO DA OFF-PEAK","Q8","03/2026","12/2031","7","USD","0.025"
"NYM","ELECTRICITY","ERCOT WEST 345 KV HUB 5 PEAK CLND D","R1","01/08/2026","01/23/2026","15500","USD","0.05"
"NYM","ELECTRICITY","ERCOT WEST 345 KV HUB 5 PEAK CLND D","R1","01/26/2026","01/30/2026","9000","USD","0.05"
"NYM","ELECTRICITY","ERCOT WEST 345 KV HUB 5 PEAK CLND D","R1","02/02/2026","02/27/2026","7500","USD","0.05"
"NYM","ELECTRICITY","PJM BGE DA OFF-PEAK","R3","01/2026","01/2026","29","USD","0.05"
"NYM","ELECTRICITY","PJM BGE DA OFF-PEAK","R3","02/2026","02/2026","38","USD","0.05"
"NYM","ELECTRICITY","PJM BGE DA OFF-PEAK","R3","03/2026","12/2031","15","USD","0.05"
"NYM","ELECTRICITY","ERCOT WEST 345 KV HUB OFFPK CLN D","R4","01/08/2026","01/26/2026","675","USD","0.05"
"NYM","ELECTRICITY","ERCOT WEST 345 KV HUB OFFPK CLN D","R4","01/27/2026","02/01/2026","360","USD","0.05"
"NYM","ELECTRICITY","ERCOT WEST 345 KV HUB OFFPK CLN D","R4","02/02/2026","02/28/2026","300","USD","0.05"
"NYM","ELECTRICITY","NEPOOL W CNTR M 5MW D AH PK","R6","01/2026","01/2026","541","USD","0.025"
"NYM","ELECTRICITY","NEPOOL W CNTR M 5MW D AH PK","R6","02/2026","02/2026","1100","USD","0.025"
"NYM","ELECTRICITY","NEPOOL W CNTR M 5MW D AH PK","R6","03/2026","05/2026","700","USD","0.025"
"NYM","ELECTRICITY","NEPOOL W CNTR M 5MW D AH PK","R6","06/2026","12/2031","250","USD","0.025"
"NYM","ELECTRICITY","PJM DAYTON DA OFF-PEAK","R7","02/2026","02/2026","36","USD","0.025"
"NYM","ELECTRICITY","PJM DAYTON DA OFF-PEAK","R7","03/2026","03/2026","31","USD","0.025"
"NYM","ELECTRICITY","PJM DAYTON DA OFF-PEAK","R7","04/2026","05/2026","26","USD","0.025"
"NYM","ELECTRICITY","PJM DAYTON DA OFF-PEAK","R7","06/2026","12/2026","21","USD","0.025"
"NYM","ELECTRICITY","PJM DAYTON DA OFF-PEAK","R7","01/2027","01/2032","16","USD","0.025"
"NYM","ELECTRICITY","PJM PEPCO DA PEAK","R8","01/2026","01/2026","270","USD","0.2"
"NYM","ELECTRICITY","PJM PEPCO DA PEAK","R8","02/2026","02/2026","400","USD","0.12"
"NYM","ELECTRICITY","PJM PEPCO DA PEAK","R8","03/2026","12/2031","200","USD","0.05"
"NYM","ELECTRICITY","PJM APS ZONE DA PEAK","S4","01/2026","01/2026","270","USD","0.05"
"NYM","ELECTRICITY","PJM APS ZONE DA PEAK","S4","02/2026","02/2026","400","USD","0.05"
"NYM","ELECTRICITY","PJM APS ZONE DA PEAK","S4","03/2026","12/2031","200","USD","0.05"
"NYM","ELECTRICITY","PJM WESTERN HUB DAY AHD PEAK FUT","SDD","01/2026","01/2026","9200","USD","20.000%"
"NYM","ELECTRICITY","PJM WESTERN HUB DAY AHD PEAK FUT","SDD","02/2026","02/2026","4025","USD","20.000%"
"NYM","ELECTRICITY","PJM WESTERN HUB DAY AHD PEAK FUT","SDD","03/2026","05/2026","2300","USD","20.000%"
"NYM","ELECTRICITY","PJM WESTERN HUB DAY AHD PEAK FUT","SDD","06/2026","11/2026","2070","USD","20.000%"
"NYM","ELECTRICITY","PJM WESTERN HUB DAY AHD PEAK FUT","SDD","12/2026","12/2031","2070","USD","10.000%"
"NYM","ELECTRICITY","PJM WESTERN HUB PEAK AVG FUT","SRT","01/2026","01/2026","9200","USD","20.000%"
"NYM","ELECTRICITY","PJM WESTERN HUB PEAK AVG FUT","SRT","02/2026","02/2026","4025","USD","20.000%"
"NYM","ELECTRICITY","PJM WESTERN HUB PEAK AVG FUT","SRT","03/2026","05/2026","2300","USD","20.000%"
"NYM","ELECTRICITY","PJM WESTERN HUB PEAK AVG FUT","SRT","06/2026","11/2026","2070","USD","20.000%"
"NYM","ELECTRICITY","PJM WESTERN HUB PEAK AVG FUT","SRT","12/2026","12/2031","2070","USD","10.000%"
"NYM","ELECTRICITY","NYISO ZONE G 5MW D AH PK","T3","02/2026","02/2026","1200","USD","38.000%"
"NYM","ELECTRICITY","NYISO ZONE G 5MW D AH PK","T3","03/2026","03/2026","1000","USD","38.000%"
"NYM","ELECTRICITY","NYISO ZONE G 5MW D AH PK","T3","04/2026","05/2026","700","USD","30.000%"
"NYM","ELECTRICITY","NYISO ZONE G 5MW D AH PK","T3","06/2026","12/2026","500","USD","18.000%"
"NYM","ELECTRICITY","NYISO ZONE G 5MW D AH PK","T3","01/2027","12/2031","400","USD","18.000%"
"NYM","ELECTRICITY","NEPOOL NEW HAMP 5MW D AH PK","U2","01/2026","01/2026","541","USD","0.025"
"NYM","ELECTRICITY","NEPOOL NEW HAMP 5MW D AH PK","U2","02/2026","02/2026","1000","USD","0.025"
"NYM","ELECTRICITY","NEPOOL NEW HAMP 5MW D AH PK","U2","03/2026","12/2031","700","USD","0.025"
"NYM","ELECTRICITY","NEPOOL NEW HAMP 5MW D AH O PK","U3","01/2026","01/2026","22","USD","0.025"
"NYM","ELECTRICITY","NEPOOL NEW HAMP 5MW D AH O PK","U3","02/2026","12/2031","40","USD","0.025"
"NYM","ELECTRICITY","NEPOOL RHD ISLD 5MW D AH PK","U4","01/2026","01/2026","541","USD","0.025"
"NYM","ELECTRICITY","NEPOOL RHD ISLD 5MW D AH PK","U4","02/2026","02/2026","1100","USD","0.025"
"NYM","ELECTRICITY","NEPOOL RHD ISLD 5MW D AH PK","U4","03/2026","04/2026","700","USD","0.025"
"NYM","ELECTRICITY","NEPOOL RHD ISLD 5MW D AH PK","U4","05/2026","12/2031","250","USD","0.025"
"NYM","ELECTRICITY","NEPOOL RHODE IL 5MW D AH O PK","U5","01/2026","01/2026","22","USD","0.025"
"NYM","ELECTRICITY","NEPOOL RHODE IL 5MW D AH O PK","U5","02/2026","02/2026","40","USD","0.025"
"NYM","ELECTRICITY","NEPOOL RHODE IL 5MW D AH O PK","U5","03/2026","12/2031","25","USD","0.025"
"NYM","ELECTRICITY","NEPOOL INTR HUB 5MW D AH PK","U6","02/2026","02/2026","1300","USD","0.025"
"NYM","ELECTRICITY","NEPOOL INTR HUB 5MW D AH PK","U6","03/2026","03/2026","1000","USD","0.025"
"NYM","ELECTRICITY","NEPOOL INTR HUB 5MW D AH PK","U6","04/2026","06/2026","800","USD","0.025"
"NYM","ELECTRICITY","NEPOOL INTR HUB 5MW D AH PK","U6","07/2026","12/2026","500","USD","0.025"
"NYM","ELECTRICITY","NEPOOL INTR HUB 5MW D AH PK","U6","01/2027","12/2031","400","USD","0.025"
"NYM","ELECTRICITY","PJM N ILLINOIS HUB RT PK CAL DAY5MW","UD","01/14/2026","01/28/2026","5000","USD","0.05"
"NYM","ELECTRICITY","PJM N ILLINOIS HUB RT PK CAL DAY5MW","UD","01/29/2026","02/05/2026","2800","USD","0.05"
"NYM","ELECTRICITY","PJM N ILLINOIS HUB RT PK CAL DAY5MW","UD","02/06/2026","02/27/2026","2300","USD","0.05"
"NYM","ELECTRICITY","PJM AD HUB 5MW REAL TIME O PK","V3","02/2026","02/2026","35","USD","0.025"
"NYM","ELECTRICITY","PJM AD HUB 5MW REAL TIME O PK","V3","03/2026","03/2026","30","USD","0.025"
"NYM","ELECTRICITY","PJM AD HUB 5MW REAL TIME O PK","V3","04/2026","05/2026","25","USD","0.025"
"NYM","ELECTRICITY","PJM AD HUB 5MW REAL TIME O PK","V3","06/2026","12/2026","20","USD","0.025"
"NYM","ELECTRICITY","PJM AD HUB 5MW REAL TIME O PK","V3","01/2027","12/2031","15","USD","0.025"
"NYM","ELECTRICITY","PJM AEP-DAYTON HUB RT PK CALDAY 5MW","VD","01/14/2026","01/28/2026","6500","USD","0.05"
"NYM","ELECTRICITY","PJM AEP-DAYTON HUB RT PK CALDAY 5MW","VD","01/29/2026","02/05/2026","5500","USD","0.05"
"NYM","ELECTRICITY","PJM AEP-DAYTON HUB RT PK CALDAY 5MW","VD","02/06/2026","02/27/2026","3000","USD","0.05"
"NYM","ELECTRICITY","NEPOOL MAINE 5MW D AH O EAK","W2","01/2026","01/2026","22","USD","0.025"
"NYM","ELECTRICITY","NEPOOL MAINE 5MW D AH O EAK","W2","02/2026","02/2026","45","USD","0.025"
"NYM","ELECTRICITY","NEPOOL MAINE 5MW D AH O EAK","W2","03/2026","12/2031","30","USD","0.025"
"NYM","ELECTRICITY","PJM APS ZONE DA OFF-PEAK","W4","01/2026","01/2026","15","USD","0.05"
"NYM","ELECTRICITY","PJM APS ZONE DA OFF-PEAK","W4","02/2026","02/2026","25","USD","0.05"
"NYM","ELECTRICITY","PJM APS ZONE DA OFF-PEAK","W4","03/2026","11/2026","10","USD","0.05"
"NYM","ELECTRICITY","PJM APS ZONE DA OFF-PEAK","W4","12/2026","12/2031","7","USD","0.05"
"NYM","ELECTRICITY","PJM PSEG DA OFF-PEAK","W6","01/2026","01/2026","13","USD","0.025"
"NYM","ELECTRICITY","PJM PSEG DA OFF-PEAK","W6","02/2026","02/2026","20","USD","0.025"
"NYM","ELECTRICITY","PJM PSEG DA OFF-PEAK","W6","03/2026","04/2026","15","USD","0.025"
"NYM","ELECTRICITY","PJM PSEG DA OFF-PEAK","W6","05/2026","11/2026","9","USD","0.025"
"NYM","ELECTRICITY","PJM PSEG DA OFF-PEAK","W6","12/2026","12/2031","7","USD","0.025"
"NYM","ELECTRICITY","PJM WESTERN HUB RT OP DAILY","WOR","01/08/2026","01/26/2026","400","USD","0.2"
"NYM","ELECTRICITY","PJM WESTERN HUB RT OP DAILY","WOR","01/27/2026","02/28/2026","120","USD","0.2"
"NYM","ELECTRICITY","PJM AECO DA  OFF-PEAK","X1","01/2026","01/2026","13","USD","0.05"
"NYM","ELECTRICITY","PJM AECO DA  OFF-PEAK","X1","02/2026","04/2026","25","USD","0.05"
"NYM","ELECTRICITY","PJM AECO DA  OFF-PEAK","X1","05/2026","12/2031","10","USD","0.05"
"NYM","ELECTRICITY","PJM AECO DA PEAK","Y1","01/2026","01/2026","270","USD","0.05"
"NYM","ELECTRICITY","PJM AECO DA PEAK","Y1","02/2026","02/2026","450","USD","0.05"
"NYM","ELECTRICITY","PJM AECO DA PEAK","Y1","03/2026","12/2031","200","USD","0.05"
"NYM","ELECTRICITY","PJM AD HUB 5MW REAL TIME PK","Z9","02/2026","02/2026","900","USD","0.15"
"NYM","ELECTRICITY","PJM AD HUB 5MW REAL TIME PK","Z9","03/2026","03/2026","700","USD","0.1"
"NYM","ELECTRICITY","PJM AD HUB 5MW REAL TIME PK","Z9","04/2026","05/2026","500","USD","0.08"
"NYM","ELECTRICITY","PJM AD HUB 5MW REAL TIME PK","Z9","06/2026","12/2026","400","USD","0.05"
"NYM","ELECTRICITY","PJM AD HUB 5MW REAL TIME PK","Z9","01/2027","12/2031","300","USD","0.05"
"NYM","ELECTRICITY","NYISO ZONE A DA OP DAILY","ZAO","01/09/2026","01/27/2026","200","USD","0.2"
"NYM","ELECTRICITY","NYISO ZONE A DA OP DAILY","ZAO","01/28/2026","02/28/2026","60","USD","0.2"
"NYM","ELECTRICITY","NYISO ZONE G DA OP DAILY","ZGO","01/09/2026","01/27/2026","400","USD","0.2"
"NYM","ELECTRICITY","NYISO ZONE G DA OP DAILY","ZGO","01/28/2026","02/28/2026","60","USD","0.2"
"NYM","ELECTRICITY","NYISO ZONE J DA OP DAILY","ZJO","01/09/2026","01/27/2026","230","USD","0.2"
"NYM","ELECTRICITY","NYISO ZONE J DA OP DAILY","ZJO","01/28/2026","02/28/2026","60","USD","0.2"
"NYM","ENVIRONMENTAL","CBL AUS CCU FUTURE","ACU","02/2026","02/2026","1900","AUD","35.000%"
"NYM","ENVIRONMENTAL","CBL AUS CCU FUTURE","ACU","03/2026","12/2029","1800","AUD","15.000%"
"NYM","ENVIRONMENTAL","EURO UNION ALLOW EUA","ECF","01/2026","01/2026","4500","EUR","35.000%"
"NYM","ENVIRONMENTAL","EURO UNION ALLOW EUA","ECF","02/2026","12/2030","4500","EUR","15.000%"
"NYM","ENVIRONMENTAL","CBL GLOBAL EMISSIONS OFFSET FUTURES","GEO","01/2026","01/2026","110","USD","35.000%"
"NYM","ENVIRONMENTAL","CBL GLOBAL EMISSIONS OFFSET FUTURES","GEO","02/2026","12/2029","110","USD","15.000%"
"NYM","ENVIRONMENTAL","CALIFORNIA LOW CARBON FUEL OPIS FUT","LCS","01/2026","01/2026","600","EUR","35.000%"
"NYM","ENVIRONMENTAL","CALIFORNIA LOW CARBON FUEL OPIS FUT","LCS","02/2026","12/2029","500","EUR","15.000%"
"NYM","ENVIRONMENTAL","CBL NATURE-BASED GLOBAL EMISSIONS O","NGO","01/2026","01/2026","150","USD","35.000%"
"NYM","ENVIRONMENTAL","CBL NATURE-BASED GLOBAL EMISSIONS O","NGO","02/2026","12/2031","150","USD","15.000%"
"NYM","ENVIRONMENTAL","CBL NATURE-BASED GLOBAL EMISSIONS","NOT","01/2026","01/2026","300","USD","35.000%"
"NYM","ENVIRONMENTAL","CBL NATURE-BASED GLOBAL EMISSIONS","NOT","02/2026","12/2029","300","USD","15.000%"
"NYM","ENVIRONMENTAL","CARBON  RGGI  EMISSION","RJ","01/2026","12/2029","300","USD","35.000%"
"NYM","ETHANOL","CHICAGO ETHANOL 1 MTH SYN CAL SPD","1CE","01/2026","01/2026","7510","USD","15.000%"
"NYM","ETHANOL","CHICAGO ETHANOL 1 MTH SYN CAL SPD","1CE","02/2026","02/2026","2900","USD","15.000%"
"NYM","ETHANOL","CHICAGO ETHANOL 1 MTH SYN CAL SPD","1CE","03/2026","11/2028","2400","USD","15.000%"
"NYM","ETHANOL","CHICAGO ETHANOL 2 MTH SYN CAL SPD","2CE","01/2026","01/2026","7210","USD","15.000%"
"NYM","ETHANOL","CHICAGO ETHANOL 2 MTH SYN CAL SPD","2CE","02/2026","02/2026","4500","USD","15.000%"
"NYM","ETHANOL","CHICAGO ETHANOL 2 MTH SYN CAL SPD","2CE","03/2026","05/2026","2500","USD","15.000%"
"NYM","ETHANOL","CHICAGO ETHANOL 2 MTH SYN CAL SPD","2CE","06/2026","11/2026","2800","USD","15.000%"
"NYM","ETHANOL","CHICAGO ETHANOL 3 MTH SYN CAL SPD","3CE","01/2026","01/2026","7210","USD","15.000%"
"NYM","ETHANOL","CHICAGO ETHANOL 3 MTH SYN CAL SPD","3CE","02/2026","02/2026","4500","USD","15.000%"
"NYM","ETHANOL","CHICAGO ETHANOL 3 MTH SYN CAL SPD","3CE","03/2026","04/2026","2500","USD","15.000%"
"NYM","ETHANOL","CHICAGO ETHANOL 3 MTH SYN CAL SPD","3CE","05/2026","10/2026","2800","USD","15.000%"
"NYM","ETHANOL","CHICAGO ETHANOL 6 MTH SYN CAL SPD","6CE","01/2026","01/2026","7210","USD","15.000%"
"NYM","ETHANOL","CHICAGO ETHANOL 6 MTH SYN CAL SPD","6CE","02/2026","02/2026","5000","USD","15.000%"
"NYM","ETHANOL","CHICAGO ETHANOL 6 MTH SYN CAL SPD","6CE","03/2026","08/2026","2800","USD","15.000%"
"NYM","ETHANOL","METHNL CFR CHINA SPECIFIC(ICIS) FUT","CMS","01/2026","01/2026","1700","USD","25.000%"
"NYM","ETHANOL","METHNL CFR CHINA SPECIFIC(ICIS) FUT","CMS","02/2026","02/2026","1450","USD","25.000%"
"NYM","ETHANOL","METHNL CFR CHINA SPECIFIC(ICIS) FUT","CMS","03/2026","12/2027","1300","USD","25.000%"
"NYM","ETHANOL","CHICAGO ETHANOL FUT","CU","01/2026","01/2026","1490","USD","40.000%"
"NYM","ETHANOL","CHICAGO ETHANOL FUT","CU","02/2026","02/2026","4000","USD","30.000%"
"NYM","ETHANOL","CHICAGO ETHANOL FUT","CU","03/2026","12/2028","3500","USD","25.000%"
"NYM","ETHANOL","DENATURED FUEL ETHANOL FUTURES","EL","01/2026","02/2026","5300","USD","40.000%"
"NYM","ETHANOL","DENATURED FUEL ETHANOL FUTURES","EL","03/2026","03/2026","4700","USD","30.000%"
"NYM","ETHANOL","DENATURED FUEL ETHANOL FUTURES","EL","04/2026","01/2028","4000","USD","25.000%"
"NYM","ETHANOL","NEW YORK ETHANOL FUT","EZ","01/2026","01/2026","4800","USD","40.000%"
"NYM","ETHANOL","NEW YORK ETHANOL FUT","EZ","02/2026","02/2026","4800","USD","35.000%"
"NYM","ETHANOL","NEW YORK ETHANOL FUT","EZ","03/2026","12/2028","4800","USD","30.000%"
"NYM","ETHANOL","METHANOL T2 FOB RDAM (ICIS) FUTURES","MT2","01/2026","01/2026","2800","EUR","25.000%"
"NYM","ETHANOL","METHANOL T2 FOB RDAM (ICIS) FUTURES","MT2","02/2026","12/2027","2600","EUR","25.000%"
"NYM","ETHANOL","METHANOL FOBHOUSTON (ARGUS)","MTH","01/2026","01/2026","3800","USD","25.000%"
"NYM","ETHANOL","METHANOL FOBHOUSTON (ARGUS)","MTH","02/2026","12/2027","3600","USD","25.000%"
"NYM","ETHANOL","NY HARBOR ITT ETHANOL (PLATTS) FUT","NIE","01/2026","01/2026","6600","USD","40.000%"
"NYM","ETHANOL","NY HARBOR ITT ETHANOL (PLATTS) FUT","NIE","02/2026","02/2026","6400","USD","35.000%"
"NYM","ETHANOL","NY HARBOR ITT ETHANOL (PLATTS) FUT","NIE","03/2026","12/2028","5800","USD","30.000%"
"NYM","ETHANOL","UCOME BIODIESEL (RED CMPLT) FOB FUT","UCR","01/2026","06/2027","11500","USD","25.000%"
"NYM","ETHANOL","UCOME BIO FO (REDCT)(AR) VS LSG FUT","UCS","01/2026","06/2027","8000","USD","25.000%"
"NYM","ETHANOL","ETHANOL(PL) T2 FOB RTRDM INCL","Z1","01/2026","01/2026","1508","EUR","0.025"
"NYM","ETHANOL","ETHANOL(PL) T2 FOB RTRDM INCL","Z1","02/2026","12/2028","3650","EUR","0.025"
"NYM","ETHANOL","ETHANOL T2 INCL DUTY BALMO","Z1B","01/02/2026","01/30/2026","1715","EUR","0.025"
"NYM","ETHANOL","ETHANOL T2 INCL DUTY BALMO","Z1B","02/02/2026","03/31/2026","2000","EUR","0.025"
"NYM","FREIGHT","FREIGHT ROUTE TD22 (BALTIC) FUTURE","ACB","01/2026","01/2026","4500","USD","25.000%"
"NYM","FREIGHT","FREIGHT ROUTE TD22 (BALTIC) FUTURE","ACB","02/2026","09/2026","4000","USD","25.000%"
"NYM","FREIGHT","FREIGHT ROUTE TD22 (BALTIC) FUTURE","ACB","10/2026","12/2031","2700","USD","25.000%"
"NYM","FREIGHT","FREIGHT ROUTE TD25 (BALTIC) FUTURE","AEB","01/2026","01/2026","4500","USD","25.000%"
"NYM","FREIGHT","FREIGHT ROUTE TD25 (BALTIC) FUTURE","AEB","02/2026","09/2026","4000","USD","25.000%"
"NYM","FREIGHT","FREIGHT ROUTE TD25 (BALTIC) FUTURE","AEB","10/2026","12/2031","2700","USD","25.000%"
"NYM","FREIGHT","LNG FRT ROUTE AUS TO JAP RV FUT","BG1","01/2026","01/2026","12960","USD","25.000%"
"NYM","FREIGHT","LNG FRT ROUTE AUS TO JAP RV FUT","BG1","02/2026","02/2026","9720","USD","25.000%"
"NYM","FREIGHT","LNG FRT ROUTE AUS TO JAP RV FUT","BG1","03/2026","12/2029","8640","USD","25.000%"
"NYM","FREIGHT","LNG FRT ROUTE US GULF TO CONT FUT","BG2","01/2026","01/2026","15500","USD","25.000%"
"NYM","FREIGHT","LNG FRT ROUTE US GULF TO CONT FUT","BG2","02/2026","02/2026","15000","USD","25.000%"
"NYM","FREIGHT","LNG FRT ROUTE US GULF TO CONT FUT","BG2","03/2026","03/2026","14000","USD","25.000%"
"NYM","FREIGHT","LNG FRT ROUTE US GULF TO CONT FUT","BG2","04/2026","12/2029","11500","USD","25.000%"
"NYM","FREIGHT","LNG FRT ROUTE US GULF TO JAPAN FU","BG3","01/2026","01/2026","12960","USD","25.000%"
"NYM","FREIGHT","LNG FRT ROUTE US GULF TO JAPAN FU","BG3","02/2026","02/2026","10800","USD","25.000%"
"NYM","FREIGHT","LNG FRT ROUTE US GULF TO JAPAN FU","BG3","03/2026","03/2026","9720","USD","25.000%"
"NYM","FREIGHT","LNG FRT ROUTE US GULF TO JAPAN FU","BG3","04/2026","12/2029","7560","USD","25.000%"
"NYM","FREIGHT","CONTAINER FREIGHT (FBX01)BALTIC FUT","CS1","01/2026","01/2026","700","USD","25.000%"
"NYM","FREIGHT","CONTAINER FREIGHT (FBX01)BALTIC FUT","CS1","02/2026","02/2026","650","USD","25.000%"
"NYM","FREIGHT","CONTAINER FREIGHT (FBX01)BALTIC FUT","CS1","03/2026","12/2028","550","USD","25.000%"
"NYM","FREIGHT","CONTAINER FREIGHT (FBX02)BALTIC FUT","CS2","01/2026","02/2026","100","USD","25.000%"
"NYM","FREIGHT","CONTAINER FREIGHT (FBX02)BALTIC FUT","CS2","03/2026","04/2026","85","USD","25.000%"
"NYM","FREIGHT","CONTAINER FREIGHT (FBX02)BALTIC FUT","CS2","05/2026","12/2028","70","USD","25.000%"
"NYM","FREIGHT","CONTAINER FREIGHT (FBX03)BALTIC FUT","CS3","01/2026","02/2026","850","USD","25.000%"
"NYM","FREIGHT","CONTAINER FREIGHT (FBX03)BALTIC FUT","CS3","03/2026","03/2026","800","USD","25.000%"
"NYM","FREIGHT","CONTAINER FREIGHT (FBX03)BALTIC FUT","CS3","04/2026","12/2028","700","USD","25.000%"
"NYM","FREIGHT","CONTAINER FREIGHT(FBX11)BALTIC FUT","CS4","01/2026","02/2026","650","USD","25.000%"
"NYM","FREIGHT","CONTAINER FREIGHT(FBX11)BALTIC FUT","CS4","03/2026","03/2026","600","USD","25.000%"
"NYM","FREIGHT","CONTAINER FREIGHT(FBX11)BALTIC FUT","CS4","04/2026","12/2028","550","USD","25.000%"
"NYM","FREIGHT","CONTAINER FREIGHT(FBX12)BALTIC FUT","CS5","01/2026","03/2026","70","USD","25.000%"
"NYM","FREIGHT","CONTAINER FREIGHT(FBX12)BALTIC FUT","CS5","04/2026","12/2028","60","USD","25.000%"
"NYM","FREIGHT","CONTAINER FREIGHT(FBX13)BALTIC FUT","CS6","01/2026","01/2026","650","USD","25.000%"
"NYM","FREIGHT","CONTAINER FREIGHT(FBX13)BALTIC FUT","CS6","02/2026","03/2026","600","USD","25.000%"
"NYM","FREIGHT","CONTAINER FREIGHT(FBX13)BALTIC FUT","CS6","04/2026","10/2028","550","USD","25.000%"
"NYM","FREIGHT","FREIGHT ROUTE LIQUID GAS BALMO","FLB","01/02/2026","01/30/2026","2233","USD","0.05"
"NYM","FREIGHT","FREIGHT ROUTE LIQUID GAS BALMO","FLB","02/02/2026","03/31/2026","3750","USD","0.05"
"NYM","FREIGHT","FREIGHT ROUTE LIQUEFIED PETROLEUM G","FLJ","01/2026","01/2026","14000","USD","25.000%"
"NYM","FREIGHT","FREIGHT ROUTE LIQUEFIED PETROLEUM G","FLJ","02/2026","02/2026","13500","USD","25.000%"
"NYM","FREIGHT","FREIGHT ROUTE LIQUEFIED PETROLEUM G","FLJ","03/2026","06/2026","12000","USD","25.000%"
"NYM","FREIGHT","FREIGHT ROUTE LIQUEFIED PETROLEUM G","FLJ","07/2026","12/2028","10000","USD","25.000%"
"NYM","FREIGHT","FREIGHT ROUTE LIQUID PETROLEUM GAS","FLP","01/2026","01/2026","11500","USD","25.000%"
"NYM","FREIGHT","FREIGHT ROUTE LIQUID PETROLEUM GAS","FLP","02/2026","02/2026","11250","USD","25.000%"
"NYM","FREIGHT","FREIGHT ROUTE LIQUID PETROLEUM GAS","FLP","03/2026","05/2026","11000","USD","25.000%"
"NYM","FREIGHT","FREIGHT ROUTE LIQUID PETROLEUM GAS","FLP","06/2026","12/2028","8000","USD","25.000%"
"NYM","FREIGHT","FREIGHT ROUTE TC14 (BALTIC) FUTURES","FRC","01/2026","02/2026","6000","USD","0.05"
"NYM","FREIGHT","FREIGHT ROUTE TC14 (BALTIC) FUTURES","FRC","03/2026","12/2031","4000","USD","0.05"
"NYM","FREIGHT","FREIGHT ROUTE TC12 (BALTIC) FUT","FRS","01/2026","02/2026","7000","USD","8.000%"
"NYM","FREIGHT","FREIGHT ROUTE TC12 (BALTIC) FUT","FRS","03/2026","12/2027","5000","USD","8.000%"
"NYM","FREIGHT","FREIGHT ROUTE SK TO SING TC11 BALMO","T1B","01/02/2026","01/30/2026","1548","USD","0.05"
"NYM","FREIGHT","FREIGHT ROUTE SK TO SING TC11 BALMO","T1B","02/02/2026","03/31/2026","2600","USD","0.05"
"NYM","FREIGHT","FREIGHT ROUTE TD20 BALTIC BALMO FUT","T2B","01/02/2026","01/30/2026","744","USD","0.05"
"NYM","FREIGHT","FREIGHT ROUTE TD20 BALTIC BALMO FUT","T2B","02/02/2026","03/31/2026","1250","USD","0.05"
"NYM","FREIGHT","FREIGHT ROUTE TD20 (BALTIC) FUTURES","T2D","01/2026","01/2026","2500","USD","0.05"
"NYM","FREIGHT","FREIGHT ROUTE TD20 (BALTIC) FUTURES","T2D","02/2026","03/2026","2500","USD","0.025"
"NYM","FREIGHT","FREIGHT ROUTE TD20 (BALTIC) FUTURES","T2D","04/2026","05/2026","2000","USD","0.025"
"NYM","FREIGHT","FREIGHT ROUTE TD20 (BALTIC) FUTURES","T2D","06/2026","12/2031","1500","USD","0.025"
"NYM","FREIGHT","MINI FREIGHT ROUTE TD20 (BALTIC) DA","T2M","01/13/2026","04/28/2026","300","USD","0.08"
"NYM","FREIGHT","FREIGHT ROUTE TD3C (PLATTS) BALMO F","T3B","01/02/2026","01/30/2026","655","USD","0.05"
"NYM","FREIGHT","FREIGHT ROUTE TD3C (PLATTS) BALMO F","T3B","02/02/2026","03/31/2026","1100","USD","0.05"
"NYM","FREIGHT","FREIGHT ROUTE TC14 BALTIC BALMO FUT","T4B","01/02/2026","01/30/2026","2010","USD","0.05"
"NYM","FREIGHT","FREIGHT ROUTE TC14 BALTIC BALMO FUT","T4B","02/02/2026","03/31/2026","3375","USD","0.05"
"NYM","FREIGHT","MINI FREIGHT ROUTE TC14 (BALTIC) DA","T4D","01/13/2026","04/28/2026","500","USD","0.08"
"NYM","FREIGHT","FREIGHT ROUTE TC15 BALTIC BALMO FUT","T5B","01/02/2026","01/30/2026","1935","USD","0.05"
"NYM","FREIGHT","FREIGHT ROUTE TC15 BALTIC BALMO FUT","T5B","02/02/2026","03/31/2026","3250","USD","0.05"
"NYM","FREIGHT","FREIGHT ROUTE TC15 (BALTIC) FUTURES","T5C","01/2026","01/2026","6000","USD","0.05"
"NYM","FREIGHT","FREIGHT ROUTE TC15 (BALTIC) FUTURES","T5C","02/2026","02/2026","5000","USD","0.025"
"NYM","FREIGHT","FREIGHT ROUTE TC15 (BALTIC) FUTURES","T5C","03/2026","05/2026","4200","USD","0.025"
"NYM","FREIGHT","FREIGHT ROUTE TC15 (BALTIC) FUTURES","T5C","06/2026","12/2028","3800","USD","0.025"
"NYM","FREIGHT","FREIGHT ROUTE TC6 BALTIC BALMO FUT","T6B","01/02/2026","01/30/2026","670","USD","0.05"
"NYM","FREIGHT","FREIGHT ROUTE TC6 BALTIC BALMO FUT","T6B","02/02/2026","03/31/2026","1125","USD","0.05"
"NYM","FREIGHT","FREIGHT ROUTE TC17 (BALTIC) FUTURES","T7C","01/2026","01/2026","6000","USD","25.000%"
"NYM","FREIGHT","FREIGHT ROUTE TC17 (BALTIC) FUTURES","T7C","02/2026","12/2031","5500","USD","25.000%"
"NYM","FREIGHT","FREIGHT ROUTE TD8 BALTIC BALMO FU","T8B","01/02/2026","01/30/2026","595","USD","0.05"
"NYM","FREIGHT","FREIGHT ROUTE TD8 BALTIC BALMO FU","T8B","02/02/2026","03/31/2026","1000","USD","0.05"
"NYM","FREIGHT","FREIGHT ROUTE TC18 (BALTIC) FUTURES","T8C","01/2026","02/2026","6100","USD","25.000%"
"NYM","FREIGHT","FREIGHT ROUTE TC18 (BALTIC) FUTURES","T8C","03/2026","06/2026","6000","USD","25.000%"
"NYM","FREIGHT","FREIGHT ROUTE TC18 (BALTIC) FUTURES","T8C","07/2026","01/2028","5900","USD","25.000%"
"NYM","FREIGHT","FREIGHT ROUTE TC18 (BALTIC) FUTURES","T8C","02/2028","12/2029","5800","USD","25.000%"
"NYM","FREIGHT","FREIGHT ROUTE TC12 BALTIC BALMO FUT","TB2","01/02/2026","01/30/2026","1489","USD","0.05"
"NYM","FREIGHT","FREIGHT ROUTE TC12 BALTIC BALMO FUT","TB2","02/02/2026","03/31/2026","2500","USD","0.05"
"NYM","FREIGHT","FREIGHT ROUTE SK TO SINGA (TC11)","TC1","01/2026","12/2029","2000","USD","25.000%"
"NYM","FREIGHT","FREIGHT ROUTE TC6 (BALTIC) FUT","TC6","01/2026","02/2026","3000","USD","0.08"
"NYM","FREIGHT","FREIGHT ROUTE TC6 (BALTIC) FUT","TC6","03/2026","12/2027","2500","USD","0.08"
"NYM","FREIGHT","FREIGHT ROUTE TC7 (BALTIC) FUTURES","TC7","01/2026","01/2026","4700","USD","25.000%"
"NYM","FREIGHT","FREIGHT ROUTE TC7 (BALTIC) FUTURES","TC7","02/2026","12/2031","4500","USD","25.000%"
"NYM","FREIGHT","FREIGHT ROUTE TD3C (PLATTS) FUTURES","TD3","01/2026","12/2028","2000","USD","0.05"
"NYM","FREIGHT","FREIGHT ROUTE TD8 (BALTIC) FUTURES","TD8","01/2026","01/2026","4000","USD","0.05"
"NYM","FREIGHT","FREIGHT ROUTE TD8 (BALTIC) FUTURES","TD8","02/2026","02/2026","3000","USD","0.025"
"NYM","FREIGHT","FREIGHT ROUTE TD8 (BALTIC) FUTURES","TD8","03/2026","12/2028","2000","USD","0.025"
"NYM","FREIGHT","FREIGHT ROUTE TD19 (BALTIC) FUTURES","TDM","01/2026","12/2031","2700","USD","25.000%"
"NYM","FREIGHT","FREIGHT ROUTE TC20 (BALTIC) FUTURES","TF2","01/2026","02/2026","7400","USD","0.05"
"NYM","FREIGHT","FREIGHT ROUTE TC20 (BALTIC) FUTURES","TF2","03/2026","06/2026","7000","USD","0.025"
"NYM","FREIGHT","FREIGHT ROUTE TC20 (BALTIC) FUTURES","TF2","07/2026","12/2031","6600","USD","0.025"
"NYM","FREIGHT","FREIGHT ROUTE TC20 BALTIC BALMO FUT","TFB","01/02/2026","01/30/2026","5510","USD","0.05"
"NYM","FREIGHT","FREIGHT ROUTE TC20 BALTIC BALMO FUT","TFB","02/02/2026","03/31/2026","9250","USD","0.05"
"NYM","FREIGHT","TC5 RAS TANURA TO YOKOHAMA 55K MT","TH","01/2026","01/2026","8500","USD","0.025"
"NYM","FREIGHT","TC5 RAS TANURA TO YOKOHAMA 55K MT","TH","02/2026","03/2026","6500","USD","0.025"
"NYM","FREIGHT","TC5 RAS TANURA TO YOKOHAMA 55K MT","TH","04/2026","12/2031","5500","USD","0.025"
"NYM","FREIGHT","FREIGHT ROUTE TC5 (PLATTS) BALMO FU","THB","01/02/2026","01/30/2026","893","USD","0.05"
"NYM","FREIGHT","FREIGHT ROUTE TC5 (PLATTS) BALMO FU","THB","02/02/2026","03/31/2026","1500","USD","0.05"
"NYM","FREIGHT","TD7 NORTH SEA TO CONTINENT 80K MT","TK","01/2026","01/2026","4000","USD","5.000%"
"NYM","FREIGHT","TD7 NORTH SEA TO CONTINENT 80K MT","TK","02/2026","12/2028","2200","USD","5.000%"
"NYM","FREIGHT","FREIGHT ROUTE TD7 BALTIC BALMO FUT","TKB","01/02/2026","01/30/2026","893","USD","0.05"
"NYM","FREIGHT","FREIGHT ROUTE TD7 BALTIC BALMO FUT","TKB","02/02/2026","03/31/2026","1500","USD","0.05"
"NYM","FREIGHT","FREIGHT ROUTE TD3C FUTURES","TL","01/2026","01/2026","3000","USD","25.000%"
"NYM","FREIGHT","FREIGHT ROUTE TD3C FUTURES","TL","02/2026","02/2026","2000","USD","25.000%"
"NYM","FREIGHT","FREIGHT ROUTE TD3C FUTURES","TL","03/2026","06/2026","1600","USD","25.000%"
"NYM","FREIGHT","FREIGHT ROUTE TD3C FUTURES","TL","07/2026","01/2028","1400","USD","25.000%"
"NYM","FREIGHT","FREIGHT ROUTE TD3C FUTURES","TL","02/2028","12/2031","1000","USD","25.000%"
"NYM","FREIGHT","FREIGHT ROUTE TD3C BALTIC BALMO FUT","TLB","01/02/2026","01/30/2026","774","USD","0.05"
"NYM","FREIGHT","FREIGHT ROUTE TD3C BALTIC BALMO FUT","TLB","02/02/2026","03/31/2026","1300","USD","0.05"
"NYM","FREIGHT","MINI FREIGHT ROUTE TD3C (BALTIC) DA","TLD","01/13/2026","04/28/2026","250","USD","25.000%"
"NYM","FREIGHT","TC2 ROTTERDAM TO USAC 37K MT","TM","01/2026","03/2026","5500","USD","0.08"
"NYM","FREIGHT","TC2 ROTTERDAM TO USAC 37K MT","TM","02/2026","02/2026","5000","USD","0.08"
"NYM","FREIGHT","TC2 ROTTERDAM TO USAC 37K MT","TM","04/2026","12/2031","3000","USD","0.08"
"NYM","FREIGHT","FREIGHT ROUTE TC2 BALTIC BALMO FUT","TMB","01/02/2026","01/30/2026","1787","USD","0.05"
"NYM","FREIGHT","FREIGHT ROUTE TC2 BALTIC BALMO FUT","TMB","02/02/2026","03/31/2026","3000","USD","0.05"
"NYM","FREIGHT","MINI FREIGHT ROUTE TC2 (BALTIC) DAI","TMD","01/13/2026","04/28/2026","550","USD","0.08"
"NYM","FREIGHT","USGC TO CHINA (PLATTS) DIRTY FREIGH","USC","01/2026","01/2026","5000","USD","25.000%"
"NYM","FREIGHT","USGC TO CHINA (PLATTS) DIRTY FREIGH","USC","02/2026","02/2026","4000","USD","25.000%"
"NYM","FREIGHT","USGC TO CHINA (PLATTS) DIRTY FREIGH","USC","03/2026","06/2026","3500","USD","25.000%"
"NYM","FREIGHT","USGC TO CHINA (PLATTS) DIRTY FREIGH","USC","07/2026","12/2031","4700","USD","25.000%"
"NYM","FREIGHT","USGC TO UK CONTINENT (PLATTS) DIRTY","USE","01/2026","12/2031","4500","USD","25.000%"
"NYM","FREIGHT","CROSS NORTH SEA DRTY FRT 80K BALMO","XUB","01/02/2026","01/30/2026","4000","USD","25.000%"
"NYM","FREIGHT","CROSS NORTH SEA DRTY FRT 80K BALMO","XUB","02/02/2026","03/31/2026","2500","USD","25.000%"
"NYM","FREIGHT","CROSS NORTH SEA DRTY FRGHT 80KT FUT","XUK","01/2026","01/2026","2400","USD","25.000%"
"NYM","FREIGHT","CROSS NORTH SEA DRTY FRGHT 80KT FUT","XUK","02/2026","03/2026","2000","USD","25.000%"
"NYM","FREIGHT","CROSS NORTH SEA DRTY FRGHT 80KT FUT","XUK","04/2026","12/2028","1400","USD","25.000%"
"NYM","METALS","PALLADIUM FUTURES NYMEX","PA","01/2026","01/2026","22110","USD","40.000%"
"NYM","METALS","PALLADIUM FUTURES NYMEX","PA","02/2026","02/2026","22136","USD","40.000%"
"NYM","METALS","PALLADIUM FUTURES NYMEX","PA","03/2026","03/2026","22304","USD","30.000%"
"NYM","METALS","PALLADIUM FUTURES NYMEX","PA","06/2026","06/2026","22626","USD","30.000%"
"NYM","METALS","PALLADIUM FUTURES NYMEX","PA","09/2026","09/2026","22799","USD","30.000%"
"NYM","METALS","PALLADIUM FUTURES NYMEX","PA","12/2026","12/2026","22996","USD","30.000%"
"NYM","METALS","PALLADIUM FUTURES NYMEX","PA","03/2027","03/2027","23111","USD","30.000%"
"NYM","METALS","PALLADIUM FUTURES NYMEX","PA","06/2027","06/2027","23282","USD","30.000%"
"NYM","METALS","PALLADIUM FUTURES NYMEX","PA","09/2027","09/2027","23426","USD","30.000%"
"NYM","METALS","PALLADIUM FUTURES NYMEX","PA","12/2027","12/2027","23575","USD","30.000%"
"NYM","METALS","PALLADIUM FUTURES NYMEX","PA","03/2028","03/2028","23707","USD","30.000%"
"NYM","METALS","PALLADIUM FUTURES NYMEX","PA","06/2028","06/2028","23832","USD","30.000%"
"NYM","METALS","PALLADIUM FUTURES NYMEX","PA","09/2028","09/2028","23936","USD","30.000%"
"NYM","METALS","PALLADIUM FUTURES NYMEX","PA","12/2028","12/2028","24046","USD","30.000%"
"NYM","METALS","MICRO PALLADIUM FUTURES","PAM","01/2026","01/2026","2211","USD","40.000%"
"NYM","METALS","MICRO PALLADIUM FUTURES","PAM","02/2026","02/2026","2214","USD","40.000%"
"NYM","METALS","MICRO PALLADIUM FUTURES","PAM","03/2026","03/2026","2231","USD","30.000%"
"NYM","METALS","MICRO PALLADIUM FUTURES","PAM","06/2026","06/2026","2263","USD","30.000%"
"NYM","METALS","MICRO PALLADIUM FUTURES","PAM","09/2026","09/2026","2280","USD","30.000%"
"NYM","METALS","MICRO PALLADIUM FUTURES","PAM","12/2026","12/2026","2300","USD","30.000%"
"NYM","METALS","MICRO PALLADIUM FUTURES","PAM","03/2027","03/2027","2312","USD","30.000%"
"NYM","METALS","PALLADIUM TAS","PAT","03/2026","06/2026","","USD","30.000%"
"NYM","METALS","PLATINUM FUTURES NYMEX","PL","01/2026","01/2026","12250","USD","40.000%"
"NYM","METALS","PLATINUM FUTURES NYMEX","PL","02/2026","02/2026","12255","USD","30.000%"
"NYM","METALS","PLATINUM FUTURES NYMEX","PL","03/2026","03/2026","12307","USD","30.000%"
"NYM","METALS","PLATINUM FUTURES NYMEX","PL","04/2026","04/2026","12336","USD","30.000%"
"NYM","METALS","PLATINUM FUTURES NYMEX","PL","07/2026","07/2026","12435","USD","30.000%"
"NYM","METALS","PLATINUM FUTURES NYMEX","PL","10/2026","10/2026","12477","USD","30.000%"
"NYM","METALS","PLATINUM FUTURES NYMEX","PL","01/2027","01/2027","12510","USD","30.000%"
"NYM","METALS","PLATINUM FUTURES NYMEX","PL","04/2027","04/2027","12540","USD","30.000%"
"NYM","METALS","PLATINUM FUTURES NYMEX","PL","07/2027","07/2027","12575","USD","30.000%"
"NYM","METALS","PLATINUM FUTURES NYMEX","PL","10/2027","10/2027","12619","USD","30.000%"
"NYM","METALS","PLATINUM FUTURES NYMEX","PL","01/2028","01/2028","12674","USD","30.000%"
"NYM","METALS","PLATINUM FUTURES NYMEX","PL","04/2028","04/2028","12731","USD","30.000%"
"NYM","METALS","PLATINUM FUTURES NYMEX","PL","07/2028","07/2028","12786","USD","30.000%"
"NYM","METALS","PLATINUM FUTURES NYMEX","PL","10/2028","10/2028","12826","USD","30.000%"
"NYM","METALS","MICRO PLATINUM FUTURES","PLM","01/2026","01/2026","2450","USD","40.000%"
"NYM","METALS","MICRO PLATINUM FUTURES","PLM","02/2026","02/2026","2451","USD","30.000%"
"NYM","METALS","MICRO PLATINUM FUTURES","PLM","03/2026","03/2026","2462","USD","30.000%"
"NYM","METALS","MICRO PLATINUM FUTURES","PLM","04/2026","04/2026","2468","USD","30.000%"
"NYM","METALS","MICRO PLATINUM FUTURES","PLM","07/2026","07/2026","2487","USD","30.000%"
"NYM","METALS","MICRO PLATINUM FUTURES","PLM","10/2026","10/2026","2496","USD","30.000%"
"NYM","METALS","PLATINUM FUTURES TAS","PLT","04/2026","07/2026","","USD","30.000%"
"NYM","NATURAL GAS","NAT GAS CALENDAR FUT STRP SYNTHETIC","8P","01/2027","01/2027","6901","USD","5.000%"
"NYM","NATURAL GAS","NAT GAS CALENDAR FUT STRP SYNTHETIC","8P","01/2028","01/2028","6278","USD","5.000%"
"NYM","NATURAL GAS","NAT GAS CALENDAR FUT STRP SYNTHETIC","8P","01/2029","01/2037","6156","USD","5.000%"
"NYM","NATURAL GAS","NAT GAS SUMMER FUT STRP SYNTHETIC","8R","04/2026","04/2026","6150","USD","10.000%"
"NYM","NATURAL GAS","NAT GAS SUMMER FUT STRP SYNTHETIC","8R","04/2027","04/2027","4001","USD","10.000%"
"NYM","NATURAL GAS","NAT GAS SUMMER FUT STRP SYNTHETIC","8R","04/2028","04/2028","3627","USD","10.000%"
"NYM","NATURAL GAS","NAT GAS SUMMER FUT STRP SYNTHETIC","8R","04/2029","04/2035","3591","USD","10.000%"
"NYM","NATURAL GAS","NAT GAS WINTER FUT STRP SYNTHETIC","8U","11/2026","11/2026","3000","USD","0.1"
"NYM","NATURAL GAS","NAT GAS WINTER FUT STRP SYNTHETIC","8U","11/2027","11/2027","2725","USD","0.1"
"NYM","NATURAL GAS","NAT GAS WINTER FUT STRP SYNTHETIC","8U","11/2028","11/2035","2565","USD","0.1"
"NYM","NATURAL GAS","5 MO SYN SPRD NATURAL GAS FUTURE","DE","12/2025","12/2025","1250","USD","10.000%"
"NYM","NATURAL GAS","5 MO SYN SPRD NATURAL GAS FUTURE","DE","01/2026","01/2026","1550","USD","10.000%"
"NYM","NATURAL GAS","5 MO SYN SPRD NATURAL GAS FUTURE","DE","02/2026","02/2026","3105","USD","10.000%"
"NYM","NATURAL GAS","5 MO SYN SPRD NATURAL GAS FUTURE","DE","03/2026","03/2026","2905","USD","10.000%"
"NYM","NATURAL GAS","5 MO SYN SPRD NATURAL GAS FUTURE","DE","04/2026","06/2026","2800","USD","10.000%"
"NYM","NATURAL GAS","5 MO SYN SPRD NATURAL GAS FUTURE","DE","07/2026","12/2026","500","USD","10.000%"
"NYM","NATURAL GAS","5 MO SYN SPRD NATURAL GAS FUTURE","DE","01/2027","01/2027","450","USD","10.000%"
"NYM","NATURAL GAS","1 MO SYN SPRD NATURAL GAS FUTURES","DG","12/2025","01/2026","","USD","10.000%"
"NYM","NATURAL GAS","1 MO SYN SPRD NATURAL GAS FUTURES","DG","02/2026","02/2026","650","USD","10.000%"
"NYM","NATURAL GAS","1 MO SYN SPRD NATURAL GAS FUTURES","DG","03/2026","03/2026","600","USD","10.000%"
"NYM","NATURAL GAS","1 MO SYN SPRD NATURAL GAS FUTURES","DG","04/2026","04/2026","400","USD","10.000%"
"NYM","NATURAL GAS","1 MO SYN SPRD NATURAL GAS FUTURES","DG","05/2026","05/2026","1000","USD","10.000%"
"NYM","NATURAL GAS","1 MO SYN SPRD NATURAL GAS FUTURES","DG","06/2026","06/2026","2505","USD","10.000%"
"NYM","NATURAL GAS","1 MO SYN SPRD NATURAL GAS FUTURES","DG","07/2026","07/2026","275","USD","10.000%"
"NYM","NATURAL GAS","1 MO SYN SPRD NATURAL GAS FUTURES","DG","08/2026","08/2028","175","USD","10.000%"
"NYM","NATURAL GAS","1 MO SYN SPRD NATURAL GAS FUTURES","DG","01/2027","01/2027","300","USD","10.000%"
"NYM","NATURAL GAS","1 MO SYN SPRD NATURAL GAS FUTURES","DG","02/2027","05/2028","250","USD","10.000%"
"NYM","NATURAL GAS","1 MO SYN SPRD NATURAL GAS FUTURES","DG","05/2027","07/2029","225","USD","10.000%"
"NYM","NATURAL GAS","1 MO SYN SPRD NATURAL GAS FUTURES","DG","06/2027","06/2027","450","USD","10.000%"
"NYM","NATURAL GAS","1 MO SYN SPRD NATURAL GAS FUTURES","DG","02/2028","03/2029","150","USD","10.000%"
"NYM","NATURAL GAS","1 MO SYN SPRD NATURAL GAS FUTURES","DG","06/2028","06/2028","350","USD","10.000%"
"NYM","NATURAL GAS","1 MO SYN SPRD NATURAL GAS FUTURES","DG","09/2028","09/2028","125","USD","10.000%"
"NYM","NATURAL GAS","1 MO SYN SPRD NATURAL GAS FUTURES","DG","10/2028","01/2031","100","USD","10.000%"
"NYM","NATURAL GAS","1 MO SYN SPRD NATURAL GAS FUTURES","DG","04/2029","04/2029","140","USD","10.000%"
"NYM","NATURAL GAS","1 MO SYN SPRD NATURAL GAS FUTURES","DG","05/2029","05/2029","200","USD","10.000%"
"NYM","NATURAL GAS","NAT GAS HENRY HUB 2 MONTH CAL FUT","DJ","12/2025","12/2025","","USD","10.000%"
"NYM","NATURAL GAS","NAT GAS HENRY HUB 2 MONTH CAL FUT","DJ","01/2026","01/2026","650","USD","10.000%"
"NYM","NATURAL GAS","NAT GAS HENRY HUB 2 MONTH CAL FUT","DJ","02/2026","03/2026","1100","USD","10.000%"
"NYM","NATURAL GAS","NAT GAS HENRY HUB 2 MONTH CAL FUT","DJ","04/2026","04/2026","850","USD","10.000%"
"NYM","NATURAL GAS","NAT GAS HENRY HUB 2 MONTH CAL FUT","DJ","05/2026","05/2026","2605","USD","10.000%"
"NYM","NATURAL GAS","NAT GAS HENRY HUB 2 MONTH CAL FUT","DJ","06/2026","06/2026","2505","USD","10.000%"
"NYM","NATURAL GAS","NAT GAS HENRY HUB 2 MONTH CAL FUT","DJ","07/2026","08/2026","350","USD","10.000%"
"NYM","NATURAL GAS","NAT GAS HENRY HUB 2 MONTH CAL FUT","DJ","09/2026","10/2026","275","USD","10.000%"
"NYM","NATURAL GAS","NAT GAS HENRY HUB 2 MONTH CAL FUT","DJ","11/2026","11/2026","225","USD","10.000%"
"NYM","NATURAL GAS","NAT GAS HENRY HUB 2 MONTH CAL FUT","DJ","12/2026","12/2026","200","USD","10.000%"
"NYM","NATURAL GAS","NAT GAS HENRY HUB 2 MONTH CAL FUT","DJ","01/2027","01/2027","400","USD","10.000%"
"NYM","NATURAL GAS","6 MO SYN SPRD NATURAL GAS FUTURES","DM","12/2025","12/2025","1550","USD","10.000%"
"NYM","NATURAL GAS","6 MO SYN SPRD NATURAL GAS FUTURES","DM","01/2026","02/2026","3105","USD","10.000%"
"NYM","NATURAL GAS","6 MO SYN SPRD NATURAL GAS FUTURES","DM","03/2026","03/2026","2905","USD","10.000%"
"NYM","NATURAL GAS","6 MO SYN SPRD NATURAL GAS FUTURES","DM","04/2026","06/2026","2900","USD","10.000%"
"NYM","NATURAL GAS","6 MO SYN SPRD NATURAL GAS FUTURES","DM","07/2026","01/2027","550","USD","10.000%"
"NYM","NATURAL GAS","3 MO SYN SPRD NATURAL GAS FUTURE","DS","12/2025","12/2025","650","USD","10.000%"
"NYM","NATURAL GAS","3 MO SYN SPRD NATURAL GAS FUTURE","DS","01/2026","01/2026","1100","USD","10.000%"
"NYM","NATURAL GAS","3 MO SYN SPRD NATURAL GAS FUTURE","DS","02/2026","02/2026","1250","USD","10.000%"
"NYM","NATURAL GAS","3 MO SYN SPRD NATURAL GAS FUTURE","DS","03/2026","03/2026","1400","USD","10.000%"
"NYM","NATURAL GAS","3 MO SYN SPRD NATURAL GAS FUTURE","DS","04/2026","04/2026","2705","USD","10.000%"
"NYM","NATURAL GAS","3 MO SYN SPRD NATURAL GAS FUTURE","DS","05/2026","05/2026","2605","USD","10.000%"
"NYM","NATURAL GAS","3 MO SYN SPRD NATURAL GAS FUTURE","DS","06/2026","06/2026","2505","USD","10.000%"
"NYM","NATURAL GAS","3 MO SYN SPRD NATURAL GAS FUTURE","DS","07/2026","01/2027","400","USD","10.000%"
"NYM","NATURAL GAS","3 MO SYN SPRD NATURAL GAS FUTURE","DS","09/2026","10/2026","375","USD","10.000%"
"NYM","NATURAL GAS","3 MO SYN SPRD NATURAL GAS FUTURE","DS","11/2026","11/2026","275","USD","10.000%"
"NYM","NATURAL GAS","3 MO SYN SPRD NATURAL GAS FUTURE","DS","12/2026","12/2026","300","USD","10.000%"
"NYM","NATURAL GAS","DUTCH TTF NATURAL GAS DAILY 1-DAY","DTF","01/21/2026","01/25/2026","250","EUR","0.08"
"NYM","NATURAL GAS","DUTCH TTF NATURAL GAS DAILY 1-DAY","DTF","01/26/2026","01/29/2026","225","EUR","0.08"
"NYM","NATURAL GAS","DUTCH TTF NATURAL GAS DAILY 1-DAY","DTF","01/30/2026","02/05/2026","200","EUR","0.08"
"NYM","NATURAL GAS","DUTCH TTF NATURAL GAS DAILY 1-DAY","DTF","02/06/2026","02/28/2026","175","EUR","0.08"
"NYM","NATURAL GAS","DUTCH TTF NATURAL GAS DAILY 1-DAY","DTH","01/20/2026","01/25/2026","250","EUR","0.08"
"NYM","NATURAL GAS","DUTCH TTF NATURAL GAS DAILY 1-DAY","DTH","01/26/2026","01/29/2026","225","EUR","0.08"
"NYM","NATURAL GAS","DUTCH TTF NATURAL GAS DAILY 1-DAY","DTH","01/30/2026","02/05/2026","200","EUR","0.08"
"NYM","NATURAL GAS","DUTCH TTF NATURAL GAS DAILY 1-DAY","DTH","02/06/2026","02/28/2026","175","EUR","0.08"
"NYM","NATURAL GAS","12 MO SYN SPRD NATURAL GAS FUTURES","DZ","12/2025","04/2026","3400","USD","10.000%"
"NYM","NATURAL GAS","12 MO SYN SPRD NATURAL GAS FUTURES","DZ","01/2026","03/2026","3500","USD","10.000%"
"NYM","NATURAL GAS","12 MO SYN SPRD NATURAL GAS FUTURES","DZ","02/2026","02/2026","3600","USD","10.000%"
"NYM","NATURAL GAS","12 MO SYN SPRD NATURAL GAS FUTURES","DZ","05/2026","06/2026","3000","USD","10.000%"
"NYM","NATURAL GAS","12 MO SYN SPRD NATURAL GAS FUTURES","DZ","07/2026","10/2026","1350","USD","10.000%"
"NYM","NATURAL GAS","12 MO SYN SPRD NATURAL GAS FUTURES","DZ","11/2026","12/2028","1000","USD","10.000%"
"NYM","NATURAL GAS","12 MO SYN SPRD NATURAL GAS FUTURES","DZ","02/2028","03/2028","1100","USD","10.000%"
"NYM","NATURAL GAS","12 MO SYN SPRD NATURAL GAS FUTURES","DZ","05/2028","07/2030","700","USD","10.000%"
"NYM","NATURAL GAS","12 MO SYN SPRD NATURAL GAS FUTURES","DZ","07/2028","01/2029","900","USD","10.000%"
"NYM","NATURAL GAS","12 MO SYN SPRD NATURAL GAS FUTURES","DZ","08/2028","01/2031","800","USD","10.000%"
"NYM","NATURAL GAS","12 MO SYN SPRD NATURAL GAS FUTURES","DZ","10/2028","10/2028","950","USD","10.000%"
"NYM","NATURAL GAS","12 MO SYN SPRD NATURAL GAS FUTURES","DZ","02/2029","02/2029","750","USD","10.000%"
"NYM","NATURAL GAS","12 MO SYN SPRD NATURAL GAS FUTURES","DZ","03/2029","08/2030","650","USD","10.000%"
"NYM","NATURAL GAS","12 MO SYN SPRD NATURAL GAS FUTURES","DZ","04/2029","04/2029","825","USD","10.000%"
"NYM","NATURAL GAS","12 MO SYN SPRD NATURAL GAS FUTURES","DZ","11/2029","03/2030","625","USD","10.000%"
"NYM","NATURAL GAS","12 MO SYN SPRD NATURAL GAS FUTURES","DZ","02/2030","02/2030","600","USD","10.000%"
"NYM","NATURAL GAS","12 MO SYN SPRD NATURAL GAS FUTURES","DZ","10/2030","10/2030","850","USD","10.000%"
"NYM","NATURAL GAS","NATGAS FIN CSO 4 MONTH COMBO","G44","02/2026","02/2026","1550","USD","10.000%"
"NYM","NATURAL GAS","NATGAS FIN CSO 4 MONTH COMBO","G44","03/2026","03/2026","2905","USD","10.000%"
"NYM","NATURAL GAS","NATGAS FIN CSO 4 MONTH COMBO","G44","04/2026","04/2026","2705","USD","10.000%"
"NYM","NATURAL GAS","NATGAS FIN CSO 4 MONTH COMBO","G44","05/2026","06/2026","2700","USD","10.000%"
"NYM","NATURAL GAS","NATGAS FIN CSO 4 MONTH COMBO","G44","07/2026","03/2027","450","USD","10.000%"
"NYM","NATURAL GAS","NATGAS FIN CSO 4 MONTH COMBO","G44","12/2026","12/2026","325","USD","10.000%"
"NYM","NATURAL GAS","NATGAS FIN CSO 4 MONTH COMBO","G44","01/2027","10/2028","500","USD","10.000%"
"NYM","NATURAL GAS","NATGAS FIN CSO 4 MONTH COMBO","G44","02/2027","07/2027","600","USD","10.000%"
"NYM","NATURAL GAS","NATGAS FIN CSO 4 MONTH COMBO","G44","04/2027","09/2028","550","USD","10.000%"
"NYM","NATURAL GAS","NATGAS FIN CSO 4 MONTH COMBO","G44","06/2027","06/2027","700","USD","10.000%"
"NYM","NATURAL GAS","NATGAS FIN CSO 4 MONTH COMBO","G44","01/2028","04/2028","400","USD","10.000%"
"NYM","NATURAL GAS","NATGAS FIN CSO 4 MONTH COMBO","G44","11/2028","11/2028","300","USD","10.000%"
"NYM","NATURAL GAS","NATGAS FIN CSO 4 MONTH COMBO","G44","12/2028","01/2029","350","USD","10.000%"
"NYM","NATURAL GAS","NATURAL GAS 1 M CLNDR FIN COM","G8","02/2026","02/2026","650","USD","10.000%"
"NYM","NATURAL GAS","NATURAL GAS 1 M CLNDR FIN COM","G8","03/2026","03/2026","600","USD","10.000%"
"NYM","NATURAL GAS","NATURAL GAS 1 M CLNDR FIN COM","G8","04/2026","04/2026","400","USD","10.000%"
"NYM","NATURAL GAS","NATURAL GAS 1 M CLNDR FIN COM","G8","05/2026","05/2026","1000","USD","10.000%"
"NYM","NATURAL GAS","NATURAL GAS 1 M CLNDR FIN COM","G8","06/2026","06/2026","2505","USD","10.000%"
"NYM","NATURAL GAS","NATURAL GAS 1 M CLNDR FIN COM","G8","07/2026","07/2026","275","USD","10.000%"
"NYM","NATURAL GAS","NATURAL GAS 1 M CLNDR FIN COM","G8","08/2026","08/2028","175","USD","10.000%"
"NYM","NATURAL GAS","NATURAL GAS 1 M CLNDR FIN COM","G8","01/2027","01/2027","300","USD","10.000%"
"NYM","NATURAL GAS","NATURAL GAS 1 M CLNDR FIN COM","G8","02/2027","05/2028","250","USD","10.000%"
"NYM","NATURAL GAS","NATURAL GAS 1 M CLNDR FIN COM","G8","05/2027","07/2029","225","USD","10.000%"
"NYM","NATURAL GAS","NATURAL GAS 1 M CLNDR FIN COM","G8","06/2027","06/2027","450","USD","10.000%"
"NYM","NATURAL GAS","NATURAL GAS 1 M CLNDR FIN COM","G8","02/2028","03/2029","150","USD","10.000%"
"NYM","NATURAL GAS","NATURAL GAS 1 M CLNDR FIN COM","G8","06/2028","06/2028","350","USD","10.000%"
"NYM","NATURAL GAS","NATURAL GAS 1 M CLNDR FIN COM","G8","09/2028","09/2028","125","USD","10.000%"
"NYM","NATURAL GAS","NATURAL GAS 1 M CLNDR FIN COM","G8","10/2028","01/2030","100","USD","10.000%"
"NYM","NATURAL GAS","NATURAL GAS 1 M CLNDR FIN COM","G8","04/2029","04/2029","140","USD","10.000%"
"NYM","NATURAL GAS","NATURAL GAS 1 M CLNDR FIN COM","G8","05/2029","05/2029","200","USD","10.000%"
"NYM","NATURAL GAS","NATURAL GAS 2 M CLNDR FIN COMBO","G9","02/2026","03/2026","1100","USD","10.000%"
"NYM","NATURAL GAS","NATURAL GAS 2 M CLNDR FIN COMBO","G9","04/2026","04/2026","850","USD","10.000%"
"NYM","NATURAL GAS","NATURAL GAS 2 M CLNDR FIN COMBO","G9","05/2026","05/2026","2605","USD","10.000%"
"NYM","NATURAL GAS","NATURAL GAS 2 M CLNDR FIN COMBO","G9","06/2026","06/2026","2505","USD","10.000%"
"NYM","NATURAL GAS","NATURAL GAS 2 M CLNDR FIN COMBO","G9","07/2026","04/2027","350","USD","10.000%"
"NYM","NATURAL GAS","NATURAL GAS 2 M CLNDR FIN COMBO","G9","09/2026","10/2026","275","USD","10.000%"
"NYM","NATURAL GAS","NATURAL GAS 2 M CLNDR FIN COMBO","G9","11/2026","01/2029","225","USD","10.000%"
"NYM","NATURAL GAS","NATURAL GAS 2 M CLNDR FIN COMBO","G9","12/2026","08/2028","200","USD","10.000%"
"NYM","NATURAL GAS","NATURAL GAS 2 M CLNDR FIN COMBO","G9","01/2027","06/2028","400","USD","10.000%"
"NYM","NATURAL GAS","NATURAL GAS 2 M CLNDR FIN COMBO","G9","03/2027","04/2028","300","USD","10.000%"
"NYM","NATURAL GAS","NATURAL GAS 2 M CLNDR FIN COMBO","G9","05/2027","06/2027","500","USD","10.000%"
"NYM","NATURAL GAS","NATURAL GAS 2 M CLNDR FIN COMBO","G9","07/2027","07/2027","325","USD","10.000%"
"NYM","NATURAL GAS","NATURAL GAS 2 M CLNDR FIN COMBO","G9","08/2027","08/2027","375","USD","10.000%"
"NYM","NATURAL GAS","NATURAL GAS 2 M CLNDR FIN COMBO","G9","09/2027","03/2028","250","USD","10.000%"
"NYM","NATURAL GAS","NATURAL GAS 2 M CLNDR FIN COMBO","G9","09/2028","09/2028","175","USD","10.000%"
"NYM","NATURAL GAS","NATURAL GAS 2 M CLNDR FIN COMBO","G9","10/2028","12/2028","150","USD","10.000%"
"NYM","NATURAL GAS","NATURAL GAS 12M CLNDR FIN COM","H6","02/2026","02/2026","3600","USD","10.000%"
"NYM","NATURAL GAS","NATURAL GAS 12M CLNDR FIN COM","H6","03/2026","03/2026","3500","USD","10.000%"
"NYM","NATURAL GAS","NATURAL GAS 12M CLNDR FIN COM","H6","04/2026","04/2026","3400","USD","10.000%"
"NYM","NATURAL GAS","NATURAL GAS 12M CLNDR FIN COM","H6","05/2026","06/2026","3000","USD","10.000%"
"NYM","NATURAL GAS","NATURAL GAS 12M CLNDR FIN COM","H6","07/2026","10/2026","1350","USD","10.000%"
"NYM","NATURAL GAS","NATURAL GAS 12M CLNDR FIN COM","H6","11/2026","12/2028","1000","USD","10.000%"
"NYM","NATURAL GAS","NATURAL GAS 12M CLNDR FIN COM","H6","02/2028","03/2028","1100","USD","10.000%"
"NYM","NATURAL GAS","NATURAL GAS 12M CLNDR FIN COM","H6","05/2028","06/2028","700","USD","10.000%"
"NYM","NATURAL GAS","NATURAL GAS 12M CLNDR FIN COM","H6","07/2028","01/2029","900","USD","10.000%"
"NYM","NATURAL GAS","NATURAL GAS 12M CLNDR FIN COM","H6","08/2028","09/2028","800","USD","10.000%"
"NYM","NATURAL GAS","NATURAL GAS 12M CLNDR FIN COM","H6","10/2028","10/2028","950","USD","10.000%"
"NYM","NATURAL GAS","NATURAL GAS 6 M CLNDR FIN COM","H7","02/2026","02/2026","3105","USD","10.000%"
"NYM","NATURAL GAS","NATURAL GAS 6 M CLNDR FIN COM","H7","03/2026","03/2026","2905","USD","10.000%"
"NYM","NATURAL GAS","NATURAL GAS 6 M CLNDR FIN COM","H7","04/2026","06/2026","2900","USD","10.000%"
"NYM","NATURAL GAS","NATURAL GAS 6 M CLNDR FIN COM","H7","07/2026","06/2028","550","USD","10.000%"
"NYM","NATURAL GAS","NATURAL GAS 6 M CLNDR FIN COM","H7","05/2027","08/2028","700","USD","10.000%"
"NYM","NATURAL GAS","NATURAL GAS 6 M CLNDR FIN COM","H7","07/2027","11/2028","650","USD","10.000%"
"NYM","NATURAL GAS","NATURAL GAS 6 M CLNDR FIN COM","H7","09/2027","10/2027","850","USD","10.000%"
"NYM","NATURAL GAS","NATURAL GAS 6 M CLNDR FIN COM","H7","12/2027","01/2028","750","USD","10.000%"
"NYM","NATURAL GAS","NATURAL GAS 6 M CLNDR FIN COM","H7","05/2028","12/2028","600","USD","10.000%"
"NYM","NATURAL GAS","NATURAL GAS 6 M CLNDR FIN COM","H7","01/2029","01/2029","500","USD","10.000%"
"NYM","NATURAL GAS","NATURAL GAS 5 M CLNDR FIN COMBO","H8","02/2026","02/2026","3105","USD","10.000%"
"NYM","NATURAL GAS","NATURAL GAS 5 M CLNDR FIN COMBO","H8","03/2026","03/2026","2905","USD","10.000%"
"NYM","NATURAL GAS","NATURAL GAS 5 M CLNDR FIN COMBO","H8","04/2026","06/2026","2800","USD","10.000%"
"NYM","NATURAL GAS","NATURAL GAS 5 M CLNDR FIN COMBO","H8","07/2026","01/2029","500","USD","10.000%"
"NYM","NATURAL GAS","NATURAL GAS 5 M CLNDR FIN COMBO","H8","01/2027","12/2028","450","USD","10.000%"
"NYM","NATURAL GAS","NATURAL GAS 5 M CLNDR FIN COMBO","H8","02/2027","08/2028","600","USD","10.000%"
"NYM","NATURAL GAS","NATURAL GAS 5 M CLNDR FIN COMBO","H8","03/2027","11/2027","650","USD","10.000%"
"NYM","NATURAL GAS","NATURAL GAS 5 M CLNDR FIN COMBO","H8","08/2027","08/2027","800","USD","10.000%"
"NYM","NATURAL GAS","NATURAL GAS 5 M CLNDR FIN COMBO","H8","09/2027","09/2027","750","USD","10.000%"
"NYM","NATURAL GAS","NATURAL GAS 5 M CLNDR FIN COMBO","H8","10/2027","10/2027","700","USD","10.000%"
"NYM","NATURAL GAS","NATURAL GAS 5 M CLNDR FIN COMBO","H8","12/2027","10/2028","550","USD","10.000%"
"NYM","NATURAL GAS","NATURAL GAS 5 M CLNDR FIN COMBO","H8","02/2028","02/2028","400","USD","10.000%"
"NYM","NATURAL GAS","NATURAL GAS 3 M CLNDR FIN COMBO","H9","02/2026","02/2026","1250","USD","10.000%"
"NYM","NATURAL GAS","NATURAL GAS 3 M CLNDR FIN COMBO","H9","03/2026","03/2026","1400","USD","10.000%"
"NYM","NATURAL GAS","NATURAL GAS 3 M CLNDR FIN COMBO","H9","04/2026","04/2026","2705","USD","10.000%"
"NYM","NATURAL GAS","NATURAL GAS 3 M CLNDR FIN COMBO","H9","05/2026","05/2026","2605","USD","10.000%"
"NYM","NATURAL GAS","NATURAL GAS 3 M CLNDR FIN COMBO","H9","06/2026","06/2026","2505","USD","10.000%"
"NYM","NATURAL GAS","NATURAL GAS 3 M CLNDR FIN COMBO","H9","07/2026","08/2027","400","USD","10.000%"
"NYM","NATURAL GAS","NATURAL GAS 3 M CLNDR FIN COMBO","H9","09/2026","10/2026","375","USD","10.000%"
"NYM","NATURAL GAS","NATURAL GAS 3 M CLNDR FIN COMBO","H9","11/2026","11/2026","275","USD","10.000%"
"NYM","NATURAL GAS","NATURAL GAS 3 M CLNDR FIN COMBO","H9","12/2026","10/2028","300","USD","10.000%"
"NYM","NATURAL GAS","NATURAL GAS 3 M CLNDR FIN COMBO","H9","02/2027","02/2027","500","USD","10.000%"
"NYM","NATURAL GAS","NATURAL GAS 3 M CLNDR FIN COMBO","H9","04/2027","08/2028","450","USD","10.000%"
"NYM","NATURAL GAS","NATURAL GAS 3 M CLNDR FIN COMBO","H9","05/2027","07/2027","550","USD","10.000%"
"NYM","NATURAL GAS","NATURAL GAS 3 M CLNDR FIN COMBO","H9","06/2027","06/2027","600","USD","10.000%"
"NYM","NATURAL GAS","NATURAL GAS 3 M CLNDR FIN COMBO","H9","12/2027","06/2028","350","USD","10.000%"
"NYM","NATURAL GAS","NATURAL GAS 3 M CLNDR FIN COMBO","H9","11/2028","01/2029","250","USD","10.000%"
"NYM","NATURAL GAS","HENRY HUB NAT GAS WKLY FUT","HHW","01/16/2026","01/23/2026","","USD","35.000%"
"NYM","NATURAL GAS","HENRY HUB NAT GAS WKLY FUT","HHW","01/30/2026","07/10/2026","2000","USD","35.000%"
"NYM","NATURAL GAS","LNG JAPAN/KOREA MARKER (PLATTS) BAC","JKB","02/2026","03/2026","17000","USD","25.000%"
"NYM","NATURAL GAS","LNG JAPAN/KOREA MARKER (PLATTS) BAC","JKB","04/2026","04/2026","15000","USD","25.000%"
"NYM","NATURAL GAS","LNG JAPAN/KOREA MARKER (PLATTS) BAC","JKB","05/2026","12/2028","12000","USD","25.000%"
"NYM","NATURAL GAS","LNG JAPAN/KOREA MARKER (PLATTS) FRO","JKF","03/2026","03/2026","20000","USD","25.000%"
"NYM","NATURAL GAS","LNG JAPAN/KOREA MARKER (PLATTS) FRO","JKF","04/2026","04/2026","17000","USD","25.000%"
"NYM","NATURAL GAS","LNG JAPAN/KOREA MARKER (PLATTS) FRO","JKF","05/2026","12/2028","15000","USD","25.000%"
"NYM","NATURAL GAS","LNG JAPAN KOREA MARKER PLATTS FUT","JKM","02/2026","03/2026","11500","USD","25.000%"
"NYM","NATURAL GAS","LNG JAPAN KOREA MARKER PLATTS FUT","JKM","04/2026","04/2026","11000","USD","25.000%"
"NYM","NATURAL GAS","LNG JAPAN KOREA MARKER PLATTS FUT","JKM","05/2026","05/2026","10500","USD","25.000%"
"NYM","NATURAL GAS","LNG JAPAN KOREA MARKER PLATTS FUT","JKM","06/2026","09/2026","10000","USD","25.000%"
"NYM","NATURAL GAS","LNG JAPAN KOREA MARKER PLATTS FUT","JKM","10/2026","03/2027","9500","USD","25.000%"
"NYM","NATURAL GAS","LNG JAPAN KOREA MARKER PLATTS FUT","JKM","04/2027","12/2031","9000","USD","25.000%"
"NYM","NATURAL GAS","MINI LNG JAPAN KOREA MRK YEN FUT","JKY","02/2026","03/2026","190000","JPY","25.000%"
"NYM","NATURAL GAS","MINI LNG JAPAN KOREA MRK YEN FUT","JKY","04/2026","04/2026","180000","JPY","25.000%"
"NYM","NATURAL GAS","MINI LNG JAPAN KOREA MRK YEN FUT","JKY","05/2026","05/2026","173000","JPY","25.000%"
"NYM","NATURAL GAS","MINI LNG JAPAN KOREA MRK YEN FUT","JKY","06/2026","09/2026","165000","JPY","25.000%"
"NYM","NATURAL GAS","MINI LNG JAPAN KOREA MRK YEN FUT","JKY","10/2026","03/2027","157000","JPY","25.000%"
"NYM","NATURAL GAS","MINI LNG JAPAN KOREA MRK YEN FUT","JKY","04/2027","12/2031","150000","JPY","25.000%"
"NYM","NATURAL GAS","GULF COAST LNG EXPORT FUTURES","LNG","01/04/2026","03/29/2026","18000","USD","25.000%"
"NYM","NATURAL GAS","GULF COAST LNG EXPORT FUTURES","LNG","04/05/2026","01/30/2028","15000","USD","25.000%"
"NYM","NATURAL GAS","NBD NATURAL GAS DAILY FUTURE","NBD","01/20/2026","01/25/2026","275","GBP","0.08"
"NYM","NATURAL GAS","NBD NATURAL GAS DAILY FUTURE","NBD","01/26/2026","01/29/2026","250","GBP","0.08"
"NYM","NATURAL GAS","NBD NATURAL GAS DAILY FUTURE","NBD","01/30/2026","02/05/2026","200","GBP","0.08"
"NYM","NATURAL GAS","NBD NATURAL GAS DAILY FUTURE","NBD","02/06/2026","02/28/2026","175","GBP","0.08"
"NYM","NATURAL GAS","UK NBP NATURAL GAS FRONT MTH FUT","NBP","02/2026","02/2026","20500","USD","25.000%"
"NYM","NATURAL GAS","UK NBP NATURAL GAS FRONT MTH FUT","NBP","03/2026","03/2026","20000","USD","25.000%"
"NYM","NATURAL GAS","UK NBP NATURAL GAS FRONT MTH FUT","NBP","04/2026","04/2026","16500","USD","25.000%"
"NYM","NATURAL GAS","UK NBP NATURAL GAS FRONT MTH FUT","NBP","05/2026","08/2026","15000","USD","25.000%"
"NYM","NATURAL GAS","UK NBP NATURAL GAS FRONT MTH FUT","NBP","09/2026","12/2029","12500","USD","25.000%"
"NYM","NATURAL GAS","LNG NW EUROPE MARKER (PLATTS) FUT","NWM","02/2026","03/2026","21500","USD","25.000%"
"NYM","NATURAL GAS","LNG NW EUROPE MARKER (PLATTS) FUT","NWM","04/2026","04/2026","20000","USD","25.000%"
"NYM","NATURAL GAS","LNG NW EUROPE MARKER (PLATTS) FUT","NWM","05/2026","03/2027","18500","USD","25.000%"
"NYM","NATURAL GAS","LNG NW EUROPE MARKER (PLATTS) FUT","NWM","04/2027","12/2031","17000","USD","25.000%"
"NYM","NATURAL GAS","HENRY HUB NBP NAT GAS SPREAD FUTURE","NYP","02/2026","02/2026","25000","USD","0.04"
"NYM","NATURAL GAS","HENRY HUB NBP NAT GAS SPREAD FUTURE","NYP","03/2026","03/2026","22000","USD","0.04"
"NYM","NATURAL GAS","HENRY HUB NBP NAT GAS SPREAD FUTURE","NYP","04/2026","12/2029","20000","USD","0.04"
"NYM","NATURAL GAS","TAS DUTCH TTF NAT GAS CAL MONTH FUT","TAS","02/2026","02/2026","4000","EUR","25.000%"
"NYM","NATURAL GAS","DUTCH TTF NATURAL GAS (USD/MMBTU)","TFU","02/2026","02/2026","13000","USD","25.000%"
"NYM","NATURAL GAS","DUTCH TTF NATURAL GAS (USD/MMBTU)","TFU","03/2026","03/2026","12500","USD","25.000%"
"NYM","NATURAL GAS","DUTCH TTF NATURAL GAS (USD/MMBTU)","TFU","04/2026","08/2026","11000","USD","25.000%"
"NYM","NATURAL GAS","DUTCH TTF NATURAL GAS (USD/MMBTU)","TFU","09/2026","02/2027","10500","USD","25.000%"
"NYM","NATURAL GAS","DUTCH TTF NATURAL GAS (USD/MMBTU)","TFU","03/2027","12/2031","10000","USD","25.000%"
"NYM","NATURAL GAS","HENRY HUB TTF NAT GAS SPREAD FUTURE","THD","02/2026","02/2026","42500","USD","0.04"
"NYM","NATURAL GAS","HENRY HUB TTF NAT GAS SPREAD FUTURE","THD","03/2026","03/2026","38000","USD","0.04"
"NYM","NATURAL GAS","HENRY HUB TTF NAT GAS SPREAD FUTURE","THD","04/2026","12/2029","36500","USD","0.04"
"NYM","NATURAL GAS","DUTCH TTF NAT GAS FIN M-1 AVG PRC","TTB","02/2026","02/2026","4193","USD","25.000%"
"NYM","NATURAL GAS","DUTCH TTF NAT GAS FIN M-1 AVG PRC","TTB","03/2026","03/2026","12500","USD","25.000%"
"NYM","NATURAL GAS","DUTCH TTF NAT GAS FIN M-1 AVG PRC","TTB","04/2026","08/2026","11000","USD","25.000%"
"NYM","NATURAL GAS","DUTCH TTF NAT GAS FIN M-1 AVG PRC","TTB","09/2026","02/2027","10500","USD","25.000%"
"NYM","NATURAL GAS","DUTCH TTF NAT GAS FIN M-1 AVG PRC","TTB","03/2027","12/2031","10000","USD","25.000%"
"NYM","NATURAL GAS","DUTCH TTF NATURAL GAS DAILY FUTURES","TTD","01/20/2026","01/25/2026","250","EUR","0.08"
"NYM","NATURAL GAS","DUTCH TTF NATURAL GAS DAILY FUTURES","TTD","01/26/2026","01/29/2026","225","EUR","0.08"
"NYM","NATURAL GAS","DUTCH TTF NATURAL GAS DAILY FUTURES","TTD","01/30/2026","02/05/2026","200","EUR","0.08"
"NYM","NATURAL GAS","DUTCH TTF NATURAL GAS DAILY FUTURES","TTD","02/06/2026","02/28/2026","175","EUR","0.08"
"NYM","NATURAL GAS","DUTCH TTF NATURAL GAS FRONT MTH FUT","TTE","02/2026","02/2026","14000","USD","25.000%"
"NYM","NATURAL GAS","DUTCH TTF NATURAL GAS FRONT MTH FUT","TTE","03/2026","03/2026","13500","USD","25.000%"
"NYM","NATURAL GAS","DUTCH TTF NATURAL GAS FRONT MTH FUT","TTE","04/2026","04/2026","12000","USD","25.000%"
"NYM","NATURAL GAS","DUTCH TTF NATURAL GAS FRONT MTH FUT","TTE","05/2026","08/2026","11500","USD","25.000%"
"NYM","NATURAL GAS","DUTCH TTF NATURAL GAS FRONT MTH FUT","TTE","09/2026","02/2027","11000","USD","25.000%"
"NYM","NATURAL GAS","DUTCH TTF NATURAL GAS FRONT MTH FUT","TTE","03/2027","12/2029","10000","USD","25.000%"
"NYM","NATURAL GAS","DUTCH TTF NATURAL GAS CAL MONTH FUT","TTF","01/2026","02/2026","4000","EUR","25.000%"
"NYM","NATURAL GAS","DUTCH TTF NATURAL GAS CAL MONTH FUT","TTF","03/2026","03/2026","3500","EUR","25.000%"
"NYM","NATURAL GAS","DUTCH TTF NATURAL GAS CAL MONTH FUT","TTF","04/2026","04/2026","3300","EUR","25.000%"
"NYM","NATURAL GAS","DUTCH TTF NATURAL GAS CAL MONTH FUT","TTF","05/2026","08/2026","3000","EUR","25.000%"
"NYM","NATURAL GAS","DUTCH TTF NATURAL GAS CAL MONTH FUT","TTF","09/2026","02/2027","2500","EUR","25.000%"
"NYM","NATURAL GAS","DUTCH TTF NATURAL GAS CAL MONTH FUT","TTF","03/2027","12/2036","2000","EUR","25.000%"
"NYM","NATURAL GAS","DUTCH TTF NATURAL GAS FIN CAL M","TTG","02/2026","02/2026","4000","EUR","25.000%"
"NYM","NATURAL GAS","DUTCH TTF NATURAL GAS FIN CAL M","TTG","03/2026","03/2026","3500","EUR","25.000%"
"NYM","NATURAL GAS","DUTCH TTF NATURAL GAS FIN CAL M","TTG","04/2026","04/2026","3300","EUR","25.000%"
"NYM","NATURAL GAS","DUTCH TTF NATURAL GAS FIN CAL M","TTG","05/2026","08/2026","3000","EUR","25.000%"
"NYM","NATURAL GAS","DUTCH TTF NATURAL GAS FIN CAL M","TTG","09/2026","02/2027","2500","EUR","25.000%"
"NYM","NATURAL GAS","DUTCH TTF NATURAL GAS FIN CAL M","TTG","03/2027","12/2031","2000","EUR","25.000%"
"NYM","NATURAL GAS","DUTCH TTF NAT GAS CAL MONTH 1-DAY","TTH","01/2026","02/2026","4000","EUR","25.000%"
"NYM","NATURAL GAS","DUTCH TTF NAT GAS CAL MONTH 1-DAY","TTH","03/2026","03/2026","3500","EUR","25.000%"
"NYM","NATURAL GAS","DUTCH TTF NAT GAS CAL MONTH 1-DAY","TTH","04/2026","04/2026","3300","EUR","25.000%"
"NYM","NATURAL GAS","DUTCH TTF NAT GAS CAL MONTH 1-DAY","TTH","05/2026","08/2026","3000","EUR","25.000%"
"NYM","NATURAL GAS","DUTCH TTF NAT GAS CAL MONTH 1-DAY","TTH","09/2026","02/2027","2500","EUR","25.000%"
"NYM","NATURAL GAS","DUTCH TTF NAT GAS CAL MONTH 1-DAY","TTH","03/2027","12/2036","2000","EUR","25.000%"
"NYM","NATURAL GAS","DUTCH TTF NATURAL GAS FIN DAY AHEAD","TTI","01/2026","01/2026","903","EUR","25.000%"
"NYM","NATURAL GAS","DUTCH TTF NATURAL GAS FIN DAY AHEAD","TTI","02/2026","02/2026","3500","EUR","25.000%"
"NYM","NATURAL GAS","DUTCH TTF NATURAL GAS FIN DAY AHEAD","TTI","03/2026","03/2026","3300","EUR","25.000%"
"NYM","NATURAL GAS","DUTCH TTF NATURAL GAS FIN DAY AHEAD","TTI","04/2026","07/2026","3000","EUR","25.000%"
"NYM","NATURAL GAS","DUTCH TTF NATURAL GAS FIN DAY AHEAD","TTI","08/2026","01/2027","2500","EUR","25.000%"
"NYM","NATURAL GAS","DUTCH TTF NATURAL GAS FIN DAY AHEAD","TTI","02/2027","12/2031","2000","EUR","25.000%"
"NYM","NATURAL GAS","DUTCH TTF NAT GAS EARLY CAL MTH FUT","TTP","02/2026","02/2026","4000","EUR","25.000%"
"NYM","NATURAL GAS","DUTCH TTF NAT GAS EARLY CAL MTH FUT","TTP","03/2026","03/2026","3500","EUR","25.000%"
"NYM","NATURAL GAS","DUTCH TTF NAT GAS EARLY CAL MTH FUT","TTP","04/2026","04/2026","3300","EUR","25.000%"
"NYM","NATURAL GAS","DUTCH TTF NAT GAS EARLY CAL MTH FUT","TTP","05/2026","08/2026","3000","EUR","25.000%"
"NYM","NATURAL GAS","DUTCH TTF NAT GAS EARLY CAL MTH FUT","TTP","09/2026","02/2027","2500","EUR","25.000%"
"NYM","NATURAL GAS","DUTCH TTF NAT GAS EARLY CAL MTH FUT","TTP","03/2027","12/2036","2000","EUR","25.000%"
"NYM","NATURAL GAS","TAS DUTCH TTF NAT GAS FIN CAL FUT","TTS","02/2026","02/2026","4000","EUR","25.000%"
"NYM","NATURAL GAS","UK NBP NAT GAS CAL MTH FUT","UKG","01/2026","02/2026","4000","GBP","25.000%"
"NYM","NATURAL GAS","UK NBP NAT GAS CAL MTH FUT","UKG","03/2026","03/2026","3800","GBP","25.000%"
"NYM","NATURAL GAS","UK NBP NAT GAS CAL MTH FUT","UKG","04/2026","04/2026","3000","GBP","25.000%"
"NYM","NATURAL GAS","UK NBP NAT GAS CAL MTH FUT","UKG","05/2026","08/2026","2700","GBP","25.000%"
"NYM","NATURAL GAS","UK NBP NAT GAS CAL MTH FUT","UKG","09/2026","12/2031","2100","GBP","25.000%"
"NYM","NGL/PETROCHEMICALS","SYNTH 113 BUTANE 5 DECIMAL","113","01/2026","01/2026","550","USD","35.000%"
"NYM","NGL/PETROCHEMICALS","SYNTH 113 BUTANE 5 DECIMAL","113","02/2026","02/2026","2100","USD","25.000%"
"NYM","NGL/PETROCHEMICALS","SYNTH 113 BUTANE 5 DECIMAL","113","03/2026","03/2026","2000","USD","25.000%"
"NYM","NGL/PETROCHEMICALS","SYNTH 113 BUTANE 5 DECIMAL","113","04/2026","04/2026","1900","USD","25.000%"
"NYM","NGL/PETROCHEMICALS","SYNTH 113 BUTANE 5 DECIMAL","113","05/2026","06/2026","1800","USD","25.000%"
"NYM","NGL/PETROCHEMICALS","SYNTH 113 BUTANE 5 DECIMAL","113","07/2026","07/2026","1700","USD","20.000%"
"NYM","NGL/PETROCHEMICALS","SYNTH 113 BUTANE 5 DECIMAL","113","08/2026","09/2026","1600","USD","20.000%"
"NYM","NGL/PETROCHEMICALS","SYNTH 113 BUTANE 5 DECIMAL","113","10/2026","11/2026","1500","USD","20.000%"
"NYM","NGL/PETROCHEMICALS","SYNTH 113 BUTANE 5 DECIMAL","113","12/2026","01/2027","1400","USD","20.000%"
"NYM","NGL/PETROCHEMICALS","SYNTH 113 BUTANE 5 DECIMAL","113","02/2027","12/2030","1300","USD","20.000%"
"NYM","NGL/PETROCHEMICALS","SYNTH 114 MONT BELVIE ETHANE OPIS","114","01/2026","01/2026","262","USD","38.000%"
"NYM","NGL/PETROCHEMICALS","SYNTH 114 MONT BELVIE ETHANE OPIS","114","02/2026","02/2026","1050","USD","28.000%"
"NYM","NGL/PETROCHEMICALS","SYNTH 114 MONT BELVIE ETHANE OPIS","114","03/2026","03/2026","950","USD","28.000%"
"NYM","NGL/PETROCHEMICALS","SYNTH 114 MONT BELVIE ETHANE OPIS","114","04/2026","04/2026","900","USD","22.000%"
"NYM","NGL/PETROCHEMICALS","SYNTH 114 MONT BELVIE ETHANE OPIS","114","05/2026","05/2026","850","USD","22.000%"
"NYM","NGL/PETROCHEMICALS","SYNTH 114 MONT BELVIE ETHANE OPIS","114","06/2026","06/2026","750","USD","22.000%"
"NYM","NGL/PETROCHEMICALS","SYNTH 114 MONT BELVIE ETHANE OPIS","114","07/2026","08/2026","700","USD","22.000%"
"NYM","NGL/PETROCHEMICALS","SYNTH 114 MONT BELVIE ETHANE OPIS","114","09/2026","10/2026","550","USD","22.000%"
"NYM","NGL/PETROCHEMICALS","SYNTH 114 MONT BELVIE ETHANE OPIS","114","11/2026","12/2026","500","USD","22.000%"
"NYM","NGL/PETROCHEMICALS","SYNTH 114 MONT BELVIE ETHANE OPIS","114","01/2027","12/2030","500","USD","15.000%"
"NYM","NGL/PETROCHEMICALS","SYNTH 115 ARGUS PROPAN FAR EST IDX","115","01/2026","01/2026","8250","USD","20.000%"
"NYM","NGL/PETROCHEMICALS","SYNTH 115 ARGUS PROPAN FAR EST IDX","115","02/2026","02/2026","32000","USD","20.000%"
"NYM","NGL/PETROCHEMICALS","SYNTH 115 ARGUS PROPAN FAR EST IDX","115","03/2026","03/2026","27000","USD","20.000%"
"NYM","NGL/PETROCHEMICALS","SYNTH 115 ARGUS PROPAN FAR EST IDX","115","04/2026","04/2026","25000","USD","20.000%"
"NYM","NGL/PETROCHEMICALS","SYNTH 115 ARGUS PROPAN FAR EST IDX","115","05/2026","07/2026","24000","USD","20.000%"
"NYM","NGL/PETROCHEMICALS","SYNTH 115 ARGUS PROPAN FAR EST IDX","115","08/2026","12/2029","23000","USD","20.000%"
"NYM","NGL/PETROCHEMICALS","SYNTH 117 PROPANE NON LDH MT BELVIE","117","01/2026","01/2026","475","USD","25.000%"
"NYM","NGL/PETROCHEMICALS","SYNTH 117 PROPANE NON LDH MT BELVIE","117","02/2026","02/2026","1850","USD","25.000%"
"NYM","NGL/PETROCHEMICALS","SYNTH 117 PROPANE NON LDH MT BELVIE","117","03/2026","03/2026","1750","USD","25.000%"
"NYM","NGL/PETROCHEMICALS","SYNTH 117 PROPANE NON LDH MT BELVIE","117","04/2026","09/2026","1600","USD","25.000%"
"NYM","NGL/PETROCHEMICALS","SYNTH 117 PROPANE NON LDH MT BELVIE","117","10/2026","06/2027","1300","USD","25.000%"
"NYM","NGL/PETROCHEMICALS","SYNTH 117 PROPANE NON LDH MT BELVIE","117","07/2027","12/2029","1200","USD","25.000%"
"NYM","NGL/PETROCHEMICALS","SYNTH 119 MT BELVIEU NAT GAS 5 D. O","119","01/2026","01/2026","950","USD","0.06"
"NYM","NGL/PETROCHEMICALS","SYNTH 119 MT BELVIEU NAT GAS 5 D. O","119","02/2026","02/2026","3700","USD","0.03"
"NYM","NGL/PETROCHEMICALS","SYNTH 119 MT BELVIEU NAT GAS 5 D. O","119","03/2026","12/2029","3200","USD","0.03"
"NYM","NGL/PETROCHEMICALS","SYNTH 119 MT BELVIEU NAT GAS 5 D. O","119","01/2030","08/2030","320","USD","0.03"
"NYM","NGL/PETROCHEMICALS","PROPANE NON LDH MT BELVIEU","1R","01/2026","01/2026","475","USD","25.000%"
"NYM","NGL/PETROCHEMICALS","PROPANE NON LDH MT BELVIEU","1R","02/2026","02/2026","1850","USD","25.000%"
"NYM","NGL/PETROCHEMICALS","PROPANE NON LDH MT BELVIEU","1R","03/2026","03/2026","1750","USD","25.000%"
"NYM","NGL/PETROCHEMICALS","PROPANE NON LDH MT BELVIEU","1R","04/2026","09/2026","1600","USD","25.000%"
"NYM","NGL/PETROCHEMICALS","PROPANE NON LDH MT BELVIEU","1R","10/2026","06/2027","1300","USD","25.000%"
"NYM","NGL/PETROCHEMICALS","PROPANE NON LDH MT BELVIEU","1R","07/2027","12/2029","1200","USD","25.000%"
"NYM","NGL/PETROCHEMICALS","PROPANE NON LDH MT BLV BALMO","1S","01/02/2026","01/02/2026","475","USD","0.025"
"NYM","NGL/PETROCHEMICALS","PROPANE NON LDH MT BLV BALMO","1S","01/05/2026","01/05/2026","500","USD","0.025"
"NYM","NGL/PETROCHEMICALS","PROPANE NON LDH MT BLV BALMO","1S","01/06/2026","01/06/2026","527","USD","0.025"
"NYM","NGL/PETROCHEMICALS","PROPANE NON LDH MT BLV BALMO","1S","01/07/2026","01/07/2026","558","USD","0.025"
"NYM","NGL/PETROCHEMICALS","PROPANE NON LDH MT BLV BALMO","1S","01/08/2026","01/08/2026","593","USD","0.025"
"NYM","NGL/PETROCHEMICALS","PROPANE NON LDH MT BLV BALMO","1S","01/09/2026","01/09/2026","633","USD","0.025"
"NYM","NGL/PETROCHEMICALS","PROPANE NON LDH MT BLV BALMO","1S","01/12/2026","01/12/2026","678","USD","0.025"
"NYM","NGL/PETROCHEMICALS","PROPANE NON LDH MT BLV BALMO","1S","01/13/2026","01/13/2026","730","USD","0.025"
"NYM","NGL/PETROCHEMICALS","PROPANE NON LDH MT BLV BALMO","1S","01/14/2026","01/14/2026","791","USD","0.025"
"NYM","NGL/PETROCHEMICALS","PROPANE NON LDH MT BLV BALMO","1S","01/15/2026","01/15/2026","863","USD","0.025"
"NYM","NGL/PETROCHEMICALS","PROPANE NON LDH MT BLV BALMO","1S","01/16/2026","01/16/2026","950","USD","0.025"
"NYM","NGL/PETROCHEMICALS","PROPANE NON LDH MT BLV BALMO","1S","01/20/2026","01/20/2026","1055","USD","0.025"
"NYM","NGL/PETROCHEMICALS","PROPANE NON LDH MT BLV BALMO","1S","01/21/2026","01/21/2026","1187","USD","0.025"
"NYM","NGL/PETROCHEMICALS","PROPANE NON LDH MT BLV BALMO","1S","01/22/2026","01/22/2026","1357","USD","0.025"
"NYM","NGL/PETROCHEMICALS","PROPANE NON LDH MT BLV BALMO","1S","01/23/2026","01/23/2026","1583","USD","0.025"
"NYM","NGL/PETROCHEMICALS","PROPANE NON LDH MT BLV BALMO","1S","01/26/2026","01/30/2026","1900","USD","0.025"
"NYM","NGL/PETROCHEMICALS","PROPANE NON LDH MT BLV BALMO","1S","02/02/2026","02/27/2026","1850","USD","0.025"
"NYM","NGL/PETROCHEMICALS","ARGUS PRPNE FAR EAST INDX BALMO FUT","22","01/01/2026","01/02/2026","7857","USD","0.08"
"NYM","NGL/PETROCHEMICALS","ARGUS PRPNE FAR EAST INDX BALMO FUT","22","01/05/2026","01/05/2026","8250","USD","0.08"
"NYM","NGL/PETROCHEMICALS","ARGUS PRPNE FAR EAST INDX BALMO FUT","22","01/06/2026","01/06/2026","8685","USD","0.08"
"NYM","NGL/PETROCHEMICALS","ARGUS PRPNE FAR EAST INDX BALMO FUT","22","01/07/2026","01/07/2026","9167","USD","0.08"
"NYM","NGL/PETROCHEMICALS","ARGUS PRPNE FAR EAST INDX BALMO FUT","22","01/08/2026","01/08/2026","9702","USD","0.08"
"NYM","NGL/PETROCHEMICALS","ARGUS PRPNE FAR EAST INDX BALMO FUT","22","01/09/2026","01/09/2026","10312","USD","0.08"
"NYM","NGL/PETROCHEMICALS","ARGUS PRPNE FAR EAST INDX BALMO FUT","22","01/12/2026","01/12/2026","10998","USD","0.08"
"NYM","NGL/PETROCHEMICALS","ARGUS PRPNE FAR EAST INDX BALMO FUT","22","01/13/2026","01/13/2026","11784","USD","0.08"
"NYM","NGL/PETROCHEMICALS","ARGUS PRPNE FAR EAST INDX BALMO FUT","22","01/14/2026","01/14/2026","12691","USD","0.08"
"NYM","NGL/PETROCHEMICALS","ARGUS PRPNE FAR EAST INDX BALMO FUT","22","01/15/2026","01/15/2026","13751","USD","0.08"
"NYM","NGL/PETROCHEMICALS","ARGUS PRPNE FAR EAST INDX BALMO FUT","22","01/16/2026","01/16/2026","14998","USD","0.08"
"NYM","NGL/PETROCHEMICALS","ARGUS PRPNE FAR EAST INDX BALMO FUT","22","01/19/2026","01/19/2026","16500","USD","0.08"
"NYM","NGL/PETROCHEMICALS","ARGUS PRPNE FAR EAST INDX BALMO FUT","22","01/20/2026","01/20/2026","18334","USD","0.08"
"NYM","NGL/PETROCHEMICALS","ARGUS PRPNE FAR EAST INDX BALMO FUT","22","01/21/2026","01/21/2026","20625","USD","0.08"
"NYM","NGL/PETROCHEMICALS","ARGUS PRPNE FAR EAST INDX BALMO FUT","22","01/22/2026","01/22/2026","23571","USD","0.08"
"NYM","NGL/PETROCHEMICALS","ARGUS PRPNE FAR EAST INDX BALMO FUT","22","01/23/2026","01/23/2026","27498","USD","0.08"
"NYM","NGL/PETROCHEMICALS","ARGUS PRPNE FAR EAST INDX BALMO FUT","22","01/26/2026","01/30/2026","33000","USD","0.08"
"NYM","NGL/PETROCHEMICALS","ARGUS PRPNE FAR EAST INDX BALMO FUT","22","02/02/2026","02/27/2026","32000","USD","0.08"
"NYM","NGL/PETROCHEMICALS","ARGUS PRPNE FAR EAST INDX BALMO FUT","22","03/02/2026","03/31/2026","27000","USD","0.08"
"NYM","NGL/PETROCHEMICALS","EURO PROPNE CIFARA ARGUS BALMO FUT","32","01/01/2026","01/02/2026","7857","USD","0.08"
"NYM","NGL/PETROCHEMICALS","EURO PROPNE CIFARA ARGUS BALMO FUT","32","01/05/2026","01/05/2026","8250","USD","0.08"
"NYM","NGL/PETROCHEMICALS","EURO PROPNE CIFARA ARGUS BALMO FUT","32","01/06/2026","01/06/2026","8685","USD","0.08"
"NYM","NGL/PETROCHEMICALS","EURO PROPNE CIFARA ARGUS BALMO FUT","32","01/07/2026","01/07/2026","9167","USD","0.08"
"NYM","NGL/PETROCHEMICALS","EURO PROPNE CIFARA ARGUS BALMO FUT","32","01/08/2026","01/08/2026","9702","USD","0.08"
"NYM","NGL/PETROCHEMICALS","EURO PROPNE CIFARA ARGUS BALMO FUT","32","01/09/2026","01/09/2026","10312","USD","0.08"
"NYM","NGL/PETROCHEMICALS","EURO PROPNE CIFARA ARGUS BALMO FUT","32","01/12/2026","01/12/2026","10998","USD","0.08"
"NYM","NGL/PETROCHEMICALS","EURO PROPNE CIFARA ARGUS BALMO FUT","32","01/13/2026","01/13/2026","11784","USD","0.08"
"NYM","NGL/PETROCHEMICALS","EURO PROPNE CIFARA ARGUS BALMO FUT","32","01/14/2026","01/14/2026","12691","USD","0.08"
"NYM","NGL/PETROCHEMICALS","EURO PROPNE CIFARA ARGUS BALMO FUT","32","01/15/2026","01/15/2026","13751","USD","0.08"
"NYM","NGL/PETROCHEMICALS","EURO PROPNE CIFARA ARGUS BALMO FUT","32","01/16/2026","01/16/2026","14998","USD","0.08"
"NYM","NGL/PETROCHEMICALS","EURO PROPNE CIFARA ARGUS BALMO FUT","32","01/19/2026","01/19/2026","16500","USD","0.08"
"NYM","NGL/PETROCHEMICALS","EURO PROPNE CIFARA ARGUS BALMO FUT","32","01/20/2026","01/20/2026","18334","USD","0.08"
"NYM","NGL/PETROCHEMICALS","EURO PROPNE CIFARA ARGUS BALMO FUT","32","01/21/2026","01/21/2026","20625","USD","0.08"
"NYM","NGL/PETROCHEMICALS","EURO PROPNE CIFARA ARGUS BALMO FUT","32","01/22/2026","01/22/2026","23571","USD","0.08"
"NYM","NGL/PETROCHEMICALS","EURO PROPNE CIFARA ARGUS BALMO FUT","32","01/23/2026","01/23/2026","27498","USD","0.08"
"NYM","NGL/PETROCHEMICALS","EURO PROPNE CIFARA ARGUS BALMO FUT","32","01/26/2026","01/30/2026","33000","USD","0.08"
"NYM","NGL/PETROCHEMICALS","EURO PROPNE CIFARA ARGUS BALMO FUT","32","02/02/2026","02/27/2026","32000","USD","0.08"
"NYM","NGL/PETROCHEMICALS","EURO PROPNE CIFARA ARGUS BALMO FUT","32","03/02/2026","03/31/2026","28000","USD","0.08"
"NYM","NGL/PETROCHEMICALS","MT. BLVU PHSCL ISOBUTANE OPIS","3L","01/2026","12/2028","4200","USD","0.025"
"NYM","NGL/PETROCHEMICALS","MT. BLVU PHSCL NRML BUTAN OPIS","3M","01/2026","12/2028","4200","USD","0.025"
"NYM","NGL/PETROCHEMICALS","MT. BLVU PHSCL LDH PROPAN OPIS","3N","01/2026","12/2029","2800","USD","0.025"
"NYM","NGL/PETROCHEMICALS","MT. BLVU PHSCL NONLDH PN OPIS","3P","01/2026","12/2029","2800","USD","0.025"
"NYM","NGL/PETROCHEMICALS","MT. BELVIEU PHSCL ETHANE OPIS","3Q","01/2026","12/2028","1200","USD","0.025"
"NYM","NGL/PETROCHEMICALS","MT. BELVIEU PHSL NAT GAS OPIS","3R","01/2026","12/2028","5200","USD","0.025"
"NYM","NGL/PETROCHEMICALS","M. BELV LDH PRPNE OPIS VS EUR CIFAR","51","01/2026","01/2026","10546","USD","0.08"
"NYM","NGL/PETROCHEMICALS","M. BELV LDH PRPNE OPIS VS EUR CIFAR","51","02/2026","02/2026","25130","USD","0.08"
"NYM","NGL/PETROCHEMICALS","M. BELV LDH PRPNE OPIS VS EUR CIFAR","51","03/2026","03/2026","22750","USD","0.08"
"NYM","NGL/PETROCHEMICALS","M. BELV LDH PRPNE OPIS VS EUR CIFAR","51","04/2026","04/2026","21880","USD","0.08"
"NYM","NGL/PETROCHEMICALS","M. BELV LDH PRPNE OPIS VS EUR CIFAR","51","05/2026","05/2026","20850","USD","0.08"
"NYM","NGL/PETROCHEMICALS","M. BELV LDH PRPNE OPIS VS EUR CIFAR","51","06/2026","06/2026","20560","USD","0.08"
"NYM","NGL/PETROCHEMICALS","M. BELV LDH PRPNE OPIS VS EUR CIFAR","51","07/2026","07/2026","20270","USD","0.08"
"NYM","NGL/PETROCHEMICALS","M. BELV LDH PRPNE OPIS VS EUR CIFAR","51","08/2026","08/2026","18630","USD","0.08"
"NYM","NGL/PETROCHEMICALS","M. BELV LDH PRPNE OPIS VS EUR CIFAR","51","09/2026","04/2027","18340","USD","0.08"
"NYM","NGL/PETROCHEMICALS","M. BELV LDH PRPNE OPIS VS EUR CIFAR","51","05/2027","01/2029","17760","USD","0.08"
"NYM","NGL/PETROCHEMICALS","ARGUS PROPAN FAR EST INDEX FUT","7E","01/2026","01/2026","8250","USD","20.000%"
"NYM","NGL/PETROCHEMICALS","ARGUS PROPAN FAR EST INDEX FUT","7E","02/2026","02/2026","32000","USD","20.000%"
"NYM","NGL/PETROCHEMICALS","ARGUS PROPAN FAR EST INDEX FUT","7E","03/2026","03/2026","27000","USD","20.000%"
"NYM","NGL/PETROCHEMICALS","ARGUS PROPAN FAR EST INDEX FUT","7E","04/2026","04/2026","25000","USD","20.000%"
"NYM","NGL/PETROCHEMICALS","ARGUS PROPAN FAR EST INDEX FUT","7E","05/2026","07/2026","24000","USD","20.000%"
"NYM","NGL/PETROCHEMICALS","ARGUS PROPAN FAR EST INDEX FUT","7E","08/2026","12/2029","23000","USD","20.000%"
"NYM","NGL/PETROCHEMICALS","MT BELVIEU NAT GAS 5 D. OPIS","7Q","01/2026","01/2026","950","USD","0.06"
"NYM","NGL/PETROCHEMICALS","MT BELVIEU NAT GAS 5 D. OPIS","7Q","02/2026","02/2026","3700","USD","0.03"
"NYM","NGL/PETROCHEMICALS","MT BELVIEU NAT GAS 5 D. OPIS","7Q","03/2026","08/2030","3200","USD","0.03"
"NYM","NGL/PETROCHEMICALS","MT. BELVIEU MINI LDH PROPANE FUT","81","01/2026","01/2026","475","USD","45.000%"
"NYM","NGL/PETROCHEMICALS","MT. BELVIEU MINI LDH PROPANE FUT","81","02/2026","02/2026","1850","USD","30.000%"
"NYM","NGL/PETROCHEMICALS","MT. BELVIEU MINI LDH PROPANE FUT","81","03/2026","03/2026","1750","USD","30.000%"
"NYM","NGL/PETROCHEMICALS","MT. BELVIEU MINI LDH PROPANE FUT","81","04/2026","04/2026","1600","USD","30.000%"
"NYM","NGL/PETROCHEMICALS","MT. BELVIEU MINI LDH PROPANE FUT","81","05/2026","05/2026","1500","USD","30.000%"
"NYM","NGL/PETROCHEMICALS","MT. BELVIEU MINI LDH PROPANE FUT","81","06/2026","06/2026","1450","USD","30.000%"
"NYM","NGL/PETROCHEMICALS","MT. BELVIEU MINI LDH PROPANE FUT","81","07/2026","07/2026","1400","USD","30.000%"
"NYM","NGL/PETROCHEMICALS","MT. BELVIEU MINI LDH PROPANE FUT","81","08/2026","08/2026","1350","USD","30.000%"
"NYM","NGL/PETROCHEMICALS","MT. BELVIEU MINI LDH PROPANE FUT","81","09/2026","04/2027","1300","USD","30.000%"
"NYM","NGL/PETROCHEMICALS","MT. BELVIEU MINI LDH PROPANE FUT","81","05/2027","12/2029","1200","USD","30.000%"
"NYM","NGL/PETROCHEMICALS","MT BELIVIEU ETHANE BALMO FUT","8C","01/02/2026","01/02/2026","262","USD","0.025"
"NYM","NGL/PETROCHEMICALS","MT BELIVIEU ETHANE BALMO FUT","8C","01/05/2026","01/05/2026","276","USD","0.025"
"NYM","NGL/PETROCHEMICALS","MT BELIVIEU ETHANE BALMO FUT","8C","01/06/2026","01/06/2026","291","USD","0.025"
"NYM","NGL/PETROCHEMICALS","MT BELIVIEU ETHANE BALMO FUT","8C","01/07/2026","01/07/2026","308","USD","0.025"
"NYM","NGL/PETROCHEMICALS","MT BELIVIEU ETHANE BALMO FUT","8C","01/08/2026","01/08/2026","328","USD","0.025"
"NYM","NGL/PETROCHEMICALS","MT BELIVIEU ETHANE BALMO FUT","8C","01/09/2026","01/09/2026","349","USD","0.025"
"NYM","NGL/PETROCHEMICALS","MT BELIVIEU ETHANE BALMO FUT","8C","01/12/2026","01/12/2026","374","USD","0.025"
"NYM","NGL/PETROCHEMICALS","MT BELIVIEU ETHANE BALMO FUT","8C","01/13/2026","01/13/2026","403","USD","0.025"
"NYM","NGL/PETROCHEMICALS","MT BELIVIEU ETHANE BALMO FUT","8C","01/14/2026","01/14/2026","437","USD","0.025"
"NYM","NGL/PETROCHEMICALS","MT BELIVIEU ETHANE BALMO FUT","8C","01/15/2026","01/15/2026","477","USD","0.025"
"NYM","NGL/PETROCHEMICALS","MT BELIVIEU ETHANE BALMO FUT","8C","01/16/2026","01/16/2026","525","USD","0.025"
"NYM","NGL/PETROCHEMICALS","MT BELIVIEU ETHANE BALMO FUT","8C","01/20/2026","01/20/2026","583","USD","0.025"
"NYM","NGL/PETROCHEMICALS","MT BELIVIEU ETHANE BALMO FUT","8C","01/21/2026","01/21/2026","656","USD","0.025"
"NYM","NGL/PETROCHEMICALS","MT BELIVIEU ETHANE BALMO FUT","8C","01/22/2026","01/22/2026","750","USD","0.025"
"NYM","NGL/PETROCHEMICALS","MT BELIVIEU ETHANE BALMO FUT","8C","01/23/2026","01/23/2026","874","USD","0.025"
"NYM","NGL/PETROCHEMICALS","MT BELIVIEU ETHANE BALMO FUT","8C","01/26/2026","02/27/2026","1050","USD","0.025"
"NYM","NGL/PETROCHEMICALS","MT BELVIEU ISO BUTANE 5 DEC. S","8I","01/2026","01/2026","1703","USD","0.025"
"NYM","NGL/PETROCHEMICALS","MT BELVIEU ISO BUTANE 5 DEC. S","8I","02/2026","02/2026","4000","USD","0.025"
"NYM","NGL/PETROCHEMICALS","MT BELVIEU ISO BUTANE 5 DEC. S","8I","03/2026","04/2026","3400","USD","0.025"
"NYM","NGL/PETROCHEMICALS","MT BELVIEU ISO BUTANE 5 DEC. S","8I","05/2026","12/2030","2200","USD","0.025"
"NYM","NGL/PETROCHEMICALS","MT BELIVIEU NORMAL BUTANE BALM","8J","01/02/2026","01/02/2026","550","USD","0.025"
"NYM","NGL/PETROCHEMICALS","MT BELIVIEU NORMAL BUTANE BALM","8J","01/05/2026","01/05/2026","579","USD","0.025"
"NYM","NGL/PETROCHEMICALS","MT BELIVIEU NORMAL BUTANE BALM","8J","01/06/2026","01/06/2026","611","USD","0.025"
"NYM","NGL/PETROCHEMICALS","MT BELIVIEU NORMAL BUTANE BALM","8J","01/07/2026","01/07/2026","646","USD","0.025"
"NYM","NGL/PETROCHEMICALS","MT BELIVIEU NORMAL BUTANE BALM","8J","01/08/2026","01/08/2026","687","USD","0.025"
"NYM","NGL/PETROCHEMICALS","MT BELIVIEU NORMAL BUTANE BALM","8J","01/09/2026","01/09/2026","733","USD","0.025"
"NYM","NGL/PETROCHEMICALS","MT BELIVIEU NORMAL BUTANE BALM","8J","01/12/2026","01/12/2026","785","USD","0.025"
"NYM","NGL/PETROCHEMICALS","MT BELIVIEU NORMAL BUTANE BALM","8J","01/13/2026","01/13/2026","846","USD","0.025"
"NYM","NGL/PETROCHEMICALS","MT BELIVIEU NORMAL BUTANE BALM","8J","01/14/2026","01/14/2026","916","USD","0.025"
"NYM","NGL/PETROCHEMICALS","MT BELIVIEU NORMAL BUTANE BALM","8J","01/15/2026","01/15/2026","999","USD","0.025"
"NYM","NGL/PETROCHEMICALS","MT BELIVIEU NORMAL BUTANE BALM","8J","01/16/2026","01/16/2026","1100","USD","0.025"
"NYM","NGL/PETROCHEMICALS","MT BELIVIEU NORMAL BUTANE BALM","8J","01/20/2026","01/20/2026","1222","USD","0.025"
"NYM","NGL/PETROCHEMICALS","MT BELIVIEU NORMAL BUTANE BALM","8J","01/21/2026","01/21/2026","1375","USD","0.025"
"NYM","NGL/PETROCHEMICALS","MT BELIVIEU NORMAL BUTANE BALM","8J","01/22/2026","01/22/2026","1571","USD","0.025"
"NYM","NGL/PETROCHEMICALS","MT BELIVIEU NORMAL BUTANE BALM","8J","01/23/2026","01/23/2026","1833","USD","0.025"
"NYM","NGL/PETROCHEMICALS","MT BELIVIEU NORMAL BUTANE BALM","8J","01/26/2026","01/30/2026","2200","USD","0.025"
"NYM","NGL/PETROCHEMICALS","MT BELIVIEU NORMAL BUTANE BALM","8J","02/02/2026","02/27/2026","2100","USD","0.025"
"NYM","NGL/PETROCHEMICALS","CONWAY PROPANE 5 DEC. FUT","8K","01/2026","01/2026","674","USD","25.000%"
"NYM","NGL/PETROCHEMICALS","CONWAY PROPANE 5 DEC. FUT","8K","02/2026","02/2026","1850","USD","25.000%"
"NYM","NGL/PETROCHEMICALS","CONWAY PROPANE 5 DEC. FUT","8K","03/2026","03/2026","1750","USD","25.000%"
"NYM","NGL/PETROCHEMICALS","CONWAY PROPANE 5 DEC. FUT","8K","04/2026","09/2026","1600","USD","25.000%"
"NYM","NGL/PETROCHEMICALS","CONWAY PROPANE 5 DEC. FUT","8K","10/2026","12/2030","1300","USD","25.000%"
"NYM","NGL/PETROCHEMICALS","CONWAY NAT GASOLINE FUT","8L","01/2026","01/2026","1348","USD","0.08"
"NYM","NGL/PETROCHEMICALS","CONWAY NAT GASOLINE FUT","8L","02/2026","12/2028","3800","USD","0.08"
"NYM","NGL/PETROCHEMICALS","CONWAY NORMAL BUTANE FUT","8M","01/2026","01/2026","1100","USD","0.08"
"NYM","NGL/PETROCHEMICALS","CONWAY NORMAL BUTANE FUT","8M","02/2026","12/2028","2400","USD","0.08"
"NYM","NGL/PETROCHEMICALS","MT BELIVIEU LDH PROPANE BALMO","8O","01/02/2026","01/02/2026","475","USD","0.025"
"NYM","NGL/PETROCHEMICALS","MT BELIVIEU LDH PROPANE BALMO","8O","01/05/2026","01/05/2026","500","USD","0.025"
"NYM","NGL/PETROCHEMICALS","MT BELIVIEU LDH PROPANE BALMO","8O","01/06/2026","01/06/2026","527","USD","0.025"
"NYM","NGL/PETROCHEMICALS","MT BELIVIEU LDH PROPANE BALMO","8O","01/07/2026","01/07/2026","558","USD","0.025"
"NYM","NGL/PETROCHEMICALS","MT BELIVIEU LDH PROPANE BALMO","8O","01/08/2026","01/08/2026","593","USD","0.025"
"NYM","NGL/PETROCHEMICALS","MT BELIVIEU LDH PROPANE BALMO","8O","01/09/2026","01/09/2026","633","USD","0.025"
"NYM","NGL/PETROCHEMICALS","MT BELIVIEU LDH PROPANE BALMO","8O","01/12/2026","01/12/2026","678","USD","0.025"
"NYM","NGL/PETROCHEMICALS","MT BELIVIEU LDH PROPANE BALMO","8O","01/13/2026","01/13/2026","730","USD","0.025"
"NYM","NGL/PETROCHEMICALS","MT BELIVIEU LDH PROPANE BALMO","8O","01/14/2026","01/14/2026","791","USD","0.025"
"NYM","NGL/PETROCHEMICALS","MT BELIVIEU LDH PROPANE BALMO","8O","01/15/2026","01/15/2026","863","USD","0.025"
"NYM","NGL/PETROCHEMICALS","MT BELIVIEU LDH PROPANE BALMO","8O","01/16/2026","01/16/2026","950","USD","0.025"
"NYM","NGL/PETROCHEMICALS","MT BELIVIEU LDH PROPANE BALMO","8O","01/20/2026","01/20/2026","1055","USD","0.025"
"NYM","NGL/PETROCHEMICALS","MT BELIVIEU LDH PROPANE BALMO","8O","01/21/2026","01/21/2026","1187","USD","0.025"
"NYM","NGL/PETROCHEMICALS","MT BELIVIEU LDH PROPANE BALMO","8O","01/22/2026","01/22/2026","1357","USD","0.025"
"NYM","NGL/PETROCHEMICALS","MT BELIVIEU LDH PROPANE BALMO","8O","01/23/2026","01/23/2026","1583","USD","0.025"
"NYM","NGL/PETROCHEMICALS","MT BELIVIEU LDH PROPANE BALMO","8O","01/26/2026","01/30/2026","1900","USD","0.025"
"NYM","NGL/PETROCHEMICALS","MT BELIVIEU LDH PROPANE BALMO","8O","02/02/2026","02/27/2026","1850","USD","0.025"
"NYM","NGL/PETROCHEMICALS","ARGUS PROPAN(SAUDI ARAMCO) FUT","9N","02/2026","02/2026","30000","USD","25.000%"
"NYM","NGL/PETROCHEMICALS","ARGUS PROPAN(SAUDI ARAMCO) FUT","9N","03/2026","04/2026","25000","USD","25.000%"
"NYM","NGL/PETROCHEMICALS","ARGUS PROPAN(SAUDI ARAMCO) FUT","9N","05/2026","07/2026","23000","USD","25.000%"
"NYM","NGL/PETROCHEMICALS","ARGUS PROPAN(SAUDI ARAMCO) FUT","9N","08/2026","01/2030","21000","USD","25.000%"
"NYM","NGL/PETROCHEMICALS","PROPANE 5 DECIMAL","B0","01/2026","01/2026","475","USD","45.000%"
"NYM","NGL/PETROCHEMICALS","PROPANE 5 DECIMAL","B0","02/2026","02/2026","1850","USD","30.000%"
"NYM","NGL/PETROCHEMICALS","PROPANE 5 DECIMAL","B0","03/2026","03/2026","1750","USD","30.000%"
"NYM","NGL/PETROCHEMICALS","PROPANE 5 DECIMAL","B0","04/2026","04/2026","1600","USD","30.000%"
"NYM","NGL/PETROCHEMICALS","PROPANE 5 DECIMAL","B0","05/2026","05/2026","1500","USD","30.000%"
"NYM","NGL/PETROCHEMICALS","PROPANE 5 DECIMAL","B0","06/2026","06/2026","1450","USD","30.000%"
"NYM","NGL/PETROCHEMICALS","PROPANE 5 DECIMAL","B0","07/2026","07/2026","1400","USD","30.000%"
"NYM","NGL/PETROCHEMICALS","PROPANE 5 DECIMAL","B0","08/2026","08/2026","1350","USD","30.000%"
"NYM","NGL/PETROCHEMICALS","PROPANE 5 DECIMAL","B0","09/2026","04/2027","1300","USD","30.000%"
"NYM","NGL/PETROCHEMICALS","PROPANE 5 DECIMAL","B0","05/2027","12/2030","1200","USD","30.000%"
"NYM","NGL/PETROCHEMICALS","EUROPEAN BUTANE CIF ARA (ARG) BALMO","BEB","01/02/2026","01/30/2026","33507","USD","0.25"
"NYM","NGL/PETROCHEMICALS","EUROPEAN BUTANE CIF ARA (ARG) BALMO","BEB","02/02/2026","03/31/2026","56250","USD","0.25"
"NYM","NGL/PETROCHEMICALS","EUROPEAN BUTANE CIF ARA (ARGUS) FUT","BEF","01/2026","01/2026","15967","USD","25.000%"
"NYM","NGL/PETROCHEMICALS","EUROPEAN BUTANE CIF ARA (ARGUS) FUT","BEF","02/2026","02/2026","45000","USD","25.000%"
"NYM","NGL/PETROCHEMICALS","EUROPEAN BUTANE CIF ARA (ARGUS) FUT","BEF","03/2026","12/2029","35000","USD","25.000%"
"NYM","NGL/PETROCHEMICALS","MONT BELVIEU ETHANE (OPIS) FUT","C0","01/2026","01/2026","262","USD","38.000%"
"NYM","NGL/PETROCHEMICALS","MONT BELVIEU ETHANE (OPIS) FUT","C0","02/2026","02/2026","1050","USD","28.000%"
"NYM","NGL/PETROCHEMICALS","MONT BELVIEU ETHANE (OPIS) FUT","C0","03/2026","03/2026","950","USD","28.000%"
"NYM","NGL/PETROCHEMICALS","MONT BELVIEU ETHANE (OPIS) FUT","C0","04/2026","04/2026","900","USD","22.000%"
"NYM","NGL/PETROCHEMICALS","MONT BELVIEU ETHANE (OPIS) FUT","C0","05/2026","05/2026","850","USD","22.000%"
"NYM","NGL/PETROCHEMICALS","MONT BELVIEU ETHANE (OPIS) FUT","C0","06/2026","06/2026","750","USD","22.000%"
"NYM","NGL/PETROCHEMICALS","MONT BELVIEU ETHANE (OPIS) FUT","C0","07/2026","08/2026","700","USD","22.000%"
"NYM","NGL/PETROCHEMICALS","MONT BELVIEU ETHANE (OPIS) FUT","C0","09/2026","10/2026","550","USD","22.000%"
"NYM","NGL/PETROCHEMICALS","MONT BELVIEU ETHANE (OPIS) FUT","C0","11/2026","12/2026","500","USD","22.000%"
"NYM","NGL/PETROCHEMICALS","MONT BELVIEU ETHANE (OPIS) FUT","C0","01/2027","12/2030","500","USD","15.000%"
"NYM","NGL/PETROCHEMICALS","CONWAY NORMAL BUTANE (OPIS) BALMO","CBB","01/02/2026","01/30/2026","2308","USD","0.08"
"NYM","NGL/PETROCHEMICALS","CONWAY NORMAL BUTANE (OPIS) BALMO","CBB","02/02/2026","02/27/2026","3875","USD","0.08"
"NYM","NGL/PETROCHEMICALS","CONWAY NAT GSOLINE (OPIS) BALMO","CGB","01/02/2026","01/30/2026","2829","USD","0.08"
"NYM","NGL/PETROCHEMICALS","CONWAY NAT GSOLINE (OPIS) BALMO","CGB","02/02/2026","02/27/2026","4750","USD","0.08"
"NYM","NGL/PETROCHEMICALS","CONWAY PROPNE (OPIS) BALMO FUT","CPB","01/02/2026","02/27/2026","2375","USD","0.08"
"NYM","NGL/PETROCHEMICALS","CONWAY PHYPROPANE OPIS INWELL","CPP","01/2026","01/2026","677","USD","0.08"
"NYM","NGL/PETROCHEMICALS","CONWAY PHYPROPANE OPIS INWELL","CPP","02/2026","12/2029","3000","USD","0.08"
"NYM","NGL/PETROCHEMICALS","BUTANE 5 DECIMAL","D0","01/2026","01/2026","550","USD","35.000%"
"NYM","NGL/PETROCHEMICALS","BUTANE 5 DECIMAL","D0","02/2026","02/2026","2100","USD","25.000%"
"NYM","NGL/PETROCHEMICALS","BUTANE 5 DECIMAL","D0","03/2026","03/2026","2000","USD","25.000%"
"NYM","NGL/PETROCHEMICALS","BUTANE 5 DECIMAL","D0","04/2026","04/2026","1900","USD","25.000%"
"NYM","NGL/PETROCHEMICALS","BUTANE 5 DECIMAL","D0","05/2026","06/2026","1800","USD","25.000%"
"NYM","NGL/PETROCHEMICALS","BUTANE 5 DECIMAL","D0","07/2026","07/2026","1700","USD","20.000%"
"NYM","NGL/PETROCHEMICALS","BUTANE 5 DECIMAL","D0","08/2026","09/2026","1600","USD","20.000%"
"NYM","NGL/PETROCHEMICALS","BUTANE 5 DECIMAL","D0","10/2026","11/2026","1500","USD","20.000%"
"NYM","NGL/PETROCHEMICALS","BUTANE 5 DECIMAL","D0","12/2026","01/2027","1400","USD","20.000%"
"NYM","NGL/PETROCHEMICALS","BUTANE 5 DECIMAL","D0","02/2027","12/2030","1300","USD","20.000%"
"NYM","NGL/PETROCHEMICALS","HDPE (PCW) BALMO FUT","HPD","01/02/2026","01/30/2026","1191","USD","0.08"
"NYM","NGL/PETROCHEMICALS","HDPE (PCW) BALMO FUT","HPD","02/02/2026","02/27/2026","2000","USD","0.08"
"NYM","NGL/PETROCHEMICALS","HDPE HIGH DEN POLYETHYLENE CAL FUT","HPE","01/2026","01/2026","532","USD","0.08"
"NYM","NGL/PETROCHEMICALS","HDPE HIGH DEN POLYETHYLENE CAL FUT","HPE","02/2026","12/2027","1500","USD","0.08"
"NYM","NGL/PETROCHEMICALS","LLDPE (PCW) BALMO FUT","LEL","01/02/2026","01/30/2026","1489","USD","0.08"
"NYM","NGL/PETROCHEMICALS","LLDPE (PCW) BALMO FUT","LEL","02/02/2026","02/27/2026","2500","USD","0.08"
"NYM","NGL/PETROCHEMICALS","LLDPE LI LW DSTY POLYETHYLENE FUT","LPE","01/2026","01/2026","709","USD","0.08"
"NYM","NGL/PETROCHEMICALS","LLDPE LI LW DSTY POLYETHYLENE FUT","LPE","02/2026","12/2027","2000","USD","0.08"
"NYM","NGL/PETROCHEMICALS","MINI-ARGUS BUTANE(SAUDI ARAMCO) FUT","MAA","02/2026","02/2026","4000","USD","0.12"
"NYM","NGL/PETROCHEMICALS","MINI-ARGUS BUTANE(SAUDI ARAMCO) FUT","MAA","03/2026","07/2026","3500","USD","0.07"
"NYM","NGL/PETROCHEMICALS","MINI-ARGUS BUTANE(SAUDI ARAMCO) FUT","MAA","08/2026","01/2027","3500","USD","0.05"
"NYM","NGL/PETROCHEMICALS","MINI ARGUS PROPANE FAR EAST IDX","MAE","01/2026","01/2026","8250","USD","20.000%"
"NYM","NGL/PETROCHEMICALS","MINI ARGUS PROPANE FAR EAST IDX","MAE","02/2026","02/2026","32000","USD","20.000%"
"NYM","NGL/PETROCHEMICALS","MINI ARGUS PROPANE FAR EAST IDX","MAE","03/2026","03/2026","27000","USD","20.000%"
"NYM","NGL/PETROCHEMICALS","MINI ARGUS PROPANE FAR EAST IDX","MAE","04/2026","04/2026","25000","USD","20.000%"
"NYM","NGL/PETROCHEMICALS","MINI ARGUS PROPANE FAR EAST IDX","MAE","05/2026","07/2026","24000","USD","20.000%"
"NYM","NGL/PETROCHEMICALS","MINI ARGUS PROPANE FAR EAST IDX","MAE","08/2026","12/2028","23000","USD","20.000%"
"NYM","NGL/PETROCHEMICALS","MIN ARGUS PROPANE SAUDI ARAMCO FUT","MAS","02/2026","02/2026","3000","USD","25.000%"
"NYM","NGL/PETROCHEMICALS","MIN ARGUS PROPANE SAUDI ARAMCO FUT","MAS","03/2026","04/2026","2500","USD","25.000%"
"NYM","NGL/PETROCHEMICALS","MIN ARGUS PROPANE SAUDI ARAMCO FUT","MAS","05/2026","07/2026","2300","USD","25.000%"
"NYM","NGL/PETROCHEMICALS","MIN ARGUS PROPANE SAUDI ARAMCO FUT","MAS","08/2026","01/2029","2100","USD","25.000%"
"NYM","NGL/PETROCHEMICALS","ARGUS BUTANE (SAUDI ARAMCO) FUTURES","MBA","02/2026","02/2026","40000","USD","0.12"
"NYM","NGL/PETROCHEMICALS","ARGUS BUTANE (SAUDI ARAMCO) FUTURES","MBA","03/2026","07/2026","35000","USD","0.07"
"NYM","NGL/PETROCHEMICALS","ARGUS BUTANE (SAUDI ARAMCO) FUTURES","MBA","08/2026","12/2027","35000","USD","0.05"
"NYM","NGL/PETROCHEMICALS","MT BELVIEU ETHYLENE (OPIS PCW) BALM","MBB","01/02/2026","01/30/2026","1935","USD","0.08"
"NYM","NGL/PETROCHEMICALS","MT BELVIEU ETHYLENE (OPIS PCW) BALM","MBB","02/02/2026","02/27/2026","3250","USD","0.08"
"NYM","NGL/PETROCHEMICALS","MT BELVIEU ETHYLENE IN-WELL(OPIS P","MBE","01/2026","01/2026","2700","USD","0.08"
"NYM","NGL/PETROCHEMICALS","MT BELVIEU ETHYLENE IN-WELL(OPIS P","MBE","02/2026","12/2028","2250","USD","0.08"
"NYM","NGL/PETROCHEMICALS","MT BELVIEU LDH ISO-BUTANE(OPIS) FUT","MBL","01/2026","01/2026","1774","USD","0.08"
"NYM","NGL/PETROCHEMICALS","MT BELVIEU LDH ISO-BUTANE(OPIS) FUT","MBL","02/2026","02/2026","4500","USD","0.08"
"NYM","NGL/PETROCHEMICALS","MT BELVIEU LDH ISO-BUTANE(OPIS) FUT","MBL","03/2026","12/2029","4000","USD","0.08"
"NYM","NGL/PETROCHEMICALS","MT BELVIEU ETHYLENE(OPIS PCW) FIN","MBN","01/2026","01/2026","958","USD","0.08"
"NYM","NGL/PETROCHEMICALS","MT BELVIEU ETHYLENE(OPIS PCW) FIN","MBN","02/2026","12/2028","2200","USD","0.08"
"NYM","NGL/PETROCHEMICALS","MT BELVIEU NORMAL BUTANE LDH(OPIS)","MNB","01/2026","01/2026","1774","USD","0.08"
"NYM","NGL/PETROCHEMICALS","MT BELVIEU NORMAL BUTANE LDH(OPIS)","MNB","02/2026","02/2026","4700","USD","0.08"
"NYM","NGL/PETROCHEMICALS","MT BELVIEU NORMAL BUTANE LDH(OPIS)","MNB","03/2026","12/2030","4500","USD","0.08"
"NYM","NGL/PETROCHEMICALS","MINI EURO PROPANE CIF ARA ARGUS FUT","MPS","01/2026","01/2026","8250","USD","20.000%"
"NYM","NGL/PETROCHEMICALS","MINI EURO PROPANE CIF ARA ARGUS FUT","MPS","02/2026","02/2026","32000","USD","20.000%"
"NYM","NGL/PETROCHEMICALS","MINI EURO PROPANE CIF ARA ARGUS FUT","MPS","03/2026","04/2026","28000","USD","20.000%"
"NYM","NGL/PETROCHEMICALS","MINI EURO PROPANE CIF ARA ARGUS FUT","MPS","05/2026","07/2026","27000","USD","20.000%"
"NYM","NGL/PETROCHEMICALS","MINI EURO PROPANE CIF ARA ARGUS FUT","MPS","08/2026","12/2029","24000","USD","20.000%"
"NYM","NGL/PETROCHEMICALS","ETHYLENE CFR NE ASIA (ICIS) FUTURES","NA2","01/2026","12/2028","5500","USD","25.000%"
"NYM","NGL/PETROCHEMICALS","PROPYLENE CFR NE ASIA (ICIS) FUTURE","NA3","01/2026","12/2028","5000","USD","25.000%"
"NYM","NGL/PETROCHEMICALS","PGP POLYMER GRD PROPYLENE CAL FUT","PGP","01/2026","12/2028","4500","USD","0.08"
"NYM","NGL/PETROCHEMICALS","MONT BELVIEU LDH PROPANE (OPIS) VS.","PMF","01/2026","01/2026","11059","USD","25.000%"
"NYM","NGL/PETROCHEMICALS","MONT BELVIEU LDH PROPANE (OPIS) VS.","PMF","02/2026","02/2026","25130","USD","25.000%"
"NYM","NGL/PETROCHEMICALS","MONT BELVIEU LDH PROPANE (OPIS) VS.","PMF","03/2026","03/2026","22300","USD","25.000%"
"NYM","NGL/PETROCHEMICALS","MONT BELVIEU LDH PROPANE (OPIS) VS.","PMF","04/2026","04/2026","20530","USD","25.000%"
"NYM","NGL/PETROCHEMICALS","MONT BELVIEU LDH PROPANE (OPIS) VS.","PMF","05/2026","05/2026","19500","USD","25.000%"
"NYM","NGL/PETROCHEMICALS","MONT BELVIEU LDH PROPANE (OPIS) VS.","PMF","06/2026","06/2026","19210","USD","25.000%"
"NYM","NGL/PETROCHEMICALS","MONT BELVIEU LDH PROPANE (OPIS) VS.","PMF","07/2026","07/2026","18920","USD","25.000%"
"NYM","NGL/PETROCHEMICALS","MONT BELVIEU LDH PROPANE (OPIS) VS.","PMF","08/2026","08/2026","18180","USD","25.000%"
"NYM","NGL/PETROCHEMICALS","MONT BELVIEU LDH PROPANE (OPIS) VS.","PMF","09/2026","04/2027","17890","USD","25.000%"
"NYM","NGL/PETROCHEMICALS","MONT BELVIEU LDH PROPANE (OPIS) VS.","PMF","05/2027","12/2029","17310","USD","25.000%"
"NYM","NGL/PETROCHEMICALS","MONT BELVIEU LDH PROPANE (OPIS) VS.","PMF","01/2030","01/2030","37880","USD","25.000%"
"NYM","NGL/PETROCHEMICALS","MONT BELVIEU NON-LDH PROP (OPIS) V","PNF","01/2026","01/2026","10675","USD","25.000%"
"NYM","NGL/PETROCHEMICALS","MONT BELVIEU NON-LDH PROP (OPIS) V","PNF","02/2026","02/2026","14290","USD","25.000%"
"NYM","NGL/PETROCHEMICALS","MONT BELVIEU NON-LDH PROP (OPIS) V","PNF","03/2026","03/2026","12700","USD","25.000%"
"NYM","NGL/PETROCHEMICALS","MONT BELVIEU NON-LDH PROP (OPIS) V","PNF","04/2026","04/2026","11690","USD","25.000%"
"NYM","NGL/PETROCHEMICALS","MONT BELVIEU NON-LDH PROP (OPIS) V","PNF","05/2026","07/2026","11440","USD","25.000%"
"NYM","NGL/PETROCHEMICALS","MONT BELVIEU NON-LDH PROP (OPIS) V","PNF","08/2026","09/2026","11190","USD","25.000%"
"NYM","NGL/PETROCHEMICALS","MONT BELVIEU NON-LDH PROP (OPIS) V","PNF","10/2026","06/2027","10170","USD","25.000%"
"NYM","NGL/PETROCHEMICALS","MONT BELVIEU NON-LDH PROP (OPIS) V","PNF","07/2027","12/2029","9830","USD","25.000%"
"NYM","NGL/PETROCHEMICALS","MONT BELVIEU NON-LDH PROP (OPIS) V","PNF","01/2030","01/2030","23000","USD","25.000%"
"NYM","NGL/PETROCHEMICALS","PP POLYPROPYLENE(PCW) CAL FUT","PPP","01/2026","01/2026","1241","USD","0.08"
"NYM","NGL/PETROCHEMICALS","PP POLYPROPYLENE(PCW) CAL FUT","PPP","02/2026","12/2028","3000","USD","0.08"
"NYM","NGL/PETROCHEMICALS","PP (PCW) BALMO FUT","PPW","01/02/2026","01/30/2026","1787","USD","0.08"
"NYM","NGL/PETROCHEMICALS","PP (PCW) BALMO FUT","PPW","02/02/2026","02/27/2026","3000","USD","0.08"
"NYM","NGL/PETROCHEMICALS","EURO PROPANE CIF ARA  FUT","PS","01/2026","01/2026","8250","USD","20.000%"
"NYM","NGL/PETROCHEMICALS","EURO PROPANE CIF ARA  FUT","PS","02/2026","02/2026","32000","USD","20.000%"
"NYM","NGL/PETROCHEMICALS","EURO PROPANE CIF ARA  FUT","PS","03/2026","04/2026","28000","USD","20.000%"
"NYM","NGL/PETROCHEMICALS","EURO PROPANE CIF ARA  FUT","PS","05/2026","07/2026","27000","USD","20.000%"
"NYM","NGL/PETROCHEMICALS","EURO PROPANE CIF ARA  FUT","PS","08/2026","12/2029","24000","USD","20.000%"
"NYM","NGL/PETROCHEMICALS","MT BELIVIEU NAT GASOLINE BALMO","R0","01/02/2026","01/02/2026","950","USD","0.025"
"NYM","NGL/PETROCHEMICALS","MT BELIVIEU NAT GASOLINE BALMO","R0","01/05/2026","01/05/2026","1000","USD","0.025"
"NYM","NGL/PETROCHEMICALS","MT BELIVIEU NAT GASOLINE BALMO","R0","01/06/2026","01/06/2026","1055","USD","0.025"
"NYM","NGL/PETROCHEMICALS","MT BELIVIEU NAT GASOLINE BALMO","R0","01/07/2026","01/07/2026","1117","USD","0.025"
"NYM","NGL/PETROCHEMICALS","MT BELIVIEU NAT GASOLINE BALMO","R0","01/08/2026","01/08/2026","1187","USD","0.025"
"NYM","NGL/PETROCHEMICALS","MT BELIVIEU NAT GASOLINE BALMO","R0","01/09/2026","01/09/2026","1266","USD","0.025"
"NYM","NGL/PETROCHEMICALS","MT BELIVIEU NAT GASOLINE BALMO","R0","01/12/2026","01/12/2026","1356","USD","0.025"
"NYM","NGL/PETROCHEMICALS","MT BELIVIEU NAT GASOLINE BALMO","R0","01/13/2026","01/13/2026","1461","USD","0.025"
"NYM","NGL/PETROCHEMICALS","MT BELIVIEU NAT GASOLINE BALMO","R0","01/14/2026","01/14/2026","1583","USD","0.025"
"NYM","NGL/PETROCHEMICALS","MT BELIVIEU NAT GASOLINE BALMO","R0","01/15/2026","01/15/2026","1727","USD","0.025"
"NYM","NGL/PETROCHEMICALS","MT BELIVIEU NAT GASOLINE BALMO","R0","01/16/2026","01/16/2026","1900","USD","0.025"
"NYM","NGL/PETROCHEMICALS","MT BELIVIEU NAT GASOLINE BALMO","R0","01/20/2026","01/20/2026","2111","USD","0.025"
"NYM","NGL/PETROCHEMICALS","MT BELIVIEU NAT GASOLINE BALMO","R0","01/21/2026","01/21/2026","2375","USD","0.025"
"NYM","NGL/PETROCHEMICALS","MT BELIVIEU NAT GASOLINE BALMO","R0","01/22/2026","01/22/2026","2714","USD","0.025"
"NYM","NGL/PETROCHEMICALS","MT BELIVIEU NAT GASOLINE BALMO","R0","01/23/2026","01/23/2026","3166","USD","0.025"
"NYM","NGL/PETROCHEMICALS","MT BELIVIEU NAT GASOLINE BALMO","R0","01/26/2026","01/30/2026","3800","USD","0.025"
"NYM","NGL/PETROCHEMICALS","MT BELIVIEU NAT GASOLINE BALMO","R0","02/02/2026","02/27/2026","3700","USD","0.025"
"NYM","NGL/PETROCHEMICALS","SYNTHETIC PROPANE NON LDH MT BELVI","S1R","01/2026","01/2026","1900","USD","25.000%"
"NYM","NGL/PETROCHEMICALS","SYNTHETIC PROPANE NON LDH MT BELVI","S1R","02/2026","02/2026","1850","USD","25.000%"
"NYM","NGL/PETROCHEMICALS","SYNTHETIC PROPANE NON LDH MT BELVI","S1R","03/2026","03/2026","1750","USD","25.000%"
"NYM","NGL/PETROCHEMICALS","SYNTHETIC PROPANE NON LDH MT BELVI","S1R","04/2026","09/2026","1600","USD","25.000%"
"NYM","NGL/PETROCHEMICALS","SYNTHETIC PROPANE NON LDH MT BELVI","S1R","10/2026","06/2027","1300","USD","25.000%"
"NYM","NGL/PETROCHEMICALS","SYNTHETIC PROPANE NON LDH MT BELVI","S1R","07/2027","12/2029","1200","USD","25.000%"
"NYM","NGL/PETROCHEMICALS","SYNT MT BELVIEU NAT GAS 5 D. OPI","S7Q","01/2026","01/2026","3800","USD","0.06"
"NYM","NGL/PETROCHEMICALS","SYNT MT BELVIEU NAT GAS 5 D. OPI","S7Q","02/2026","02/2026","3700","USD","0.03"
"NYM","NGL/PETROCHEMICALS","SYNT MT BELVIEU NAT GAS 5 D. OPI","S7Q","03/2026","12/2029","3200","USD","0.03"
"NYM","NGL/PETROCHEMICALS","SYNTHETIC PROPANE 5 DECIMAL","SB0","01/2026","01/2026","1900","USD","45.000%"
"NYM","NGL/PETROCHEMICALS","SYNTHETIC PROPANE 5 DECIMAL","SB0","02/2026","02/2026","1850","USD","30.000%"
"NYM","NGL/PETROCHEMICALS","SYNTHETIC PROPANE 5 DECIMAL","SB0","03/2026","03/2026","1750","USD","30.000%"
"NYM","NGL/PETROCHEMICALS","SYNTHETIC PROPANE 5 DECIMAL","SB0","04/2026","04/2026","1600","USD","30.000%"
"NYM","NGL/PETROCHEMICALS","SYNTHETIC PROPANE 5 DECIMAL","SB0","05/2026","05/2026","1500","USD","30.000%"
"NYM","NGL/PETROCHEMICALS","SYNTHETIC PROPANE 5 DECIMAL","SB0","06/2026","06/2026","1450","USD","30.000%"
"NYM","NGL/PETROCHEMICALS","SYNTHETIC PROPANE 5 DECIMAL","SB0","07/2026","07/2026","1400","USD","30.000%"
"NYM","NGL/PETROCHEMICALS","SYNTHETIC PROPANE 5 DECIMAL","SB0","08/2026","08/2026","1350","USD","30.000%"
"NYM","NGL/PETROCHEMICALS","SYNTHETIC PROPANE 5 DECIMAL","SB0","09/2026","04/2027","1300","USD","30.000%"
"NYM","NGL/PETROCHEMICALS","SYNTHETIC PROPANE 5 DECIMAL","SB0","05/2027","12/2030","1200","USD","30.000%"
"NYM","NGL/PETROCHEMICALS","SYNTHETIC ETHANE 5 DECIMAL","SC0","01/2026","01/2026","1050","USD","38.000%"
"NYM","NGL/PETROCHEMICALS","SYNTHETIC ETHANE 5 DECIMAL","SC0","02/2026","02/2026","1050","USD","28.000%"
"NYM","NGL/PETROCHEMICALS","SYNTHETIC ETHANE 5 DECIMAL","SC0","03/2026","03/2026","950","USD","28.000%"
"NYM","NGL/PETROCHEMICALS","SYNTHETIC ETHANE 5 DECIMAL","SC0","04/2026","04/2026","900","USD","22.000%"
"NYM","NGL/PETROCHEMICALS","SYNTHETIC ETHANE 5 DECIMAL","SC0","05/2026","05/2026","850","USD","22.000%"
"NYM","NGL/PETROCHEMICALS","SYNTHETIC ETHANE 5 DECIMAL","SC0","06/2026","06/2026","750","USD","22.000%"
"NYM","NGL/PETROCHEMICALS","SYNTHETIC ETHANE 5 DECIMAL","SC0","07/2026","08/2026","700","USD","22.000%"
"NYM","NGL/PETROCHEMICALS","SYNTHETIC ETHANE 5 DECIMAL","SC0","09/2026","10/2026","550","USD","22.000%"
"NYM","NGL/PETROCHEMICALS","SYNTHETIC ETHANE 5 DECIMAL","SC0","11/2026","12/2026","500","USD","22.000%"
"NYM","NGL/PETROCHEMICALS","SYNTHETIC ETHANE 5 DECIMAL","SC0","01/2027","12/2030","500","USD","15.000%"
"NYM","NGL/PETROCHEMICALS","SYNTHETIC BUTANE 5 DECIMAL","SD0","01/2026","01/2026","2200","USD","35.000%"
"NYM","NGL/PETROCHEMICALS","SYNTHETIC BUTANE 5 DECIMAL","SD0","02/2026","02/2026","2100","USD","25.000%"
"NYM","NGL/PETROCHEMICALS","SYNTHETIC BUTANE 5 DECIMAL","SD0","03/2026","03/2026","2000","USD","25.000%"
"NYM","NGL/PETROCHEMICALS","SYNTHETIC BUTANE 5 DECIMAL","SD0","04/2026","04/2026","1900","USD","25.000%"
"NYM","NGL/PETROCHEMICALS","SYNTHETIC BUTANE 5 DECIMAL","SD0","05/2026","06/2026","1800","USD","25.000%"
"NYM","NGL/PETROCHEMICALS","SYNTHETIC BUTANE 5 DECIMAL","SD0","07/2026","07/2026","1700","USD","20.000%"
"NYM","NGL/PETROCHEMICALS","SYNTHETIC BUTANE 5 DECIMAL","SD0","08/2026","09/2026","1600","USD","20.000%"
"NYM","NGL/PETROCHEMICALS","SYNTHETIC BUTANE 5 DECIMAL","SD0","10/2026","11/2026","1500","USD","20.000%"
"NYM","NGL/PETROCHEMICALS","SYNTHETIC BUTANE 5 DECIMAL","SD0","12/2026","01/2027","1400","USD","20.000%"
"NYM","NGL/PETROCHEMICALS","SYNTHETIC BUTANE 5 DECIMAL","SD0","02/2027","12/2030","1300","USD","20.000%"
"NYM","NGL/PETROCHEMICALS","MNT BLVU NRML BUT(OPIS) VS EURO FUT","TEF","01/2026","01/2026","17741","USD","25.000%"
"NYM","NGL/PETROCHEMICALS","MNT BLVU NRML BUT(OPIS) VS EURO FUT","TEF","02/2026","02/2026","50000","USD","25.000%"
"NYM","NGL/PETROCHEMICALS","MNT BLVU NRML BUT(OPIS) VS EURO FUT","TEF","03/2026","12/2029","35000","USD","25.000%"
"NYM","PETROLEUM CRACKS AND SPREADS","RBOB CRACK SPREAD BALMO FUT","1E","01/02/2026","01/02/2026","829","USD","0.05"
"NYM","PETROLEUM CRACKS AND SPREADS","RBOB CRACK SPREAD BALMO FUT","1E","01/05/2026","01/05/2026","873","USD","0.05"
"NYM","PETROLEUM CRACKS AND SPREADS","RBOB CRACK SPREAD BALMO FUT","1E","01/06/2026","01/06/2026","921","USD","0.05"
"NYM","PETROLEUM CRACKS AND SPREADS","RBOB CRACK SPREAD BALMO FUT","1E","01/07/2026","01/07/2026","975","USD","0.05"
"NYM","PETROLEUM CRACKS AND SPREADS","RBOB CRACK SPREAD BALMO FUT","1E","01/08/2026","01/08/2026","1036","USD","0.05"
"NYM","PETROLEUM CRACKS AND SPREADS","RBOB CRACK SPREAD BALMO FUT","1E","01/09/2026","01/09/2026","1105","USD","0.05"
"NYM","PETROLEUM CRACKS AND SPREADS","RBOB CRACK SPREAD BALMO FUT","1E","01/12/2026","01/12/2026","1184","USD","0.05"
"NYM","PETROLEUM CRACKS AND SPREADS","RBOB CRACK SPREAD BALMO FUT","1E","01/13/2026","01/13/2026","1275","USD","0.05"
"NYM","PETROLEUM CRACKS AND SPREADS","RBOB CRACK SPREAD BALMO FUT","1E","01/14/2026","01/14/2026","1382","USD","0.05"
"NYM","PETROLEUM CRACKS AND SPREADS","RBOB CRACK SPREAD BALMO FUT","1E","01/15/2026","01/15/2026","1507","USD","0.05"
"NYM","PETROLEUM CRACKS AND SPREADS","RBOB CRACK SPREAD BALMO FUT","1E","01/16/2026","01/16/2026","1658","USD","0.05"
"NYM","PETROLEUM CRACKS AND SPREADS","RBOB CRACK SPREAD BALMO FUT","1E","01/20/2026","01/20/2026","1842","USD","0.05"
"NYM","PETROLEUM CRACKS AND SPREADS","RBOB CRACK SPREAD BALMO FUT","1E","01/21/2026","01/21/2026","2073","USD","0.05"
"NYM","PETROLEUM CRACKS AND SPREADS","RBOB CRACK SPREAD BALMO FUT","1E","01/22/2026","01/22/2026","2369","USD","0.05"
"NYM","PETROLEUM CRACKS AND SPREADS","RBOB CRACK SPREAD BALMO FUT","1E","01/23/2026","01/23/2026","2764","USD","0.05"
"NYM","PETROLEUM CRACKS AND SPREADS","RBOB CRACK SPREAD BALMO FUT","1E","01/26/2026","01/30/2026","3317","USD","0.05"
"NYM","PETROLEUM CRACKS AND SPREADS","RBOB CRACK SPREAD BALMO FUT","1E","02/02/2026","02/02/2026","2890","USD","0.05"
"NYM","PETROLEUM CRACKS AND SPREADS","RBOB CRACK SPREAD BALMO FUT","1E","02/03/2026","02/03/2026","2886","USD","0.05"
"NYM","PETROLEUM CRACKS AND SPREADS","RBOB CRACK SPREAD BALMO FUT","1E","02/04/2026","02/04/2026","2882","USD","0.05"
"NYM","PETROLEUM CRACKS AND SPREADS","RBOB CRACK SPREAD BALMO FUT","1E","02/05/2026","02/05/2026","2877","USD","0.05"
"NYM","PETROLEUM CRACKS AND SPREADS","RBOB CRACK SPREAD BALMO FUT","1E","02/06/2026","02/06/2026","2872","USD","0.05"
"NYM","PETROLEUM CRACKS AND SPREADS","RBOB CRACK SPREAD BALMO FUT","1E","02/09/2026","02/09/2026","2865","USD","0.05"
"NYM","PETROLEUM CRACKS AND SPREADS","RBOB CRACK SPREAD BALMO FUT","1E","02/10/2026","02/10/2026","2858","USD","0.05"
"NYM","PETROLEUM CRACKS AND SPREADS","RBOB CRACK SPREAD BALMO FUT","1E","02/11/2026","02/11/2026","2850","USD","0.05"
"NYM","PETROLEUM CRACKS AND SPREADS","RBOB CRACK SPREAD BALMO FUT","1E","02/12/2026","02/12/2026","2840","USD","0.05"
"NYM","PETROLEUM CRACKS AND SPREADS","RBOB CRACK SPREAD BALMO FUT","1E","02/13/2026","02/13/2026","2829","USD","0.05"
"NYM","PETROLEUM CRACKS AND SPREADS","RBOB CRACK SPREAD BALMO FUT","1E","02/17/2026","02/17/2026","2814","USD","0.05"
"NYM","PETROLEUM CRACKS AND SPREADS","RBOB CRACK SPREAD BALMO FUT","1E","02/18/2026","02/18/2026","2796","USD","0.05"
"NYM","PETROLEUM CRACKS AND SPREADS","RBOB CRACK SPREAD BALMO FUT","1E","02/19/2026","02/19/2026","2773","USD","0.05"
"NYM","PETROLEUM CRACKS AND SPREADS","RBOB CRACK SPREAD BALMO FUT","1E","02/20/2026","02/20/2026","2743","USD","0.05"
"NYM","PETROLEUM CRACKS AND SPREADS","RBOB CRACK SPREAD BALMO FUT","1E","02/23/2026","02/27/2026","2700","USD","0.05"
"NYM","PETROLEUM CRACKS AND SPREADS","NY HRBR ULSD CRK SPRD BALMO FUT","1H","01/02/2026","01/02/2026","1140","USD","0.05"
"NYM","PETROLEUM CRACKS AND SPREADS","NY HRBR ULSD CRK SPRD BALMO FUT","1H","01/05/2026","01/05/2026","1200","USD","0.05"
"NYM","PETROLEUM CRACKS AND SPREADS","NY HRBR ULSD CRK SPRD BALMO FUT","1H","01/06/2026","01/06/2026","1266","USD","0.05"
"NYM","PETROLEUM CRACKS AND SPREADS","NY HRBR ULSD CRK SPRD BALMO FUT","1H","01/07/2026","01/07/2026","1340","USD","0.05"
"NYM","PETROLEUM CRACKS AND SPREADS","NY HRBR ULSD CRK SPRD BALMO FUT","1H","01/08/2026","01/08/2026","1425","USD","0.05"
"NYM","PETROLEUM CRACKS AND SPREADS","NY HRBR ULSD CRK SPRD BALMO FUT","1H","01/09/2026","01/09/2026","1519","USD","0.05"
"NYM","PETROLEUM CRACKS AND SPREADS","NY HRBR ULSD CRK SPRD BALMO FUT","1H","01/12/2026","01/12/2026","1628","USD","0.05"
"NYM","PETROLEUM CRACKS AND SPREADS","NY HRBR ULSD CRK SPRD BALMO FUT","1H","01/13/2026","01/13/2026","1753","USD","0.05"
"NYM","PETROLEUM CRACKS AND SPREADS","NY HRBR ULSD CRK SPRD BALMO FUT","1H","01/14/2026","01/14/2026","1900","USD","0.05"
"NYM","PETROLEUM CRACKS AND SPREADS","NY HRBR ULSD CRK SPRD BALMO FUT","1H","01/15/2026","01/15/2026","2072","USD","0.05"
"NYM","PETROLEUM CRACKS AND SPREADS","NY HRBR ULSD CRK SPRD BALMO FUT","1H","01/16/2026","01/16/2026","2280","USD","0.05"
"NYM","PETROLEUM CRACKS AND SPREADS","NY HRBR ULSD CRK SPRD BALMO FUT","1H","01/20/2026","01/20/2026","2533","USD","0.05"
"NYM","PETROLEUM CRACKS AND SPREADS","NY HRBR ULSD CRK SPRD BALMO FUT","1H","01/21/2026","01/21/2026","2850","USD","0.05"
"NYM","PETROLEUM CRACKS AND SPREADS","NY HRBR ULSD CRK SPRD BALMO FUT","1H","01/22/2026","01/22/2026","3257","USD","0.05"
"NYM","PETROLEUM CRACKS AND SPREADS","NY HRBR ULSD CRK SPRD BALMO FUT","1H","01/23/2026","01/23/2026","3799","USD","0.05"
"NYM","PETROLEUM CRACKS AND SPREADS","NY HRBR ULSD CRK SPRD BALMO FUT","1H","01/26/2026","01/30/2026","4560","USD","0.05"
"NYM","PETROLEUM CRACKS AND SPREADS","NY HRBR ULSD CRK SPRD BALMO FUT","1H","02/02/2026","02/02/2026","4337","USD","0.05"
"NYM","PETROLEUM CRACKS AND SPREADS","NY HRBR ULSD CRK SPRD BALMO FUT","1H","02/03/2026","02/03/2026","4337","USD","0.05"
"NYM","PETROLEUM CRACKS AND SPREADS","NY HRBR ULSD CRK SPRD BALMO FUT","1H","02/04/2026","02/04/2026","4338","USD","0.05"
"NYM","PETROLEUM CRACKS AND SPREADS","NY HRBR ULSD CRK SPRD BALMO FUT","1H","02/05/2026","02/05/2026","4338","USD","0.05"
"NYM","PETROLEUM CRACKS AND SPREADS","NY HRBR ULSD CRK SPRD BALMO FUT","1H","02/06/2026","02/06/2026","4339","USD","0.05"
"NYM","PETROLEUM CRACKS AND SPREADS","NY HRBR ULSD CRK SPRD BALMO FUT","1H","02/09/2026","02/09/2026","4340","USD","0.05"
"NYM","PETROLEUM CRACKS AND SPREADS","NY HRBR ULSD CRK SPRD BALMO FUT","1H","02/10/2026","02/10/2026","4340","USD","0.05"
"NYM","PETROLEUM CRACKS AND SPREADS","NY HRBR ULSD CRK SPRD BALMO FUT","1H","02/11/2026","02/11/2026","4341","USD","0.05"
"NYM","PETROLEUM CRACKS AND SPREADS","NY HRBR ULSD CRK SPRD BALMO FUT","1H","02/12/2026","02/12/2026","4343","USD","0.05"
"NYM","PETROLEUM CRACKS AND SPREADS","NY HRBR ULSD CRK SPRD BALMO FUT","1H","02/13/2026","02/13/2026","4344","USD","0.05"
"NYM","PETROLEUM CRACKS AND SPREADS","NY HRBR ULSD CRK SPRD BALMO FUT","1H","02/17/2026","02/17/2026","4346","USD","0.05"
"NYM","PETROLEUM CRACKS AND SPREADS","NY HRBR ULSD CRK SPRD BALMO FUT","1H","02/18/2026","02/18/2026","4348","USD","0.05"
"NYM","PETROLEUM CRACKS AND SPREADS","NY HRBR ULSD CRK SPRD BALMO FUT","1H","02/19/2026","02/19/2026","4351","USD","0.05"
"NYM","PETROLEUM CRACKS AND SPREADS","NY HRBR ULSD CRK SPRD BALMO FUT","1H","02/20/2026","02/20/2026","4354","USD","0.05"
"NYM","PETROLEUM CRACKS AND SPREADS","NY HRBR ULSD CRK SPRD BALMO FUT","1H","02/23/2026","02/27/2026","4360","USD","0.05"
"NYM","PETROLEUM CRACKS AND SPREADS","GLFCST ULSD PLATTS BALMO FUT","1L","01/02/2026","01/02/2026","98","USD","0.05"
"NYM","PETROLEUM CRACKS AND SPREADS","GLFCST ULSD PLATTS BALMO FUT","1L","01/05/2026","01/05/2026","103","USD","0.05"
"NYM","PETROLEUM CRACKS AND SPREADS","GLFCST ULSD PLATTS BALMO FUT","1L","01/06/2026","01/06/2026","109","USD","0.05"
"NYM","PETROLEUM CRACKS AND SPREADS","GLFCST ULSD PLATTS BALMO FUT","1L","01/07/2026","01/07/2026","115","USD","0.05"
"NYM","PETROLEUM CRACKS AND SPREADS","GLFCST ULSD PLATTS BALMO FUT","1L","01/08/2026","01/08/2026","123","USD","0.05"
"NYM","PETROLEUM CRACKS AND SPREADS","GLFCST ULSD PLATTS BALMO FUT","1L","01/09/2026","01/09/2026","131","USD","0.05"
"NYM","PETROLEUM CRACKS AND SPREADS","GLFCST ULSD PLATTS BALMO FUT","1L","01/12/2026","01/12/2026","140","USD","0.05"
"NYM","PETROLEUM CRACKS AND SPREADS","GLFCST ULSD PLATTS BALMO FUT","1L","01/13/2026","01/13/2026","151","USD","0.05"
"NYM","PETROLEUM CRACKS AND SPREADS","GLFCST ULSD PLATTS BALMO FUT","1L","01/14/2026","01/14/2026","164","USD","0.05"
"NYM","PETROLEUM CRACKS AND SPREADS","GLFCST ULSD PLATTS BALMO FUT","1L","01/15/2026","01/15/2026","179","USD","0.05"
"NYM","PETROLEUM CRACKS AND SPREADS","GLFCST ULSD PLATTS BALMO FUT","1L","01/16/2026","01/16/2026","197","USD","0.05"
"NYM","PETROLEUM CRACKS AND SPREADS","GLFCST ULSD PLATTS BALMO FUT","1L","01/19/2026","01/20/2026","219","USD","0.05"
"NYM","PETROLEUM CRACKS AND SPREADS","GLFCST ULSD PLATTS BALMO FUT","1L","01/21/2026","01/21/2026","246","USD","0.05"
"NYM","PETROLEUM CRACKS AND SPREADS","GLFCST ULSD PLATTS BALMO FUT","1L","01/22/2026","01/22/2026","281","USD","0.05"
"NYM","PETROLEUM CRACKS AND SPREADS","GLFCST ULSD PLATTS BALMO FUT","1L","01/23/2026","01/23/2026","328","USD","0.05"
"NYM","PETROLEUM CRACKS AND SPREADS","GLFCST ULSD PLATTS BALMO FUT","1L","01/26/2026","01/30/2026","394","USD","0.05"
"NYM","PETROLEUM CRACKS AND SPREADS","GLFCST ULSD PLATTS BALMO FUT","1L","02/02/2026","02/27/2026","380","USD","0.05"
"NYM","PETROLEUM CRACKS AND SPREADS","GLFCST JET PLATTS BALMO FUT","1M","01/02/2026","01/02/2026","719","USD","0.05"
"NYM","PETROLEUM CRACKS AND SPREADS","GLFCST JET PLATTS BALMO FUT","1M","01/05/2026","01/05/2026","757","USD","0.05"
"NYM","PETROLEUM CRACKS AND SPREADS","GLFCST JET PLATTS BALMO FUT","1M","01/06/2026","01/06/2026","799","USD","0.05"
"NYM","PETROLEUM CRACKS AND SPREADS","GLFCST JET PLATTS BALMO FUT","1M","01/07/2026","01/07/2026","845","USD","0.05"
"NYM","PETROLEUM CRACKS AND SPREADS","GLFCST JET PLATTS BALMO FUT","1M","01/08/2026","01/08/2026","899","USD","0.05"
"NYM","PETROLEUM CRACKS AND SPREADS","GLFCST JET PLATTS BALMO FUT","1M","01/09/2026","01/09/2026","958","USD","0.05"
"NYM","PETROLEUM CRACKS AND SPREADS","GLFCST JET PLATTS BALMO FUT","1M","01/12/2026","01/12/2026","1027","USD","0.05"
"NYM","PETROLEUM CRACKS AND SPREADS","GLFCST JET PLATTS BALMO FUT","1M","01/13/2026","01/13/2026","1106","USD","0.05"
"NYM","PETROLEUM CRACKS AND SPREADS","GLFCST JET PLATTS BALMO FUT","1M","01/14/2026","01/14/2026","1198","USD","0.05"
"NYM","PETROLEUM CRACKS AND SPREADS","GLFCST JET PLATTS BALMO FUT","1M","01/15/2026","01/15/2026","1307","USD","0.05"
"NYM","PETROLEUM CRACKS AND SPREADS","GLFCST JET PLATTS BALMO FUT","1M","01/16/2026","01/16/2026","1438","USD","0.05"
"NYM","PETROLEUM CRACKS AND SPREADS","GLFCST JET PLATTS BALMO FUT","1M","01/19/2026","01/20/2026","1598","USD","0.05"
"NYM","PETROLEUM CRACKS AND SPREADS","GLFCST JET PLATTS BALMO FUT","1M","01/21/2026","01/21/2026","1798","USD","0.05"
"NYM","PETROLEUM CRACKS AND SPREADS","GLFCST JET PLATTS BALMO FUT","1M","01/22/2026","01/22/2026","2055","USD","0.05"
"NYM","PETROLEUM CRACKS AND SPREADS","GLFCST JET PLATTS BALMO FUT","1M","01/23/2026","01/23/2026","2397","USD","0.05"
"NYM","PETROLEUM CRACKS AND SPREADS","GLFCST JET PLATTS BALMO FUT","1M","01/26/2026","01/30/2026","2877","USD","0.05"
"NYM","PETROLEUM CRACKS AND SPREADS","GLFCST JET PLATTS BALMO FUT","1M","02/02/2026","02/27/2026","1419","USD","0.05"
"NYM","PETROLEUM CRACKS AND SPREADS","SPORE MOGAS92 UNLD BRENT SPRD FUT","1NB","01/2026","01/2026","1572","USD","0.08"
"NYM","PETROLEUM CRACKS AND SPREADS","SPORE MOGAS92 UNLD BRENT SPRD FUT","1NB","02/2026","02/2026","2315","USD","8.000%"
"NYM","PETROLEUM CRACKS AND SPREADS","SPORE MOGAS92 UNLD BRENT SPRD FUT","1NB","03/2026","03/2026","1939","USD","0.08"
"NYM","PETROLEUM CRACKS AND SPREADS","SPORE MOGAS92 UNLD BRENT SPRD FUT","1NB","04/2026","04/2026","1918","USD","0.08"
"NYM","PETROLEUM CRACKS AND SPREADS","SPORE MOGAS92 UNLD BRENT SPRD FUT","1NB","05/2026","05/2026","1889","USD","0.08"
"NYM","PETROLEUM CRACKS AND SPREADS","SPORE MOGAS92 UNLD BRENT SPRD FUT","1NB","06/2026","06/2026","1877","USD","0.08"
"NYM","PETROLEUM CRACKS AND SPREADS","SPORE MOGAS92 UNLD BRENT SPRD FUT","1NB","07/2026","07/2026","2034","USD","0.08"
"NYM","PETROLEUM CRACKS AND SPREADS","SPORE MOGAS92 UNLD BRENT SPRD FUT","1NB","08/2026","08/2026","1553","USD","0.08"
"NYM","PETROLEUM CRACKS AND SPREADS","SPORE MOGAS92 UNLD BRENT SPRD FUT","1NB","09/2026","09/2026","1554","USD","0.08"
"NYM","PETROLEUM CRACKS AND SPREADS","SPORE MOGAS92 UNLD BRENT SPRD FUT","1NB","10/2026","10/2026","1878","USD","0.08"
"NYM","PETROLEUM CRACKS AND SPREADS","SPORE MOGAS92 UNLD BRENT SPRD FUT","1NB","11/2026","11/2026","1495","USD","0.08"
"NYM","PETROLEUM CRACKS AND SPREADS","SPORE MOGAS92 UNLD BRENT SPRD FUT","1NB","12/2026","12/2026","1502","USD","0.08"
"NYM","PETROLEUM CRACKS AND SPREADS","SPORE MOGAS92 UNLD BRENT SPRD FUT","1NB","01/2027","01/2027","1651","USD","0.08"
"NYM","PETROLEUM CRACKS AND SPREADS","SPORE MOGAS92 UNLD BRENT SPRD FUT","1NB","02/2027","02/2027","1633","USD","0.08"
"NYM","PETROLEUM CRACKS AND SPREADS","SPORE MOGAS92 UNLD BRENT SPRD FUT","1NB","03/2027","03/2027","1624","USD","0.08"
"NYM","PETROLEUM CRACKS AND SPREADS","SPORE MOGAS92 UNLD BRENT SPRD FUT","1NB","04/2027","04/2027","1614","USD","0.08"
"NYM","PETROLEUM CRACKS AND SPREADS","SPORE MOGAS92 UNLD BRENT SPRD FUT","1NB","05/2027","05/2027","1605","USD","0.08"
"NYM","PETROLEUM CRACKS AND SPREADS","SPORE MOGAS92 UNLD BRENT SPRD FUT","1NB","06/2027","06/2027","1611","USD","0.08"
"NYM","PETROLEUM CRACKS AND SPREADS","SPORE MOGAS92 UNLD BRENT SPRD FUT","1NB","07/2027","07/2027","1909","USD","0.08"
"NYM","PETROLEUM CRACKS AND SPREADS","SPORE MOGAS92 UNLD BRENT SPRD FUT","1NB","08/2027","08/2027","1907","USD","0.08"
"NYM","PETROLEUM CRACKS AND SPREADS","SPORE MOGAS92 UNLD BRENT SPRD FUT","1NB","09/2027","09/2027","1896","USD","0.08"
"NYM","PETROLEUM CRACKS AND SPREADS","SPORE MOGAS92 UNLD BRENT SPRD FUT","1NB","10/2027","11/2027","1886","USD","0.08"
"NYM","PETROLEUM CRACKS AND SPREADS","SPORE MOGAS92 UNLD BRENT SPRD FUT","1NB","12/2027","12/2027","1899","USD","0.08"
"NYM","PETROLEUM CRACKS AND SPREADS","SPORE MOGAS92 UNLD DUBAI SPRD FUT","1ND","01/2026","01/2026","1419","USD","0.08"
"NYM","PETROLEUM CRACKS AND SPREADS","SPORE MOGAS92 UNLD DUBAI SPRD FUT","1ND","02/2026","12/2026","4000","USD","0.08"
"NYM","PETROLEUM CRACKS AND SPREADS","JET AVIA FUEL(PLTT) FOB V. ICE","1V","01/2026","01/2026","5677","USD","0.025"
"NYM","PETROLEUM CRACKS AND SPREADS","JET AVIA FUEL(PLTT) FOB V. ICE","1V","02/2026","04/2026","12000","USD","0.025"
"NYM","PETROLEUM CRACKS AND SPREADS","JET AVIA FUEL(PLTT) FOB V. ICE","1V","05/2026","12/2028","10000","USD","0.025"
"NYM","PETROLEUM CRACKS AND SPREADS","1% FUEL OIL RDM VS 1% OIL NWE PLTS","33","01/2026","01/2026","2500","USD","0.07"
"NYM","PETROLEUM CRACKS AND SPREADS","1% FUEL OIL RDM VS 1% OIL NWE PLTS","33","02/2026","02/2026","1550","USD","0.07"
"NYM","PETROLEUM CRACKS AND SPREADS","1% FUEL OIL RDM VS 1% OIL NWE PLTS","33","03/2026","12/2028","1500","USD","0.07"
"NYM","PETROLEUM CRACKS AND SPREADS","CHICAGO UNL GAS PL VS RBOB SPR","3C","01/2026","01/2026","1525","USD","0.05"
"NYM","PETROLEUM CRACKS AND SPREADS","CHICAGO UNL GAS PL VS RBOB SPR","3C","02/2026","02/2026","4300","USD","0.05"
"NYM","PETROLEUM CRACKS AND SPREADS","CHICAGO UNL GAS PL VS RBOB SPR","3C","03/2026","12/2028","3250","USD","0.05"
"NYM","PETROLEUM CRACKS AND SPREADS","ARGUS PROPANE FAR EAST INDEX VS. JA","3NA","01/2026","01/2026","13684","USD","25.000%"
"NYM","PETROLEUM CRACKS AND SPREADS","ARGUS PROPANE FAR EAST INDEX VS. JA","3NA","02/2026","02/2026","25530","USD","25.000%"
"NYM","PETROLEUM CRACKS AND SPREADS","ARGUS PROPANE FAR EAST INDEX VS. JA","3NA","03/2026","03/2026","23680","USD","25.000%"
"NYM","PETROLEUM CRACKS AND SPREADS","ARGUS PROPANE FAR EAST INDEX VS. JA","3NA","04/2026","04/2026","22940","USD","25.000%"
"NYM","PETROLEUM CRACKS AND SPREADS","ARGUS PROPANE FAR EAST INDEX VS. JA","3NA","05/2026","06/2026","22570","USD","25.000%"
"NYM","PETROLEUM CRACKS AND SPREADS","ARGUS PROPANE FAR EAST INDEX VS. JA","3NA","07/2026","07/2026","22200","USD","25.000%"
"NYM","PETROLEUM CRACKS AND SPREADS","ARGUS PROPANE FAR EAST INDEX VS. JA","3NA","08/2026","12/2028","21830","USD","25.000%"
"NYM","PETROLEUM CRACKS AND SPREADS","ULSD 10P CRG CIF NW V ICE BL","3V","01/02/2026","01/30/2026","4169","USD","0.025"
"NYM","PETROLEUM CRACKS AND SPREADS","ULSD 10P CRG CIF NW V ICE BL","3V","02/02/2026","03/31/2026","5600","USD","0.025"
"NYM","PETROLEUM CRACKS AND SPREADS","EUROP NAPHTHA PLATTS CRCK SPR BALMO","43","01/02/2026","01/02/2026","1327","USD","0.08"
"NYM","PETROLEUM CRACKS AND SPREADS","EUROP NAPHTHA PLATTS CRCK SPR BALMO","43","01/05/2026","01/05/2026","1396","USD","0.08"
"NYM","PETROLEUM CRACKS AND SPREADS","EUROP NAPHTHA PLATTS CRCK SPR BALMO","43","01/06/2026","01/06/2026","1467","USD","0.08"
"NYM","PETROLEUM CRACKS AND SPREADS","EUROP NAPHTHA PLATTS CRCK SPR BALMO","43","01/07/2026","01/07/2026","1551","USD","0.08"
"NYM","PETROLEUM CRACKS AND SPREADS","EUROP NAPHTHA PLATTS CRCK SPR BALMO","43","01/08/2026","01/08/2026","1641","USD","0.08"
"NYM","PETROLEUM CRACKS AND SPREADS","EUROP NAPHTHA PLATTS CRCK SPR BALMO","43","01/09/2026","01/09/2026","1745","USD","0.08"
"NYM","PETROLEUM CRACKS AND SPREADS","EUROP NAPHTHA PLATTS CRCK SPR BALMO","43","01/12/2026","01/12/2026","1860","USD","0.08"
"NYM","PETROLEUM CRACKS AND SPREADS","EUROP NAPHTHA PLATTS CRCK SPR BALMO","43","01/13/2026","01/13/2026","1991","USD","0.08"
"NYM","PETROLEUM CRACKS AND SPREADS","EUROP NAPHTHA PLATTS CRCK SPR BALMO","43","01/14/2026","01/14/2026","2145","USD","0.08"
"NYM","PETROLEUM CRACKS AND SPREADS","EUROP NAPHTHA PLATTS CRCK SPR BALMO","43","01/15/2026","01/15/2026","2325","USD","0.08"
"NYM","PETROLEUM CRACKS AND SPREADS","EUROP NAPHTHA PLATTS CRCK SPR BALMO","43","01/16/2026","01/16/2026","2538","USD","0.08"
"NYM","PETROLEUM CRACKS AND SPREADS","EUROP NAPHTHA PLATTS CRCK SPR BALMO","43","01/19/2026","01/19/2026","2793","USD","0.08"
"NYM","PETROLEUM CRACKS AND SPREADS","EUROP NAPHTHA PLATTS CRCK SPR BALMO","43","01/20/2026","01/20/2026","3102","USD","0.08"
"NYM","PETROLEUM CRACKS AND SPREADS","EUROP NAPHTHA PLATTS CRCK SPR BALMO","43","01/21/2026","01/21/2026","3491","USD","0.08"
"NYM","PETROLEUM CRACKS AND SPREADS","EUROP NAPHTHA PLATTS CRCK SPR BALMO","43","01/22/2026","01/22/2026","3990","USD","0.08"
"NYM","PETROLEUM CRACKS AND SPREADS","EUROP NAPHTHA PLATTS CRCK SPR BALMO","43","01/23/2026","01/23/2026","4654","USD","0.08"
"NYM","PETROLEUM CRACKS AND SPREADS","EUROP NAPHTHA PLATTS CRCK SPR BALMO","43","01/26/2026","01/26/2026","5586","USD","0.08"
"NYM","PETROLEUM CRACKS AND SPREADS","EUROP NAPHTHA PLATTS CRCK SPR BALMO","43","01/27/2026","01/27/2026","5576","USD","0.08"
"NYM","PETROLEUM CRACKS AND SPREADS","EUROP NAPHTHA PLATTS CRCK SPR BALMO","43","01/28/2026","01/28/2026","5559","USD","0.08"
"NYM","PETROLEUM CRACKS AND SPREADS","EUROP NAPHTHA PLATTS CRCK SPR BALMO","43","01/29/2026","01/29/2026","5526","USD","0.08"
"NYM","PETROLEUM CRACKS AND SPREADS","EUROP NAPHTHA PLATTS CRCK SPR BALMO","43","01/30/2026","01/30/2026","5426","USD","0.08"
"NYM","PETROLEUM CRACKS AND SPREADS","EUROP NAPHTHA PLATTS CRCK SPR BALMO","43","02/02/2026","02/02/2026","1749","USD","0.08"
"NYM","PETROLEUM CRACKS AND SPREADS","EUROP NAPHTHA PLATTS CRCK SPR BALMO","43","02/03/2026","02/03/2026","1749","USD","0.08"
"NYM","PETROLEUM CRACKS AND SPREADS","EUROP NAPHTHA PLATTS CRCK SPR BALMO","43","02/04/2026","02/04/2026","1749","USD","0.08"
"NYM","PETROLEUM CRACKS AND SPREADS","EUROP NAPHTHA PLATTS CRCK SPR BALMO","43","02/05/2026","02/05/2026","1749","USD","0.08"
"NYM","PETROLEUM CRACKS AND SPREADS","EUROP NAPHTHA PLATTS CRCK SPR BALMO","43","02/06/2026","02/06/2026","1749","USD","0.08"
"NYM","PETROLEUM CRACKS AND SPREADS","EUROP NAPHTHA PLATTS CRCK SPR BALMO","43","02/09/2026","02/09/2026","1749","USD","0.08"
"NYM","PETROLEUM CRACKS AND SPREADS","EUROP NAPHTHA PLATTS CRCK SPR BALMO","43","02/10/2026","02/10/2026","1749","USD","0.08"
"NYM","PETROLEUM CRACKS AND SPREADS","EUROP NAPHTHA PLATTS CRCK SPR BALMO","43","02/11/2026","02/11/2026","1749","USD","0.08"
"NYM","PETROLEUM CRACKS AND SPREADS","EUROP NAPHTHA PLATTS CRCK SPR BALMO","43","02/12/2026","02/12/2026","1749","USD","0.08"
"NYM","PETROLEUM CRACKS AND SPREADS","EUROP NAPHTHA PLATTS CRCK SPR BALMO","43","02/13/2026","02/13/2026","1749","USD","0.08"
"NYM","PETROLEUM CRACKS AND SPREADS","EUROP NAPHTHA PLATTS CRCK SPR BALMO","43","02/16/2026","02/16/2026","1748","USD","0.08"
"NYM","PETROLEUM CRACKS AND SPREADS","EUROP NAPHTHA PLATTS CRCK SPR BALMO","43","02/17/2026","02/17/2026","1748","USD","0.08"
"NYM","PETROLEUM CRACKS AND SPREADS","EUROP NAPHTHA PLATTS CRCK SPR BALMO","43","02/18/2026","02/18/2026","1748","USD","0.08"
"NYM","PETROLEUM CRACKS AND SPREADS","EUROP NAPHTHA PLATTS CRCK SPR BALMO","43","02/19/2026","02/19/2026","1747","USD","0.08"
"NYM","PETROLEUM CRACKS AND SPREADS","EUROP NAPHTHA PLATTS CRCK SPR BALMO","43","02/20/2026","02/20/2026","1747","USD","0.08"
"NYM","PETROLEUM CRACKS AND SPREADS","EUROP NAPHTHA PLATTS CRCK SPR BALMO","43","02/23/2026","02/23/2026","1746","USD","0.08"
"NYM","PETROLEUM CRACKS AND SPREADS","EUROP NAPHTHA PLATTS CRCK SPR BALMO","43","02/24/2026","02/24/2026","1745","USD","0.08"
"NYM","PETROLEUM CRACKS AND SPREADS","EUROP NAPHTHA PLATTS CRCK SPR BALMO","43","02/25/2026","02/25/2026","1743","USD","0.08"
"NYM","PETROLEUM CRACKS AND SPREADS","EUROP NAPHTHA PLATTS CRCK SPR BALMO","43","02/26/2026","02/26/2026","1740","USD","0.08"
"NYM","PETROLEUM CRACKS AND SPREADS","EUROP NAPHTHA PLATTS CRCK SPR BALMO","43","02/27/2026","02/27/2026","1729","USD","0.08"
"NYM","PETROLEUM CRACKS AND SPREADS","EUROP NAPHTHA PLATTS CRCK SPR BALMO","43","03/02/2026","03/02/2026","1637","USD","0.08"
"NYM","PETROLEUM CRACKS AND SPREADS","EUROP NAPHTHA PLATTS CRCK SPR BALMO","43","03/03/2026","03/03/2026","1636","USD","0.08"
"NYM","PETROLEUM CRACKS AND SPREADS","EUROP NAPHTHA PLATTS CRCK SPR BALMO","43","03/04/2026","03/04/2026","1635","USD","0.08"
"NYM","PETROLEUM CRACKS AND SPREADS","EUROP NAPHTHA PLATTS CRCK SPR BALMO","43","03/05/2026","03/05/2026","1635","USD","0.08"
"NYM","PETROLEUM CRACKS AND SPREADS","EUROP NAPHTHA PLATTS CRCK SPR BALMO","43","03/06/2026","03/06/2026","1634","USD","0.08"
"NYM","PETROLEUM CRACKS AND SPREADS","EUROP NAPHTHA PLATTS CRCK SPR BALMO","43","03/09/2026","03/09/2026","1633","USD","0.08"
"NYM","PETROLEUM CRACKS AND SPREADS","EUROP NAPHTHA PLATTS CRCK SPR BALMO","43","03/10/2026","03/10/2026","1632","USD","0.08"
"NYM","PETROLEUM CRACKS AND SPREADS","EUROP NAPHTHA PLATTS CRCK SPR BALMO","43","03/11/2026","03/11/2026","1631","USD","0.08"
"NYM","PETROLEUM CRACKS AND SPREADS","EUROP NAPHTHA PLATTS CRCK SPR BALMO","43","03/12/2026","03/12/2026","1630","USD","0.08"
"NYM","PETROLEUM CRACKS AND SPREADS","EUROP NAPHTHA PLATTS CRCK SPR BALMO","43","03/13/2026","03/13/2026","1628","USD","0.08"
"NYM","PETROLEUM CRACKS AND SPREADS","EUROP NAPHTHA PLATTS CRCK SPR BALMO","43","03/16/2026","03/16/2026","1627","USD","0.08"
"NYM","PETROLEUM CRACKS AND SPREADS","EUROP NAPHTHA PLATTS CRCK SPR BALMO","43","03/17/2026","03/17/2026","1625","USD","0.08"
"NYM","PETROLEUM CRACKS AND SPREADS","EUROP NAPHTHA PLATTS CRCK SPR BALMO","43","03/18/2026","03/18/2026","1622","USD","0.08"
"NYM","PETROLEUM CRACKS AND SPREADS","EUROP NAPHTHA PLATTS CRCK SPR BALMO","43","03/19/2026","03/19/2026","1620","USD","0.08"
"NYM","PETROLEUM CRACKS AND SPREADS","EUROP NAPHTHA PLATTS CRCK SPR BALMO","43","03/20/2026","03/20/2026","1616","USD","0.08"
"NYM","PETROLEUM CRACKS AND SPREADS","EUROP NAPHTHA PLATTS CRCK SPR BALMO","43","03/23/2026","03/23/2026","1611","USD","0.08"
"NYM","PETROLEUM CRACKS AND SPREADS","EUROP NAPHTHA PLATTS CRCK SPR BALMO","43","03/24/2026","03/24/2026","1605","USD","0.08"
"NYM","PETROLEUM CRACKS AND SPREADS","EUROP NAPHTHA PLATTS CRCK SPR BALMO","43","03/25/2026","03/25/2026","1596","USD","0.08"
"NYM","PETROLEUM CRACKS AND SPREADS","EUROP NAPHTHA PLATTS CRCK SPR BALMO","43","03/26/2026","03/26/2026","1583","USD","0.08"
"NYM","PETROLEUM CRACKS AND SPREADS","EUROP NAPHTHA PLATTS CRCK SPR BALMO","43","03/27/2026","03/27/2026","1562","USD","0.08"
"NYM","PETROLEUM CRACKS AND SPREADS","EUROP NAPHTHA PLATTS CRCK SPR BALMO","43","03/30/2026","03/30/2026","1519","USD","0.08"
"NYM","PETROLEUM CRACKS AND SPREADS","EUROP NAPHTHA PLATTS CRCK SPR BALMO","43","03/31/2026","03/31/2026","1389","USD","0.08"
"NYM","PETROLEUM CRACKS AND SPREADS","GASOIL 0.1% CRG CIF NW V ICE BL","4V","01/02/2026","01/02/2026","3314","USD","0.025"
"NYM","PETROLEUM CRACKS AND SPREADS","GASOIL 0.1% CRG CIF NW V ICE BL","4V","01/05/2026","01/05/2026","3480","USD","0.025"
"NYM","PETROLEUM CRACKS AND SPREADS","GASOIL 0.1% CRG CIF NW V ICE BL","4V","01/06/2026","01/06/2026","3663","USD","0.025"
"NYM","PETROLEUM CRACKS AND SPREADS","GASOIL 0.1% CRG CIF NW V ICE BL","4V","01/07/2026","01/07/2026","3866","USD","0.025"
"NYM","PETROLEUM CRACKS AND SPREADS","GASOIL 0.1% CRG CIF NW V ICE BL","4V","01/08/2026","01/08/2026","4092","USD","0.025"
"NYM","PETROLEUM CRACKS AND SPREADS","GASOIL 0.1% CRG CIF NW V ICE BL","4V","01/09/2026","01/09/2026","4350","USD","0.025"
"NYM","PETROLEUM CRACKS AND SPREADS","GASOIL 0.1% CRG CIF NW V ICE BL","4V","01/12/2026","01/12/2026","4639","USD","0.025"
"NYM","PETROLEUM CRACKS AND SPREADS","GASOIL 0.1% CRG CIF NW V ICE BL","4V","01/13/2026","01/13/2026","4970","USD","0.025"
"NYM","PETROLEUM CRACKS AND SPREADS","GASOIL 0.1% CRG CIF NW V ICE BL","4V","01/14/2026","01/14/2026","5353","USD","0.025"
"NYM","PETROLEUM CRACKS AND SPREADS","GASOIL 0.1% CRG CIF NW V ICE BL","4V","01/15/2026","01/15/2026","5800","USD","0.025"
"NYM","PETROLEUM CRACKS AND SPREADS","GASOIL 0.1% CRG CIF NW V ICE BL","4V","01/16/2026","01/16/2026","6326","USD","0.025"
"NYM","PETROLEUM CRACKS AND SPREADS","GASOIL 0.1% CRG CIF NW V ICE BL","4V","01/19/2026","01/19/2026","6960","USD","0.025"
"NYM","PETROLEUM CRACKS AND SPREADS","GASOIL 0.1% CRG CIF NW V ICE BL","4V","01/20/2026","01/20/2026","7733","USD","0.025"
"NYM","PETROLEUM CRACKS AND SPREADS","GASOIL 0.1% CRG CIF NW V ICE BL","4V","01/21/2026","01/21/2026","8700","USD","0.025"
"NYM","PETROLEUM CRACKS AND SPREADS","GASOIL 0.1% CRG CIF NW V ICE BL","4V","01/22/2026","01/22/2026","9943","USD","0.025"
"NYM","PETROLEUM CRACKS AND SPREADS","GASOIL 0.1% CRG CIF NW V ICE BL","4V","01/23/2026","01/23/2026","11599","USD","0.025"
"NYM","PETROLEUM CRACKS AND SPREADS","GASOIL 0.1% CRG CIF NW V ICE BL","4V","01/26/2026","01/30/2026","13920","USD","0.025"
"NYM","PETROLEUM CRACKS AND SPREADS","GASOIL 0.1% CRG CIF NW V ICE BL","4V","02/02/2026","02/02/2026","8078","USD","0.025"
"NYM","PETROLEUM CRACKS AND SPREADS","GASOIL 0.1% CRG CIF NW V ICE BL","4V","02/03/2026","02/03/2026","8075","USD","0.025"
"NYM","PETROLEUM CRACKS AND SPREADS","GASOIL 0.1% CRG CIF NW V ICE BL","4V","02/04/2026","02/04/2026","8073","USD","0.025"
"NYM","PETROLEUM CRACKS AND SPREADS","GASOIL 0.1% CRG CIF NW V ICE BL","4V","02/05/2026","02/05/2026","8076","USD","0.025"
"NYM","PETROLEUM CRACKS AND SPREADS","GASOIL 0.1% CRG CIF NW V ICE BL","4V","02/06/2026","02/06/2026","8067","USD","0.025"
"NYM","PETROLEUM CRACKS AND SPREADS","GASOIL 0.1% CRG CIF NW V ICE BL","4V","02/09/2026","02/09/2026","8064","USD","0.025"
"NYM","PETROLEUM CRACKS AND SPREADS","GASOIL 0.1% CRG CIF NW V ICE BL","4V","02/10/2026","02/10/2026","8060","USD","0.025"
"NYM","PETROLEUM CRACKS AND SPREADS","GASOIL 0.1% CRG CIF NW V ICE BL","4V","02/11/2026","02/11/2026","8055","USD","0.025"
"NYM","PETROLEUM CRACKS AND SPREADS","GASOIL 0.1% CRG CIF NW V ICE BL","4V","02/12/2026","02/27/2026","8050","USD","0.025"
"NYM","PETROLEUM CRACKS AND SPREADS","GASOIL 0.1% CRG CIF NW V ICE BL","4V","03/02/2026","03/02/2026","7966","USD","0.025"
"NYM","PETROLEUM CRACKS AND SPREADS","GASOIL 0.1% CRG CIF NW V ICE BL","4V","03/03/2026","03/03/2026","7956","USD","0.025"
"NYM","PETROLEUM CRACKS AND SPREADS","GASOIL 0.1% CRG CIF NW V ICE BL","4V","03/04/2026","03/04/2026","7952","USD","0.025"
"NYM","PETROLEUM CRACKS AND SPREADS","GASOIL 0.1% CRG CIF NW V ICE BL","4V","03/05/2026","03/05/2026","7946","USD","0.025"
"NYM","PETROLEUM CRACKS AND SPREADS","GASOIL 0.1% CRG CIF NW V ICE BL","4V","03/06/2026","03/06/2026","7941","USD","0.025"
"NYM","PETROLEUM CRACKS AND SPREADS","GASOIL 0.1% CRG CIF NW V ICE BL","4V","03/09/2026","03/09/2026","7940","USD","0.025"
"NYM","PETROLEUM CRACKS AND SPREADS","GASOIL 0.1% CRG CIF NW V ICE BL","4V","03/10/2026","03/10/2026","7927","USD","0.025"
"NYM","PETROLEUM CRACKS AND SPREADS","GASOIL 0.1% CRG CIF NW V ICE BL","4V","03/11/2026","03/11/2026","7925","USD","0.025"
"NYM","PETROLEUM CRACKS AND SPREADS","GASOIL 0.1% CRG CIF NW V ICE BL","4V","03/12/2026","03/31/2026","7910","USD","0.025"
"NYM","PETROLEUM CRACKS AND SPREADS","CHI ULSD (PLATTS) VS. NY HRBR ULSD","5C","01/2026","01/2026","674","USD","0.05"
"NYM","PETROLEUM CRACKS AND SPREADS","CHI ULSD (PLATTS) VS. NY HRBR ULSD","5C","02/2026","02/2026","2085","USD","0.05"
"NYM","PETROLEUM CRACKS AND SPREADS","CHI ULSD (PLATTS) VS. NY HRBR ULSD","5C","03/2026","03/2026","2040","USD","0.05"
"NYM","PETROLEUM CRACKS AND SPREADS","CHI ULSD (PLATTS) VS. NY HRBR ULSD","5C","04/2026","04/2026","2010","USD","0.05"
"NYM","PETROLEUM CRACKS AND SPREADS","CHI ULSD (PLATTS) VS. NY HRBR ULSD","5C","05/2026","05/2026","1995","USD","0.05"
"NYM","PETROLEUM CRACKS AND SPREADS","CHI ULSD (PLATTS) VS. NY HRBR ULSD","5C","06/2026","06/2026","1935","USD","0.05"
"NYM","PETROLEUM CRACKS AND SPREADS","CHI ULSD (PLATTS) VS. NY HRBR ULSD","5C","07/2026","07/2026","1905","USD","0.05"
"NYM","PETROLEUM CRACKS AND SPREADS","CHI ULSD (PLATTS) VS. NY HRBR ULSD","5C","08/2026","08/2026","1875","USD","0.05"
"NYM","PETROLEUM CRACKS AND SPREADS","CHI ULSD (PLATTS) VS. NY HRBR ULSD","5C","09/2026","09/2026","1860","USD","0.05"
"NYM","PETROLEUM CRACKS AND SPREADS","CHI ULSD (PLATTS) VS. NY HRBR ULSD","5C","10/2026","10/2026","1845","USD","0.05"
"NYM","PETROLEUM CRACKS AND SPREADS","CHI ULSD (PLATTS) VS. NY HRBR ULSD","5C","11/2026","11/2026","1837","USD","0.05"
"NYM","PETROLEUM CRACKS AND SPREADS","CHI ULSD (PLATTS) VS. NY HRBR ULSD","5C","12/2026","12/2026","1830","USD","0.05"
"NYM","PETROLEUM CRACKS AND SPREADS","CHI ULSD (PLATTS) VS. NY HRBR ULSD","5C","01/2027","01/2027","1815","USD","0.05"
"NYM","PETROLEUM CRACKS AND SPREADS","CHI ULSD (PLATTS) VS. NY HRBR ULSD","5C","02/2027","02/2027","1800","USD","0.05"
"NYM","PETROLEUM CRACKS AND SPREADS","CHI ULSD (PLATTS) VS. NY HRBR ULSD","5C","03/2027","03/2027","1785","USD","0.05"
"NYM","PETROLEUM CRACKS AND SPREADS","CHI ULSD (PLATTS) VS. NY HRBR ULSD","5C","04/2027","04/2027","1770","USD","0.05"
"NYM","PETROLEUM CRACKS AND SPREADS","CHI ULSD (PLATTS) VS. NY HRBR ULSD","5C","05/2027","05/2027","1755","USD","0.05"
"NYM","PETROLEUM CRACKS AND SPREADS","CHI ULSD (PLATTS) VS. NY HRBR ULSD","5C","06/2027","06/2027","1740","USD","0.05"
"NYM","PETROLEUM CRACKS AND SPREADS","CHI ULSD (PLATTS) VS. NY HRBR ULSD","5C","07/2027","07/2027","1725","USD","0.05"
"NYM","PETROLEUM CRACKS AND SPREADS","CHI ULSD (PLATTS) VS. NY HRBR ULSD","5C","08/2027","12/2028","1710","USD","0.05"
"NYM","PETROLEUM CRACKS AND SPREADS","3.5% FUEL OIL RDAM VS  FOB MED BALM","63","01/02/2026","01/30/2026","6552","USD","0.08"
"NYM","PETROLEUM CRACKS AND SPREADS","3.5% FUEL OIL RDAM VS  FOB MED BALM","63","02/02/2026","03/31/2026","7500","USD","0.08"
"NYM","PETROLEUM CRACKS AND SPREADS","GASOIL0.1%BRGSFOB ARA(PLATTS)VS LOW","6V","01/01/2026","01/02/2026","3142","USD","0.025"
"NYM","PETROLEUM CRACKS AND SPREADS","GASOIL0.1%BRGSFOB ARA(PLATTS)VS LOW","6V","01/05/2026","01/05/2026","3300","USD","0.025"
"NYM","PETROLEUM CRACKS AND SPREADS","GASOIL0.1%BRGSFOB ARA(PLATTS)VS LOW","6V","01/06/2026","01/06/2026","3474","USD","0.025"
"NYM","PETROLEUM CRACKS AND SPREADS","GASOIL0.1%BRGSFOB ARA(PLATTS)VS LOW","6V","01/07/2026","01/07/2026","3666","USD","0.025"
"NYM","PETROLEUM CRACKS AND SPREADS","GASOIL0.1%BRGSFOB ARA(PLATTS)VS LOW","6V","01/08/2026","01/08/2026","3880","USD","0.025"
"NYM","PETROLEUM CRACKS AND SPREADS","GASOIL0.1%BRGSFOB ARA(PLATTS)VS LOW","6V","01/09/2026","01/09/2026","4125","USD","0.025"
"NYM","PETROLEUM CRACKS AND SPREADS","GASOIL0.1%BRGSFOB ARA(PLATTS)VS LOW","6V","01/12/2026","01/12/2026","4399","USD","0.025"
"NYM","PETROLEUM CRACKS AND SPREADS","GASOIL0.1%BRGSFOB ARA(PLATTS)VS LOW","6V","01/13/2026","01/13/2026","4713","USD","0.025"
"NYM","PETROLEUM CRACKS AND SPREADS","GASOIL0.1%BRGSFOB ARA(PLATTS)VS LOW","6V","01/14/2026","01/14/2026","5076","USD","0.025"
"NYM","PETROLEUM CRACKS AND SPREADS","GASOIL0.1%BRGSFOB ARA(PLATTS)VS LOW","6V","01/15/2026","01/15/2026","5500","USD","0.025"
"NYM","PETROLEUM CRACKS AND SPREADS","GASOIL0.1%BRGSFOB ARA(PLATTS)VS LOW","6V","01/16/2026","01/16/2026","5999","USD","0.025"
"NYM","PETROLEUM CRACKS AND SPREADS","GASOIL0.1%BRGSFOB ARA(PLATTS)VS LOW","6V","01/19/2026","01/19/2026","6600","USD","0.025"
"NYM","PETROLEUM CRACKS AND SPREADS","GASOIL0.1%BRGSFOB ARA(PLATTS)VS LOW","6V","01/20/2026","01/20/2026","7333","USD","0.025"
"NYM","PETROLEUM CRACKS AND SPREADS","GASOIL0.1%BRGSFOB ARA(PLATTS)VS LOW","6V","01/21/2026","01/21/2026","8250","USD","0.025"
"NYM","PETROLEUM CRACKS AND SPREADS","GASOIL0.1%BRGSFOB ARA(PLATTS)VS LOW","6V","01/22/2026","01/22/2026","9428","USD","0.025"
"NYM","PETROLEUM CRACKS AND SPREADS","GASOIL0.1%BRGSFOB ARA(PLATTS)VS LOW","6V","01/23/2026","01/23/2026","10999","USD","0.025"
"NYM","PETROLEUM CRACKS AND SPREADS","GASOIL0.1%BRGSFOB ARA(PLATTS)VS LOW","6V","01/26/2026","01/30/2026","13200","USD","0.025"
"NYM","PETROLEUM CRACKS AND SPREADS","GASOIL0.1%BRGSFOB ARA(PLATTS)VS LOW","6V","02/02/2026","02/02/2026","7308","USD","0.025"
"NYM","PETROLEUM CRACKS AND SPREADS","GASOIL0.1%BRGSFOB ARA(PLATTS)VS LOW","6V","02/03/2026","02/03/2026","7305","USD","0.025"
"NYM","PETROLEUM CRACKS AND SPREADS","GASOIL0.1%BRGSFOB ARA(PLATTS)VS LOW","6V","02/04/2026","02/04/2026","7303","USD","0.025"
"NYM","PETROLEUM CRACKS AND SPREADS","GASOIL0.1%BRGSFOB ARA(PLATTS)VS LOW","6V","02/05/2026","02/05/2026","7305","USD","0.025"
"NYM","PETROLEUM CRACKS AND SPREADS","GASOIL0.1%BRGSFOB ARA(PLATTS)VS LOW","6V","02/06/2026","02/06/2026","7297","USD","0.025"
"NYM","PETROLEUM CRACKS AND SPREADS","GASOIL0.1%BRGSFOB ARA(PLATTS)VS LOW","6V","02/09/2026","02/09/2026","7294","USD","0.025"
"NYM","PETROLEUM CRACKS AND SPREADS","GASOIL0.1%BRGSFOB ARA(PLATTS)VS LOW","6V","02/10/2026","02/10/2026","7290","USD","0.025"
"NYM","PETROLEUM CRACKS AND SPREADS","GASOIL0.1%BRGSFOB ARA(PLATTS)VS LOW","6V","02/11/2026","02/11/2026","7285","USD","0.025"
"NYM","PETROLEUM CRACKS AND SPREADS","GASOIL0.1%BRGSFOB ARA(PLATTS)VS LOW","6V","02/12/2026","02/27/2026","7280","USD","0.025"
"NYM","PETROLEUM CRACKS AND SPREADS","GASOIL0.1%BRGSFOB ARA(PLATTS)VS LOW","6V","03/02/2026","03/02/2026","6845","USD","0.025"
"NYM","PETROLEUM CRACKS AND SPREADS","GASOIL0.1%BRGSFOB ARA(PLATTS)VS LOW","6V","03/03/2026","03/03/2026","6836","USD","0.025"
"NYM","PETROLEUM CRACKS AND SPREADS","GASOIL0.1%BRGSFOB ARA(PLATTS)VS LOW","6V","03/04/2026","03/04/2026","6832","USD","0.025"
"NYM","PETROLEUM CRACKS AND SPREADS","GASOIL0.1%BRGSFOB ARA(PLATTS)VS LOW","6V","03/05/2026","03/05/2026","6826","USD","0.025"
"NYM","PETROLEUM CRACKS AND SPREADS","GASOIL0.1%BRGSFOB ARA(PLATTS)VS LOW","6V","03/06/2026","03/06/2026","6821","USD","0.025"
"NYM","PETROLEUM CRACKS AND SPREADS","GASOIL0.1%BRGSFOB ARA(PLATTS)VS LOW","6V","03/09/2026","03/09/2026","6819","USD","0.025"
"NYM","PETROLEUM CRACKS AND SPREADS","GASOIL0.1%BRGSFOB ARA(PLATTS)VS LOW","6V","03/10/2026","03/10/2026","6807","USD","0.025"
"NYM","PETROLEUM CRACKS AND SPREADS","GASOIL0.1%BRGSFOB ARA(PLATTS)VS LOW","6V","03/11/2026","03/11/2026","6803","USD","0.025"
"NYM","PETROLEUM CRACKS AND SPREADS","GASOIL0.1%BRGSFOB ARA(PLATTS)VS LOW","6V","03/12/2026","03/31/2026","6790","USD","0.025"
"NYM","PETROLEUM CRACKS AND SPREADS","JET FUEL CRG CIF NEW V ICE BLM","6X","01/01/2026","01/02/2026","11246","USD","0.025"
"NYM","PETROLEUM CRACKS AND SPREADS","JET FUEL CRG CIF NEW V ICE BLM","6X","01/05/2026","01/05/2026","11808","USD","0.025"
"NYM","PETROLEUM CRACKS AND SPREADS","JET FUEL CRG CIF NEW V ICE BLM","6X","01/06/2026","01/06/2026","12432","USD","0.025"
"NYM","PETROLEUM CRACKS AND SPREADS","JET FUEL CRG CIF NEW V ICE BLM","6X","01/07/2026","01/07/2026","13122","USD","0.025"
"NYM","PETROLEUM CRACKS AND SPREADS","JET FUEL CRG CIF NEW V ICE BLM","6X","01/08/2026","01/08/2026","13887","USD","0.025"
"NYM","PETROLEUM CRACKS AND SPREADS","JET FUEL CRG CIF NEW V ICE BLM","6X","01/09/2026","01/09/2026","14761","USD","0.025"
"NYM","PETROLEUM CRACKS AND SPREADS","JET FUEL CRG CIF NEW V ICE BLM","6X","01/12/2026","01/12/2026","15743","USD","0.025"
"NYM","PETROLEUM CRACKS AND SPREADS","JET FUEL CRG CIF NEW V ICE BLM","6X","01/13/2026","01/13/2026","16867","USD","0.025"
"NYM","PETROLEUM CRACKS AND SPREADS","JET FUEL CRG CIF NEW V ICE BLM","6X","01/14/2026","01/14/2026","18166","USD","0.025"
"NYM","PETROLEUM CRACKS AND SPREADS","JET FUEL CRG CIF NEW V ICE BLM","6X","01/15/2026","01/15/2026","19683","USD","0.025"
"NYM","PETROLEUM CRACKS AND SPREADS","JET FUEL CRG CIF NEW V ICE BLM","6X","01/16/2026","01/16/2026","21468","USD","0.025"
"NYM","PETROLEUM CRACKS AND SPREADS","JET FUEL CRG CIF NEW V ICE BLM","6X","01/19/2026","01/19/2026","23617","USD","0.025"
"NYM","PETROLEUM CRACKS AND SPREADS","JET FUEL CRG CIF NEW V ICE BLM","6X","01/20/2026","01/20/2026","26244","USD","0.025"
"NYM","PETROLEUM CRACKS AND SPREADS","JET FUEL CRG CIF NEW V ICE BLM","6X","01/21/2026","01/21/2026","29522","USD","0.025"
"NYM","PETROLEUM CRACKS AND SPREADS","JET FUEL CRG CIF NEW V ICE BLM","6X","01/22/2026","01/22/2026","33740","USD","0.025"
"NYM","PETROLEUM CRACKS AND SPREADS","JET FUEL CRG CIF NEW V ICE BLM","6X","01/23/2026","01/23/2026","39361","USD","0.025"
"NYM","PETROLEUM CRACKS AND SPREADS","JET FUEL CRG CIF NEW V ICE BLM","6X","01/26/2026","01/30/2026","47235","USD","0.025"
"NYM","PETROLEUM CRACKS AND SPREADS","JET FUEL CRG CIF NEW V ICE BLM","6X","02/02/2026","02/02/2026","13568","USD","0.025"
"NYM","PETROLEUM CRACKS AND SPREADS","JET FUEL CRG CIF NEW V ICE BLM","6X","02/03/2026","02/03/2026","13529","USD","0.025"
"NYM","PETROLEUM CRACKS AND SPREADS","JET FUEL CRG CIF NEW V ICE BLM","6X","02/04/2026","02/04/2026","13486","USD","0.025"
"NYM","PETROLEUM CRACKS AND SPREADS","JET FUEL CRG CIF NEW V ICE BLM","6X","02/05/2026","02/05/2026","13443","USD","0.025"
"NYM","PETROLEUM CRACKS AND SPREADS","JET FUEL CRG CIF NEW V ICE BLM","6X","02/06/2026","02/06/2026","13385","USD","0.025"
"NYM","PETROLEUM CRACKS AND SPREADS","JET FUEL CRG CIF NEW V ICE BLM","6X","02/09/2026","02/09/2026","13324","USD","0.025"
"NYM","PETROLEUM CRACKS AND SPREADS","JET FUEL CRG CIF NEW V ICE BLM","6X","02/10/2026","02/10/2026","13254","USD","0.025"
"NYM","PETROLEUM CRACKS AND SPREADS","JET FUEL CRG CIF NEW V ICE BLM","6X","02/11/2026","02/11/2026","13173","USD","0.025"
"NYM","PETROLEUM CRACKS AND SPREADS","JET FUEL CRG CIF NEW V ICE BLM","6X","02/12/2026","02/27/2026","13080","USD","0.025"
"NYM","PETROLEUM CRACKS AND SPREADS","JET FUEL CRG CIF NEW V ICE BLM","6X","03/02/2026","03/02/2026","12931","USD","0.025"
"NYM","PETROLEUM CRACKS AND SPREADS","JET FUEL CRG CIF NEW V ICE BLM","6X","03/03/2026","03/03/2026","12919","USD","0.025"
"NYM","PETROLEUM CRACKS AND SPREADS","JET FUEL CRG CIF NEW V ICE BLM","6X","03/04/2026","03/04/2026","12912","USD","0.025"
"NYM","PETROLEUM CRACKS AND SPREADS","JET FUEL CRG CIF NEW V ICE BLM","6X","03/05/2026","03/05/2026","12903","USD","0.025"
"NYM","PETROLEUM CRACKS AND SPREADS","JET FUEL CRG CIF NEW V ICE BLM","6X","03/06/2026","03/06/2026","12893","USD","0.025"
"NYM","PETROLEUM CRACKS AND SPREADS","JET FUEL CRG CIF NEW V ICE BLM","6X","03/09/2026","03/09/2026","12887","USD","0.025"
"NYM","PETROLEUM CRACKS AND SPREADS","JET FUEL CRG CIF NEW V ICE BLM","6X","03/10/2026","03/10/2026","12870","USD","0.025"
"NYM","PETROLEUM CRACKS AND SPREADS","JET FUEL CRG CIF NEW V ICE BLM","6X","03/11/2026","03/11/2026","12860","USD","0.025"
"NYM","PETROLEUM CRACKS AND SPREADS","JET FUEL CRG CIF NEW V ICE BLM","6X","03/12/2026","03/31/2026","12840","USD","0.025"
"NYM","PETROLEUM CRACKS AND SPREADS","GAS EUROBOB (ARGUS) CRK BALMO","7I","01/01/2026","01/02/2026","1445","USD","0.08"
"NYM","PETROLEUM CRACKS AND SPREADS","GAS EUROBOB (ARGUS) CRK BALMO","7I","01/05/2026","01/05/2026","1519","USD","0.08"
"NYM","PETROLEUM CRACKS AND SPREADS","GAS EUROBOB (ARGUS) CRK BALMO","7I","01/06/2026","01/06/2026","1597","USD","0.08"
"NYM","PETROLEUM CRACKS AND SPREADS","GAS EUROBOB (ARGUS) CRK BALMO","7I","01/07/2026","01/07/2026","1687","USD","0.08"
"NYM","PETROLEUM CRACKS AND SPREADS","GAS EUROBOB (ARGUS) CRK BALMO","7I","01/08/2026","01/08/2026","1785","USD","0.08"
"NYM","PETROLEUM CRACKS AND SPREADS","GAS EUROBOB (ARGUS) CRK BALMO","7I","01/09/2026","01/09/2026","1898","USD","0.08"
"NYM","PETROLEUM CRACKS AND SPREADS","GAS EUROBOB (ARGUS) CRK BALMO","7I","01/12/2026","01/12/2026","2023","USD","0.08"
"NYM","PETROLEUM CRACKS AND SPREADS","GAS EUROBOB (ARGUS) CRK BALMO","7I","01/13/2026","01/13/2026","2169","USD","0.08"
"NYM","PETROLEUM CRACKS AND SPREADS","GAS EUROBOB (ARGUS) CRK BALMO","7I","01/14/2026","01/14/2026","2336","USD","0.08"
"NYM","PETROLEUM CRACKS AND SPREADS","GAS EUROBOB (ARGUS) CRK BALMO","7I","01/15/2026","01/15/2026","2531","USD","0.08"
"NYM","PETROLEUM CRACKS AND SPREADS","GAS EUROBOB (ARGUS) CRK BALMO","7I","01/16/2026","01/16/2026","2760","USD","0.08"
"NYM","PETROLEUM CRACKS AND SPREADS","GAS EUROBOB (ARGUS) CRK BALMO","7I","01/19/2026","01/19/2026","3038","USD","0.08"
"NYM","PETROLEUM CRACKS AND SPREADS","GAS EUROBOB (ARGUS) CRK BALMO","7I","01/20/2026","01/20/2026","3374","USD","0.08"
"NYM","PETROLEUM CRACKS AND SPREADS","GAS EUROBOB (ARGUS) CRK BALMO","7I","01/21/2026","01/21/2026","3797","USD","0.08"
"NYM","PETROLEUM CRACKS AND SPREADS","GAS EUROBOB (ARGUS) CRK BALMO","7I","01/22/2026","01/22/2026","4339","USD","0.08"
"NYM","PETROLEUM CRACKS AND SPREADS","GAS EUROBOB (ARGUS) CRK BALMO","7I","01/23/2026","01/23/2026","5062","USD","0.08"
"NYM","PETROLEUM CRACKS AND SPREADS","GAS EUROBOB (ARGUS) CRK BALMO","7I","01/26/2026","01/26/2026","6076","USD","0.08"
"NYM","PETROLEUM CRACKS AND SPREADS","GAS EUROBOB (ARGUS) CRK BALMO","7I","01/27/2026","01/27/2026","6070","USD","0.08"
"NYM","PETROLEUM CRACKS AND SPREADS","GAS EUROBOB (ARGUS) CRK BALMO","7I","01/28/2026","01/28/2026","6060","USD","0.08"
"NYM","PETROLEUM CRACKS AND SPREADS","GAS EUROBOB (ARGUS) CRK BALMO","7I","01/29/2026","01/29/2026","6040","USD","0.08"
"NYM","PETROLEUM CRACKS AND SPREADS","GAS EUROBOB (ARGUS) CRK BALMO","7I","01/30/2026","01/30/2026","5980","USD","0.08"
"NYM","PETROLEUM CRACKS AND SPREADS","GAS EUROBOB (ARGUS) CRK BALMO","7I","02/02/2026","02/02/2026","1858","USD","0.08"
"NYM","PETROLEUM CRACKS AND SPREADS","GAS EUROBOB (ARGUS) CRK BALMO","7I","02/03/2026","02/03/2026","1858","USD","0.08"
"NYM","PETROLEUM CRACKS AND SPREADS","GAS EUROBOB (ARGUS) CRK BALMO","7I","02/04/2026","02/04/2026","1858","USD","0.08"
"NYM","PETROLEUM CRACKS AND SPREADS","GAS EUROBOB (ARGUS) CRK BALMO","7I","02/05/2026","02/05/2026","1858","USD","0.08"
"NYM","PETROLEUM CRACKS AND SPREADS","GAS EUROBOB (ARGUS) CRK BALMO","7I","02/06/2026","02/06/2026","1859","USD","0.08"
"NYM","PETROLEUM CRACKS AND SPREADS","GAS EUROBOB (ARGUS) CRK BALMO","7I","02/09/2026","02/09/2026","1860","USD","0.08"
"NYM","PETROLEUM CRACKS AND SPREADS","GAS EUROBOB (ARGUS) CRK BALMO","7I","02/10/2026","02/10/2026","1859","USD","0.08"
"NYM","PETROLEUM CRACKS AND SPREADS","GAS EUROBOB (ARGUS) CRK BALMO","7I","02/11/2026","02/11/2026","1860","USD","0.08"
"NYM","PETROLEUM CRACKS AND SPREADS","GAS EUROBOB (ARGUS) CRK BALMO","7I","02/12/2026","02/12/2026","1860","USD","0.08"
"NYM","PETROLEUM CRACKS AND SPREADS","GAS EUROBOB (ARGUS) CRK BALMO","7I","02/13/2026","02/13/2026","1862","USD","0.08"
"NYM","PETROLEUM CRACKS AND SPREADS","GAS EUROBOB (ARGUS) CRK BALMO","7I","02/16/2026","02/16/2026","1862","USD","0.08"
"NYM","PETROLEUM CRACKS AND SPREADS","GAS EUROBOB (ARGUS) CRK BALMO","7I","02/17/2026","02/17/2026","1863","USD","0.08"
"NYM","PETROLEUM CRACKS AND SPREADS","GAS EUROBOB (ARGUS) CRK BALMO","7I","02/18/2026","02/18/2026","1864","USD","0.08"
"NYM","PETROLEUM CRACKS AND SPREADS","GAS EUROBOB (ARGUS) CRK BALMO","7I","02/19/2026","02/19/2026","1866","USD","0.08"
"NYM","PETROLEUM CRACKS AND SPREADS","GAS EUROBOB (ARGUS) CRK BALMO","7I","02/20/2026","02/20/2026","1868","USD","0.08"
"NYM","PETROLEUM CRACKS AND SPREADS","GAS EUROBOB (ARGUS) CRK BALMO","7I","02/23/2026","02/23/2026","1870","USD","0.08"
"NYM","PETROLEUM CRACKS AND SPREADS","GAS EUROBOB (ARGUS) CRK BALMO","7I","02/24/2026","02/24/2026","1875","USD","0.08"
"NYM","PETROLEUM CRACKS AND SPREADS","GAS EUROBOB (ARGUS) CRK BALMO","7I","02/25/2026","02/25/2026","1881","USD","0.08"
"NYM","PETROLEUM CRACKS AND SPREADS","GAS EUROBOB (ARGUS) CRK BALMO","7I","02/26/2026","02/26/2026","1896","USD","0.08"
"NYM","PETROLEUM CRACKS AND SPREADS","GAS EUROBOB (ARGUS) CRK BALMO","7I","02/27/2026","02/27/2026","1938","USD","0.08"
"NYM","PETROLEUM CRACKS AND SPREADS","GAS EUROBOB (ARGUS) CRK BALMO","7I","03/02/2026","03/02/2026","1427","USD","0.08"
"NYM","PETROLEUM CRACKS AND SPREADS","GAS EUROBOB (ARGUS) CRK BALMO","7I","03/03/2026","03/03/2026","1427","USD","0.08"
"NYM","PETROLEUM CRACKS AND SPREADS","GAS EUROBOB (ARGUS) CRK BALMO","7I","03/04/2026","03/04/2026","1427","USD","0.08"
"NYM","PETROLEUM CRACKS AND SPREADS","GAS EUROBOB (ARGUS) CRK BALMO","7I","03/05/2026","03/05/2026","1427","USD","0.08"
"NYM","PETROLEUM CRACKS AND SPREADS","GAS EUROBOB (ARGUS) CRK BALMO","7I","03/06/2026","03/06/2026","1427","USD","0.08"
"NYM","PETROLEUM CRACKS AND SPREADS","GAS EUROBOB (ARGUS) CRK BALMO","7I","03/09/2026","03/09/2026","1427","USD","0.08"
"NYM","PETROLEUM CRACKS AND SPREADS","GAS EUROBOB (ARGUS) CRK BALMO","7I","03/10/2026","03/10/2026","1427","USD","0.08"
"NYM","PETROLEUM CRACKS AND SPREADS","GAS EUROBOB (ARGUS) CRK BALMO","7I","03/11/2026","03/11/2026","1427","USD","0.08"
"NYM","PETROLEUM CRACKS AND SPREADS","GAS EUROBOB (ARGUS) CRK BALMO","7I","03/12/2026","03/12/2026","1427","USD","0.08"
"NYM","PETROLEUM CRACKS AND SPREADS","GAS EUROBOB (ARGUS) CRK BALMO","7I","03/13/2026","03/13/2026","1426","USD","0.08"
"NYM","PETROLEUM CRACKS AND SPREADS","GAS EUROBOB (ARGUS) CRK BALMO","7I","03/16/2026","03/16/2026","1426","USD","0.08"
"NYM","PETROLEUM CRACKS AND SPREADS","GAS EUROBOB (ARGUS) CRK BALMO","7I","03/17/2026","03/17/2026","1427","USD","0.08"
"NYM","PETROLEUM CRACKS AND SPREADS","GAS EUROBOB (ARGUS) CRK BALMO","7I","03/18/2026","03/18/2026","1426","USD","0.08"
"NYM","PETROLEUM CRACKS AND SPREADS","GAS EUROBOB (ARGUS) CRK BALMO","7I","03/19/2026","03/19/2026","1426","USD","0.08"
"NYM","PETROLEUM CRACKS AND SPREADS","GAS EUROBOB (ARGUS) CRK BALMO","7I","03/20/2026","03/20/2026","1426","USD","0.08"
"NYM","PETROLEUM CRACKS AND SPREADS","GAS EUROBOB (ARGUS) CRK BALMO","7I","03/23/2026","03/23/2026","1425","USD","0.08"
"NYM","PETROLEUM CRACKS AND SPREADS","GAS EUROBOB (ARGUS) CRK BALMO","7I","03/24/2026","03/24/2026","1425","USD","0.08"
"NYM","PETROLEUM CRACKS AND SPREADS","GAS EUROBOB (ARGUS) CRK BALMO","7I","03/25/2026","03/25/2026","1425","USD","0.08"
"NYM","PETROLEUM CRACKS AND SPREADS","GAS EUROBOB (ARGUS) CRK BALMO","7I","03/26/2026","03/26/2026","1424","USD","0.08"
"NYM","PETROLEUM CRACKS AND SPREADS","GAS EUROBOB (ARGUS) CRK BALMO","7I","03/27/2026","03/27/2026","1423","USD","0.08"
"NYM","PETROLEUM CRACKS AND SPREADS","GAS EUROBOB (ARGUS) CRK BALMO","7I","03/30/2026","03/30/2026","1421","USD","0.08"
"NYM","PETROLEUM CRACKS AND SPREADS","GAS EUROBOB (ARGUS) CRK BALMO","7I","03/31/2026","03/31/2026","1414","USD","0.08"
"NYM","PETROLEUM CRACKS AND SPREADS","ULSD 10PPM CIF V. ICE GAS BLMO","7V","01/02/2026","01/30/2026","5361","USD","0.025"
"NYM","PETROLEUM CRACKS AND SPREADS","ULSD 10PPM CIF V. ICE GAS BLMO","7V","02/02/2026","03/31/2026","9000","USD","0.025"
"NYM","PETROLEUM CRACKS AND SPREADS","DIESEL 10P BRG FOB ARA V LSG BALMO","7X","01/02/2026","01/30/2026","4288","USD","0.025"
"NYM","PETROLEUM CRACKS AND SPREADS","DIESEL 10P BRG FOB ARA V LSG BALMO","7X","02/02/2026","03/31/2026","7200","USD","0.025"
"NYM","PETROLEUM CRACKS AND SPREADS","NY ULSD VS. NY HRBR ULSD FUT","7Y","01/2026","01/2026","567","USD","0.05"
"NYM","PETROLEUM CRACKS AND SPREADS","NY ULSD VS. NY HRBR ULSD FUT","7Y","02/2026","02/2026","1400","USD","0.05"
"NYM","PETROLEUM CRACKS AND SPREADS","NY ULSD VS. NY HRBR ULSD FUT","7Y","03/2026","12/2028","900","USD","0.05"
"NYM","PETROLEUM CRACKS AND SPREADS","1%FUELOIL FOBNWE VS 3.5%BARG FOB BA","88","01/01/2026","01/30/2026","11020","USD","0.08"
"NYM","PETROLEUM CRACKS AND SPREADS","1%FUELOIL FOBNWE VS 3.5%BARG FOB BA","88","02/02/2026","03/31/2026","13000","USD","0.08"
"NYM","PETROLEUM CRACKS AND SPREADS","GASOIL 0.1% CIF V. ICE GAS BLMO","8W","01/02/2026","01/02/2026","3285","USD","0.025"
"NYM","PETROLEUM CRACKS AND SPREADS","GASOIL 0.1% CIF V. ICE GAS BLMO","8W","01/05/2026","01/05/2026","3450","USD","0.025"
"NYM","PETROLEUM CRACKS AND SPREADS","GASOIL 0.1% CIF V. ICE GAS BLMO","8W","01/06/2026","01/06/2026","3632","USD","0.025"
"NYM","PETROLEUM CRACKS AND SPREADS","GASOIL 0.1% CIF V. ICE GAS BLMO","8W","01/07/2026","01/07/2026","3833","USD","0.025"
"NYM","PETROLEUM CRACKS AND SPREADS","GASOIL 0.1% CIF V. ICE GAS BLMO","8W","01/08/2026","01/08/2026","4057","USD","0.025"
"NYM","PETROLEUM CRACKS AND SPREADS","GASOIL 0.1% CIF V. ICE GAS BLMO","8W","01/09/2026","01/09/2026","4312","USD","0.025"
"NYM","PETROLEUM CRACKS AND SPREADS","GASOIL 0.1% CIF V. ICE GAS BLMO","8W","01/12/2026","01/12/2026","4599","USD","0.025"
"NYM","PETROLEUM CRACKS AND SPREADS","GASOIL 0.1% CIF V. ICE GAS BLMO","8W","01/13/2026","01/13/2026","4927","USD","0.025"
"NYM","PETROLEUM CRACKS AND SPREADS","GASOIL 0.1% CIF V. ICE GAS BLMO","8W","01/14/2026","01/14/2026","5307","USD","0.025"
"NYM","PETROLEUM CRACKS AND SPREADS","GASOIL 0.1% CIF V. ICE GAS BLMO","8W","01/15/2026","01/15/2026","5750","USD","0.025"
"NYM","PETROLEUM CRACKS AND SPREADS","GASOIL 0.1% CIF V. ICE GAS BLMO","8W","01/16/2026","01/16/2026","6272","USD","0.025"
"NYM","PETROLEUM CRACKS AND SPREADS","GASOIL 0.1% CIF V. ICE GAS BLMO","8W","01/19/2026","01/19/2026","6900","USD","0.025"
"NYM","PETROLEUM CRACKS AND SPREADS","GASOIL 0.1% CIF V. ICE GAS BLMO","8W","01/20/2026","01/20/2026","7667","USD","0.025"
"NYM","PETROLEUM CRACKS AND SPREADS","GASOIL 0.1% CIF V. ICE GAS BLMO","8W","01/21/2026","01/21/2026","8625","USD","0.025"
"NYM","PETROLEUM CRACKS AND SPREADS","GASOIL 0.1% CIF V. ICE GAS BLMO","8W","01/22/2026","01/22/2026","9857","USD","0.025"
"NYM","PETROLEUM CRACKS AND SPREADS","GASOIL 0.1% CIF V. ICE GAS BLMO","8W","01/23/2026","01/23/2026","11499","USD","0.025"
"NYM","PETROLEUM CRACKS AND SPREADS","GASOIL 0.1% CIF V. ICE GAS BLMO","8W","01/26/2026","01/30/2026","13800","USD","0.025"
"NYM","PETROLEUM CRACKS AND SPREADS","GASOIL 0.1% CIF V. ICE GAS BLMO","8W","02/02/2026","02/02/2026","10533","USD","0.025"
"NYM","PETROLEUM CRACKS AND SPREADS","GASOIL 0.1% CIF V. ICE GAS BLMO","8W","02/03/2026","02/03/2026","10345","USD","0.025"
"NYM","PETROLEUM CRACKS AND SPREADS","GASOIL 0.1% CIF V. ICE GAS BLMO","8W","02/04/2026","02/04/2026","10136","USD","0.025"
"NYM","PETROLEUM CRACKS AND SPREADS","GASOIL 0.1% CIF V. ICE GAS BLMO","8W","02/05/2026","02/05/2026","9908","USD","0.025"
"NYM","PETROLEUM CRACKS AND SPREADS","GASOIL 0.1% CIF V. ICE GAS BLMO","8W","02/06/2026","02/06/2026","9641","USD","0.025"
"NYM","PETROLEUM CRACKS AND SPREADS","GASOIL 0.1% CIF V. ICE GAS BLMO","8W","02/09/2026","02/09/2026","9344","USD","0.025"
"NYM","PETROLEUM CRACKS AND SPREADS","GASOIL 0.1% CIF V. ICE GAS BLMO","8W","02/10/2026","02/10/2026","9004","USD","0.025"
"NYM","PETROLEUM CRACKS AND SPREADS","GASOIL 0.1% CIF V. ICE GAS BLMO","8W","02/11/2026","02/11/2026","8612","USD","0.025"
"NYM","PETROLEUM CRACKS AND SPREADS","GASOIL 0.1% CIF V. ICE GAS BLMO","8W","02/12/2026","02/27/2026","8155","USD","0.025"
"NYM","PETROLEUM CRACKS AND SPREADS","GASOIL 0.1% CIF V. ICE GAS BLMO","8W","03/02/2026","03/02/2026","8071","USD","0.025"
"NYM","PETROLEUM CRACKS AND SPREADS","GASOIL 0.1% CIF V. ICE GAS BLMO","8W","03/03/2026","03/03/2026","8061","USD","0.025"
"NYM","PETROLEUM CRACKS AND SPREADS","GASOIL 0.1% CIF V. ICE GAS BLMO","8W","03/04/2026","03/04/2026","8057","USD","0.025"
"NYM","PETROLEUM CRACKS AND SPREADS","GASOIL 0.1% CIF V. ICE GAS BLMO","8W","03/05/2026","03/05/2026","8051","USD","0.025"
"NYM","PETROLEUM CRACKS AND SPREADS","GASOIL 0.1% CIF V. ICE GAS BLMO","8W","03/06/2026","03/06/2026","8046","USD","0.025"
"NYM","PETROLEUM CRACKS AND SPREADS","GASOIL 0.1% CIF V. ICE GAS BLMO","8W","03/09/2026","03/09/2026","8045","USD","0.025"
"NYM","PETROLEUM CRACKS AND SPREADS","GASOIL 0.1% CIF V. ICE GAS BLMO","8W","03/10/2026","03/10/2026","8032","USD","0.025"
"NYM","PETROLEUM CRACKS AND SPREADS","GASOIL 0.1% CIF V. ICE GAS BLMO","8W","03/11/2026","03/11/2026","8030","USD","0.025"
"NYM","PETROLEUM CRACKS AND SPREADS","GASOIL 0.1% CIF V. ICE GAS BLMO","8W","03/12/2026","03/31/2026","8015","USD","0.025"
"NYM","PETROLEUM CRACKS AND SPREADS","ARGS PRPANE FR EST VS EURO CIF ARA","91","01/2026","01/2026","11816","USD","0.08"
"NYM","PETROLEUM CRACKS AND SPREADS","ARGS PRPANE FR EST VS EURO CIF ARA","91","02/2026","02/2026","12800","USD","0.08"
"NYM","PETROLEUM CRACKS AND SPREADS","ARGS PRPANE FR EST VS EURO CIF ARA","91","03/2026","03/2026","11000","USD","0.08"
"NYM","PETROLEUM CRACKS AND SPREADS","ARGS PRPANE FR EST VS EURO CIF ARA","91","04/2026","04/2026","10600","USD","0.08"
"NYM","PETROLEUM CRACKS AND SPREADS","ARGS PRPANE FR EST VS EURO CIF ARA","91","05/2026","07/2026","10200","USD","0.08"
"NYM","PETROLEUM CRACKS AND SPREADS","ARGS PRPANE FR EST VS EURO CIF ARA","91","08/2026","01/2029","9400","USD","0.08"
"NYM","PETROLEUM CRACKS AND SPREADS","JET FUEL BRG FOB RDM V ICE BLM","9Q","01/02/2026","01/30/2026","7743","USD","0.05"
"NYM","PETROLEUM CRACKS AND SPREADS","JET FUEL BRG FOB RDM V ICE BLM","9Q","02/02/2026","03/31/2026","13000","USD","0.05"
"NYM","PETROLEUM CRACKS AND SPREADS","GRP3 ULSD VS NY HRBR ULSD FUT","A6","01/2026","01/2026","719","USD","0.05"
"NYM","PETROLEUM CRACKS AND SPREADS","GRP3 ULSD VS NY HRBR ULSD FUT","A6","02/2026","02/2026","1578","USD","0.05"
"NYM","PETROLEUM CRACKS AND SPREADS","GRP3 ULSD VS NY HRBR ULSD FUT","A6","03/2026","03/2026","1482","USD","0.05"
"NYM","PETROLEUM CRACKS AND SPREADS","GRP3 ULSD VS NY HRBR ULSD FUT","A6","04/2026","04/2026","1458","USD","0.05"
"NYM","PETROLEUM CRACKS AND SPREADS","GRP3 ULSD VS NY HRBR ULSD FUT","A6","05/2026","05/2026","1446","USD","0.05"
"NYM","PETROLEUM CRACKS AND SPREADS","GRP3 ULSD VS NY HRBR ULSD FUT","A6","06/2026","06/2026","1398","USD","5.000%"
"NYM","PETROLEUM CRACKS AND SPREADS","GRP3 ULSD VS NY HRBR ULSD FUT","A6","07/2026","07/2026","1374","USD","5.000%"
"NYM","PETROLEUM CRACKS AND SPREADS","GRP3 ULSD VS NY HRBR ULSD FUT","A6","08/2026","08/2026","1350","USD","5.000%"
"NYM","PETROLEUM CRACKS AND SPREADS","GRP3 ULSD VS NY HRBR ULSD FUT","A6","09/2026","09/2026","1338","USD","5.000%"
"NYM","PETROLEUM CRACKS AND SPREADS","GRP3 ULSD VS NY HRBR ULSD FUT","A6","10/2026","10/2026","1326","USD","5.000%"
"NYM","PETROLEUM CRACKS AND SPREADS","GRP3 ULSD VS NY HRBR ULSD FUT","A6","11/2026","11/2026","1320","USD","5.000%"
"NYM","PETROLEUM CRACKS AND SPREADS","GRP3 ULSD VS NY HRBR ULSD FUT","A6","12/2026","12/2026","1314","USD","5.000%"
"NYM","PETROLEUM CRACKS AND SPREADS","GRP3 ULSD VS NY HRBR ULSD FUT","A6","01/2027","01/2027","1302","USD","5.000%"
"NYM","PETROLEUM CRACKS AND SPREADS","GRP3 ULSD VS NY HRBR ULSD FUT","A6","02/2027","02/2027","1290","USD","5.000%"
"NYM","PETROLEUM CRACKS AND SPREADS","GRP3 ULSD VS NY HRBR ULSD FUT","A6","03/2027","03/2027","1278","USD","5.000%"
"NYM","PETROLEUM CRACKS AND SPREADS","GRP3 ULSD VS NY HRBR ULSD FUT","A6","04/2027","04/2027","1266","USD","5.000%"
"NYM","PETROLEUM CRACKS AND SPREADS","GRP3 ULSD VS NY HRBR ULSD FUT","A6","05/2027","05/2027","1254","USD","5.000%"
"NYM","PETROLEUM CRACKS AND SPREADS","GRP3 ULSD VS NY HRBR ULSD FUT","A6","06/2027","06/2027","1242","USD","5.000%"
"NYM","PETROLEUM CRACKS AND SPREADS","GRP3 ULSD VS NY HRBR ULSD FUT","A6","07/2027","07/2027","1230","USD","5.000%"
"NYM","PETROLEUM CRACKS AND SPREADS","GRP3 ULSD VS NY HRBR ULSD FUT","A6","08/2027","12/2028","1218","USD","5.000%"
"NYM","PETROLEUM CRACKS AND SPREADS","GRP THREE SUB-OCT GS (PLT) VS RBOB","A8","01/2026","01/2026","812","USD","0.05"
"NYM","PETROLEUM CRACKS AND SPREADS","GRP THREE SUB-OCT GS (PLT) VS RBOB","A8","02/2026","02/2026","1495","USD","0.05"
"NYM","PETROLEUM CRACKS AND SPREADS","GRP THREE SUB-OCT GS (PLT) VS RBOB","A8","03/2026","03/2026","1449","USD","0.05"
"NYM","PETROLEUM CRACKS AND SPREADS","GRP THREE SUB-OCT GS (PLT) VS RBOB","A8","04/2026","04/2026","1436","USD","0.05"
"NYM","PETROLEUM CRACKS AND SPREADS","GRP THREE SUB-OCT GS (PLT) VS RBOB","A8","05/2026","05/2026","1430","USD","0.05"
"NYM","PETROLEUM CRACKS AND SPREADS","GRP THREE SUB-OCT GS (PLT) VS RBOB","A8","06/2026","06/2026","1423","USD","0.05"
"NYM","PETROLEUM CRACKS AND SPREADS","GRP THREE SUB-OCT GS (PLT) VS RBOB","A8","07/2026","07/2026","1410","USD","0.05"
"NYM","PETROLEUM CRACKS AND SPREADS","GRP THREE SUB-OCT GS (PLT) VS RBOB","A8","08/2026","08/2026","1404","USD","0.05"
"NYM","PETROLEUM CRACKS AND SPREADS","GRP THREE SUB-OCT GS (PLT) VS RBOB","A8","09/2026","09/2026","1397","USD","0.05"
"NYM","PETROLEUM CRACKS AND SPREADS","GRP THREE SUB-OCT GS (PLT) VS RBOB","A8","10/2026","11/2026","1391","USD","0.05"
"NYM","PETROLEUM CRACKS AND SPREADS","GRP THREE SUB-OCT GS (PLT) VS RBOB","A8","12/2026","01/2027","1384","USD","0.05"
"NYM","PETROLEUM CRACKS AND SPREADS","GRP THREE SUB-OCT GS (PLT) VS RBOB","A8","02/2027","03/2027","1378","USD","0.05"
"NYM","PETROLEUM CRACKS AND SPREADS","GRP THREE SUB-OCT GS (PLT) VS RBOB","A8","04/2027","05/2027","1371","USD","0.05"
"NYM","PETROLEUM CRACKS AND SPREADS","GRP THREE SUB-OCT GS (PLT) VS RBOB","A8","06/2027","06/2027","1365","USD","0.05"
"NYM","PETROLEUM CRACKS AND SPREADS","GRP THREE SUB-OCT GS (PLT) VS RBOB","A8","07/2027","07/2027","1358","USD","0.05"
"NYM","PETROLEUM CRACKS AND SPREADS","GRP THREE SUB-OCT GS (PLT) VS RBOB","A8","08/2027","09/2027","1352","USD","0.05"
"NYM","PETROLEUM CRACKS AND SPREADS","GRP THREE SUB-OCT GS (PLT) VS RBOB","A8","10/2027","11/2027","1345","USD","0.05"
"NYM","PETROLEUM CRACKS AND SPREADS","GRP THREE SUB-OCT GS (PLT) VS RBOB","A8","12/2027","06/2028","1339","USD","0.05"
"NYM","PETROLEUM CRACKS AND SPREADS","GRP THREE SUB-OCT GS (PLT) VS RBOB","A8","07/2028","08/2028","1332","USD","0.05"
"NYM","PETROLEUM CRACKS AND SPREADS","GRP THREE SUB-OCT GS (PLT) VS RBOB","A8","09/2028","10/2028","1326","USD","0.05"
"NYM","PETROLEUM CRACKS AND SPREADS","GRP THREE SUB-OCT GS (PLT) VS RBOB","A8","11/2028","12/2028","1319","USD","0.05"
"NYM","PETROLEUM CRACKS AND SPREADS","RME BIO ARGUS RDM RED VS ICS GAS","BFR","01/2026","01/2026","1600","USD","0.08"
"NYM","PETROLEUM CRACKS AND SPREADS","RME BIO ARGUS RDM RED VS ICS GAS","BFR","02/2026","02/2026","6371","USD","0.08"
"NYM","PETROLEUM CRACKS AND SPREADS","RME BIO ARGUS RDM RED VS ICS GAS","BFR","03/2026","03/2026","6286","USD","0.08"
"NYM","PETROLEUM CRACKS AND SPREADS","RME BIO ARGUS RDM RED VS ICS GAS","BFR","04/2026","06/2026","6250","USD","0.08"
"NYM","PETROLEUM CRACKS AND SPREADS","RME BIO ARGUS RDM RED VS ICS GAS","BFR","07/2026","07/2026","6031","USD","0.08"
"NYM","PETROLEUM CRACKS AND SPREADS","RME BIO ARGUS RDM RED VS ICS GAS","BFR","08/2026","08/2026","5951","USD","0.08"
"NYM","PETROLEUM CRACKS AND SPREADS","RME BIO ARGUS RDM RED VS ICS GAS","BFR","09/2026","11/2026","5950","USD","0.08"
"NYM","PETROLEUM CRACKS AND SPREADS","RME BIO ARGUS RDM RED VS ICS GAS","BFR","12/2026","12/2026","5745","USD","0.08"
"NYM","PETROLEUM CRACKS AND SPREADS","RME BIO ARGUS RDM RED VS ICS GAS","BFR","01/2027","12/2027","5650","USD","0.08"
"NYM","PETROLEUM CRACKS AND SPREADS","RME BIO ARGUS RDM RED VS ICS GAS","BFR","06/2027","10/2027","5652","USD","0.08"
"NYM","PETROLEUM CRACKS AND SPREADS","3.5% F OIL(PLTS) BRGES FOB RDM CRCK","BOB","01/2026","01/2026","1267","USD","0.08"
"NYM","PETROLEUM CRACKS AND SPREADS","3.5% F OIL(PLTS) BRGES FOB RDM CRCK","BOB","02/2026","02/2026","1789","USD","0.08"
"NYM","PETROLEUM CRACKS AND SPREADS","3.5% F OIL(PLTS) BRGES FOB RDM CRCK","BOB","03/2026","03/2026","1529","USD","0.08"
"NYM","PETROLEUM CRACKS AND SPREADS","3.5% F OIL(PLTS) BRGES FOB RDM CRCK","BOB","04/2026","04/2026","1419","USD","0.08"
"NYM","PETROLEUM CRACKS AND SPREADS","3.5% F OIL(PLTS) BRGES FOB RDM CRCK","BOB","05/2026","05/2026","1234","USD","0.08"
"NYM","PETROLEUM CRACKS AND SPREADS","3.5% F OIL(PLTS) BRGES FOB RDM CRCK","BOB","06/2026","06/2026","1315","USD","0.08"
"NYM","PETROLEUM CRACKS AND SPREADS","3.5% F OIL(PLTS) BRGES FOB RDM CRCK","BOB","07/2026","07/2026","1623","USD","0.08"
"NYM","PETROLEUM CRACKS AND SPREADS","3.5% F OIL(PLTS) BRGES FOB RDM CRCK","BOB","08/2026","08/2026","1103","USD","0.08"
"NYM","PETROLEUM CRACKS AND SPREADS","3.5% F OIL(PLTS) BRGES FOB RDM CRCK","BOB","09/2026","09/2026","1104","USD","0.08"
"NYM","PETROLEUM CRACKS AND SPREADS","3.5% F OIL(PLTS) BRGES FOB RDM CRCK","BOB","10/2026","10/2026","1402","USD","0.08"
"NYM","PETROLEUM CRACKS AND SPREADS","3.5% F OIL(PLTS) BRGES FOB RDM CRCK","BOB","11/2026","11/2026","1296","USD","0.08"
"NYM","PETROLEUM CRACKS AND SPREADS","3.5% F OIL(PLTS) BRGES FOB RDM CRCK","BOB","12/2026","12/2026","1312","USD","0.08"
"NYM","PETROLEUM CRACKS AND SPREADS","3.5% F OIL(PLTS) BRGES FOB RDM CRCK","BOB","01/2027","01/2027","1575","USD","0.08"
"NYM","PETROLEUM CRACKS AND SPREADS","3.5% F OIL(PLTS) BRGES FOB RDM CRCK","BOB","02/2027","02/2027","1481","USD","0.08"
"NYM","PETROLEUM CRACKS AND SPREADS","3.5% F OIL(PLTS) BRGES FOB RDM CRCK","BOB","03/2027","03/2027","1471","USD","0.08"
"NYM","PETROLEUM CRACKS AND SPREADS","3.5% F OIL(PLTS) BRGES FOB RDM CRCK","BOB","04/2027","04/2027","1460","USD","0.08"
"NYM","PETROLEUM CRACKS AND SPREADS","3.5% F OIL(PLTS) BRGES FOB RDM CRCK","BOB","05/2027","05/2027","1450","USD","0.08"
"NYM","PETROLEUM CRACKS AND SPREADS","3.5% F OIL(PLTS) BRGES FOB RDM CRCK","BOB","06/2027","06/2027","1445","USD","0.08"
"NYM","PETROLEUM CRACKS AND SPREADS","3.5% F OIL(PLTS) BRGES FOB RDM CRCK","BOB","07/2027","07/2027","1560","USD","0.08"
"NYM","PETROLEUM CRACKS AND SPREADS","3.5% F OIL(PLTS) BRGES FOB RDM CRCK","BOB","08/2027","08/2027","1559","USD","0.08"
"NYM","PETROLEUM CRACKS AND SPREADS","3.5% F OIL(PLTS) BRGES FOB RDM CRCK","BOB","09/2027","09/2027","1549","USD","0.08"
"NYM","PETROLEUM CRACKS AND SPREADS","3.5% F OIL(PLTS) BRGES FOB RDM CRCK","BOB","10/2027","11/2027","1538","USD","0.08"
"NYM","PETROLEUM CRACKS AND SPREADS","3.5% F OIL(PLTS) BRGES FOB RDM CRCK","BOB","12/2027","12/2027","1543","USD","0.08"
"NYM","PETROLEUM CRACKS AND SPREADS","3.5% F OIL(PLTS) BRGES FOB RDM CRCK","BOB","01/2028","03/2028","1596","USD","0.08"
"NYM","PETROLEUM CRACKS AND SPREADS","3.5% F OIL(PLTS) BRGES FOB RDM CRCK","BOB","04/2028","04/2028","1595","USD","0.08"
"NYM","PETROLEUM CRACKS AND SPREADS","3.5% F OIL(PLTS) BRGES FOB RDM CRCK","BOB","05/2028","05/2028","1584","USD","0.08"
"NYM","PETROLEUM CRACKS AND SPREADS","3.5% F OIL(PLTS) BRGES FOB RDM CRCK","BOB","06/2028","06/2028","1583","USD","0.08"
"NYM","PETROLEUM CRACKS AND SPREADS","3.5% F OIL(PLTS) BRGES FOB RDM CRCK","BOB","07/2028","07/2028","1572","USD","0.08"
"NYM","PETROLEUM CRACKS AND SPREADS","3.5% F OIL(PLTS) BRGES FOB RDM CRCK","BOB","08/2028","08/2028","1560","USD","0.08"
"NYM","PETROLEUM CRACKS AND SPREADS","3.5% F OIL(PLTS) BRGES FOB RDM CRCK","BOB","09/2028","09/2028","1548","USD","0.08"
"NYM","PETROLEUM CRACKS AND SPREADS","3.5% F OIL(PLTS) BRGES FOB RDM CRCK","BOB","10/2028","10/2028","1536","USD","0.08"
"NYM","PETROLEUM CRACKS AND SPREADS","3.5% F OIL(PLTS) BRGES FOB RDM CRCK","BOB","11/2028","11/2028","1525","USD","0.08"
"NYM","PETROLEUM CRACKS AND SPREADS","3.5% F OIL(PLTS) BRGES FOB RDM CRCK","BOB","12/2028","01/2029","1514","USD","0.08"
"NYM","PETROLEUM CRACKS AND SPREADS","3.5% F OIL(PLTS) BRGES FOB RDM CRCK","BOB","02/2029","02/2029","1513","USD","0.08"
"NYM","PETROLEUM CRACKS AND SPREADS","3.5% F OIL(PLTS) BRGES FOB RDM CRCK","BOB","03/2029","12/2030","1502","USD","0.08"
"NYM","PETROLEUM CRACKS AND SPREADS","CPC BLEND MED CARGOES VS DATED BREN","CCM","01/02/2026","01/23/2026","833","USD","0.08"
"NYM","PETROLEUM CRACKS AND SPREADS","CPC BLEND MED CARGOES VS DATED BREN","CCM","02/02/2026","03/24/2026","1400","USD","0.08"
"NYM","PETROLEUM CRACKS AND SPREADS","DATED BRENT VS. BRENT FIRST MO WKLY","CFB","01/16/2026","04/24/2026","1500","USD","0.08"
"NYM","PETROLEUM CRACKS AND SPREADS","DATED BRENT VS. BRENT SECOND WKLY","CFC","01/16/2026","03/27/2026","2000","USD","0.08"
"NYM","PETROLEUM CRACKS AND SPREADS","3.5% FUEL OIL MED VS  FOB BALMO FUT","CMB","01/02/2026","01/30/2026","893","USD","0.08"
"NYM","PETROLEUM CRACKS AND SPREADS","3.5% FUEL OIL MED VS  FOB BALMO FUT","CMB","02/02/2026","03/31/2026","1000","USD","0.08"
"NYM","PETROLEUM CRACKS AND SPREADS","3.5% FUEL OIL CIF MED VS 3.5% FUEL","CMF","01/2026","01/2026","408","USD","0.025"
"NYM","PETROLEUM CRACKS AND SPREADS","3.5% FUEL OIL CIF MED VS 3.5% FUEL","CMF","02/2026","02/2026","1000","USD","0.025"
"NYM","PETROLEUM CRACKS AND SPREADS","3.5% FUEL OIL CIF MED VS 3.5% FUEL","CMF","03/2026","11/2026","925","USD","0.025"
"NYM","PETROLEUM CRACKS AND SPREADS","3.5% FUEL OIL CIF MED VS 3.5% FUEL","CMF","12/2026","12/2028","650","USD","0.025"
"NYM","PETROLEUM CRACKS AND SPREADS","GULF COAST CBOB GAS A2 VS RBOB SRRD","CRB","01/2026","01/2026","603","USD","0.06"
"NYM","PETROLEUM CRACKS AND SPREADS","GULF COAST CBOB GAS A2 VS RBOB SRRD","CRB","02/2026","02/2026","700","USD","0.06"
"NYM","PETROLEUM CRACKS AND SPREADS","GULF COAST CBOB GAS A2 VS RBOB SRRD","CRB","03/2026","12/2028","650","USD","0.06"
"NYM","PETROLEUM CRACKS AND SPREADS","1% FUELOIL BARGES VS1% FO PLTS BLM","EBF","01/02/2026","01/30/2026","2084","USD","0.08"
"NYM","PETROLEUM CRACKS AND SPREADS","1% FUELOIL BARGES VS1% FO PLTS BLM","EBF","02/02/2026","03/31/2026","3500","USD","0.08"
"NYM","PETROLEUM CRACKS AND SPREADS","GAS EUROBOB OXY V NAPHTHA CIF BALMO","EGB","01/01/2026","01/02/2026","16767","USD","0.08"
"NYM","PETROLEUM CRACKS AND SPREADS","GAS EUROBOB OXY V NAPHTHA CIF BALMO","EGB","01/05/2026","01/05/2026","17605","USD","0.08"
"NYM","PETROLEUM CRACKS AND SPREADS","GAS EUROBOB OXY V NAPHTHA CIF BALMO","EGB","01/06/2026","01/06/2026","18535","USD","0.08"
"NYM","PETROLEUM CRACKS AND SPREADS","GAS EUROBOB OXY V NAPHTHA CIF BALMO","EGB","01/07/2026","01/07/2026","19563","USD","0.08"
"NYM","PETROLEUM CRACKS AND SPREADS","GAS EUROBOB OXY V NAPHTHA CIF BALMO","EGB","01/08/2026","01/08/2026","20704","USD","0.08"
"NYM","PETROLEUM CRACKS AND SPREADS","GAS EUROBOB OXY V NAPHTHA CIF BALMO","EGB","01/09/2026","01/09/2026","22007","USD","0.08"
"NYM","PETROLEUM CRACKS AND SPREADS","GAS EUROBOB OXY V NAPHTHA CIF BALMO","EGB","01/12/2026","01/12/2026","23472","USD","0.08"
"NYM","PETROLEUM CRACKS AND SPREADS","GAS EUROBOB OXY V NAPHTHA CIF BALMO","EGB","01/13/2026","01/13/2026","25148","USD","0.08"
"NYM","PETROLEUM CRACKS AND SPREADS","GAS EUROBOB OXY V NAPHTHA CIF BALMO","EGB","01/14/2026","01/14/2026","27084","USD","0.08"
"NYM","PETROLEUM CRACKS AND SPREADS","GAS EUROBOB OXY V NAPHTHA CIF BALMO","EGB","01/15/2026","01/15/2026","29345","USD","0.08"
"NYM","PETROLEUM CRACKS AND SPREADS","GAS EUROBOB OXY V NAPHTHA CIF BALMO","EGB","01/16/2026","01/16/2026","32007","USD","0.08"
"NYM","PETROLEUM CRACKS AND SPREADS","GAS EUROBOB OXY V NAPHTHA CIF BALMO","EGB","01/19/2026","01/19/2026","35211","USD","0.08"
"NYM","PETROLEUM CRACKS AND SPREADS","GAS EUROBOB OXY V NAPHTHA CIF BALMO","EGB","01/20/2026","01/20/2026","39127","USD","0.08"
"NYM","PETROLEUM CRACKS AND SPREADS","GAS EUROBOB OXY V NAPHTHA CIF BALMO","EGB","01/21/2026","01/21/2026","44014","USD","0.08"
"NYM","PETROLEUM CRACKS AND SPREADS","GAS EUROBOB OXY V NAPHTHA CIF BALMO","EGB","01/22/2026","01/22/2026","50303","USD","0.08"
"NYM","PETROLEUM CRACKS AND SPREADS","GAS EUROBOB OXY V NAPHTHA CIF BALMO","EGB","01/23/2026","01/23/2026","58683","USD","0.08"
"NYM","PETROLEUM CRACKS AND SPREADS","GAS EUROBOB OXY V NAPHTHA CIF BALMO","EGB","01/26/2026","01/30/2026","70423","USD","0.08"
"NYM","PETROLEUM CRACKS AND SPREADS","GAS EUROBOB OXY V NAPHTHA CIF BALMO","EGB","02/02/2026","02/27/2026","30600","USD","0.08"
"NYM","PETROLEUM CRACKS AND SPREADS","GAS EUROBOB OXY V NAPHTHA CIF BALMO","EGB","03/02/2026","03/31/2026","22950","USD","0.08"
"NYM","PETROLEUM CRACKS AND SPREADS","GAS EBOB OXY BARGES VS EURO NAPHTHA","EGN","01/2026","01/2026","10112","USD","0.08"
"NYM","PETROLEUM CRACKS AND SPREADS","GAS EBOB OXY BARGES VS EURO NAPHTHA","EGN","02/2026","02/2026","28000","USD","0.08"
"NYM","PETROLEUM CRACKS AND SPREADS","GAS EBOB OXY BARGES VS EURO NAPHTHA","EGN","03/2026","12/2029","26000","USD","0.08"
"NYM","PETROLEUM CRACKS AND SPREADS","EURDIESEL10PPMBRGS FOB ARA(P)VS.NY","EL1","01/2026","12/2027","10000","USD","0.05"
"NYM","PETROLEUM CRACKS AND SPREADS","EUROPEAN NAPTHA CRACK SPREAD FUT","EN","01/2026","01/2026","1396","USD","0.08"
"NYM","PETROLEUM CRACKS AND SPREADS","EUROPEAN NAPTHA CRACK SPREAD FUT","EN","02/2026","02/2026","1749","USD","0.08"
"NYM","PETROLEUM CRACKS AND SPREADS","EUROPEAN NAPTHA CRACK SPREAD FUT","EN","03/2026","03/2026","1637","USD","0.08"
"NYM","PETROLEUM CRACKS AND SPREADS","EUROPEAN NAPTHA CRACK SPREAD FUT","EN","04/2026","04/2026","1384","USD","0.08"
"NYM","PETROLEUM CRACKS AND SPREADS","EUROPEAN NAPTHA CRACK SPREAD FUT","EN","05/2026","05/2026","1284","USD","0.08"
"NYM","PETROLEUM CRACKS AND SPREADS","EUROPEAN NAPTHA CRACK SPREAD FUT","EN","06/2026","06/2026","1275","USD","0.08"
"NYM","PETROLEUM CRACKS AND SPREADS","EUROPEAN NAPTHA CRACK SPREAD FUT","EN","07/2026","07/2026","1384","USD","0.08"
"NYM","PETROLEUM CRACKS AND SPREADS","EUROPEAN NAPTHA CRACK SPREAD FUT","EN","08/2026","08/2026","1068","USD","0.08"
"NYM","PETROLEUM CRACKS AND SPREADS","EUROPEAN NAPTHA CRACK SPREAD FUT","EN","09/2026","09/2026","1055","USD","0.08"
"NYM","PETROLEUM CRACKS AND SPREADS","EUROPEAN NAPTHA CRACK SPREAD FUT","EN","10/2026","10/2026","1041","USD","0.08"
"NYM","PETROLEUM CRACKS AND SPREADS","EUROPEAN NAPTHA CRACK SPREAD FUT","EN","11/2026","11/2026","1020","USD","0.08"
"NYM","PETROLEUM CRACKS AND SPREADS","EUROPEAN NAPTHA CRACK SPREAD FUT","EN","12/2026","12/2026","1032","USD","0.08"
"NYM","PETROLEUM CRACKS AND SPREADS","EUROPEAN NAPTHA CRACK SPREAD FUT","EN","01/2027","01/2027","1215","USD","0.08"
"NYM","PETROLEUM CRACKS AND SPREADS","EUROPEAN NAPTHA CRACK SPREAD FUT","EN","02/2027","02/2027","1198","USD","0.08"
"NYM","PETROLEUM CRACKS AND SPREADS","EUROPEAN NAPTHA CRACK SPREAD FUT","EN","03/2027","03/2027","985","USD","0.08"
"NYM","PETROLEUM CRACKS AND SPREADS","EUROPEAN NAPTHA CRACK SPREAD FUT","EN","04/2027","04/2027","978","USD","0.08"
"NYM","PETROLEUM CRACKS AND SPREADS","EUROPEAN NAPTHA CRACK SPREAD FUT","EN","05/2027","05/2027","971","USD","0.08"
"NYM","PETROLEUM CRACKS AND SPREADS","EUROPEAN NAPTHA CRACK SPREAD FUT","EN","06/2027","06/2027","970","USD","0.08"
"NYM","PETROLEUM CRACKS AND SPREADS","EUROPEAN NAPTHA CRACK SPREAD FUT","EN","07/2027","07/2027","1082","USD","0.08"
"NYM","PETROLEUM CRACKS AND SPREADS","EUROPEAN NAPTHA CRACK SPREAD FUT","EN","08/2027","08/2027","1081","USD","0.08"
"NYM","PETROLEUM CRACKS AND SPREADS","EUROPEAN NAPTHA CRACK SPREAD FUT","EN","09/2027","09/2027","1074","USD","0.08"
"NYM","PETROLEUM CRACKS AND SPREADS","EUROPEAN NAPTHA CRACK SPREAD FUT","EN","10/2027","11/2027","1066","USD","0.08"
"NYM","PETROLEUM CRACKS AND SPREADS","EUROPEAN NAPTHA CRACK SPREAD FUT","EN","12/2027","12/2027","1106","USD","0.08"
"NYM","PETROLEUM CRACKS AND SPREADS","EUROPEAN NAPTHA CRACK SPREAD FUT","EN","01/2028","03/2028","1508","USD","0.08"
"NYM","PETROLEUM CRACKS AND SPREADS","EUROPEAN NAPTHA CRACK SPREAD FUT","EN","04/2028","04/2028","1508","USD","0.08"
"NYM","PETROLEUM CRACKS AND SPREADS","EUROPEAN NAPTHA CRACK SPREAD FUT","EN","05/2028","05/2028","1497","USD","0.08"
"NYM","PETROLEUM CRACKS AND SPREADS","EUROPEAN NAPTHA CRACK SPREAD FUT","EN","06/2028","06/2028","1496","USD","0.08"
"NYM","PETROLEUM CRACKS AND SPREADS","EUROPEAN NAPTHA CRACK SPREAD FUT","EN","07/2028","07/2028","1485","USD","0.08"
"NYM","PETROLEUM CRACKS AND SPREADS","EUROPEAN NAPTHA CRACK SPREAD FUT","EN","08/2028","08/2028","1473","USD","0.08"
"NYM","PETROLEUM CRACKS AND SPREADS","EUROPEAN NAPTHA CRACK SPREAD FUT","EN","09/2028","09/2028","1462","USD","0.08"
"NYM","PETROLEUM CRACKS AND SPREADS","EUROPEAN NAPTHA CRACK SPREAD FUT","EN","10/2028","10/2028","1450","USD","0.08"
"NYM","PETROLEUM CRACKS AND SPREADS","EUROPEAN NAPTHA CRACK SPREAD FUT","EN","11/2028","11/2028","1439","USD","0.08"
"NYM","PETROLEUM CRACKS AND SPREADS","EUROPEAN NAPTHA CRACK SPREAD FUT","EN","12/2028","01/2029","1428","USD","0.08"
"NYM","PETROLEUM CRACKS AND SPREADS","EUROPEAN NAPTHA CRACK SPREAD FUT","EN","02/2029","02/2029","1427","USD","0.08"
"NYM","PETROLEUM CRACKS AND SPREADS","EUROPEAN NAPTHA CRACK SPREAD FUT","EN","03/2029","12/2029","1416","USD","0.08"
"NYM","PETROLEUM CRACKS AND SPREADS","EUR1%FUEL OIL CARG FOB MED V FOBNWE","ENS","01/2026","01/2026","2000","USD","0.08"
"NYM","PETROLEUM CRACKS AND SPREADS","EUR1%FUEL OIL CARG FOB MED V FOBNWE","ENS","02/2026","12/2031","1800","USD","0.08"
"NYM","PETROLEUM CRACKS AND SPREADS","ULSD CAR CIF VS NYM ULSD HEAT OIL","EO1","01/2026","12/2027","10000","USD","0.05"
"NYM","PETROLEUM CRACKS AND SPREADS","ULSD CARG CIF VS NYM ULSD HEAT OIL","EP1","01/2026","12/2027","10000","USD","0.05"
"NYM","PETROLEUM CRACKS AND SPREADS","EURO PPNE CIFARG VS  NAPHTHA NWE FU","EPN","01/2026","01/2026","13296","USD","0.08"
"NYM","PETROLEUM CRACKS AND SPREADS","EURO PPNE CIFARG VS  NAPHTHA NWE FU","EPN","02/2026","02/2026","24790","USD","0.08"
"NYM","PETROLEUM CRACKS AND SPREADS","EURO PPNE CIFARG VS  NAPHTHA NWE FU","EPN","03/2026","04/2026","23310","USD","0.08"
"NYM","PETROLEUM CRACKS AND SPREADS","EURO PPNE CIFARG VS  NAPHTHA NWE FU","EPN","05/2026","06/2026","22940","USD","0.08"
"NYM","PETROLEUM CRACKS AND SPREADS","EURO PPNE CIFARG VS  NAPHTHA NWE FU","EPN","07/2026","07/2026","22570","USD","0.08"
"NYM","PETROLEUM CRACKS AND SPREADS","EURO PPNE CIFARG VS  NAPHTHA NWE FU","EPN","08/2026","12/2029","21460","USD","0.08"
"NYM","PETROLEUM CRACKS AND SPREADS","EU BALMO LOW SULPHUR GASOIL BRENT","ESB","01/02/2026","01/02/2026","2695","USD","25.000%"
"NYM","PETROLEUM CRACKS AND SPREADS","EU BALMO LOW SULPHUR GASOIL BRENT","ESB","01/05/2026","01/05/2026","2830","USD","25.000%"
"NYM","PETROLEUM CRACKS AND SPREADS","EU BALMO LOW SULPHUR GASOIL BRENT","ESB","01/06/2026","01/06/2026","2980","USD","25.000%"
"NYM","PETROLEUM CRACKS AND SPREADS","EU BALMO LOW SULPHUR GASOIL BRENT","ESB","01/07/2026","01/07/2026","3143","USD","25.000%"
"NYM","PETROLEUM CRACKS AND SPREADS","EU BALMO LOW SULPHUR GASOIL BRENT","ESB","01/08/2026","01/08/2026","3328","USD","25.000%"
"NYM","PETROLEUM CRACKS AND SPREADS","EU BALMO LOW SULPHUR GASOIL BRENT","ESB","01/09/2026","01/09/2026","3538","USD","25.000%"
"NYM","PETROLEUM CRACKS AND SPREADS","EU BALMO LOW SULPHUR GASOIL BRENT","ESB","01/12/2026","01/12/2026","3774","USD","25.000%"
"NYM","PETROLEUM CRACKS AND SPREADS","EU BALMO LOW SULPHUR GASOIL BRENT","ESB","01/13/2026","01/13/2026","4044","USD","25.000%"
"NYM","PETROLEUM CRACKS AND SPREADS","EU BALMO LOW SULPHUR GASOIL BRENT","ESB","01/14/2026","01/14/2026","4356","USD","25.000%"
"NYM","PETROLEUM CRACKS AND SPREADS","EU BALMO LOW SULPHUR GASOIL BRENT","ESB","01/15/2026","01/15/2026","4719","USD","25.000%"
"NYM","PETROLEUM CRACKS AND SPREADS","EU BALMO LOW SULPHUR GASOIL BRENT","ESB","01/16/2026","01/16/2026","5143","USD","25.000%"
"NYM","PETROLEUM CRACKS AND SPREADS","EU BALMO LOW SULPHUR GASOIL BRENT","ESB","01/19/2026","01/19/2026","5665","USD","25.000%"
"NYM","PETROLEUM CRACKS AND SPREADS","EU BALMO LOW SULPHUR GASOIL BRENT","ESB","01/20/2026","01/20/2026","6291","USD","25.000%"
"NYM","PETROLEUM CRACKS AND SPREADS","EU BALMO LOW SULPHUR GASOIL BRENT","ESB","01/21/2026","01/21/2026","7077","USD","25.000%"
"NYM","PETROLEUM CRACKS AND SPREADS","EU BALMO LOW SULPHUR GASOIL BRENT","ESB","01/22/2026","01/22/2026","8090","USD","25.000%"
"NYM","PETROLEUM CRACKS AND SPREADS","EU BALMO LOW SULPHUR GASOIL BRENT","ESB","01/23/2026","01/23/2026","9440","USD","25.000%"
"NYM","PETROLEUM CRACKS AND SPREADS","EU BALMO LOW SULPHUR GASOIL BRENT","ESB","01/26/2026","01/26/2026","11330","USD","25.000%"
"NYM","PETROLEUM CRACKS AND SPREADS","EU BALMO LOW SULPHUR GASOIL BRENT","ESB","01/27/2026","01/27/2026","11310","USD","25.000%"
"NYM","PETROLEUM CRACKS AND SPREADS","EU BALMO LOW SULPHUR GASOIL BRENT","ESB","01/28/2026","01/28/2026","11276","USD","25.000%"
"NYM","PETROLEUM CRACKS AND SPREADS","EU BALMO LOW SULPHUR GASOIL BRENT","ESB","01/29/2026","01/29/2026","11210","USD","25.000%"
"NYM","PETROLEUM CRACKS AND SPREADS","EU BALMO LOW SULPHUR GASOIL BRENT","ESB","01/30/2026","01/30/2026","11010","USD","25.000%"
"NYM","PETROLEUM CRACKS AND SPREADS","EU BALMO LOW SULPHUR GASOIL BRENT","ESB","02/02/2026","02/02/2026","10919","USD","25.000%"
"NYM","PETROLEUM CRACKS AND SPREADS","EU BALMO LOW SULPHUR GASOIL BRENT","ESB","02/03/2026","02/03/2026","10915","USD","25.000%"
"NYM","PETROLEUM CRACKS AND SPREADS","EU BALMO LOW SULPHUR GASOIL BRENT","ESB","02/04/2026","02/04/2026","10910","USD","25.000%"
"NYM","PETROLEUM CRACKS AND SPREADS","EU BALMO LOW SULPHUR GASOIL BRENT","ESB","02/05/2026","02/05/2026","10904","USD","25.000%"
"NYM","PETROLEUM CRACKS AND SPREADS","EU BALMO LOW SULPHUR GASOIL BRENT","ESB","02/06/2026","02/06/2026","10898","USD","25.000%"
"NYM","PETROLEUM CRACKS AND SPREADS","EU BALMO LOW SULPHUR GASOIL BRENT","ESB","02/09/2026","02/09/2026","10890","USD","25.000%"
"NYM","PETROLEUM CRACKS AND SPREADS","EU BALMO LOW SULPHUR GASOIL BRENT","ESB","02/10/2026","02/10/2026","10882","USD","25.000%"
"NYM","PETROLEUM CRACKS AND SPREADS","EU BALMO LOW SULPHUR GASOIL BRENT","ESB","02/11/2026","02/11/2026","10873","USD","25.000%"
"NYM","PETROLEUM CRACKS AND SPREADS","EU BALMO LOW SULPHUR GASOIL BRENT","ESB","02/12/2026","02/12/2026","10867","USD","25.000%"
"NYM","PETROLEUM CRACKS AND SPREADS","EU BALMO LOW SULPHUR GASOIL BRENT","ESB","02/13/2026","02/13/2026","10866","USD","25.000%"
"NYM","PETROLEUM CRACKS AND SPREADS","EU BALMO LOW SULPHUR GASOIL BRENT","ESB","02/16/2026","02/16/2026","10865","USD","25.000%"
"NYM","PETROLEUM CRACKS AND SPREADS","EU BALMO LOW SULPHUR GASOIL BRENT","ESB","02/17/2026","02/17/2026","10864","USD","25.000%"
"NYM","PETROLEUM CRACKS AND SPREADS","EU BALMO LOW SULPHUR GASOIL BRENT","ESB","02/18/2026","02/18/2026","10863","USD","25.000%"
"NYM","PETROLEUM CRACKS AND SPREADS","EU BALMO LOW SULPHUR GASOIL BRENT","ESB","02/19/2026","02/19/2026","10861","USD","25.000%"
"NYM","PETROLEUM CRACKS AND SPREADS","EU BALMO LOW SULPHUR GASOIL BRENT","ESB","02/20/2026","02/20/2026","10859","USD","25.000%"
"NYM","PETROLEUM CRACKS AND SPREADS","EU BALMO LOW SULPHUR GASOIL BRENT","ESB","02/23/2026","02/23/2026","10855","USD","25.000%"
"NYM","PETROLEUM CRACKS AND SPREADS","EU BALMO LOW SULPHUR GASOIL BRENT","ESB","02/24/2026","02/24/2026","10850","USD","25.000%"
"NYM","PETROLEUM CRACKS AND SPREADS","EU BALMO LOW SULPHUR GASOIL BRENT","ESB","02/25/2026","02/25/2026","10842","USD","25.000%"
"NYM","PETROLEUM CRACKS AND SPREADS","EU BALMO LOW SULPHUR GASOIL BRENT","ESB","02/26/2026","02/26/2026","10825","USD","25.000%"
"NYM","PETROLEUM CRACKS AND SPREADS","EU BALMO LOW SULPHUR GASOIL BRENT","ESB","02/27/2026","02/27/2026","10775","USD","25.000%"
"NYM","PETROLEUM CRACKS AND SPREADS","EU BALMO LOW SULPHUR GASOIL BRENT","ESB","03/02/2026","03/02/2026","10595","USD","25.000%"
"NYM","PETROLEUM CRACKS AND SPREADS","EU BALMO LOW SULPHUR GASOIL BRENT","ESB","03/03/2026","03/03/2026","10587","USD","25.000%"
"NYM","PETROLEUM CRACKS AND SPREADS","EU BALMO LOW SULPHUR GASOIL BRENT","ESB","03/04/2026","03/04/2026","10578","USD","25.000%"
"NYM","PETROLEUM CRACKS AND SPREADS","EU BALMO LOW SULPHUR GASOIL BRENT","ESB","03/05/2026","03/05/2026","10568","USD","25.000%"
"NYM","PETROLEUM CRACKS AND SPREADS","EU BALMO LOW SULPHUR GASOIL BRENT","ESB","03/06/2026","03/06/2026","10556","USD","25.000%"
"NYM","PETROLEUM CRACKS AND SPREADS","EU BALMO LOW SULPHUR GASOIL BRENT","ESB","03/09/2026","03/09/2026","10544","USD","25.000%"
"NYM","PETROLEUM CRACKS AND SPREADS","EU BALMO LOW SULPHUR GASOIL BRENT","ESB","03/10/2026","03/10/2026","10529","USD","25.000%"
"NYM","PETROLEUM CRACKS AND SPREADS","EU BALMO LOW SULPHUR GASOIL BRENT","ESB","03/11/2026","03/11/2026","10513","USD","25.000%"
"NYM","PETROLEUM CRACKS AND SPREADS","EU BALMO LOW SULPHUR GASOIL BRENT","ESB","03/12/2026","03/12/2026","10500","USD","25.000%"
"NYM","PETROLEUM CRACKS AND SPREADS","EU BALMO LOW SULPHUR GASOIL BRENT","ESB","03/13/2026","03/13/2026","10499","USD","25.000%"
"NYM","PETROLEUM CRACKS AND SPREADS","EU BALMO LOW SULPHUR GASOIL BRENT","ESB","03/16/2026","03/16/2026","10499","USD","25.000%"
"NYM","PETROLEUM CRACKS AND SPREADS","EU BALMO LOW SULPHUR GASOIL BRENT","ESB","03/17/2026","03/17/2026","10497","USD","25.000%"
"NYM","PETROLEUM CRACKS AND SPREADS","EU BALMO LOW SULPHUR GASOIL BRENT","ESB","03/18/2026","03/18/2026","10497","USD","25.000%"
"NYM","PETROLEUM CRACKS AND SPREADS","EU BALMO LOW SULPHUR GASOIL BRENT","ESB","03/19/2026","03/19/2026","10496","USD","25.000%"
"NYM","PETROLEUM CRACKS AND SPREADS","EU BALMO LOW SULPHUR GASOIL BRENT","ESB","03/20/2026","03/20/2026","10494","USD","25.000%"
"NYM","PETROLEUM CRACKS AND SPREADS","EU BALMO LOW SULPHUR GASOIL BRENT","ESB","03/23/2026","03/23/2026","10493","USD","25.000%"
"NYM","PETROLEUM CRACKS AND SPREADS","EU BALMO LOW SULPHUR GASOIL BRENT","ESB","03/24/2026","03/24/2026","10490","USD","25.000%"
"NYM","PETROLEUM CRACKS AND SPREADS","EU BALMO LOW SULPHUR GASOIL BRENT","ESB","03/25/2026","03/25/2026","10487","USD","25.000%"
"NYM","PETROLEUM CRACKS AND SPREADS","EU BALMO LOW SULPHUR GASOIL BRENT","ESB","03/26/2026","03/26/2026","10482","USD","25.000%"
"NYM","PETROLEUM CRACKS AND SPREADS","EU BALMO LOW SULPHUR GASOIL BRENT","ESB","03/27/2026","03/27/2026","10474","USD","25.000%"
"NYM","PETROLEUM CRACKS AND SPREADS","EU BALMO LOW SULPHUR GASOIL BRENT","ESB","03/30/2026","03/30/2026","10457","USD","25.000%"
"NYM","PETROLEUM CRACKS AND SPREADS","EU BALMO LOW SULPHUR GASOIL BRENT","ESB","03/31/2026","03/31/2026","10407","USD","25.000%"
"NYM","PETROLEUM CRACKS AND SPREADS","BALMO LOW SULPHUR GAS CRCK 1000MT","ESS","01/02/2026","01/02/2026","2695","USD","25.000%"
"NYM","PETROLEUM CRACKS AND SPREADS","BALMO LOW SULPHUR GAS CRCK 1000MT","ESS","01/05/2026","01/05/2026","2830","USD","25.000%"
"NYM","PETROLEUM CRACKS AND SPREADS","BALMO LOW SULPHUR GAS CRCK 1000MT","ESS","01/06/2026","01/06/2026","2980","USD","25.000%"
"NYM","PETROLEUM CRACKS AND SPREADS","BALMO LOW SULPHUR GAS CRCK 1000MT","ESS","01/07/2026","01/07/2026","3143","USD","25.000%"
"NYM","PETROLEUM CRACKS AND SPREADS","BALMO LOW SULPHUR GAS CRCK 1000MT","ESS","01/08/2026","01/08/2026","3328","USD","25.000%"
"NYM","PETROLEUM CRACKS AND SPREADS","BALMO LOW SULPHUR GAS CRCK 1000MT","ESS","01/09/2026","01/09/2026","3538","USD","25.000%"
"NYM","PETROLEUM CRACKS AND SPREADS","BALMO LOW SULPHUR GAS CRCK 1000MT","ESS","01/12/2026","01/12/2026","3774","USD","25.000%"
"NYM","PETROLEUM CRACKS AND SPREADS","BALMO LOW SULPHUR GAS CRCK 1000MT","ESS","01/13/2026","01/13/2026","4044","USD","25.000%"
"NYM","PETROLEUM CRACKS AND SPREADS","BALMO LOW SULPHUR GAS CRCK 1000MT","ESS","01/14/2026","01/14/2026","4356","USD","25.000%"
"NYM","PETROLEUM CRACKS AND SPREADS","BALMO LOW SULPHUR GAS CRCK 1000MT","ESS","01/15/2026","01/15/2026","4719","USD","25.000%"
"NYM","PETROLEUM CRACKS AND SPREADS","BALMO LOW SULPHUR GAS CRCK 1000MT","ESS","01/16/2026","01/16/2026","5143","USD","25.000%"
"NYM","PETROLEUM CRACKS AND SPREADS","BALMO LOW SULPHUR GAS CRCK 1000MT","ESS","01/19/2026","01/19/2026","5665","USD","25.000%"
"NYM","PETROLEUM CRACKS AND SPREADS","BALMO LOW SULPHUR GAS CRCK 1000MT","ESS","01/20/2026","01/20/2026","6291","USD","25.000%"
"NYM","PETROLEUM CRACKS AND SPREADS","BALMO LOW SULPHUR GAS CRCK 1000MT","ESS","01/21/2026","01/21/2026","7077","USD","25.000%"
"NYM","PETROLEUM CRACKS AND SPREADS","BALMO LOW SULPHUR GAS CRCK 1000MT","ESS","01/22/2026","01/22/2026","8090","USD","25.000%"
"NYM","PETROLEUM CRACKS AND SPREADS","BALMO LOW SULPHUR GAS CRCK 1000MT","ESS","01/23/2026","01/23/2026","9440","USD","25.000%"
"NYM","PETROLEUM CRACKS AND SPREADS","BALMO LOW SULPHUR GAS CRCK 1000MT","ESS","01/26/2026","01/26/2026","11330","USD","25.000%"
"NYM","PETROLEUM CRACKS AND SPREADS","BALMO LOW SULPHUR GAS CRCK 1000MT","ESS","01/27/2026","01/27/2026","11310","USD","25.000%"
"NYM","PETROLEUM CRACKS AND SPREADS","BALMO LOW SULPHUR GAS CRCK 1000MT","ESS","01/28/2026","01/28/2026","11276","USD","25.000%"
"NYM","PETROLEUM CRACKS AND SPREADS","BALMO LOW SULPHUR GAS CRCK 1000MT","ESS","01/29/2026","01/29/2026","11210","USD","25.000%"
"NYM","PETROLEUM CRACKS AND SPREADS","BALMO LOW SULPHUR GAS CRCK 1000MT","ESS","01/30/2026","01/30/2026","11010","USD","25.000%"
"NYM","PETROLEUM CRACKS AND SPREADS","BALMO LOW SULPHUR GAS CRCK 1000MT","ESS","02/02/2026","02/02/2026","10919","USD","25.000%"
"NYM","PETROLEUM CRACKS AND SPREADS","BALMO LOW SULPHUR GAS CRCK 1000MT","ESS","02/03/2026","02/03/2026","10915","USD","25.000%"
"NYM","PETROLEUM CRACKS AND SPREADS","BALMO LOW SULPHUR GAS CRCK 1000MT","ESS","02/04/2026","02/04/2026","10910","USD","25.000%"
"NYM","PETROLEUM CRACKS AND SPREADS","BALMO LOW SULPHUR GAS CRCK 1000MT","ESS","02/05/2026","02/05/2026","10904","USD","25.000%"
"NYM","PETROLEUM CRACKS AND SPREADS","BALMO LOW SULPHUR GAS CRCK 1000MT","ESS","02/06/2026","02/06/2026","10898","USD","25.000%"
"NYM","PETROLEUM CRACKS AND SPREADS","BALMO LOW SULPHUR GAS CRCK 1000MT","ESS","02/09/2026","02/09/2026","10890","USD","25.000%"
"NYM","PETROLEUM CRACKS AND SPREADS","BALMO LOW SULPHUR GAS CRCK 1000MT","ESS","02/10/2026","02/10/2026","10882","USD","25.000%"
"NYM","PETROLEUM CRACKS AND SPREADS","BALMO LOW SULPHUR GAS CRCK 1000MT","ESS","02/11/2026","02/11/2026","10873","USD","25.000%"
"NYM","PETROLEUM CRACKS AND SPREADS","BALMO LOW SULPHUR GAS CRCK 1000MT","ESS","02/12/2026","02/12/2026","10867","USD","25.000%"
"NYM","PETROLEUM CRACKS AND SPREADS","BALMO LOW SULPHUR GAS CRCK 1000MT","ESS","02/13/2026","02/13/2026","10866","USD","25.000%"
"NYM","PETROLEUM CRACKS AND SPREADS","BALMO LOW SULPHUR GAS CRCK 1000MT","ESS","02/16/2026","02/16/2026","10865","USD","25.000%"
"NYM","PETROLEUM CRACKS AND SPREADS","BALMO LOW SULPHUR GAS CRCK 1000MT","ESS","02/17/2026","02/17/2026","10864","USD","25.000%"
"NYM","PETROLEUM CRACKS AND SPREADS","BALMO LOW SULPHUR GAS CRCK 1000MT","ESS","02/18/2026","02/18/2026","10863","USD","25.000%"
"NYM","PETROLEUM CRACKS AND SPREADS","BALMO LOW SULPHUR GAS CRCK 1000MT","ESS","02/19/2026","02/19/2026","10861","USD","25.000%"
"NYM","PETROLEUM CRACKS AND SPREADS","BALMO LOW SULPHUR GAS CRCK 1000MT","ESS","02/20/2026","02/20/2026","10859","USD","25.000%"
"NYM","PETROLEUM CRACKS AND SPREADS","BALMO LOW SULPHUR GAS CRCK 1000MT","ESS","02/23/2026","02/23/2026","10855","USD","25.000%"
"NYM","PETROLEUM CRACKS AND SPREADS","BALMO LOW SULPHUR GAS CRCK 1000MT","ESS","02/24/2026","02/24/2026","10850","USD","25.000%"
"NYM","PETROLEUM CRACKS AND SPREADS","BALMO LOW SULPHUR GAS CRCK 1000MT","ESS","02/25/2026","02/25/2026","10842","USD","25.000%"
"NYM","PETROLEUM CRACKS AND SPREADS","BALMO LOW SULPHUR GAS CRCK 1000MT","ESS","02/26/2026","02/26/2026","10825","USD","25.000%"
"NYM","PETROLEUM CRACKS AND SPREADS","BALMO LOW SULPHUR GAS CRCK 1000MT","ESS","02/27/2026","02/27/2026","10775","USD","25.000%"
"NYM","PETROLEUM CRACKS AND SPREADS","BALMO LOW SULPHUR GAS CRCK 1000MT","ESS","03/02/2026","03/02/2026","10595","USD","25.000%"
"NYM","PETROLEUM CRACKS AND SPREADS","BALMO LOW SULPHUR GAS CRCK 1000MT","ESS","03/03/2026","03/03/2026","10587","USD","25.000%"
"NYM","PETROLEUM CRACKS AND SPREADS","BALMO LOW SULPHUR GAS CRCK 1000MT","ESS","03/04/2026","03/04/2026","10578","USD","25.000%"
"NYM","PETROLEUM CRACKS AND SPREADS","BALMO LOW SULPHUR GAS CRCK 1000MT","ESS","03/05/2026","03/05/2026","10568","USD","25.000%"
"NYM","PETROLEUM CRACKS AND SPREADS","BALMO LOW SULPHUR GAS CRCK 1000MT","ESS","03/06/2026","03/06/2026","10556","USD","25.000%"
"NYM","PETROLEUM CRACKS AND SPREADS","BALMO LOW SULPHUR GAS CRCK 1000MT","ESS","03/09/2026","03/09/2026","10544","USD","25.000%"
"NYM","PETROLEUM CRACKS AND SPREADS","BALMO LOW SULPHUR GAS CRCK 1000MT","ESS","03/10/2026","03/10/2026","10529","USD","25.000%"
"NYM","PETROLEUM CRACKS AND SPREADS","BALMO LOW SULPHUR GAS CRCK 1000MT","ESS","03/11/2026","03/11/2026","10513","USD","25.000%"
"NYM","PETROLEUM CRACKS AND SPREADS","BALMO LOW SULPHUR GAS CRCK 1000MT","ESS","03/12/2026","03/12/2026","10500","USD","25.000%"
"NYM","PETROLEUM CRACKS AND SPREADS","BALMO LOW SULPHUR GAS CRCK 1000MT","ESS","03/13/2026","03/13/2026","10499","USD","25.000%"
"NYM","PETROLEUM CRACKS AND SPREADS","BALMO LOW SULPHUR GAS CRCK 1000MT","ESS","03/16/2026","03/16/2026","10499","USD","25.000%"
"NYM","PETROLEUM CRACKS AND SPREADS","BALMO LOW SULPHUR GAS CRCK 1000MT","ESS","03/17/2026","03/17/2026","10497","USD","25.000%"
"NYM","PETROLEUM CRACKS AND SPREADS","BALMO LOW SULPHUR GAS CRCK 1000MT","ESS","03/18/2026","03/18/2026","10497","USD","25.000%"
"NYM","PETROLEUM CRACKS AND SPREADS","BALMO LOW SULPHUR GAS CRCK 1000MT","ESS","03/19/2026","03/19/2026","10496","USD","25.000%"
"NYM","PETROLEUM CRACKS AND SPREADS","BALMO LOW SULPHUR GAS CRCK 1000MT","ESS","03/20/2026","03/20/2026","10494","USD","25.000%"
"NYM","PETROLEUM CRACKS AND SPREADS","BALMO LOW SULPHUR GAS CRCK 1000MT","ESS","03/23/2026","03/23/2026","10493","USD","25.000%"
"NYM","PETROLEUM CRACKS AND SPREADS","BALMO LOW SULPHUR GAS CRCK 1000MT","ESS","03/24/2026","03/24/2026","10490","USD","25.000%"
"NYM","PETROLEUM CRACKS AND SPREADS","BALMO LOW SULPHUR GAS CRCK 1000MT","ESS","03/25/2026","03/25/2026","10487","USD","25.000%"
"NYM","PETROLEUM CRACKS AND SPREADS","BALMO LOW SULPHUR GAS CRCK 1000MT","ESS","03/26/2026","03/26/2026","10482","USD","25.000%"
"NYM","PETROLEUM CRACKS AND SPREADS","BALMO LOW SULPHUR GAS CRCK 1000MT","ESS","03/27/2026","03/27/2026","10474","USD","25.000%"
"NYM","PETROLEUM CRACKS AND SPREADS","BALMO LOW SULPHUR GAS CRCK 1000MT","ESS","03/30/2026","03/30/2026","10457","USD","25.000%"
"NYM","PETROLEUM CRACKS AND SPREADS","BALMO LOW SULPHUR GAS CRCK 1000MT","ESS","03/31/2026","03/31/2026","10407","USD","25.000%"
"NYM","PETROLEUM CRACKS AND SPREADS","EUR DIESEL10PPM BRGS FOB ARA(PLATTS","ET","01/2026","01/2026","6250","USD","0.05"
"NYM","PETROLEUM CRACKS AND SPREADS","EUR DIESEL10PPM BRGS FOB ARA(PLATTS","ET","02/2026","02/2026","6000","USD","0.05"
"NYM","PETROLEUM CRACKS AND SPREADS","EUR DIESEL10PPM BRGS FOB ARA(PLATTS","ET","03/2026","03/2026","4500","USD","0.05"
"NYM","PETROLEUM CRACKS AND SPREADS","EUR DIESEL10PPM BRGS FOB ARA(PLATTS","ET","04/2026","12/2028","3500","USD","0.05"
"NYM","PETROLEUM CRACKS AND SPREADS","SING 380 FUEL OIL VS FUEL OIL ROTDM","EVC","01/2026","01/2026","12292","USD","0.08"
"NYM","PETROLEUM CRACKS AND SPREADS","SING 380 FUEL OIL VS FUEL OIL ROTDM","EVC","02/2026","02/2026","8515","USD","0.08"
"NYM","PETROLEUM CRACKS AND SPREADS","SING 380 FUEL OIL VS FUEL OIL ROTDM","EVC","03/2026","03/2026","7440","USD","0.08"
"NYM","PETROLEUM CRACKS AND SPREADS","SING 380 FUEL OIL VS FUEL OIL ROTDM","EVC","04/2026","07/2026","7320","USD","0.08"
"NYM","PETROLEUM CRACKS AND SPREADS","SING 380 FUEL OIL VS FUEL OIL ROTDM","EVC","08/2026","10/2026","6100","USD","0.08"
"NYM","PETROLEUM CRACKS AND SPREADS","SING 380 FUEL OIL VS FUEL OIL ROTDM","EVC","11/2026","01/2027","5800","USD","0.08"
"NYM","PETROLEUM CRACKS AND SPREADS","SING 380 FUEL OIL VS FUEL OIL ROTDM","EVC","02/2027","11/2031","7540","USD","0.08"
"NYM","PETROLEUM CRACKS AND SPREADS","SING 380 FUEL OIL VS FUEL OIL ROTDM","EVC","12/2031","12/2031","27000","USD","0.08"
"NYM","PETROLEUM CRACKS AND SPREADS","EAST/WEST FUEL OIL SPREAD FUT","EW","01/2026","01/2026","4967","USD","0.025"
"NYM","PETROLEUM CRACKS AND SPREADS","EAST/WEST FUEL OIL SPREAD FUT","EW","02/2026","02/2026","10000","USD","0.025"
"NYM","PETROLEUM CRACKS AND SPREADS","EAST/WEST FUEL OIL SPREAD FUT","EW","03/2026","09/2026","7500","USD","0.025"
"NYM","PETROLEUM CRACKS AND SPREADS","EAST/WEST FUEL OIL SPREAD FUT","EW","10/2026","12/2031","5500","USD","0.025"
"NYM","PETROLEUM CRACKS AND SPREADS","EAST-WST GASOLINE SPREAD PLATTS/ARG","EWG","01/2026","01/2026","2315","USD","0.08"
"NYM","PETROLEUM CRACKS AND SPREADS","EAST-WST GASOLINE SPREAD PLATTS/ARG","EWG","02/2026","02/2026","2350","USD","0.08"
"NYM","PETROLEUM CRACKS AND SPREADS","EAST-WST GASOLINE SPREAD PLATTS/ARG","EWG","03/2026","06/2026","2185","USD","0.08"
"NYM","PETROLEUM CRACKS AND SPREADS","EAST-WST GASOLINE SPREAD PLATTS/ARG","EWG","07/2026","07/2026","2002","USD","0.08"
"NYM","PETROLEUM CRACKS AND SPREADS","EAST-WST GASOLINE SPREAD PLATTS/ARG","EWG","08/2026","10/2026","1581","USD","0.08"
"NYM","PETROLEUM CRACKS AND SPREADS","EAST-WST GASOLINE SPREAD PLATTS/ARG","EWG","11/2026","12/2026","2318","USD","0.08"
"NYM","PETROLEUM CRACKS AND SPREADS","EAST-WST GASOLINE SPREAD PLATTS/ARG","EWG","01/2027","02/2027","2266","USD","0.08"
"NYM","PETROLEUM CRACKS AND SPREADS","EAST-WST GASOLINE SPREAD PLATTS/ARG","EWG","03/2027","12/2028","2472","USD","0.08"
"NYM","PETROLEUM CRACKS AND SPREADS","EAST-WST GASOLINE SPREAD PLATTS/ARG","EWG","01/2029","04/2029","4800","USD","0.08"
"NYM","PETROLEUM CRACKS AND SPREADS","EAST-WST GASOLINE SPREAD PLATTS/ARG","EWG","05/2029","12/2029","1250","USD","0.08"
"NYM","PETROLEUM CRACKS AND SPREADS","E/W NAPHTHA JAPAN CF VS CRGOES CIF","EWN","01/2026","01/2026","12097","USD","0.08"
"NYM","PETROLEUM CRACKS AND SPREADS","E/W NAPHTHA JAPAN CF VS CRGOES CIF","EWN","02/2026","06/2026","6480","USD","0.08"
"NYM","PETROLEUM CRACKS AND SPREADS","E/W NAPHTHA JAPAN CF VS CRGOES CIF","EWN","07/2026","12/2028","6300","USD","0.08"
"NYM","PETROLEUM CRACKS AND SPREADS","FAME BIO ARGUS RDM RED VS ICE GAS","FBT","01/2026","01/2026","1312","USD","0.08"
"NYM","PETROLEUM CRACKS AND SPREADS","FAME BIO ARGUS RDM RED VS ICE GAS","FBT","02/2026","02/2026","5221","USD","0.08"
"NYM","PETROLEUM CRACKS AND SPREADS","FAME BIO ARGUS RDM RED VS ICE GAS","FBT","03/2026","03/2026","5136","USD","0.08"
"NYM","PETROLEUM CRACKS AND SPREADS","FAME BIO ARGUS RDM RED VS ICE GAS","FBT","04/2026","06/2026","5100","USD","0.08"
"NYM","PETROLEUM CRACKS AND SPREADS","FAME BIO ARGUS RDM RED VS ICE GAS","FBT","07/2026","07/2026","4881","USD","0.08"
"NYM","PETROLEUM CRACKS AND SPREADS","FAME BIO ARGUS RDM RED VS ICE GAS","FBT","08/2026","08/2026","4800","USD","0.08"
"NYM","PETROLEUM CRACKS AND SPREADS","FAME BIO ARGUS RDM RED VS ICE GAS","FBT","09/2026","11/2026","4800","USD","0.08"
"NYM","PETROLEUM CRACKS AND SPREADS","FAME BIO ARGUS RDM RED VS ICE GAS","FBT","12/2026","12/2026","4595","USD","0.08"
"NYM","PETROLEUM CRACKS AND SPREADS","FAME BIO ARGUS RDM RED VS ICE GAS","FBT","01/2027","12/2027","4500","USD","0.08"
"NYM","PETROLEUM CRACKS AND SPREADS","FAME BIO ARGUS RDM RED VS ICE GAS","FBT","06/2027","10/2027","4501","USD","0.08"
"NYM","PETROLEUM CRACKS AND SPREADS","FUEL OIL NWE CRACK VS. ICE","FI","01/2026","01/2026","2500","USD","0.08"
"NYM","PETROLEUM CRACKS AND SPREADS","FUEL OIL NWE CRACK VS. ICE","FI","02/2026","02/2026","2250","USD","0.08"
"NYM","PETROLEUM CRACKS AND SPREADS","FUEL OIL NWE CRACK VS. ICE","FI","03/2026","12/2028","1900","USD","0.08"
"NYM","PETROLEUM CRACKS AND SPREADS","EURO 3.5% FUEL OIL SPREAD","FK","01/2026","01/2026","4193","USD","0.025"
"NYM","PETROLEUM CRACKS AND SPREADS","EURO 3.5% FUEL OIL SPREAD","FK","02/2026","03/2026","9000","USD","0.025"
"NYM","PETROLEUM CRACKS AND SPREADS","EURO 3.5% FUEL OIL SPREAD","FK","04/2026","11/2026","7000","USD","0.025"
"NYM","PETROLEUM CRACKS AND SPREADS","EURO 3.5% FUEL OIL SPREAD","FK","12/2026","12/2028","4500","USD","0.025"
"NYM","PETROLEUM CRACKS AND SPREADS","EURO 3.5% FUEL OIL M CRK","FL","01/2026","01/2026","1419","USD","0.05"
"NYM","PETROLEUM CRACKS AND SPREADS","EURO 3.5% FUEL OIL M CRK","FL","02/2026","12/2028","4000","USD","0.05"
"NYM","PETROLEUM CRACKS AND SPREADS","FUEL OIL CRACK VS. ICE","FO","01/2026","01/2026","1267","USD","0.08"
"NYM","PETROLEUM CRACKS AND SPREADS","FUEL OIL CRACK VS. ICE","FO","02/2026","02/2026","1789","USD","0.08"
"NYM","PETROLEUM CRACKS AND SPREADS","FUEL OIL CRACK VS. ICE","FO","03/2026","03/2026","1529","USD","0.08"
"NYM","PETROLEUM CRACKS AND SPREADS","FUEL OIL CRACK VS. ICE","FO","04/2026","04/2026","1419","USD","0.08"
"NYM","PETROLEUM CRACKS AND SPREADS","FUEL OIL CRACK VS. ICE","FO","05/2026","05/2026","1234","USD","0.08"
"NYM","PETROLEUM CRACKS AND SPREADS","FUEL OIL CRACK VS. ICE","FO","06/2026","06/2026","1315","USD","0.08"
"NYM","PETROLEUM CRACKS AND SPREADS","FUEL OIL CRACK VS. ICE","FO","07/2026","07/2026","1623","USD","0.08"
"NYM","PETROLEUM CRACKS AND SPREADS","FUEL OIL CRACK VS. ICE","FO","08/2026","08/2026","1103","USD","0.08"
"NYM","PETROLEUM CRACKS AND SPREADS","FUEL OIL CRACK VS. ICE","FO","09/2026","09/2026","1104","USD","0.08"
"NYM","PETROLEUM CRACKS AND SPREADS","FUEL OIL CRACK VS. ICE","FO","10/2026","10/2026","1402","USD","0.08"
"NYM","PETROLEUM CRACKS AND SPREADS","FUEL OIL CRACK VS. ICE","FO","11/2026","11/2026","1296","USD","0.08"
"NYM","PETROLEUM CRACKS AND SPREADS","FUEL OIL CRACK VS. ICE","FO","12/2026","12/2026","1312","USD","0.08"
"NYM","PETROLEUM CRACKS AND SPREADS","FUEL OIL CRACK VS. ICE","FO","01/2027","01/2027","1575","USD","0.08"
"NYM","PETROLEUM CRACKS AND SPREADS","FUEL OIL CRACK VS. ICE","FO","02/2027","02/2027","1481","USD","0.08"
"NYM","PETROLEUM CRACKS AND SPREADS","FUEL OIL CRACK VS. ICE","FO","03/2027","03/2027","1471","USD","0.08"
"NYM","PETROLEUM CRACKS AND SPREADS","FUEL OIL CRACK VS. ICE","FO","04/2027","04/2027","1460","USD","0.08"
"NYM","PETROLEUM CRACKS AND SPREADS","FUEL OIL CRACK VS. ICE","FO","05/2027","05/2027","1450","USD","0.08"
"NYM","PETROLEUM CRACKS AND SPREADS","FUEL OIL CRACK VS. ICE","FO","06/2027","06/2027","1445","USD","0.08"
"NYM","PETROLEUM CRACKS AND SPREADS","FUEL OIL CRACK VS. ICE","FO","07/2027","07/2027","1560","USD","0.08"
"NYM","PETROLEUM CRACKS AND SPREADS","FUEL OIL CRACK VS. ICE","FO","08/2027","08/2027","1559","USD","0.08"
"NYM","PETROLEUM CRACKS AND SPREADS","FUEL OIL CRACK VS. ICE","FO","09/2027","09/2027","1549","USD","0.08"
"NYM","PETROLEUM CRACKS AND SPREADS","FUEL OIL CRACK VS. ICE","FO","10/2027","11/2027","1538","USD","0.08"
"NYM","PETROLEUM CRACKS AND SPREADS","FUEL OIL CRACK VS. ICE","FO","12/2027","12/2027","1543","USD","0.08"
"NYM","PETROLEUM CRACKS AND SPREADS","FUEL OIL CRACK VS. ICE","FO","01/2028","03/2028","1596","USD","0.08"
"NYM","PETROLEUM CRACKS AND SPREADS","FUEL OIL CRACK VS. ICE","FO","04/2028","04/2028","1595","USD","0.08"
"NYM","PETROLEUM CRACKS AND SPREADS","FUEL OIL CRACK VS. ICE","FO","05/2028","05/2028","1584","USD","0.08"
"NYM","PETROLEUM CRACKS AND SPREADS","FUEL OIL CRACK VS. ICE","FO","06/2028","06/2028","1583","USD","0.08"
"NYM","PETROLEUM CRACKS AND SPREADS","FUEL OIL CRACK VS. ICE","FO","07/2028","07/2028","1572","USD","0.08"
"NYM","PETROLEUM CRACKS AND SPREADS","FUEL OIL CRACK VS. ICE","FO","08/2028","08/2028","1560","USD","0.08"
"NYM","PETROLEUM CRACKS AND SPREADS","FUEL OIL CRACK VS. ICE","FO","09/2028","09/2028","1548","USD","0.08"
"NYM","PETROLEUM CRACKS AND SPREADS","FUEL OIL CRACK VS. ICE","FO","10/2028","10/2028","1536","USD","0.08"
"NYM","PETROLEUM CRACKS AND SPREADS","FUEL OIL CRACK VS. ICE","FO","11/2028","11/2028","1525","USD","0.08"
"NYM","PETROLEUM CRACKS AND SPREADS","FUEL OIL CRACK VS. ICE","FO","12/2028","01/2029","1514","USD","0.08"
"NYM","PETROLEUM CRACKS AND SPREADS","FUEL OIL CRACK VS. ICE","FO","02/2029","02/2029","1513","USD","0.08"
"NYM","PETROLEUM CRACKS AND SPREADS","FUEL OIL CRACK VS. ICE","FO","03/2029","12/2030","1502","USD","0.08"
"NYM","PETROLEUM CRACKS AND SPREADS","3.5% FUELOIL FOB MED CRK SPD BALMO","FOA","01/02/2026","01/30/2026","2978","USD","0.08"
"NYM","PETROLEUM CRACKS AND SPREADS","3.5% FUELOIL FOB MED CRK SPD BALMO","FOA","02/02/2026","03/31/2026","5000","USD","0.08"
"NYM","PETROLEUM CRACKS AND SPREADS","FUELOIL FUT:CARGOES VS.BARGES","FS","01/2026","01/2026","4435","USD","0.05"
"NYM","PETROLEUM CRACKS AND SPREADS","FUELOIL FUT:CARGOES VS.BARGES","FS","02/2026","02/2026","11000","USD","0.05"
"NYM","PETROLEUM CRACKS AND SPREADS","FUELOIL FUT:CARGOES VS.BARGES","FS","03/2026","04/2026","10000","USD","0.05"
"NYM","PETROLEUM CRACKS AND SPREADS","FUELOIL FUT:CARGOES VS.BARGES","FS","05/2026","11/2026","9000","USD","0.05"
"NYM","PETROLEUM CRACKS AND SPREADS","FUELOIL FUT:CARGOES VS.BARGES","FS","12/2026","04/2030","8500","USD","0.05"
"NYM","PETROLEUM CRACKS AND SPREADS","1% FOIL(PLTS) CARGOES FOB NWE CRACK","FVB","01/2026","01/2026","15875","USD","0.08"
"NYM","PETROLEUM CRACKS AND SPREADS","1% FOIL(PLTS) CARGOES FOB NWE CRACK","FVB","02/2026","02/2026","14287","USD","0.08"
"NYM","PETROLEUM CRACKS AND SPREADS","1% FOIL(PLTS) CARGOES FOB NWE CRACK","FVB","03/2026","12/2030","12065","USD","0.08"
"NYM","PETROLEUM CRACKS AND SPREADS","SINGAPORE GASOIL VS ICE","GA","01/2026","01/2026","1100","USD","0.05"
"NYM","PETROLEUM CRACKS AND SPREADS","SINGAPORE GASOIL VS ICE","GA","02/2026","02/2026","1000","USD","0.05"
"NYM","PETROLEUM CRACKS AND SPREADS","SINGAPORE GASOIL VS ICE","GA","03/2026","06/2026","850","USD","0.05"
"NYM","PETROLEUM CRACKS AND SPREADS","SINGAPORE GASOIL VS ICE","GA","07/2026","12/2028","650","USD","0.05"
"NYM","PETROLEUM CRACKS AND SPREADS","GULF CST UNL 87 GAS M2 V. RBOB BLMO","GBB","01/02/2026","01/02/2026","365","USD","0.06"
"NYM","PETROLEUM CRACKS AND SPREADS","GULF CST UNL 87 GAS M2 V. RBOB BLMO","GBB","01/05/2026","01/05/2026","385","USD","0.06"
"NYM","PETROLEUM CRACKS AND SPREADS","GULF CST UNL 87 GAS M2 V. RBOB BLMO","GBB","01/06/2026","01/06/2026","406","USD","0.06"
"NYM","PETROLEUM CRACKS AND SPREADS","GULF CST UNL 87 GAS M2 V. RBOB BLMO","GBB","01/07/2026","01/07/2026","430","USD","0.06"
"NYM","PETROLEUM CRACKS AND SPREADS","GULF CST UNL 87 GAS M2 V. RBOB BLMO","GBB","01/08/2026","01/08/2026","457","USD","0.06"
"NYM","PETROLEUM CRACKS AND SPREADS","GULF CST UNL 87 GAS M2 V. RBOB BLMO","GBB","01/09/2026","01/09/2026","487","USD","0.06"
"NYM","PETROLEUM CRACKS AND SPREADS","GULF CST UNL 87 GAS M2 V. RBOB BLMO","GBB","01/12/2026","01/12/2026","522","USD","0.06"
"NYM","PETROLEUM CRACKS AND SPREADS","GULF CST UNL 87 GAS M2 V. RBOB BLMO","GBB","01/13/2026","01/13/2026","562","USD","0.06"
"NYM","PETROLEUM CRACKS AND SPREADS","GULF CST UNL 87 GAS M2 V. RBOB BLMO","GBB","01/14/2026","01/14/2026","609","USD","0.06"
"NYM","PETROLEUM CRACKS AND SPREADS","GULF CST UNL 87 GAS M2 V. RBOB BLMO","GBB","01/15/2026","01/15/2026","664","USD","0.06"
"NYM","PETROLEUM CRACKS AND SPREADS","GULF CST UNL 87 GAS M2 V. RBOB BLMO","GBB","01/16/2026","01/16/2026","731","USD","0.06"
"NYM","PETROLEUM CRACKS AND SPREADS","GULF CST UNL 87 GAS M2 V. RBOB BLMO","GBB","01/19/2026","01/20/2026","812","USD","0.06"
"NYM","PETROLEUM CRACKS AND SPREADS","GULF CST UNL 87 GAS M2 V. RBOB BLMO","GBB","01/21/2026","01/21/2026","914","USD","0.06"
"NYM","PETROLEUM CRACKS AND SPREADS","GULF CST UNL 87 GAS M2 V. RBOB BLMO","GBB","01/22/2026","01/22/2026","1045","USD","0.06"
"NYM","PETROLEUM CRACKS AND SPREADS","GULF CST UNL 87 GAS M2 V. RBOB BLMO","GBB","01/23/2026","01/23/2026","1219","USD","0.06"
"NYM","PETROLEUM CRACKS AND SPREADS","GULF CST UNL 87 GAS M2 V. RBOB BLMO","GBB","01/26/2026","01/30/2026","1463","USD","0.06"
"NYM","PETROLEUM CRACKS AND SPREADS","GULF CST UNL 87 GAS M2 V. RBOB BLMO","GBB","02/02/2026","02/27/2026","1402","USD","0.06"
"NYM","PETROLEUM CRACKS AND SPREADS","GULF CST HSFO V EURO 3.5 FO BALMO","GCB","01/02/2026","01/02/2026","2008","USD","0.08"
"NYM","PETROLEUM CRACKS AND SPREADS","GULF CST HSFO V EURO 3.5 FO BALMO","GCB","01/05/2026","01/05/2026","2114","USD","0.08"
"NYM","PETROLEUM CRACKS AND SPREADS","GULF CST HSFO V EURO 3.5 FO BALMO","GCB","01/06/2026","01/06/2026","2232","USD","0.08"
"NYM","PETROLEUM CRACKS AND SPREADS","GULF CST HSFO V EURO 3.5 FO BALMO","GCB","01/07/2026","01/07/2026","2363","USD","0.08"
"NYM","PETROLEUM CRACKS AND SPREADS","GULF CST HSFO V EURO 3.5 FO BALMO","GCB","01/08/2026","01/08/2026","2511","USD","0.08"
"NYM","PETROLEUM CRACKS AND SPREADS","GULF CST HSFO V EURO 3.5 FO BALMO","GCB","01/09/2026","01/09/2026","2677","USD","0.08"
"NYM","PETROLEUM CRACKS AND SPREADS","GULF CST HSFO V EURO 3.5 FO BALMO","GCB","01/12/2026","01/12/2026","2869","USD","0.08"
"NYM","PETROLEUM CRACKS AND SPREADS","GULF CST HSFO V EURO 3.5 FO BALMO","GCB","01/13/2026","01/13/2026","3090","USD","0.08"
"NYM","PETROLEUM CRACKS AND SPREADS","GULF CST HSFO V EURO 3.5 FO BALMO","GCB","01/14/2026","01/14/2026","3348","USD","0.08"
"NYM","PETROLEUM CRACKS AND SPREADS","GULF CST HSFO V EURO 3.5 FO BALMO","GCB","01/15/2026","01/15/2026","3651","USD","0.08"
"NYM","PETROLEUM CRACKS AND SPREADS","GULF CST HSFO V EURO 3.5 FO BALMO","GCB","01/16/2026","01/16/2026","4018","USD","0.08"
"NYM","PETROLEUM CRACKS AND SPREADS","GULF CST HSFO V EURO 3.5 FO BALMO","GCB","01/19/2026","01/20/2026","4465","USD","0.08"
"NYM","PETROLEUM CRACKS AND SPREADS","GULF CST HSFO V EURO 3.5 FO BALMO","GCB","01/21/2026","01/21/2026","5023","USD","0.08"
"NYM","PETROLEUM CRACKS AND SPREADS","GULF CST HSFO V EURO 3.5 FO BALMO","GCB","01/22/2026","01/22/2026","5741","USD","0.08"
"NYM","PETROLEUM CRACKS AND SPREADS","GULF CST HSFO V EURO 3.5 FO BALMO","GCB","01/23/2026","01/23/2026","6697","USD","0.08"
"NYM","PETROLEUM CRACKS AND SPREADS","GULF CST HSFO V EURO 3.5 FO BALMO","GCB","01/26/2026","01/30/2026","8037","USD","0.08"
"NYM","PETROLEUM CRACKS AND SPREADS","GULF CST HSFO V EURO 3.5 FO BALMO","GCB","02/02/2026","02/27/2026","1276","USD","0.08"
"NYM","PETROLEUM CRACKS AND SPREADS","GULF CST UNL 87 GAS M2(PLATTS) CRCK","GCC","01/2026","01/2026","1300","USD","0.06"
"NYM","PETROLEUM CRACKS AND SPREADS","GULF CST UNL 87 GAS M2(PLATTS) CRCK","GCC","02/2026","02/2026","5158","USD","0.06"
"NYM","PETROLEUM CRACKS AND SPREADS","GULF CST UNL 87 GAS M2(PLATTS) CRCK","GCC","03/2026","03/2026","5067","USD","0.06"
"NYM","PETROLEUM CRACKS AND SPREADS","GULF CST UNL 87 GAS M2(PLATTS) CRCK","GCC","04/2026","04/2026","5013","USD","0.06"
"NYM","PETROLEUM CRACKS AND SPREADS","GULF CST UNL 87 GAS M2(PLATTS) CRCK","GCC","05/2026","05/2026","4932","USD","0.06"
"NYM","PETROLEUM CRACKS AND SPREADS","GULF CST UNL 87 GAS M2(PLATTS) CRCK","GCC","06/2026","06/2026","4868","USD","0.06"
"NYM","PETROLEUM CRACKS AND SPREADS","GULF CST UNL 87 GAS M2(PLATTS) CRCK","GCC","07/2026","07/2026","4825","USD","0.06"
"NYM","PETROLEUM CRACKS AND SPREADS","GULF CST UNL 87 GAS M2(PLATTS) CRCK","GCC","08/2026","08/2026","4786","USD","0.06"
"NYM","PETROLEUM CRACKS AND SPREADS","GULF CST UNL 87 GAS M2(PLATTS) CRCK","GCC","09/2026","09/2026","4748","USD","0.06"
"NYM","PETROLEUM CRACKS AND SPREADS","GULF CST UNL 87 GAS M2(PLATTS) CRCK","GCC","10/2026","10/2026","4705","USD","0.06"
"NYM","PETROLEUM CRACKS AND SPREADS","GULF CST UNL 87 GAS M2(PLATTS) CRCK","GCC","11/2026","11/2026","4670","USD","0.06"
"NYM","PETROLEUM CRACKS AND SPREADS","GULF CST UNL 87 GAS M2(PLATTS) CRCK","GCC","12/2026","12/2026","4627","USD","0.06"
"NYM","PETROLEUM CRACKS AND SPREADS","GULF CST UNL 87 GAS M2(PLATTS) CRCK","GCC","01/2027","01/2027","4585","USD","0.06"
"NYM","PETROLEUM CRACKS AND SPREADS","GULF CST UNL 87 GAS M2(PLATTS) CRCK","GCC","02/2027","02/2027","4556","USD","0.06"
"NYM","PETROLEUM CRACKS AND SPREADS","GULF CST UNL 87 GAS M2(PLATTS) CRCK","GCC","03/2027","03/2027","4534","USD","0.06"
"NYM","PETROLEUM CRACKS AND SPREADS","GULF CST UNL 87 GAS M2(PLATTS) CRCK","GCC","04/2027","04/2027","4512","USD","0.06"
"NYM","PETROLEUM CRACKS AND SPREADS","GULF CST UNL 87 GAS M2(PLATTS) CRCK","GCC","05/2027","05/2027","4494","USD","0.06"
"NYM","PETROLEUM CRACKS AND SPREADS","GULF CST UNL 87 GAS M2(PLATTS) CRCK","GCC","06/2027","07/2027","4480","USD","0.06"
"NYM","PETROLEUM CRACKS AND SPREADS","GULF CST UNL 87 GAS M2(PLATTS) CRCK","GCC","08/2027","08/2027","4473","USD","0.06"
"NYM","PETROLEUM CRACKS AND SPREADS","GULF CST UNL 87 GAS M2(PLATTS) CRCK","GCC","09/2027","09/2027","4453","USD","0.06"
"NYM","PETROLEUM CRACKS AND SPREADS","GULF CST UNL 87 GAS M2(PLATTS) CRCK","GCC","10/2027","10/2027","4433","USD","0.06"
"NYM","PETROLEUM CRACKS AND SPREADS","GULF CST UNL 87 GAS M2(PLATTS) CRCK","GCC","11/2027","11/2027","4414","USD","0.06"
"NYM","PETROLEUM CRACKS AND SPREADS","GULF CST UNL 87 GAS M2(PLATTS) CRCK","GCC","12/2027","12/2027","4392","USD","0.06"
"NYM","PETROLEUM CRACKS AND SPREADS","GULF CST UNL 87 GAS M2(PLATTS) CRCK","GCC","01/2028","01/2028","4373","USD","0.06"
"NYM","PETROLEUM CRACKS AND SPREADS","GULF CST UNL 87 GAS M2(PLATTS) CRCK","GCC","02/2028","02/2028","4355","USD","0.06"
"NYM","PETROLEUM CRACKS AND SPREADS","GULF CST UNL 87 GAS M2(PLATTS) CRCK","GCC","03/2028","03/2028","4333","USD","0.06"
"NYM","PETROLEUM CRACKS AND SPREADS","GULF CST UNL 87 GAS M2(PLATTS) CRCK","GCC","04/2028","04/2028","4313","USD","0.06"
"NYM","PETROLEUM CRACKS AND SPREADS","GULF CST UNL 87 GAS M2(PLATTS) CRCK","GCC","05/2028","05/2028","4294","USD","0.06"
"NYM","PETROLEUM CRACKS AND SPREADS","GULF CST UNL 87 GAS M2(PLATTS) CRCK","GCC","06/2028","06/2028","4272","USD","0.06"
"NYM","PETROLEUM CRACKS AND SPREADS","GULF CST UNL 87 GAS M2(PLATTS) CRCK","GCC","07/2028","07/2028","4260","USD","0.06"
"NYM","PETROLEUM CRACKS AND SPREADS","GULF CST UNL 87 GAS M2(PLATTS) CRCK","GCC","08/2028","08/2028","4253","USD","0.06"
"NYM","PETROLEUM CRACKS AND SPREADS","GULF CST UNL 87 GAS M2(PLATTS) CRCK","GCC","09/2028","09/2028","4233","USD","0.06"
"NYM","PETROLEUM CRACKS AND SPREADS","GULF CST UNL 87 GAS M2(PLATTS) CRCK","GCC","10/2028","10/2028","4220","USD","0.06"
"NYM","PETROLEUM CRACKS AND SPREADS","GULF CST UNL 87 GAS M2(PLATTS) CRCK","GCC","11/2028","11/2028","4213","USD","0.06"
"NYM","PETROLEUM CRACKS AND SPREADS","GULF CST UNL 87 GAS M2(PLATTS) CRCK","GCC","12/2028","12/2028","4193","USD","0.06"
"NYM","PETROLEUM CRACKS AND SPREADS","GULF CST CBOB GAS A2 PLTTS CRK FUT","GCG","01/2026","01/2026","869","USD","0.06"
"NYM","PETROLEUM CRACKS AND SPREADS","GULF CST CBOB GAS A2 PLTTS CRK FUT","GCG","02/2026","12/2028","2450","USD","0.06"
"NYM","PETROLEUM CRACKS AND SPREADS","GULF COAST HSFO (PLATTS) BRENT CRK","GCI","01/2026","01/2026","1277","USD","0.08"
"NYM","PETROLEUM CRACKS AND SPREADS","GULF COAST HSFO (PLATTS) BRENT CRK","GCI","02/2026","02/2026","1845","USD","0.08"
"NYM","PETROLEUM CRACKS AND SPREADS","GULF COAST HSFO (PLATTS) BRENT CRK","GCI","03/2026","03/2026","1551","USD","0.08"
"NYM","PETROLEUM CRACKS AND SPREADS","GULF COAST HSFO (PLATTS) BRENT CRK","GCI","04/2026","04/2026","1534","USD","0.08"
"NYM","PETROLEUM CRACKS AND SPREADS","GULF COAST HSFO (PLATTS) BRENT CRK","GCI","05/2026","05/2026","1515","USD","0.08"
"NYM","PETROLEUM CRACKS AND SPREADS","GULF COAST HSFO (PLATTS) BRENT CRK","GCI","06/2026","06/2026","1588","USD","0.08"
"NYM","PETROLEUM CRACKS AND SPREADS","GULF COAST HSFO (PLATTS) BRENT CRK","GCI","07/2026","07/2026","1520","USD","0.08"
"NYM","PETROLEUM CRACKS AND SPREADS","GULF COAST HSFO (PLATTS) BRENT CRK","GCI","08/2026","08/2026","972","USD","0.08"
"NYM","PETROLEUM CRACKS AND SPREADS","GULF COAST HSFO (PLATTS) BRENT CRK","GCI","09/2026","09/2026","970","USD","0.08"
"NYM","PETROLEUM CRACKS AND SPREADS","GULF COAST HSFO (PLATTS) BRENT CRK","GCI","10/2026","10/2026","1123","USD","0.08"
"NYM","PETROLEUM CRACKS AND SPREADS","GULF COAST HSFO (PLATTS) BRENT CRK","GCI","11/2026","11/2026","1104","USD","0.08"
"NYM","PETROLEUM CRACKS AND SPREADS","GULF COAST HSFO (PLATTS) BRENT CRK","GCI","12/2026","12/2026","1120","USD","0.08"
"NYM","PETROLEUM CRACKS AND SPREADS","GULF COAST HSFO (PLATTS) BRENT CRK","GCI","01/2027","01/2027","1343","USD","0.08"
"NYM","PETROLEUM CRACKS AND SPREADS","GULF COAST HSFO (PLATTS) BRENT CRK","GCI","02/2027","02/2027","1327","USD","0.08"
"NYM","PETROLEUM CRACKS AND SPREADS","GULF COAST HSFO (PLATTS) BRENT CRK","GCI","03/2027","03/2027","1319","USD","0.08"
"NYM","PETROLEUM CRACKS AND SPREADS","GULF COAST HSFO (PLATTS) BRENT CRK","GCI","04/2027","04/2027","1311","USD","0.08"
"NYM","PETROLEUM CRACKS AND SPREADS","GULF COAST HSFO (PLATTS) BRENT CRK","GCI","05/2027","05/2027","1303","USD","0.08"
"NYM","PETROLEUM CRACKS AND SPREADS","GULF COAST HSFO (PLATTS) BRENT CRK","GCI","06/2027","06/2027","1310","USD","0.08"
"NYM","PETROLEUM CRACKS AND SPREADS","GULF COAST HSFO (PLATTS) BRENT CRK","GCI","07/2027","07/2027","1600","USD","0.08"
"NYM","PETROLEUM CRACKS AND SPREADS","GULF COAST HSFO (PLATTS) BRENT CRK","GCI","08/2027","08/2027","1599","USD","0.08"
"NYM","PETROLEUM CRACKS AND SPREADS","GULF COAST HSFO (PLATTS) BRENT CRK","GCI","09/2027","09/2027","1589","USD","0.08"
"NYM","PETROLEUM CRACKS AND SPREADS","GULF COAST HSFO (PLATTS) BRENT CRK","GCI","10/2027","11/2027","1580","USD","0.08"
"NYM","PETROLEUM CRACKS AND SPREADS","GULF COAST HSFO (PLATTS) BRENT CRK","GCI","12/2027","12/2027","1600","USD","0.08"
"NYM","PETROLEUM CRACKS AND SPREADS","GULF COAST HSFO (PLATTS) BRENT CRK","GCI","01/2028","03/2028","1621","USD","0.08"
"NYM","PETROLEUM CRACKS AND SPREADS","GULF COAST HSFO (PLATTS) BRENT CRK","GCI","04/2028","04/2028","1620","USD","0.08"
"NYM","PETROLEUM CRACKS AND SPREADS","GULF COAST HSFO (PLATTS) BRENT CRK","GCI","05/2028","05/2028","1610","USD","0.08"
"NYM","PETROLEUM CRACKS AND SPREADS","GULF COAST HSFO (PLATTS) BRENT CRK","GCI","06/2028","06/2028","1609","USD","0.08"
"NYM","PETROLEUM CRACKS AND SPREADS","GULF COAST HSFO (PLATTS) BRENT CRK","GCI","07/2028","07/2028","1597","USD","0.08"
"NYM","PETROLEUM CRACKS AND SPREADS","GULF COAST HSFO (PLATTS) BRENT CRK","GCI","08/2028","08/2028","1586","USD","0.08"
"NYM","PETROLEUM CRACKS AND SPREADS","GULF COAST HSFO (PLATTS) BRENT CRK","GCI","09/2028","09/2028","1574","USD","0.08"
"NYM","PETROLEUM CRACKS AND SPREADS","GULF COAST HSFO (PLATTS) BRENT CRK","GCI","10/2028","10/2028","1563","USD","0.08"
"NYM","PETROLEUM CRACKS AND SPREADS","GULF COAST HSFO (PLATTS) BRENT CRK","GCI","11/2028","11/2028","1551","USD","0.08"
"NYM","PETROLEUM CRACKS AND SPREADS","GULF COAST HSFO (PLATTS) BRENT CRK","GCI","12/2028","12/2028","1541","USD","0.08"
"NYM","PETROLEUM CRACKS AND SPREADS","GULF CO HSFO 3% V. EURO 3.5% FO FUT","GCU","01/2026","01/2026","2006","USD","0.08"
"NYM","PETROLEUM CRACKS AND SPREADS","GULF CO HSFO 3% V. EURO 3.5% FO FUT","GCU","02/2026","02/2026","1290","USD","0.08"
"NYM","PETROLEUM CRACKS AND SPREADS","GULF CO HSFO 3% V. EURO 3.5% FO FUT","GCU","03/2026","06/2026","1150","USD","0.08"
"NYM","PETROLEUM CRACKS AND SPREADS","GULF CO HSFO 3% V. EURO 3.5% FO FUT","GCU","07/2026","07/2026","1116","USD","0.08"
"NYM","PETROLEUM CRACKS AND SPREADS","GULF CO HSFO 3% V. EURO 3.5% FO FUT","GCU","08/2026","10/2026","918","USD","0.08"
"NYM","PETROLEUM CRACKS AND SPREADS","GULF CO HSFO 3% V. EURO 3.5% FO FUT","GCU","11/2026","01/2027","876","USD","0.08"
"NYM","PETROLEUM CRACKS AND SPREADS","GULF CO HSFO 3% V. EURO 3.5% FO FUT","GCU","02/2027","12/2027","1911","USD","0.08"
"NYM","PETROLEUM CRACKS AND SPREADS","GULF CO HSFO 3% V. EURO 3.5% FO FUT","GCU","01/2028","12/2028","1747","USD","0.08"
"NYM","PETROLEUM CRACKS AND SPREADS","SINGAPORE GASOIL (PLATTS) DUBAI CRA","GDL","01/2026","01/2026","2306","USD","0.05"
"NYM","PETROLEUM CRACKS AND SPREADS","SINGAPORE GASOIL (PLATTS) DUBAI CRA","GDL","02/2026","02/2026","6000","USD","0.05"
"NYM","PETROLEUM CRACKS AND SPREADS","SINGAPORE GASOIL (PLATTS) DUBAI CRA","GDL","03/2026","12/2028","5000","USD","0.05"
"NYM","PETROLEUM CRACKS AND SPREADS","GAS EUROBOB NON-OXY VS OXY NWE FUT","GES","01/2026","01/2026","2661","USD","25.000%"
"NYM","PETROLEUM CRACKS AND SPREADS","GAS EUROBOB NON-OXY VS OXY NWE FUT","GES","02/2026","06/2026","7250","USD","25.000%"
"NYM","PETROLEUM CRACKS AND SPREADS","GAS EUROBOB NON-OXY VS OXY NWE FUT","GES","07/2026","12/2029","7000","USD","25.000%"
"NYM","PETROLEUM CRACKS AND SPREADS","GULF COAST HSFO (PLATTS) CRK SP BAL","GFC","01/02/2026","01/02/2026","1307","USD","0.08"
"NYM","PETROLEUM CRACKS AND SPREADS","GULF COAST HSFO (PLATTS) CRK SP BAL","GFC","01/05/2026","01/05/2026","1376","USD","0.08"
"NYM","PETROLEUM CRACKS AND SPREADS","GULF COAST HSFO (PLATTS) CRK SP BAL","GFC","01/06/2026","01/06/2026","1452","USD","0.08"
"NYM","PETROLEUM CRACKS AND SPREADS","GULF COAST HSFO (PLATTS) CRK SP BAL","GFC","01/07/2026","01/07/2026","1537","USD","0.08"
"NYM","PETROLEUM CRACKS AND SPREADS","GULF COAST HSFO (PLATTS) CRK SP BAL","GFC","01/08/2026","01/08/2026","1634","USD","0.08"
"NYM","PETROLEUM CRACKS AND SPREADS","GULF COAST HSFO (PLATTS) CRK SP BAL","GFC","01/09/2026","01/09/2026","1743","USD","0.08"
"NYM","PETROLEUM CRACKS AND SPREADS","GULF COAST HSFO (PLATTS) CRK SP BAL","GFC","01/12/2026","01/12/2026","1867","USD","0.08"
"NYM","PETROLEUM CRACKS AND SPREADS","GULF COAST HSFO (PLATTS) CRK SP BAL","GFC","01/13/2026","01/13/2026","2011","USD","0.08"
"NYM","PETROLEUM CRACKS AND SPREADS","GULF COAST HSFO (PLATTS) CRK SP BAL","GFC","01/14/2026","01/14/2026","2179","USD","0.08"
"NYM","PETROLEUM CRACKS AND SPREADS","GULF COAST HSFO (PLATTS) CRK SP BAL","GFC","01/15/2026","01/15/2026","2377","USD","0.08"
"NYM","PETROLEUM CRACKS AND SPREADS","GULF COAST HSFO (PLATTS) CRK SP BAL","GFC","01/16/2026","01/16/2026","2615","USD","0.08"
"NYM","PETROLEUM CRACKS AND SPREADS","GULF COAST HSFO (PLATTS) CRK SP BAL","GFC","01/19/2026","01/20/2026","2905","USD","0.08"
"NYM","PETROLEUM CRACKS AND SPREADS","GULF COAST HSFO (PLATTS) CRK SP BAL","GFC","01/21/2026","01/21/2026","3268","USD","0.08"
"NYM","PETROLEUM CRACKS AND SPREADS","GULF COAST HSFO (PLATTS) CRK SP BAL","GFC","01/22/2026","01/22/2026","3735","USD","0.08"
"NYM","PETROLEUM CRACKS AND SPREADS","GULF COAST HSFO (PLATTS) CRK SP BAL","GFC","01/23/2026","01/23/2026","4358","USD","0.08"
"NYM","PETROLEUM CRACKS AND SPREADS","GULF COAST HSFO (PLATTS) CRK SP BAL","GFC","01/26/2026","01/30/2026","5230","USD","0.08"
"NYM","PETROLEUM CRACKS AND SPREADS","GULF COAST HSFO (PLATTS) CRK SP BAL","GFC","02/02/2026","02/02/2026","1892","USD","0.08"
"NYM","PETROLEUM CRACKS AND SPREADS","GULF COAST HSFO (PLATTS) CRK SP BAL","GFC","02/03/2026","02/03/2026","1897","USD","0.08"
"NYM","PETROLEUM CRACKS AND SPREADS","GULF COAST HSFO (PLATTS) CRK SP BAL","GFC","02/04/2026","02/04/2026","1901","USD","0.08"
"NYM","PETROLEUM CRACKS AND SPREADS","GULF COAST HSFO (PLATTS) CRK SP BAL","GFC","02/05/2026","02/05/2026","1906","USD","0.08"
"NYM","PETROLEUM CRACKS AND SPREADS","GULF COAST HSFO (PLATTS) CRK SP BAL","GFC","02/06/2026","02/06/2026","1912","USD","0.08"
"NYM","PETROLEUM CRACKS AND SPREADS","GULF COAST HSFO (PLATTS) CRK SP BAL","GFC","02/09/2026","02/09/2026","1919","USD","0.08"
"NYM","PETROLEUM CRACKS AND SPREADS","GULF COAST HSFO (PLATTS) CRK SP BAL","GFC","02/10/2026","02/10/2026","1927","USD","0.08"
"NYM","PETROLEUM CRACKS AND SPREADS","GULF COAST HSFO (PLATTS) CRK SP BAL","GFC","02/11/2026","02/11/2026","1936","USD","0.08"
"NYM","PETROLEUM CRACKS AND SPREADS","GULF COAST HSFO (PLATTS) CRK SP BAL","GFC","02/12/2026","02/12/2026","1946","USD","0.08"
"NYM","PETROLEUM CRACKS AND SPREADS","GULF COAST HSFO (PLATTS) CRK SP BAL","GFC","02/13/2026","02/13/2026","1959","USD","0.08"
"NYM","PETROLEUM CRACKS AND SPREADS","GULF COAST HSFO (PLATTS) CRK SP BAL","GFC","02/16/2026","02/17/2026","1975","USD","0.08"
"NYM","PETROLEUM CRACKS AND SPREADS","GULF COAST HSFO (PLATTS) CRK SP BAL","GFC","02/18/2026","02/18/2026","1994","USD","0.08"
"NYM","PETROLEUM CRACKS AND SPREADS","GULF COAST HSFO (PLATTS) CRK SP BAL","GFC","02/19/2026","02/19/2026","2019","USD","0.08"
"NYM","PETROLEUM CRACKS AND SPREADS","GULF COAST HSFO (PLATTS) CRK SP BAL","GFC","02/20/2026","02/20/2026","2053","USD","0.08"
"NYM","PETROLEUM CRACKS AND SPREADS","GULF COAST HSFO (PLATTS) CRK SP BAL","GFC","02/23/2026","02/27/2026","2100","USD","0.08"
"NYM","PETROLEUM CRACKS AND SPREADS","GASOLINE 10 PPM PLATTS FOB CRK SPRD","GKS","01/2026","06/2026","3250","USD","0.08"
"NYM","PETROLEUM CRACKS AND SPREADS","GASOLINE 10 PPM PLATTS FOB CRK SPRD","GKS","07/2026","12/2028","3200","USD","0.08"
"NYM","PETROLEUM CRACKS AND SPREADS","GAS EUROBOB NON OXY BARGES(ARG) CRA","GNS","01/2026","01/2026","1419","USD","25.000%"
"NYM","PETROLEUM CRACKS AND SPREADS","GAS EUROBOB NON OXY BARGES(ARG) CRA","GNS","02/2026","06/2026","3500","USD","25.000%"
"NYM","PETROLEUM CRACKS AND SPREADS","GAS EUROBOB NON OXY BARGES(ARG) CRA","GNS","07/2026","12/2030","3000","USD","25.000%"
"NYM","PETROLEUM CRACKS AND SPREADS","GLFCST ULSD ARGUS UP/DN  BALMO FUT","GUD","01/02/2026","01/30/2026","1042","USD","0.05"
"NYM","PETROLEUM CRACKS AND SPREADS","GLFCST ULSD ARGUS UP/DN  BALMO FUT","GUD","02/02/2026","02/27/2026","1750","USD","0.05"
"NYM","PETROLEUM CRACKS AND SPREADS","GULF COAST ULSD CRACK SPREAD","GY","01/2026","01/2026","2875","USD","0.05"
"NYM","PETROLEUM CRACKS AND SPREADS","GULF COAST ULSD CRACK SPREAD","GY","02/2026","02/2026","11447","USD","0.05"
"NYM","PETROLEUM CRACKS AND SPREADS","GULF COAST ULSD CRACK SPREAD","GY","03/2026","03/2026","4447","USD","0.05"
"NYM","PETROLEUM CRACKS AND SPREADS","GULF COAST ULSD CRACK SPREAD","GY","04/2026","04/2026","10633","USD","0.05"
"NYM","PETROLEUM CRACKS AND SPREADS","GULF COAST ULSD CRACK SPREAD","GY","05/2026","05/2026","10230","USD","0.05"
"NYM","PETROLEUM CRACKS AND SPREADS","GULF COAST ULSD CRACK SPREAD","GY","06/2026","06/2026","9971","USD","0.05"
"NYM","PETROLEUM CRACKS AND SPREADS","GULF COAST ULSD CRACK SPREAD","GY","07/2026","07/2026","9463","USD","0.05"
"NYM","PETROLEUM CRACKS AND SPREADS","GULF COAST ULSD CRACK SPREAD","GY","08/2026","08/2026","9066","USD","0.05"
"NYM","PETROLEUM CRACKS AND SPREADS","GULF COAST ULSD CRACK SPREAD","GY","09/2026","09/2026","8771","USD","0.05"
"NYM","PETROLEUM CRACKS AND SPREADS","GULF COAST ULSD CRACK SPREAD","GY","10/2026","10/2026","8663","USD","0.05"
"NYM","PETROLEUM CRACKS AND SPREADS","GULF COAST ULSD CRACK SPREAD","GY","11/2026","11/2026","8375","USD","0.05"
"NYM","PETROLEUM CRACKS AND SPREADS","GULF COAST ULSD CRACK SPREAD","GY","12/2026","12/2026","8268","USD","0.05"
"NYM","PETROLEUM CRACKS AND SPREADS","GULF COAST ULSD CRACK SPREAD","GY","01/2027","01/2027","8063","USD","0.05"
"NYM","PETROLEUM CRACKS AND SPREADS","GULF COAST ULSD CRACK SPREAD","GY","02/2027","02/2027","7989","USD","0.05"
"NYM","PETROLEUM CRACKS AND SPREADS","GULF COAST ULSD CRACK SPREAD","GY","03/2027","03/2027","7736","USD","0.05"
"NYM","PETROLEUM CRACKS AND SPREADS","GULF COAST ULSD CRACK SPREAD","GY","04/2027","04/2027","7681","USD","0.05"
"NYM","PETROLEUM CRACKS AND SPREADS","GULF COAST ULSD CRACK SPREAD","GY","05/2027","05/2027","7335","USD","0.05"
"NYM","PETROLEUM CRACKS AND SPREADS","GULF COAST ULSD CRACK SPREAD","GY","06/2027","07/2027","7300","USD","0.05"
"NYM","PETROLEUM CRACKS AND SPREADS","GULF COAST ULSD CRACK SPREAD","GY","08/2027","08/2027","7084","USD","0.05"
"NYM","PETROLEUM CRACKS AND SPREADS","GULF COAST ULSD CRACK SPREAD","GY","09/2027","09/2027","7033","USD","0.05"
"NYM","PETROLEUM CRACKS AND SPREADS","GULF COAST ULSD CRACK SPREAD","GY","10/2027","10/2027","6983","USD","0.05"
"NYM","PETROLEUM CRACKS AND SPREADS","GULF COAST ULSD CRACK SPREAD","GY","11/2027","11/2027","6935","USD","0.05"
"NYM","PETROLEUM CRACKS AND SPREADS","GULF COAST ULSD CRACK SPREAD","GY","12/2027","12/2027","6881","USD","0.05"
"NYM","PETROLEUM CRACKS AND SPREADS","GULF COAST ULSD CRACK SPREAD","GY","01/2028","01/2028","6832","USD","0.05"
"NYM","PETROLEUM CRACKS AND SPREADS","GULF COAST ULSD CRACK SPREAD","GY","02/2028","02/2028","6787","USD","0.05"
"NYM","PETROLEUM CRACKS AND SPREADS","GULF COAST ULSD CRACK SPREAD","GY","03/2028","03/2028","6732","USD","0.05"
"NYM","PETROLEUM CRACKS AND SPREADS","GULF COAST ULSD CRACK SPREAD","GY","04/2028","04/2028","6684","USD","0.05"
"NYM","PETROLEUM CRACKS AND SPREADS","GULF COAST ULSD CRACK SPREAD","GY","05/2028","05/2028","6636","USD","0.05"
"NYM","PETROLEUM CRACKS AND SPREADS","GULF COAST ULSD CRACK SPREAD","GY","06/2028","06/2028","6580","USD","0.05"
"NYM","PETROLEUM CRACKS AND SPREADS","GULF COAST ULSD CRACK SPREAD","GY","07/2028","07/2028","6550","USD","0.05"
"NYM","PETROLEUM CRACKS AND SPREADS","GULF COAST ULSD CRACK SPREAD","GY","08/2028","08/2028","6534","USD","0.05"
"NYM","PETROLEUM CRACKS AND SPREADS","GULF COAST ULSD CRACK SPREAD","GY","09/2028","09/2028","6482","USD","0.05"
"NYM","PETROLEUM CRACKS AND SPREADS","GULF COAST ULSD CRACK SPREAD","GY","10/2028","10/2028","6450","USD","0.05"
"NYM","PETROLEUM CRACKS AND SPREADS","GULF COAST ULSD CRACK SPREAD","GY","11/2028","11/2028","6433","USD","0.05"
"NYM","PETROLEUM CRACKS AND SPREADS","GULF COAST ULSD CRACK SPREAD","GY","12/2028","12/2028","6382","USD","0.05"
"NYM","PETROLEUM CRACKS AND SPREADS","GULF COAST ULSD CRACK SPREAD","GY","01/2029","01/2029","6333","USD","0.05"
"NYM","PETROLEUM CRACKS AND SPREADS","GULF COAST ULSD CRACK SPREAD","GY","02/2029","02/2029","6284","USD","0.05"
"NYM","PETROLEUM CRACKS AND SPREADS","GULF COAST ULSD CRACK SPREAD","GY","03/2029","03/2029","6233","USD","0.05"
"NYM","PETROLEUM CRACKS AND SPREADS","GULF COAST ULSD CRACK SPREAD","GY","04/2029","12/2029","6200","USD","0.05"
"NYM","PETROLEUM CRACKS AND SPREADS","JAPAN C&F NAPHTHA CRACK SPREAD","JB","01/2026","01/2026","1023","USD","0.05"
"NYM","PETROLEUM CRACKS AND SPREADS","JAPAN C&F NAPHTHA CRACK SPREAD","JB","02/2026","02/2026","2122","USD","0.05"
"NYM","PETROLEUM CRACKS AND SPREADS","JAPAN C&F NAPHTHA CRACK SPREAD","JB","03/2026","03/2026","2097","USD","0.05"
"NYM","PETROLEUM CRACKS AND SPREADS","JAPAN C&F NAPHTHA CRACK SPREAD","JB","04/2026","04/2026","2070","USD","0.05"
"NYM","PETROLEUM CRACKS AND SPREADS","JAPAN C&F NAPHTHA CRACK SPREAD","JB","05/2026","05/2026","2032","USD","0.05"
"NYM","PETROLEUM CRACKS AND SPREADS","JAPAN C&F NAPHTHA CRACK SPREAD","JB","06/2026","06/2026","2006","USD","0.05"
"NYM","PETROLEUM CRACKS AND SPREADS","JAPAN C&F NAPHTHA CRACK SPREAD","JB","07/2026","07/2026","1954","USD","0.05"
"NYM","PETROLEUM CRACKS AND SPREADS","JAPAN C&F NAPHTHA CRACK SPREAD","JB","08/2026","08/2026","1927","USD","0.05"
"NYM","PETROLEUM CRACKS AND SPREADS","JAPAN C&F NAPHTHA CRACK SPREAD","JB","09/2026","09/2026","1902","USD","0.05"
"NYM","PETROLEUM CRACKS AND SPREADS","JAPAN C&F NAPHTHA CRACK SPREAD","JB","10/2026","10/2026","1876","USD","0.05"
"NYM","PETROLEUM CRACKS AND SPREADS","JAPAN C&F NAPHTHA CRACK SPREAD","JB","11/2026","11/2026","1839","USD","0.05"
"NYM","PETROLEUM CRACKS AND SPREADS","JAPAN C&F NAPHTHA CRACK SPREAD","JB","12/2026","12/2026","1825","USD","0.05"
"NYM","PETROLEUM CRACKS AND SPREADS","JAPAN C&F NAPHTHA CRACK SPREAD","JB","01/2027","01/2027","1812","USD","0.05"
"NYM","PETROLEUM CRACKS AND SPREADS","JAPAN C&F NAPHTHA CRACK SPREAD","JB","02/2027","02/2027","1787","USD","0.05"
"NYM","PETROLEUM CRACKS AND SPREADS","JAPAN C&F NAPHTHA CRACK SPREAD","JB","03/2027","03/2027","1774","USD","0.05"
"NYM","PETROLEUM CRACKS AND SPREADS","JAPAN C&F NAPHTHA CRACK SPREAD","JB","04/2027","04/2027","1761","USD","0.05"
"NYM","PETROLEUM CRACKS AND SPREADS","JAPAN C&F NAPHTHA CRACK SPREAD","JB","05/2027","05/2027","1748","USD","0.05"
"NYM","PETROLEUM CRACKS AND SPREADS","JAPAN C&F NAPHTHA CRACK SPREAD","JB","06/2027","06/2027","1734","USD","0.05"
"NYM","PETROLEUM CRACKS AND SPREADS","JAPAN C&F NAPHTHA CRACK SPREAD","JB","07/2027","07/2027","1711","USD","0.05"
"NYM","PETROLEUM CRACKS AND SPREADS","JAPAN C&F NAPHTHA CRACK SPREAD","JB","08/2027","08/2027","1709","USD","0.05"
"NYM","PETROLEUM CRACKS AND SPREADS","JAPAN C&F NAPHTHA CRACK SPREAD","JB","09/2027","09/2027","1697","USD","0.05"
"NYM","PETROLEUM CRACKS AND SPREADS","JAPAN C&F NAPHTHA CRACK SPREAD","JB","10/2027","11/2027","1685","USD","0.05"
"NYM","PETROLEUM CRACKS AND SPREADS","JAPAN C&F NAPHTHA CRACK SPREAD","JB","12/2027","12/2027","1683","USD","0.05"
"NYM","PETROLEUM CRACKS AND SPREADS","JAPAN C&F NAPHTHA CRACK SPREAD","JB","01/2028","03/2028","1672","USD","0.05"
"NYM","PETROLEUM CRACKS AND SPREADS","JAPAN C&F NAPHTHA CRACK SPREAD","JB","04/2028","04/2028","1671","USD","0.05"
"NYM","PETROLEUM CRACKS AND SPREADS","JAPAN C&F NAPHTHA CRACK SPREAD","JB","05/2028","05/2028","1659","USD","0.05"
"NYM","PETROLEUM CRACKS AND SPREADS","JAPAN C&F NAPHTHA CRACK SPREAD","JB","06/2028","06/2028","1658","USD","0.05"
"NYM","PETROLEUM CRACKS AND SPREADS","JAPAN C&F NAPHTHA CRACK SPREAD","JB","07/2028","07/2028","1645","USD","0.05"
"NYM","PETROLEUM CRACKS AND SPREADS","JAPAN C&F NAPHTHA CRACK SPREAD","JB","08/2028","08/2028","1633","USD","0.05"
"NYM","PETROLEUM CRACKS AND SPREADS","JAPAN C&F NAPHTHA CRACK SPREAD","JB","09/2028","09/2028","1620","USD","0.05"
"NYM","PETROLEUM CRACKS AND SPREADS","JAPAN C&F NAPHTHA CRACK SPREAD","JB","10/2028","10/2028","1607","USD","0.05"
"NYM","PETROLEUM CRACKS AND SPREADS","JAPAN C&F NAPHTHA CRACK SPREAD","JB","11/2028","11/2028","1594","USD","0.05"
"NYM","PETROLEUM CRACKS AND SPREADS","JAPAN C&F NAPHTHA CRACK SPREAD","JB","12/2028","12/2028","1582","USD","0.05"
"NYM","PETROLEUM CRACKS AND SPREADS","JET CIF NWE VS ICE","JC","01/2026","01/2026","11808","USD","0.05"
"NYM","PETROLEUM CRACKS AND SPREADS","JET CIF NWE VS ICE","JC","02/2026","02/2026","13593","USD","0.05"
"NYM","PETROLEUM CRACKS AND SPREADS","JET CIF NWE VS ICE","JC","03/2026","03/2026","12927","USD","0.05"
"NYM","PETROLEUM CRACKS AND SPREADS","JET CIF NWE VS ICE","JC","04/2026","06/2026","12840","USD","0.05"
"NYM","PETROLEUM CRACKS AND SPREADS","JET CIF NWE VS ICE","JC","07/2026","07/2026","10876","USD","0.05"
"NYM","PETROLEUM CRACKS AND SPREADS","JET CIF NWE VS ICE","JC","08/2026","11/2026","10680","USD","0.05"
"NYM","PETROLEUM CRACKS AND SPREADS","JET CIF NWE VS ICE","JC","12/2026","12/2026","10188","USD","0.05"
"NYM","PETROLEUM CRACKS AND SPREADS","JET CIF NWE VS ICE","JC","01/2027","12/2028","9960","USD","0.05"
"NYM","PETROLEUM CRACKS AND SPREADS","NY BUCKEYE JET FUEL VS NY HARB ULSD","JET","01/2026","01/2026","3000","USD","0.05"
"NYM","PETROLEUM CRACKS AND SPREADS","NY BUCKEYE JET FUEL VS NY HARB ULSD","JET","02/2026","02/2026","2500","USD","0.05"
"NYM","PETROLEUM CRACKS AND SPREADS","NY BUCKEYE JET FUEL VS NY HARB ULSD","JET","03/2026","12/2029","2000","USD","5.000%"
"NYM","PETROLEUM CRACKS AND SPREADS","BALMO EU JET CRACK","JFB","01/01/2026","01/02/2026","1895","USD","25.000%"
"NYM","PETROLEUM CRACKS AND SPREADS","BALMO EU JET CRACK","JFB","01/05/2026","01/05/2026","1989","USD","25.000%"
"NYM","PETROLEUM CRACKS AND SPREADS","BALMO EU JET CRACK","JFB","01/06/2026","01/06/2026","2096","USD","25.000%"
"NYM","PETROLEUM CRACKS AND SPREADS","BALMO EU JET CRACK","JFB","01/07/2026","01/07/2026","2209","USD","25.000%"
"NYM","PETROLEUM CRACKS AND SPREADS","BALMO EU JET CRACK","JFB","01/08/2026","01/08/2026","2341","USD","25.000%"
"NYM","PETROLEUM CRACKS AND SPREADS","BALMO EU JET CRACK","JFB","01/09/2026","01/09/2026","2485","USD","25.000%"
"NYM","PETROLEUM CRACKS AND SPREADS","BALMO EU JET CRACK","JFB","01/12/2026","01/12/2026","2649","USD","25.000%"
"NYM","PETROLEUM CRACKS AND SPREADS","BALMO EU JET CRACK","JFB","01/13/2026","01/13/2026","2843","USD","25.000%"
"NYM","PETROLEUM CRACKS AND SPREADS","BALMO EU JET CRACK","JFB","01/14/2026","01/14/2026","3063","USD","25.000%"
"NYM","PETROLEUM CRACKS AND SPREADS","BALMO EU JET CRACK","JFB","01/15/2026","01/15/2026","3314","USD","25.000%"
"NYM","PETROLEUM CRACKS AND SPREADS","BALMO EU JET CRACK","JFB","01/16/2026","01/16/2026","3615","USD","25.000%"
"NYM","PETROLEUM CRACKS AND SPREADS","BALMO EU JET CRACK","JFB","01/19/2026","01/19/2026","3979","USD","25.000%"
"NYM","PETROLEUM CRACKS AND SPREADS","BALMO EU JET CRACK","JFB","01/20/2026","01/20/2026","4425","USD","25.000%"
"NYM","PETROLEUM CRACKS AND SPREADS","BALMO EU JET CRACK","JFB","01/21/2026","01/21/2026","4977","USD","25.000%"
"NYM","PETROLEUM CRACKS AND SPREADS","BALMO EU JET CRACK","JFB","01/22/2026","01/22/2026","5687","USD","25.000%"
"NYM","PETROLEUM CRACKS AND SPREADS","BALMO EU JET CRACK","JFB","01/23/2026","01/23/2026","6634","USD","25.000%"
"NYM","PETROLEUM CRACKS AND SPREADS","BALMO EU JET CRACK","JFB","01/26/2026","01/26/2026","7965","USD","25.000%"
"NYM","PETROLEUM CRACKS AND SPREADS","BALMO EU JET CRACK","JFB","01/27/2026","01/27/2026","7957","USD","25.000%"
"NYM","PETROLEUM CRACKS AND SPREADS","BALMO EU JET CRACK","JFB","01/28/2026","01/28/2026","7944","USD","25.000%"
"NYM","PETROLEUM CRACKS AND SPREADS","BALMO EU JET CRACK","JFB","01/29/2026","01/29/2026","7917","USD","25.000%"
"NYM","PETROLEUM CRACKS AND SPREADS","BALMO EU JET CRACK","JFB","01/30/2026","01/30/2026","7837","USD","25.000%"
"NYM","PETROLEUM CRACKS AND SPREADS","BALMO EU JET CRACK","JFB","02/02/2026","02/02/2026","4832","USD","25.000%"
"NYM","PETROLEUM CRACKS AND SPREADS","BALMO EU JET CRACK","JFB","02/03/2026","02/03/2026","4831","USD","25.000%"
"NYM","PETROLEUM CRACKS AND SPREADS","BALMO EU JET CRACK","JFB","02/04/2026","02/04/2026","4831","USD","25.000%"
"NYM","PETROLEUM CRACKS AND SPREADS","BALMO EU JET CRACK","JFB","02/05/2026","02/05/2026","4831","USD","25.000%"
"NYM","PETROLEUM CRACKS AND SPREADS","BALMO EU JET CRACK","JFB","02/06/2026","02/06/2026","4831","USD","25.000%"
"NYM","PETROLEUM CRACKS AND SPREADS","BALMO EU JET CRACK","JFB","02/09/2026","02/09/2026","4831","USD","25.000%"
"NYM","PETROLEUM CRACKS AND SPREADS","BALMO EU JET CRACK","JFB","02/10/2026","02/10/2026","4831","USD","25.000%"
"NYM","PETROLEUM CRACKS AND SPREADS","BALMO EU JET CRACK","JFB","02/11/2026","02/11/2026","4830","USD","25.000%"
"NYM","PETROLEUM CRACKS AND SPREADS","BALMO EU JET CRACK","JFB","02/12/2026","02/12/2026","4830","USD","25.000%"
"NYM","PETROLEUM CRACKS AND SPREADS","BALMO EU JET CRACK","JFB","02/13/2026","02/13/2026","4830","USD","25.000%"
"NYM","PETROLEUM CRACKS AND SPREADS","BALMO EU JET CRACK","JFB","02/16/2026","02/16/2026","4830","USD","25.000%"
"NYM","PETROLEUM CRACKS AND SPREADS","BALMO EU JET CRACK","JFB","02/17/2026","02/17/2026","4829","USD","25.000%"
"NYM","PETROLEUM CRACKS AND SPREADS","BALMO EU JET CRACK","JFB","02/18/2026","02/18/2026","4829","USD","25.000%"
"NYM","PETROLEUM CRACKS AND SPREADS","BALMO EU JET CRACK","JFB","02/19/2026","02/19/2026","4828","USD","25.000%"
"NYM","PETROLEUM CRACKS AND SPREADS","BALMO EU JET CRACK","JFB","02/20/2026","02/20/2026","4827","USD","25.000%"
"NYM","PETROLEUM CRACKS AND SPREADS","BALMO EU JET CRACK","JFB","02/23/2026","02/23/2026","4826","USD","25.000%"
"NYM","PETROLEUM CRACKS AND SPREADS","BALMO EU JET CRACK","JFB","02/24/2026","02/24/2026","4824","USD","25.000%"
"NYM","PETROLEUM CRACKS AND SPREADS","BALMO EU JET CRACK","JFB","02/25/2026","02/25/2026","4820","USD","25.000%"
"NYM","PETROLEUM CRACKS AND SPREADS","BALMO EU JET CRACK","JFB","02/26/2026","02/26/2026","4814","USD","25.000%"
"NYM","PETROLEUM CRACKS AND SPREADS","BALMO EU JET CRACK","JFB","02/27/2026","02/27/2026","4794","USD","25.000%"
"NYM","PETROLEUM CRACKS AND SPREADS","BALMO EU JET CRACK","JFB","03/02/2026","03/02/2026","4792","USD","25.000%"
"NYM","PETROLEUM CRACKS AND SPREADS","BALMO EU JET CRACK","JFB","03/03/2026","03/03/2026","4792","USD","25.000%"
"NYM","PETROLEUM CRACKS AND SPREADS","BALMO EU JET CRACK","JFB","03/04/2026","03/04/2026","4792","USD","25.000%"
"NYM","PETROLEUM CRACKS AND SPREADS","BALMO EU JET CRACK","JFB","03/05/2026","03/05/2026","4791","USD","25.000%"
"NYM","PETROLEUM CRACKS AND SPREADS","BALMO EU JET CRACK","JFB","03/06/2026","03/06/2026","4791","USD","25.000%"
"NYM","PETROLEUM CRACKS AND SPREADS","BALMO EU JET CRACK","JFB","03/09/2026","03/09/2026","4791","USD","25.000%"
"NYM","PETROLEUM CRACKS AND SPREADS","BALMO EU JET CRACK","JFB","03/10/2026","03/10/2026","4791","USD","25.000%"
"NYM","PETROLEUM CRACKS AND SPREADS","BALMO EU JET CRACK","JFB","03/11/2026","03/11/2026","4791","USD","25.000%"
"NYM","PETROLEUM CRACKS AND SPREADS","BALMO EU JET CRACK","JFB","03/12/2026","03/12/2026","4791","USD","25.000%"
"NYM","PETROLEUM CRACKS AND SPREADS","BALMO EU JET CRACK","JFB","03/13/2026","03/13/2026","4790","USD","25.000%"
"NYM","PETROLEUM CRACKS AND SPREADS","BALMO EU JET CRACK","JFB","03/16/2026","03/16/2026","4790","USD","25.000%"
"NYM","PETROLEUM CRACKS AND SPREADS","BALMO EU JET CRACK","JFB","03/17/2026","03/17/2026","4790","USD","25.000%"
"NYM","PETROLEUM CRACKS AND SPREADS","BALMO EU JET CRACK","JFB","03/18/2026","03/18/2026","4790","USD","25.000%"
"NYM","PETROLEUM CRACKS AND SPREADS","BALMO EU JET CRACK","JFB","03/19/2026","03/19/2026","4789","USD","25.000%"
"NYM","PETROLEUM CRACKS AND SPREADS","BALMO EU JET CRACK","JFB","03/20/2026","03/20/2026","4789","USD","25.000%"
"NYM","PETROLEUM CRACKS AND SPREADS","BALMO EU JET CRACK","JFB","03/23/2026","03/23/2026","4788","USD","25.000%"
"NYM","PETROLEUM CRACKS AND SPREADS","BALMO EU JET CRACK","JFB","03/24/2026","03/24/2026","4787","USD","25.000%"
"NYM","PETROLEUM CRACKS AND SPREADS","BALMO EU JET CRACK","JFB","03/25/2026","03/25/2026","4786","USD","25.000%"
"NYM","PETROLEUM CRACKS AND SPREADS","BALMO EU JET CRACK","JFB","03/26/2026","03/26/2026","4784","USD","25.000%"
"NYM","PETROLEUM CRACKS AND SPREADS","BALMO EU JET CRACK","JFB","03/27/2026","03/27/2026","4780","USD","25.000%"
"NYM","PETROLEUM CRACKS AND SPREADS","BALMO EU JET CRACK","JFB","03/30/2026","03/30/2026","4774","USD","25.000%"
"NYM","PETROLEUM CRACKS AND SPREADS","BALMO EU JET CRACK","JFB","03/31/2026","03/31/2026","4754","USD","25.000%"
"NYM","PETROLEUM CRACKS AND SPREADS","EU JET CRACK","JFC","01/2026","01/2026","1989","USD","25.000%"
"NYM","PETROLEUM CRACKS AND SPREADS","EU JET CRACK","JFC","02/2026","02/2026","4837","USD","20.000%"
"NYM","PETROLEUM CRACKS AND SPREADS","EU JET CRACK","JFC","03/2026","03/2026","4798","USD","20.000%"
"NYM","PETROLEUM CRACKS AND SPREADS","EU JET CRACK","JFC","04/2026","04/2026","4757","USD","20.000%"
"NYM","PETROLEUM CRACKS AND SPREADS","EU JET CRACK","JFC","05/2026","05/2026","4698","USD","20.000%"
"NYM","PETROLEUM CRACKS AND SPREADS","EU JET CRACK","JFC","06/2026","06/2026","4658","USD","20.000%"
"NYM","PETROLEUM CRACKS AND SPREADS","EU JET CRACK","JFC","07/2026","07/2026","3994","USD","15.000%"
"NYM","PETROLEUM CRACKS AND SPREADS","EU JET CRACK","JFC","08/2026","08/2026","3952","USD","15.000%"
"NYM","PETROLEUM CRACKS AND SPREADS","EU JET CRACK","JFC","09/2026","09/2026","3914","USD","15.000%"
"NYM","PETROLEUM CRACKS AND SPREADS","EU JET CRACK","JFC","10/2026","10/2026","3873","USD","15.000%"
"NYM","PETROLEUM CRACKS AND SPREADS","EU JET CRACK","JFC","11/2026","11/2026","3815","USD","15.000%"
"NYM","PETROLEUM CRACKS AND SPREADS","EU JET CRACK","JFC","12/2026","12/2026","3794","USD","15.000%"
"NYM","PETROLEUM CRACKS AND SPREADS","EU JET CRACK","JFC","01/2027","01/2027","3773","USD","15.000%"
"NYM","PETROLEUM CRACKS AND SPREADS","EU JET CRACK","JFC","02/2027","02/2027","3734","USD","15.000%"
"NYM","PETROLEUM CRACKS AND SPREADS","EU JET CRACK","JFC","03/2027","03/2027","3715","USD","15.000%"
"NYM","PETROLEUM CRACKS AND SPREADS","EU JET CRACK","JFC","04/2027","04/2027","3695","USD","15.000%"
"NYM","PETROLEUM CRACKS AND SPREADS","EU JET CRACK","JFC","05/2027","05/2027","3675","USD","15.000%"
"NYM","PETROLEUM CRACKS AND SPREADS","EU JET CRACK","JFC","06/2027","06/2027","3654","USD","15.000%"
"NYM","PETROLEUM CRACKS AND SPREADS","EU JET CRACK","JFC","07/2027","07/2027","3616","USD","15.000%"
"NYM","PETROLEUM CRACKS AND SPREADS","EU JET CRACK","JFC","08/2027","08/2027","3614","USD","15.000%"
"NYM","PETROLEUM CRACKS AND SPREADS","EU JET CRACK","JFC","09/2027","09/2027","3595","USD","15.000%"
"NYM","PETROLEUM CRACKS AND SPREADS","EU JET CRACK","JFC","10/2027","11/2027","3576","USD","15.000%"
"NYM","PETROLEUM CRACKS AND SPREADS","EU JET CRACK","JFC","12/2027","12/2027","3574","USD","15.000%"
"NYM","PETROLEUM CRACKS AND SPREADS","LA CARBOB GASOLINE(OPIS)FUT","JL","01/2026","02/2026","4500","USD","0.05"
"NYM","PETROLEUM CRACKS AND SPREADS","LA CARBOB GASOLINE(OPIS)FUT","JL","03/2026","12/2028","3250","USD","0.05"
"NYM","PETROLEUM CRACKS AND SPREADS","JAPAN C&F NAPHTHA DUBAI (PLATTS) CR","JNC","01/2026","01/2026","1064","USD","0.05"
"NYM","PETROLEUM CRACKS AND SPREADS","JAPAN C&F NAPHTHA DUBAI (PLATTS) CR","JNC","02/2026","12/2027","2800","USD","0.05"
"NYM","PETROLEUM CRACKS AND SPREADS","JET BARGES VS. ICE GASOIL FUT","JR","01/2026","01/2026","4435","USD","0.05"
"NYM","PETROLEUM CRACKS AND SPREADS","JET BARGES VS. ICE GASOIL FUT","JR","02/2026","02/2026","10000","USD","0.05"
"NYM","PETROLEUM CRACKS AND SPREADS","JET BARGES VS. ICE GASOIL FUT","JR","03/2026","12/2028","7000","USD","0.05"
"NYM","PETROLEUM CRACKS AND SPREADS","LA JT(OPIS) VS. NY HRBR ULSD FUT","JS","01/2026","01/2026","1083","USD","0.05"
"NYM","PETROLEUM CRACKS AND SPREADS","LA JT(OPIS) VS. NY HRBR ULSD FUT","JS","02/2026","02/2026","2122","USD","0.05"
"NYM","PETROLEUM CRACKS AND SPREADS","LA JT(OPIS) VS. NY HRBR ULSD FUT","JS","03/2026","03/2026","2077","USD","0.05"
"NYM","PETROLEUM CRACKS AND SPREADS","LA JT(OPIS) VS. NY HRBR ULSD FUT","JS","04/2026","04/2026","2047","USD","0.05"
"NYM","PETROLEUM CRACKS AND SPREADS","LA JT(OPIS) VS. NY HRBR ULSD FUT","JS","05/2026","05/2026","2032","USD","0.05"
"NYM","PETROLEUM CRACKS AND SPREADS","LA JT(OPIS) VS. NY HRBR ULSD FUT","JS","06/2026","06/2026","1972","USD","0.05"
"NYM","PETROLEUM CRACKS AND SPREADS","LA JT(OPIS) VS. NY HRBR ULSD FUT","JS","07/2026","07/2026","1942","USD","0.05"
"NYM","PETROLEUM CRACKS AND SPREADS","LA JT(OPIS) VS. NY HRBR ULSD FUT","JS","08/2026","08/2026","1912","USD","0.05"
"NYM","PETROLEUM CRACKS AND SPREADS","LA JT(OPIS) VS. NY HRBR ULSD FUT","JS","09/2026","09/2026","1897","USD","0.05"
"NYM","PETROLEUM CRACKS AND SPREADS","LA JT(OPIS) VS. NY HRBR ULSD FUT","JS","10/2026","10/2026","1882","USD","0.05"
"NYM","PETROLEUM CRACKS AND SPREADS","LA JT(OPIS) VS. NY HRBR ULSD FUT","JS","11/2026","11/2026","1875","USD","0.05"
"NYM","PETROLEUM CRACKS AND SPREADS","LA JT(OPIS) VS. NY HRBR ULSD FUT","JS","12/2026","12/2026","1867","USD","0.05"
"NYM","PETROLEUM CRACKS AND SPREADS","LA JT(OPIS) VS. NY HRBR ULSD FUT","JS","01/2027","01/2027","1852","USD","0.05"
"NYM","PETROLEUM CRACKS AND SPREADS","LA JT(OPIS) VS. NY HRBR ULSD FUT","JS","02/2027","02/2027","1837","USD","0.05"
"NYM","PETROLEUM CRACKS AND SPREADS","LA JT(OPIS) VS. NY HRBR ULSD FUT","JS","03/2027","03/2027","1822","USD","0.05"
"NYM","PETROLEUM CRACKS AND SPREADS","LA JT(OPIS) VS. NY HRBR ULSD FUT","JS","04/2027","04/2027","1807","USD","0.05"
"NYM","PETROLEUM CRACKS AND SPREADS","LA JT(OPIS) VS. NY HRBR ULSD FUT","JS","05/2027","05/2027","1792","USD","0.05"
"NYM","PETROLEUM CRACKS AND SPREADS","LA JT(OPIS) VS. NY HRBR ULSD FUT","JS","06/2027","06/2027","1777","USD","0.05"
"NYM","PETROLEUM CRACKS AND SPREADS","LA JT(OPIS) VS. NY HRBR ULSD FUT","JS","07/2027","07/2027","1762","USD","0.05"
"NYM","PETROLEUM CRACKS AND SPREADS","LA JT(OPIS) VS. NY HRBR ULSD FUT","JS","08/2027","12/2028","1747","USD","0.05"
"NYM","PETROLEUM CRACKS AND SPREADS","LA JET OPIS VS NY HAR ULSD BAL FUT","JSB","02/02/2026","02/27/2026","2122","USD","0.05"
"NYM","PETROLEUM CRACKS AND SPREADS","LA JET OPIS VS NY HAR ULSD BAL FUT","JSB","03/02/2026","03/31/2026","2077","USD","0.05"
"NYM","PETROLEUM CRACKS AND SPREADS","LA JET OPIS VS NY HAR ULSD BAL FUT","JSB","04/01/2026","04/30/2026","2047","USD","0.05"
"NYM","PETROLEUM CRACKS AND SPREADS","NY BUCKEYE JET FUEL V. NY HR BALMO","JTB","01/02/2026","01/30/2026","2382","USD","0.05"
"NYM","PETROLEUM CRACKS AND SPREADS","NY BUCKEYE JET FUEL V. NY HR BALMO","JTB","02/02/2026","02/27/2026","4000","USD","0.05"
"NYM","PETROLEUM CRACKS AND SPREADS","LA CARBD (OPIS) VS. NY HRBR ULSD","KL","01/2026","01/2026","1508","USD","0.05"
"NYM","PETROLEUM CRACKS AND SPREADS","LA CARBD (OPIS) VS. NY HRBR ULSD","KL","02/2026","12/2028","4200","USD","0.05"
"NYM","PETROLEUM CRACKS AND SPREADS","SINGAPORE JET DUBAI CRACK","KSD","01/2026","01/2026","2572","USD","0.08"
"NYM","PETROLEUM CRACKS AND SPREADS","SINGAPORE JET DUBAI CRACK","KSD","02/2026","12/2026","7000","USD","0.08"
"NYM","PETROLEUM CRACKS AND SPREADS","GULF COAST UCO (ARGUS) (60K LB) FUT","LBU","01/2026","01/2026","1188","USD","%"
"NYM","PETROLEUM CRACKS AND SPREADS","GULF COAST UCO (ARGUS) (60K LB) FUT","LBU","02/2026","02/2026","1134","USD","%"
"NYM","PETROLEUM CRACKS AND SPREADS","GULF COAST UCO (ARGUS) (60K LB) FUT","LBU","03/2026","12/2026","1080","USD","%"
"NYM","PETROLEUM CRACKS AND SPREADS","GLFCST ULSD PLATTS UP/DN  FUT","LT","01/2026","01/2026","98","USD","0.025"
"NYM","PETROLEUM CRACKS AND SPREADS","GLFCST ULSD PLATTS UP/DN  FUT","LT","02/2026","02/2026","1328","USD","0.025"
"NYM","PETROLEUM CRACKS AND SPREADS","GLFCST ULSD PLATTS UP/DN  FUT","LT","03/2026","03/2026","254","USD","0.025"
"NYM","PETROLEUM CRACKS AND SPREADS","GLFCST ULSD PLATTS UP/DN  FUT","LT","04/2026","04/2026","254","USD","0.025"
"NYM","PETROLEUM CRACKS AND SPREADS","GLFCST ULSD PLATTS UP/DN  FUT","LT","05/2026","05/2026","726","USD","0.025"
"NYM","PETROLEUM CRACKS AND SPREADS","GLFCST ULSD PLATTS UP/DN  FUT","LT","06/2026","06/2026","677","USD","0.025"
"NYM","PETROLEUM CRACKS AND SPREADS","GLFCST ULSD PLATTS UP/DN  FUT","LT","07/2026","07/2026","275","USD","0.025"
"NYM","PETROLEUM CRACKS AND SPREADS","GLFCST ULSD PLATTS UP/DN  FUT","LT","08/2026","08/2026","313","USD","0.025"
"NYM","PETROLEUM CRACKS AND SPREADS","GLFCST ULSD PLATTS UP/DN  FUT","LT","09/2026","09/2026","629","USD","0.025"
"NYM","PETROLEUM CRACKS AND SPREADS","GLFCST ULSD PLATTS UP/DN  FUT","LT","10/2026","10/2026","439","USD","0.025"
"NYM","PETROLEUM CRACKS AND SPREADS","GLFCST ULSD PLATTS UP/DN  FUT","LT","11/2026","11/2026","791","USD","0.025"
"NYM","PETROLEUM CRACKS AND SPREADS","GLFCST ULSD PLATTS UP/DN  FUT","LT","12/2026","12/2026","614","USD","0.025"
"NYM","PETROLEUM CRACKS AND SPREADS","GLFCST ULSD PLATTS UP/DN  FUT","LT","01/2027","01/2027","394","USD","0.025"
"NYM","PETROLEUM CRACKS AND SPREADS","GLFCST ULSD PLATTS UP/DN  FUT","LT","02/2027","02/2027","937","USD","0.025"
"NYM","PETROLEUM CRACKS AND SPREADS","GLFCST ULSD PLATTS UP/DN  FUT","LT","03/2027","03/2027","385","USD","0.025"
"NYM","PETROLEUM CRACKS AND SPREADS","GLFCST ULSD PLATTS UP/DN  FUT","LT","04/2027","04/2027","466","USD","0.025"
"NYM","PETROLEUM CRACKS AND SPREADS","GLFCST ULSD PLATTS UP/DN  FUT","LT","05/2027","05/2027","465","USD","0.025"
"NYM","PETROLEUM CRACKS AND SPREADS","GLFCST ULSD PLATTS UP/DN  FUT","LT","06/2027","06/2027","370","USD","0.025"
"NYM","PETROLEUM CRACKS AND SPREADS","GLFCST ULSD PLATTS UP/DN  FUT","LT","07/2027","07/2027","438","USD","0.025"
"NYM","PETROLEUM CRACKS AND SPREADS","GLFCST ULSD PLATTS UP/DN  FUT","LT","08/2027","10/2028","199","USD","0.025"
"NYM","PETROLEUM CRACKS AND SPREADS","GLFCST ULSD PLATTS UP/DN  FUT","LT","09/2027","03/2029","361","USD","0.025"
"NYM","PETROLEUM CRACKS AND SPREADS","GLFCST ULSD PLATTS UP/DN  FUT","LT","11/2027","04/2029","534","USD","0.025"
"NYM","PETROLEUM CRACKS AND SPREADS","GLFCST ULSD PLATTS UP/DN  FUT","LT","12/2027","05/2029","241","USD","0.025"
"NYM","PETROLEUM CRACKS AND SPREADS","GLFCST ULSD PLATTS UP/DN  FUT","LT","02/2028","07/2028","901","USD","0.025"
"NYM","PETROLEUM CRACKS AND SPREADS","GLFCST ULSD PLATTS UP/DN  FUT","LT","03/2028","08/2029","530","USD","0.025"
"NYM","PETROLEUM CRACKS AND SPREADS","GLFCST ULSD PLATTS UP/DN  FUT","LT","04/2028","04/2028","930","USD","0.025"
"NYM","PETROLEUM CRACKS AND SPREADS","GLFCST ULSD PLATTS UP/DN  FUT","LT","06/2028","11/2029","188","USD","0.025"
"NYM","PETROLEUM CRACKS AND SPREADS","GLFCST ULSD PLATTS UP/DN  FUT","LT","08/2028","08/2028","377","USD","0.025"
"NYM","PETROLEUM CRACKS AND SPREADS","GLFCST ULSD PLATTS UP/DN  FUT","LT","09/2028","09/2028","721","USD","0.025"
"NYM","PETROLEUM CRACKS AND SPREADS","GLFCST ULSD PLATTS UP/DN  FUT","LT","12/2028","06/2029","541","USD","0.025"
"NYM","PETROLEUM CRACKS AND SPREADS","GLFCST ULSD PLATTS UP/DN  FUT","LT","01/2029","01/2029","255","USD","0.025"
"NYM","PETROLEUM CRACKS AND SPREADS","GLFCST ULSD PLATTS UP/DN  FUT","LT","02/2029","02/2029","739","USD","0.025"
"NYM","PETROLEUM CRACKS AND SPREADS","GLFCST ULSD PLATTS UP/DN  FUT","LT","07/2029","07/2029","703","USD","0.025"
"NYM","PETROLEUM CRACKS AND SPREADS","GLFCST ULSD PLATTS UP/DN  FUT","LT","09/2029","09/2029","1120","USD","0.025"
"NYM","PETROLEUM CRACKS AND SPREADS","GLFCST ULSD PLATTS UP/DN  FUT","LT","10/2029","10/2029","227","USD","0.025"
"NYM","PETROLEUM CRACKS AND SPREADS","GLFCST ULSD PLATTS UP/DN  FUT","LT","12/2029","12/2029","600","USD","0.025"
"NYM","PETROLEUM CRACKS AND SPREADS","ARGS GSOLNE EBOB N-OXY NWE BALMO CK","MCB","01/01/2026","01/30/2026","11823","USD","25.000%"
"NYM","PETROLEUM CRACKS AND SPREADS","ARGS GSOLNE EBOB N-OXY NWE BALMO CK","MCB","02/02/2026","03/31/2026","24990","USD","25.000%"
"NYM","PETROLEUM CRACKS AND SPREADS","GAS E-BOB NON-OXY ARGUS CK BALMO","MCE","01/01/2026","01/30/2026","1419","USD","25.000%"
"NYM","PETROLEUM CRACKS AND SPREADS","GAS E-BOB NON-OXY ARGUS CK BALMO","MCE","02/02/2026","03/31/2026","3000","USD","25.000%"
"NYM","PETROLEUM CRACKS AND SPREADS","GAS EBOB NON-OXY BARGES VS EUR NAPH","MCF","01/2026","01/2026","10112","USD","0.08"
"NYM","PETROLEUM CRACKS AND SPREADS","GAS EBOB NON-OXY BARGES VS EUR NAPH","MCF","02/2026","02/2026","28000","USD","0.08"
"NYM","PETROLEUM CRACKS AND SPREADS","GAS EBOB NON-OXY BARGES VS EUR NAPH","MCF","03/2026","12/2029","26000","USD","0.08"
"NYM","PETROLEUM CRACKS AND SPREADS","GAS E-BOB NON-OXY VS NAPH CIF BALMO","MCN","01/01/2026","01/30/2026","20253","USD","0.08"
"NYM","PETROLEUM CRACKS AND SPREADS","GAS E-BOB NON-OXY VS NAPH CIF BALMO","MCN","02/02/2026","03/31/2026","26000","USD","0.08"
"NYM","PETROLEUM CRACKS AND SPREADS","MINI GAS EUROBOB NON-OXY NWE CK","MCS","01/2026","01/2026","1182","USD","25.000%"
"NYM","PETROLEUM CRACKS AND SPREADS","MINI GAS EUROBOB NON-OXY NWE CK","MCS","02/2026","06/2026","2915","USD","25.000%"
"NYM","PETROLEUM CRACKS AND SPREADS","MINI GAS EUROBOB NON-OXY NWE CK","MCS","07/2026","12/2029","2499","USD","25.000%"
"NYM","PETROLEUM CRACKS AND SPREADS","GLFCST JET PLATTS UP/DN  FUT","ME","01/2026","01/2026","719","USD","0.025"
"NYM","PETROLEUM CRACKS AND SPREADS","GLFCST JET PLATTS UP/DN  FUT","ME","02/2026","02/2026","1419","USD","0.025"
"NYM","PETROLEUM CRACKS AND SPREADS","GLFCST JET PLATTS UP/DN  FUT","ME","03/2026","03/2026","1386","USD","0.025"
"NYM","PETROLEUM CRACKS AND SPREADS","GLFCST JET PLATTS UP/DN  FUT","ME","04/2026","04/2026","1364","USD","0.025"
"NYM","PETROLEUM CRACKS AND SPREADS","GLFCST JET PLATTS UP/DN  FUT","ME","05/2026","05/2026","1353","USD","0.025"
"NYM","PETROLEUM CRACKS AND SPREADS","GLFCST JET PLATTS UP/DN  FUT","ME","06/2026","06/2026","1309","USD","0.025"
"NYM","PETROLEUM CRACKS AND SPREADS","GLFCST JET PLATTS UP/DN  FUT","ME","07/2026","07/2026","1177","USD","0.025"
"NYM","PETROLEUM CRACKS AND SPREADS","GLFCST JET PLATTS UP/DN  FUT","ME","08/2026","08/2026","1155","USD","0.025"
"NYM","PETROLEUM CRACKS AND SPREADS","GLFCST JET PLATTS UP/DN  FUT","ME","09/2026","09/2026","1144","USD","0.025"
"NYM","PETROLEUM CRACKS AND SPREADS","GLFCST JET PLATTS UP/DN  FUT","ME","10/2026","10/2026","1133","USD","0.025"
"NYM","PETROLEUM CRACKS AND SPREADS","GLFCST JET PLATTS UP/DN  FUT","ME","11/2026","11/2026","1127","USD","0.025"
"NYM","PETROLEUM CRACKS AND SPREADS","GLFCST JET PLATTS UP/DN  FUT","ME","12/2026","12/2026","1122","USD","0.025"
"NYM","PETROLEUM CRACKS AND SPREADS","GLFCST JET PLATTS UP/DN  FUT","ME","01/2027","01/2027","1111","USD","0.025"
"NYM","PETROLEUM CRACKS AND SPREADS","GLFCST JET PLATTS UP/DN  FUT","ME","02/2027","12/2029","1100","USD","0.025"
"NYM","PETROLEUM CRACKS AND SPREADS","GLFCST JET PLATTS UP/DN  FUT","ME","03/2027","03/2027","1089","USD","0.025"
"NYM","PETROLEUM CRACKS AND SPREADS","GLFCST JET PLATTS UP/DN  FUT","ME","04/2027","04/2027","1078","USD","0.025"
"NYM","PETROLEUM CRACKS AND SPREADS","GLFCST JET PLATTS UP/DN  FUT","ME","05/2027","05/2027","1067","USD","0.025"
"NYM","PETROLEUM CRACKS AND SPREADS","GLFCST JET PLATTS UP/DN  FUT","ME","06/2027","06/2027","1056","USD","0.025"
"NYM","PETROLEUM CRACKS AND SPREADS","GLFCST JET PLATTS UP/DN  FUT","ME","07/2027","07/2027","1045","USD","0.025"
"NYM","PETROLEUM CRACKS AND SPREADS","GLFCST JET PLATTS UP/DN  FUT","ME","08/2027","12/2028","1034","USD","0.025"
"NYM","PETROLEUM CRACKS AND SPREADS","GLFCST JET PLATTS UP/DN  FUT","ME","01/2029","04/2029","3400","USD","0.025"
"NYM","PETROLEUM CRACKS AND SPREADS","MINI EAST-WEST FUEL OIL FUTURES","MEW","01/2026","01/2026","496","USD","0.025"
"NYM","PETROLEUM CRACKS AND SPREADS","MINI EAST-WEST FUEL OIL FUTURES","MEW","02/2026","02/2026","1000","USD","0.025"
"NYM","PETROLEUM CRACKS AND SPREADS","MINI EAST-WEST FUEL OIL FUTURES","MEW","03/2026","09/2026","750","USD","0.025"
"NYM","PETROLEUM CRACKS AND SPREADS","MINI EAST-WEST FUEL OIL FUTURES","MEW","10/2026","12/2031","550","USD","0.025"
"NYM","PETROLEUM CRACKS AND SPREADS","MINI 3.5% FUEL OIL FOB CRK SPD FUT","MFR","01/2026","01/2026","1267","USD","0.08"
"NYM","PETROLEUM CRACKS AND SPREADS","MINI 3.5% FUEL OIL FOB CRK SPD FUT","MFR","02/2026","02/2026","1789","USD","0.08"
"NYM","PETROLEUM CRACKS AND SPREADS","MINI 3.5% FUEL OIL FOB CRK SPD FUT","MFR","03/2026","03/2026","1529","USD","0.08"
"NYM","PETROLEUM CRACKS AND SPREADS","MINI 3.5% FUEL OIL FOB CRK SPD FUT","MFR","04/2026","04/2026","1419","USD","0.08"
"NYM","PETROLEUM CRACKS AND SPREADS","MINI 3.5% FUEL OIL FOB CRK SPD FUT","MFR","05/2026","05/2026","1234","USD","0.08"
"NYM","PETROLEUM CRACKS AND SPREADS","MINI 3.5% FUEL OIL FOB CRK SPD FUT","MFR","06/2026","06/2026","1315","USD","0.08"
"NYM","PETROLEUM CRACKS AND SPREADS","MINI 3.5% FUEL OIL FOB CRK SPD FUT","MFR","07/2026","07/2026","1623","USD","0.08"
"NYM","PETROLEUM CRACKS AND SPREADS","MINI 3.5% FUEL OIL FOB CRK SPD FUT","MFR","08/2026","08/2026","1103","USD","0.08"
"NYM","PETROLEUM CRACKS AND SPREADS","MINI 3.5% FUEL OIL FOB CRK SPD FUT","MFR","09/2026","09/2026","1104","USD","0.08"
"NYM","PETROLEUM CRACKS AND SPREADS","MINI 3.5% FUEL OIL FOB CRK SPD FUT","MFR","10/2026","10/2026","1402","USD","0.08"
"NYM","PETROLEUM CRACKS AND SPREADS","MINI 3.5% FUEL OIL FOB CRK SPD FUT","MFR","11/2026","11/2026","1296","USD","0.08"
"NYM","PETROLEUM CRACKS AND SPREADS","MINI 3.5% FUEL OIL FOB CRK SPD FUT","MFR","12/2026","12/2026","1312","USD","0.08"
"NYM","PETROLEUM CRACKS AND SPREADS","MINI 3.5% FUEL OIL FOB CRK SPD FUT","MFR","01/2027","01/2027","1575","USD","0.08"
"NYM","PETROLEUM CRACKS AND SPREADS","MINI 3.5% FUEL OIL FOB CRK SPD FUT","MFR","02/2027","02/2027","1481","USD","0.08"
"NYM","PETROLEUM CRACKS AND SPREADS","MINI 3.5% FUEL OIL FOB CRK SPD FUT","MFR","03/2027","03/2027","1471","USD","0.08"
"NYM","PETROLEUM CRACKS AND SPREADS","MINI 3.5% FUEL OIL FOB CRK SPD FUT","MFR","04/2027","04/2027","1460","USD","0.08"
"NYM","PETROLEUM CRACKS AND SPREADS","MINI 3.5% FUEL OIL FOB CRK SPD FUT","MFR","05/2027","05/2027","1450","USD","0.08"
"NYM","PETROLEUM CRACKS AND SPREADS","MINI 3.5% FUEL OIL FOB CRK SPD FUT","MFR","06/2027","06/2027","1445","USD","0.08"
"NYM","PETROLEUM CRACKS AND SPREADS","MINI 3.5% FUEL OIL FOB CRK SPD FUT","MFR","07/2027","07/2027","1560","USD","0.08"
"NYM","PETROLEUM CRACKS AND SPREADS","MINI 3.5% FUEL OIL FOB CRK SPD FUT","MFR","08/2027","08/2027","1559","USD","0.08"
"NYM","PETROLEUM CRACKS AND SPREADS","MINI 3.5% FUEL OIL FOB CRK SPD FUT","MFR","09/2027","09/2027","1549","USD","0.08"
"NYM","PETROLEUM CRACKS AND SPREADS","MINI 3.5% FUEL OIL FOB CRK SPD FUT","MFR","10/2027","11/2027","1538","USD","0.08"
"NYM","PETROLEUM CRACKS AND SPREADS","MINI 3.5% FUEL OIL FOB CRK SPD FUT","MFR","12/2027","12/2027","1543","USD","0.08"
"NYM","PETROLEUM CRACKS AND SPREADS","MINI 3.5% FUEL OIL FOB CRK SPD FUT","MFR","01/2028","03/2028","1596","USD","0.08"
"NYM","PETROLEUM CRACKS AND SPREADS","MINI 3.5% FUEL OIL FOB CRK SPD FUT","MFR","04/2028","04/2028","1595","USD","0.08"
"NYM","PETROLEUM CRACKS AND SPREADS","MINI 3.5% FUEL OIL FOB CRK SPD FUT","MFR","05/2028","05/2028","1584","USD","0.08"
"NYM","PETROLEUM CRACKS AND SPREADS","MINI 3.5% FUEL OIL FOB CRK SPD FUT","MFR","06/2028","06/2028","1583","USD","0.08"
"NYM","PETROLEUM CRACKS AND SPREADS","MINI 3.5% FUEL OIL FOB CRK SPD FUT","MFR","07/2028","07/2028","1572","USD","0.08"
"NYM","PETROLEUM CRACKS AND SPREADS","MINI 3.5% FUEL OIL FOB CRK SPD FUT","MFR","08/2028","08/2028","1560","USD","0.08"
"NYM","PETROLEUM CRACKS AND SPREADS","MINI 3.5% FUEL OIL FOB CRK SPD FUT","MFR","09/2028","09/2028","1548","USD","0.08"
"NYM","PETROLEUM CRACKS AND SPREADS","MINI 3.5% FUEL OIL FOB CRK SPD FUT","MFR","10/2028","10/2028","1536","USD","0.08"
"NYM","PETROLEUM CRACKS AND SPREADS","MINI 3.5% FUEL OIL FOB CRK SPD FUT","MFR","11/2028","11/2028","1525","USD","0.08"
"NYM","PETROLEUM CRACKS AND SPREADS","MINI 3.5% FUEL OIL FOB CRK SPD FUT","MFR","12/2028","01/2029","1514","USD","0.08"
"NYM","PETROLEUM CRACKS AND SPREADS","MINI 3.5% FUEL OIL FOB CRK SPD FUT","MFR","02/2029","02/2029","1513","USD","0.08"
"NYM","PETROLEUM CRACKS AND SPREADS","MINI 3.5% FUEL OIL FOB CRK SPD FUT","MFR","03/2029","12/2029","1502","USD","0.08"
"NYM","PETROLEUM CRACKS AND SPREADS","MINIGASOI 0.1%BRGSFOB ARA (P)VS.LOW","MGB","01/2026","01/2026","3300","USD","0.05"
"NYM","PETROLEUM CRACKS AND SPREADS","MINIGASOI 0.1%BRGSFOB ARA (P)VS.LOW","MGB","02/2026","02/2026","7309","USD","0.05"
"NYM","PETROLEUM CRACKS AND SPREADS","MINIGASOI 0.1%BRGSFOB ARA (P)VS.LOW","MGB","03/2026","03/2026","6840","USD","0.05"
"NYM","PETROLEUM CRACKS AND SPREADS","MINIGASOI 0.1%BRGSFOB ARA (P)VS.LOW","MGB","04/2026","06/2026","6790","USD","0.05"
"NYM","PETROLEUM CRACKS AND SPREADS","MINIGASOI 0.1%BRGSFOB ARA (P)VS.LOW","MGB","07/2026","07/2026","6484","USD","0.05"
"NYM","PETROLEUM CRACKS AND SPREADS","MINIGASOI 0.1%BRGSFOB ARA (P)VS.LOW","MGB","08/2026","11/2026","6370","USD","0.05"
"NYM","PETROLEUM CRACKS AND SPREADS","MINIGASOI 0.1%BRGSFOB ARA (P)VS.LOW","MGB","12/2026","12/2026","6083","USD","0.05"
"NYM","PETROLEUM CRACKS AND SPREADS","MINIGASOI 0.1%BRGSFOB ARA (P)VS.LOW","MGB","01/2027","12/2028","5950","USD","0.05"
"NYM","PETROLEUM CRACKS AND SPREADS","MIN GSL .1% PLTS CRGS CIFNWE VS GSL","MGF","01/2026","01/2026","3480","USD","0.05"
"NYM","PETROLEUM CRACKS AND SPREADS","MIN GSL .1% PLTS CRGS CIFNWE VS GSL","MGF","02/2026","02/2026","8079","USD","0.05"
"NYM","PETROLEUM CRACKS AND SPREADS","MIN GSL .1% PLTS CRGS CIFNWE VS GSL","MGF","03/2026","03/2026","7960","USD","0.05"
"NYM","PETROLEUM CRACKS AND SPREADS","MIN GSL .1% PLTS CRGS CIFNWE VS GSL","MGF","04/2026","06/2026","7910","USD","0.05"
"NYM","PETROLEUM CRACKS AND SPREADS","MIN GSL .1% PLTS CRGS CIFNWE VS GSL","MGF","07/2026","07/2026","7604","USD","0.05"
"NYM","PETROLEUM CRACKS AND SPREADS","MIN GSL .1% PLTS CRGS CIFNWE VS GSL","MGF","08/2026","11/2026","7490","USD","0.05"
"NYM","PETROLEUM CRACKS AND SPREADS","MIN GSL .1% PLTS CRGS CIFNWE VS GSL","MGF","12/2026","12/2026","7203","USD","0.05"
"NYM","PETROLEUM CRACKS AND SPREADS","MIN GSL .1% PLTS CRGS CIFNWE VS GSL","MGF","01/2027","12/2028","7070","USD","0.05"
"NYM","PETROLEUM CRACKS AND SPREADS","MIN ULSD 10PPM CRGS CIF NWE VS GSL","MGN","01/2026","01/2026","500","USD","0.025"
"NYM","PETROLEUM CRACKS AND SPREADS","MIN ULSD 10PPM CRGS CIF NWE VS GSL","MGN","02/2026","02/2026","475","USD","0.025"
"NYM","PETROLEUM CRACKS AND SPREADS","MIN ULSD 10PPM CRGS CIF NWE VS GSL","MGN","03/2026","04/2026","400","USD","0.025"
"NYM","PETROLEUM CRACKS AND SPREADS","MIN ULSD 10PPM CRGS CIF NWE VS GSL","MGN","05/2026","12/2028","375","USD","0.025"
"NYM","PETROLEUM CRACKS AND SPREADS","MIN  JET KERO BRGES FOB RDAM VS GSL","MJB","01/2026","01/2026","443","USD","0.05"
"NYM","PETROLEUM CRACKS AND SPREADS","MIN  JET KERO BRGES FOB RDAM VS GSL","MJB","02/2026","02/2026","1000","USD","0.05"
"NYM","PETROLEUM CRACKS AND SPREADS","MIN  JET KERO BRGES FOB RDAM VS GSL","MJB","03/2026","12/2028","700","USD","0.05"
"NYM","PETROLEUM CRACKS AND SPREADS","MIN JETKERO CRGOS CIF NWE VS GASOIL","MJC","01/2026","01/2026","11808","USD","0.05"
"NYM","PETROLEUM CRACKS AND SPREADS","MIN JETKERO CRGOS CIF NWE VS GASOIL","MJC","02/2026","02/2026","13593","USD","0.05"
"NYM","PETROLEUM CRACKS AND SPREADS","MIN JETKERO CRGOS CIF NWE VS GASOIL","MJC","03/2026","03/2026","12927","USD","0.05"
"NYM","PETROLEUM CRACKS AND SPREADS","MIN JETKERO CRGOS CIF NWE VS GASOIL","MJC","04/2026","06/2026","12840","USD","0.05"
"NYM","PETROLEUM CRACKS AND SPREADS","MIN JETKERO CRGOS CIF NWE VS GASOIL","MJC","07/2026","07/2026","10876","USD","0.05"
"NYM","PETROLEUM CRACKS AND SPREADS","MIN JETKERO CRGOS CIF NWE VS GASOIL","MJC","08/2026","11/2026","10680","USD","0.05"
"NYM","PETROLEUM CRACKS AND SPREADS","MIN JETKERO CRGOS CIF NWE VS GASOIL","MJC","12/2026","12/2026","10188","USD","0.05"
"NYM","PETROLEUM CRACKS AND SPREADS","MIN JETKERO CRGOS CIF NWE VS GASOIL","MJC","01/2027","12/2028","9960","USD","0.05"
"NYM","PETROLEUM CRACKS AND SPREADS","NY HARBOR RESIDUAL FUEL CRACK FUT","ML","01/2026","01/2026","887","USD","0.025"
"NYM","PETROLEUM CRACKS AND SPREADS","NY HARBOR RESIDUAL FUEL CRACK FUT","ML","02/2026","12/2028","2300","USD","0.025"
"NYM","PETROLEUM CRACKS AND SPREADS","MINI 1% FUEL OIL CARGO CRACK","MNS","01/2026","01/2026","1587","USD","0.08"
"NYM","PETROLEUM CRACKS AND SPREADS","MINI 1% FUEL OIL CARGO CRACK","MNS","02/2026","02/2026","1428","USD","0.08"
"NYM","PETROLEUM CRACKS AND SPREADS","MINI 1% FUEL OIL CARGO CRACK","MNS","03/2026","12/2027","1206","USD","0.08"
"NYM","PETROLEUM CRACKS AND SPREADS","LA JT FL(PLATTS) VS.NY HRBR ULSD FU","MQ","01/2026","01/2026","2838","USD","0.025"
"NYM","PETROLEUM CRACKS AND SPREADS","LA JT FL(PLATTS) VS.NY HRBR ULSD FU","MQ","02/2026","12/2028","8000","USD","0.025"
"NYM","PETROLEUM CRACKS AND SPREADS","MINI 380CST VS 3.5% FUEL OIL FUT","MSB","01/2026","01/2026","12292","USD","0.08"
"NYM","PETROLEUM CRACKS AND SPREADS","MINI 380CST VS 3.5% FUEL OIL FUT","MSB","02/2026","02/2026","8515","USD","0.08"
"NYM","PETROLEUM CRACKS AND SPREADS","MINI 380CST VS 3.5% FUEL OIL FUT","MSB","03/2026","03/2026","7440","USD","0.08"
"NYM","PETROLEUM CRACKS AND SPREADS","MINI 380CST VS 3.5% FUEL OIL FUT","MSB","04/2026","07/2026","7320","USD","0.08"
"NYM","PETROLEUM CRACKS AND SPREADS","MINI 380CST VS 3.5% FUEL OIL FUT","MSB","08/2026","10/2026","6100","USD","0.08"
"NYM","PETROLEUM CRACKS AND SPREADS","MINI 380CST VS 3.5% FUEL OIL FUT","MSB","11/2026","01/2027","5800","USD","0.08"
"NYM","PETROLEUM CRACKS AND SPREADS","MINI 380CST VS 3.5% FUEL OIL FUT","MSB","02/2027","12/2029","7540","USD","0.08"
"NYM","PETROLEUM CRACKS AND SPREADS","MINIEURDIESEL10 PPM BRGS ARA(P)VS.L","MUD","01/2026","01/2026","625","USD","0.05"
"NYM","PETROLEUM CRACKS AND SPREADS","MINIEURDIESEL10 PPM BRGS ARA(P)VS.L","MUD","02/2026","02/2026","600","USD","0.05"
"NYM","PETROLEUM CRACKS AND SPREADS","MINIEURDIESEL10 PPM BRGS ARA(P)VS.L","MUD","03/2026","03/2026","450","USD","0.05"
"NYM","PETROLEUM CRACKS AND SPREADS","MINIEURDIESEL10 PPM BRGS ARA(P)VS.L","MUD","04/2026","12/2028","350","USD","0.05"
"NYM","PETROLEUM CRACKS AND SPREADS","MINI RBOB V. EBOBARG NWE BRGS BALMO","MXR","01/01/2026","01/02/2026","1104","USD","0.08"
"NYM","PETROLEUM CRACKS AND SPREADS","MINI RBOB V. EBOBARG NWE BRGS BALMO","MXR","01/05/2026","01/05/2026","1160","USD","0.08"
"NYM","PETROLEUM CRACKS AND SPREADS","MINI RBOB V. EBOBARG NWE BRGS BALMO","MXR","01/06/2026","01/06/2026","1220","USD","0.08"
"NYM","PETROLEUM CRACKS AND SPREADS","MINI RBOB V. EBOBARG NWE BRGS BALMO","MXR","01/07/2026","01/07/2026","1285","USD","0.08"
"NYM","PETROLEUM CRACKS AND SPREADS","MINI RBOB V. EBOBARG NWE BRGS BALMO","MXR","01/08/2026","01/08/2026","1364","USD","0.08"
"NYM","PETROLEUM CRACKS AND SPREADS","MINI RBOB V. EBOBARG NWE BRGS BALMO","MXR","01/09/2026","01/09/2026","1448","USD","0.08"
"NYM","PETROLEUM CRACKS AND SPREADS","MINI RBOB V. EBOBARG NWE BRGS BALMO","MXR","01/12/2026","01/12/2026","1545","USD","0.08"
"NYM","PETROLEUM CRACKS AND SPREADS","MINI RBOB V. EBOBARG NWE BRGS BALMO","MXR","01/13/2026","01/13/2026","1657","USD","0.08"
"NYM","PETROLEUM CRACKS AND SPREADS","MINI RBOB V. EBOBARG NWE BRGS BALMO","MXR","01/14/2026","01/14/2026","1782","USD","0.08"
"NYM","PETROLEUM CRACKS AND SPREADS","MINI RBOB V. EBOBARG NWE BRGS BALMO","MXR","01/15/2026","01/15/2026","1931","USD","0.08"
"NYM","PETROLEUM CRACKS AND SPREADS","MINI RBOB V. EBOBARG NWE BRGS BALMO","MXR","01/16/2026","01/16/2026","2107","USD","0.08"
"NYM","PETROLEUM CRACKS AND SPREADS","MINI RBOB V. EBOBARG NWE BRGS BALMO","MXR","01/19/2026","01/19/2026","2321","USD","0.08"
"NYM","PETROLEUM CRACKS AND SPREADS","MINI RBOB V. EBOBARG NWE BRGS BALMO","MXR","01/20/2026","01/20/2026","2576","USD","0.08"
"NYM","PETROLEUM CRACKS AND SPREADS","MINI RBOB V. EBOBARG NWE BRGS BALMO","MXR","01/21/2026","01/21/2026","2901","USD","0.08"
"NYM","PETROLEUM CRACKS AND SPREADS","MINI RBOB V. EBOBARG NWE BRGS BALMO","MXR","01/22/2026","01/22/2026","3314","USD","0.08"
"NYM","PETROLEUM CRACKS AND SPREADS","MINI RBOB V. EBOBARG NWE BRGS BALMO","MXR","01/23/2026","01/23/2026","3867","USD","0.08"
"NYM","PETROLEUM CRACKS AND SPREADS","MINI RBOB V. EBOBARG NWE BRGS BALMO","MXR","01/26/2026","01/30/2026","4642","USD","0.08"
"NYM","PETROLEUM CRACKS AND SPREADS","MINI RBOB V. EBOBARG NWE BRGS BALMO","MXR","02/02/2026","02/27/2026","933","USD","0.08"
"NYM","PETROLEUM CRACKS AND SPREADS","MINI RBOB V. EBOBARG NWE BRGS BALMO","MXR","03/02/2026","03/31/2026","1015","USD","0.08"
"NYM","PETROLEUM CRACKS AND SPREADS","NPHTHA(PLATS)CRGOES CIF NWE CK BLMO","NBB","01/01/2026","01/02/2026","1327","USD","0.08"
"NYM","PETROLEUM CRACKS AND SPREADS","NPHTHA(PLATS)CRGOES CIF NWE CK BLMO","NBB","01/05/2026","01/05/2026","1396","USD","0.08"
"NYM","PETROLEUM CRACKS AND SPREADS","NPHTHA(PLATS)CRGOES CIF NWE CK BLMO","NBB","01/06/2026","01/06/2026","1467","USD","0.08"
"NYM","PETROLEUM CRACKS AND SPREADS","NPHTHA(PLATS)CRGOES CIF NWE CK BLMO","NBB","01/07/2026","01/07/2026","1551","USD","0.08"
"NYM","PETROLEUM CRACKS AND SPREADS","NPHTHA(PLATS)CRGOES CIF NWE CK BLMO","NBB","01/08/2026","01/08/2026","1641","USD","0.08"
"NYM","PETROLEUM CRACKS AND SPREADS","NPHTHA(PLATS)CRGOES CIF NWE CK BLMO","NBB","01/09/2026","01/09/2026","1745","USD","0.08"
"NYM","PETROLEUM CRACKS AND SPREADS","NPHTHA(PLATS)CRGOES CIF NWE CK BLMO","NBB","01/12/2026","01/12/2026","1860","USD","0.08"
"NYM","PETROLEUM CRACKS AND SPREADS","NPHTHA(PLATS)CRGOES CIF NWE CK BLMO","NBB","01/13/2026","01/13/2026","1991","USD","0.08"
"NYM","PETROLEUM CRACKS AND SPREADS","NPHTHA(PLATS)CRGOES CIF NWE CK BLMO","NBB","01/14/2026","01/14/2026","2145","USD","0.08"
"NYM","PETROLEUM CRACKS AND SPREADS","NPHTHA(PLATS)CRGOES CIF NWE CK BLMO","NBB","01/15/2026","01/15/2026","2325","USD","0.08"
"NYM","PETROLEUM CRACKS AND SPREADS","NPHTHA(PLATS)CRGOES CIF NWE CK BLMO","NBB","01/16/2026","01/16/2026","2538","USD","0.08"
"NYM","PETROLEUM CRACKS AND SPREADS","NPHTHA(PLATS)CRGOES CIF NWE CK BLMO","NBB","01/19/2026","01/19/2026","2793","USD","0.08"
"NYM","PETROLEUM CRACKS AND SPREADS","NPHTHA(PLATS)CRGOES CIF NWE CK BLMO","NBB","01/20/2026","01/20/2026","3102","USD","0.08"
"NYM","PETROLEUM CRACKS AND SPREADS","NPHTHA(PLATS)CRGOES CIF NWE CK BLMO","NBB","01/21/2026","01/21/2026","3491","USD","0.08"
"NYM","PETROLEUM CRACKS AND SPREADS","NPHTHA(PLATS)CRGOES CIF NWE CK BLMO","NBB","01/22/2026","01/22/2026","3990","USD","0.08"
"NYM","PETROLEUM CRACKS AND SPREADS","NPHTHA(PLATS)CRGOES CIF NWE CK BLMO","NBB","01/23/2026","01/23/2026","4654","USD","0.08"
"NYM","PETROLEUM CRACKS AND SPREADS","NPHTHA(PLATS)CRGOES CIF NWE CK BLMO","NBB","01/26/2026","01/26/2026","5586","USD","0.08"
"NYM","PETROLEUM CRACKS AND SPREADS","NPHTHA(PLATS)CRGOES CIF NWE CK BLMO","NBB","01/27/2026","01/27/2026","5576","USD","0.08"
"NYM","PETROLEUM CRACKS AND SPREADS","NPHTHA(PLATS)CRGOES CIF NWE CK BLMO","NBB","01/28/2026","01/28/2026","5559","USD","0.08"
"NYM","PETROLEUM CRACKS AND SPREADS","NPHTHA(PLATS)CRGOES CIF NWE CK BLMO","NBB","01/29/2026","01/29/2026","5526","USD","0.08"
"NYM","PETROLEUM CRACKS AND SPREADS","NPHTHA(PLATS)CRGOES CIF NWE CK BLMO","NBB","01/30/2026","01/30/2026","5426","USD","0.08"
"NYM","PETROLEUM CRACKS AND SPREADS","NPHTHA(PLATS)CRGOES CIF NWE CK BLMO","NBB","02/02/2026","02/02/2026","1749","USD","0.08"
"NYM","PETROLEUM CRACKS AND SPREADS","NPHTHA(PLATS)CRGOES CIF NWE CK BLMO","NBB","02/03/2026","02/03/2026","1749","USD","0.08"
"NYM","PETROLEUM CRACKS AND SPREADS","NPHTHA(PLATS)CRGOES CIF NWE CK BLMO","NBB","02/04/2026","02/04/2026","1749","USD","0.08"
"NYM","PETROLEUM CRACKS AND SPREADS","NPHTHA(PLATS)CRGOES CIF NWE CK BLMO","NBB","02/05/2026","02/05/2026","1749","USD","0.08"
"NYM","PETROLEUM CRACKS AND SPREADS","NPHTHA(PLATS)CRGOES CIF NWE CK BLMO","NBB","02/06/2026","02/06/2026","1749","USD","0.08"
"NYM","PETROLEUM CRACKS AND SPREADS","NPHTHA(PLATS)CRGOES CIF NWE CK BLMO","NBB","02/09/2026","02/09/2026","1749","USD","0.08"
"NYM","PETROLEUM CRACKS AND SPREADS","NPHTHA(PLATS)CRGOES CIF NWE CK BLMO","NBB","02/10/2026","02/10/2026","1749","USD","0.08"
"NYM","PETROLEUM CRACKS AND SPREADS","NPHTHA(PLATS)CRGOES CIF NWE CK BLMO","NBB","02/11/2026","02/11/2026","1749","USD","0.08"
"NYM","PETROLEUM CRACKS AND SPREADS","NPHTHA(PLATS)CRGOES CIF NWE CK BLMO","NBB","02/12/2026","02/12/2026","1749","USD","0.08"
"NYM","PETROLEUM CRACKS AND SPREADS","NPHTHA(PLATS)CRGOES CIF NWE CK BLMO","NBB","02/13/2026","02/13/2026","1749","USD","0.08"
"NYM","PETROLEUM CRACKS AND SPREADS","NPHTHA(PLATS)CRGOES CIF NWE CK BLMO","NBB","02/16/2026","02/16/2026","1748","USD","0.08"
"NYM","PETROLEUM CRACKS AND SPREADS","NPHTHA(PLATS)CRGOES CIF NWE CK BLMO","NBB","02/17/2026","02/17/2026","1748","USD","0.08"
"NYM","PETROLEUM CRACKS AND SPREADS","NPHTHA(PLATS)CRGOES CIF NWE CK BLMO","NBB","02/18/2026","02/18/2026","1748","USD","0.08"
"NYM","PETROLEUM CRACKS AND SPREADS","NPHTHA(PLATS)CRGOES CIF NWE CK BLMO","NBB","02/19/2026","02/19/2026","1747","USD","0.08"
"NYM","PETROLEUM CRACKS AND SPREADS","NPHTHA(PLATS)CRGOES CIF NWE CK BLMO","NBB","02/20/2026","02/20/2026","1747","USD","0.08"
"NYM","PETROLEUM CRACKS AND SPREADS","NPHTHA(PLATS)CRGOES CIF NWE CK BLMO","NBB","02/23/2026","02/23/2026","1746","USD","0.08"
"NYM","PETROLEUM CRACKS AND SPREADS","NPHTHA(PLATS)CRGOES CIF NWE CK BLMO","NBB","02/24/2026","02/24/2026","1745","USD","0.08"
"NYM","PETROLEUM CRACKS AND SPREADS","NPHTHA(PLATS)CRGOES CIF NWE CK BLMO","NBB","02/25/2026","02/25/2026","1743","USD","0.08"
"NYM","PETROLEUM CRACKS AND SPREADS","NPHTHA(PLATS)CRGOES CIF NWE CK BLMO","NBB","02/26/2026","02/26/2026","1740","USD","0.08"
"NYM","PETROLEUM CRACKS AND SPREADS","NPHTHA(PLATS)CRGOES CIF NWE CK BLMO","NBB","02/27/2026","02/27/2026","1729","USD","0.08"
"NYM","PETROLEUM CRACKS AND SPREADS","NPHTHA(PLATS)CRGOES CIF NWE CK BLMO","NBB","03/02/2026","03/02/2026","1637","USD","0.08"
"NYM","PETROLEUM CRACKS AND SPREADS","NPHTHA(PLATS)CRGOES CIF NWE CK BLMO","NBB","03/03/2026","03/03/2026","1636","USD","0.08"
"NYM","PETROLEUM CRACKS AND SPREADS","NPHTHA(PLATS)CRGOES CIF NWE CK BLMO","NBB","03/04/2026","03/04/2026","1635","USD","0.08"
"NYM","PETROLEUM CRACKS AND SPREADS","NPHTHA(PLATS)CRGOES CIF NWE CK BLMO","NBB","03/05/2026","03/05/2026","1635","USD","0.08"
"NYM","PETROLEUM CRACKS AND SPREADS","NPHTHA(PLATS)CRGOES CIF NWE CK BLMO","NBB","03/06/2026","03/06/2026","1634","USD","0.08"
"NYM","PETROLEUM CRACKS AND SPREADS","NPHTHA(PLATS)CRGOES CIF NWE CK BLMO","NBB","03/09/2026","03/09/2026","1633","USD","0.08"
"NYM","PETROLEUM CRACKS AND SPREADS","NPHTHA(PLATS)CRGOES CIF NWE CK BLMO","NBB","03/10/2026","03/10/2026","1632","USD","0.08"
"NYM","PETROLEUM CRACKS AND SPREADS","NPHTHA(PLATS)CRGOES CIF NWE CK BLMO","NBB","03/11/2026","03/11/2026","1631","USD","0.08"
"NYM","PETROLEUM CRACKS AND SPREADS","NPHTHA(PLATS)CRGOES CIF NWE CK BLMO","NBB","03/12/2026","03/12/2026","1630","USD","0.08"
"NYM","PETROLEUM CRACKS AND SPREADS","NPHTHA(PLATS)CRGOES CIF NWE CK BLMO","NBB","03/13/2026","03/13/2026","1628","USD","0.08"
"NYM","PETROLEUM CRACKS AND SPREADS","NPHTHA(PLATS)CRGOES CIF NWE CK BLMO","NBB","03/16/2026","03/16/2026","1627","USD","0.08"
"NYM","PETROLEUM CRACKS AND SPREADS","NPHTHA(PLATS)CRGOES CIF NWE CK BLMO","NBB","03/17/2026","03/17/2026","1625","USD","0.08"
"NYM","PETROLEUM CRACKS AND SPREADS","NPHTHA(PLATS)CRGOES CIF NWE CK BLMO","NBB","03/18/2026","03/18/2026","1622","USD","0.08"
"NYM","PETROLEUM CRACKS AND SPREADS","NPHTHA(PLATS)CRGOES CIF NWE CK BLMO","NBB","03/19/2026","03/19/2026","1620","USD","0.08"
"NYM","PETROLEUM CRACKS AND SPREADS","NPHTHA(PLATS)CRGOES CIF NWE CK BLMO","NBB","03/20/2026","03/20/2026","1616","USD","0.08"
"NYM","PETROLEUM CRACKS AND SPREADS","NPHTHA(PLATS)CRGOES CIF NWE CK BLMO","NBB","03/23/2026","03/23/2026","1611","USD","0.08"
"NYM","PETROLEUM CRACKS AND SPREADS","NPHTHA(PLATS)CRGOES CIF NWE CK BLMO","NBB","03/24/2026","03/24/2026","1605","USD","0.08"
"NYM","PETROLEUM CRACKS AND SPREADS","NPHTHA(PLATS)CRGOES CIF NWE CK BLMO","NBB","03/25/2026","03/25/2026","1596","USD","0.08"
"NYM","PETROLEUM CRACKS AND SPREADS","NPHTHA(PLATS)CRGOES CIF NWE CK BLMO","NBB","03/26/2026","03/26/2026","1583","USD","0.08"
"NYM","PETROLEUM CRACKS AND SPREADS","NPHTHA(PLATS)CRGOES CIF NWE CK BLMO","NBB","03/27/2026","03/27/2026","1562","USD","0.08"
"NYM","PETROLEUM CRACKS AND SPREADS","NPHTHA(PLATS)CRGOES CIF NWE CK BLMO","NBB","03/30/2026","03/30/2026","1519","USD","0.08"
"NYM","PETROLEUM CRACKS AND SPREADS","NPHTHA(PLATS)CRGOES CIF NWE CK BLMO","NBB","03/31/2026","03/31/2026","1389","USD","0.08"
"NYM","PETROLEUM CRACKS AND SPREADS","ARGS GSOLNE E-BOB NON-OXY NWE CK","NBO","01/2026","01/2026","11823","USD","25.000%"
"NYM","PETROLEUM CRACKS AND SPREADS","ARGS GSOLNE E-BOB NON-OXY NWE CK","NBO","02/2026","06/2026","29155","USD","25.000%"
"NYM","PETROLEUM CRACKS AND SPREADS","ARGS GSOLNE E-BOB NON-OXY NWE CK","NBO","07/2026","12/2029","24990","USD","25.000%"
"NYM","PETROLEUM CRACKS AND SPREADS","NY 1% FUEL OIL CRK SPRD BALMO","NFC","01/02/2026","01/30/2026","1787","USD","0.08"
"NYM","PETROLEUM CRACKS AND SPREADS","NY 1% FUEL OIL CRK SPRD BALMO","NFC","02/02/2026","02/27/2026","3000","USD","0.08"
"NYM","PETROLEUM CRACKS AND SPREADS","NY 1% FO (PLATTS) V GF CO HSFO BAL","NFG","01/02/2026","01/30/2026","1638","USD","0.08"
"NYM","PETROLEUM CRACKS AND SPREADS","NY 1% FO (PLATTS) V GF CO HSFO BAL","NFG","02/02/2026","02/27/2026","2750","USD","0.08"
"NYM","PETROLEUM CRACKS AND SPREADS","NY HARBOR LOW SULPUR GAS FUTURES","NLS","01/2026","01/2026","3225","USD","0.05"
"NYM","PETROLEUM CRACKS AND SPREADS","NY HARBOR LOW SULPUR GAS FUTURES","NLS","02/2026","02/2026","12517","USD","0.05"
"NYM","PETROLEUM CRACKS AND SPREADS","NY HARBOR LOW SULPUR GAS FUTURES","NLS","03/2026","03/2026","11990","USD","0.05"
"NYM","PETROLEUM CRACKS AND SPREADS","NY HARBOR LOW SULPUR GAS FUTURES","NLS","04/2026","04/2026","11693","USD","0.05"
"NYM","PETROLEUM CRACKS AND SPREADS","NY HARBOR LOW SULPUR GAS FUTURES","NLS","05/2026","05/2026","11598","USD","0.05"
"NYM","PETROLEUM CRACKS AND SPREADS","NY HARBOR LOW SULPUR GAS FUTURES","NLS","06/2026","06/2026","11193","USD","0.05"
"NYM","PETROLEUM CRACKS AND SPREADS","NY HARBOR LOW SULPUR GAS FUTURES","NLS","07/2026","07/2026","10408","USD","0.05"
"NYM","PETROLEUM CRACKS AND SPREADS","NY HARBOR LOW SULPUR GAS FUTURES","NLS","08/2026","08/2026","9989","USD","0.05"
"NYM","PETROLEUM CRACKS AND SPREADS","NY HARBOR LOW SULPUR GAS FUTURES","NLS","09/2026","09/2026","9889","USD","0.05"
"NYM","PETROLEUM CRACKS AND SPREADS","NY HARBOR LOW SULPUR GAS FUTURES","NLS","10/2026","10/2026","9789","USD","0.05"
"NYM","PETROLEUM CRACKS AND SPREADS","NY HARBOR LOW SULPUR GAS FUTURES","NLS","11/2026","11/2026","9744","USD","0.05"
"NYM","PETROLEUM CRACKS AND SPREADS","NY HARBOR LOW SULPUR GAS FUTURES","NLS","12/2026","12/2026","9142","USD","0.05"
"NYM","PETROLEUM CRACKS AND SPREADS","NY HARBOR LOW SULPUR GAS FUTURES","NLS","01/2027","01/2027","8786","USD","0.05"
"NYM","PETROLEUM CRACKS AND SPREADS","NY HARBOR LOW SULPUR GAS FUTURES","NLS","02/2027","02/2027","8686","USD","0.05"
"NYM","PETROLEUM CRACKS AND SPREADS","NY HARBOR LOW SULPUR GAS FUTURES","NLS","03/2027","03/2027","8586","USD","0.05"
"NYM","PETROLEUM CRACKS AND SPREADS","NY HARBOR LOW SULPUR GAS FUTURES","NLS","04/2027","04/2027","8486","USD","0.05"
"NYM","PETROLEUM CRACKS AND SPREADS","NY HARBOR LOW SULPUR GAS FUTURES","NLS","05/2027","05/2027","8390","USD","0.05"
"NYM","PETROLEUM CRACKS AND SPREADS","NY HARBOR LOW SULPUR GAS FUTURES","NLS","06/2027","06/2027","8286","USD","0.05"
"NYM","PETROLEUM CRACKS AND SPREADS","NY HARBOR LOW SULPUR GAS FUTURES","NLS","07/2027","07/2027","8186","USD","0.05"
"NYM","PETROLEUM CRACKS AND SPREADS","NY HARBOR LOW SULPUR GAS FUTURES","NLS","08/2027","11/2029","8086","USD","0.05"
"NYM","PETROLEUM CRACKS AND SPREADS","NY HARBOR LOW SULPUR GAS FUTURES","NLS","01/2028","12/2029","8090","USD","0.05"
"NYM","PETROLEUM CRACKS AND SPREADS","NAPHTHA (PLTS) CARGES CIF NWE CRACK","NOB","01/2026","01/2026","1396","USD","0.08"
"NYM","PETROLEUM CRACKS AND SPREADS","NAPHTHA (PLTS) CARGES CIF NWE CRACK","NOB","02/2026","02/2026","1749","USD","0.08"
"NYM","PETROLEUM CRACKS AND SPREADS","NAPHTHA (PLTS) CARGES CIF NWE CRACK","NOB","03/2026","03/2026","1637","USD","0.08"
"NYM","PETROLEUM CRACKS AND SPREADS","NAPHTHA (PLTS) CARGES CIF NWE CRACK","NOB","04/2026","04/2026","1384","USD","0.08"
"NYM","PETROLEUM CRACKS AND SPREADS","NAPHTHA (PLTS) CARGES CIF NWE CRACK","NOB","05/2026","05/2026","1284","USD","0.08"
"NYM","PETROLEUM CRACKS AND SPREADS","NAPHTHA (PLTS) CARGES CIF NWE CRACK","NOB","06/2026","06/2026","1275","USD","0.08"
"NYM","PETROLEUM CRACKS AND SPREADS","NAPHTHA (PLTS) CARGES CIF NWE CRACK","NOB","07/2026","07/2026","1384","USD","0.08"
"NYM","PETROLEUM CRACKS AND SPREADS","NAPHTHA (PLTS) CARGES CIF NWE CRACK","NOB","08/2026","08/2026","1068","USD","0.08"
"NYM","PETROLEUM CRACKS AND SPREADS","NAPHTHA (PLTS) CARGES CIF NWE CRACK","NOB","09/2026","09/2026","1055","USD","0.08"
"NYM","PETROLEUM CRACKS AND SPREADS","NAPHTHA (PLTS) CARGES CIF NWE CRACK","NOB","10/2026","10/2026","1041","USD","0.08"
"NYM","PETROLEUM CRACKS AND SPREADS","NAPHTHA (PLTS) CARGES CIF NWE CRACK","NOB","11/2026","11/2026","1020","USD","0.08"
"NYM","PETROLEUM CRACKS AND SPREADS","NAPHTHA (PLTS) CARGES CIF NWE CRACK","NOB","12/2026","12/2026","1032","USD","0.08"
"NYM","PETROLEUM CRACKS AND SPREADS","NAPHTHA (PLTS) CARGES CIF NWE CRACK","NOB","01/2027","01/2027","1215","USD","0.08"
"NYM","PETROLEUM CRACKS AND SPREADS","NAPHTHA (PLTS) CARGES CIF NWE CRACK","NOB","02/2027","02/2027","1198","USD","0.08"
"NYM","PETROLEUM CRACKS AND SPREADS","NAPHTHA (PLTS) CARGES CIF NWE CRACK","NOB","03/2027","03/2027","985","USD","0.08"
"NYM","PETROLEUM CRACKS AND SPREADS","NAPHTHA (PLTS) CARGES CIF NWE CRACK","NOB","04/2027","04/2027","978","USD","0.08"
"NYM","PETROLEUM CRACKS AND SPREADS","NAPHTHA (PLTS) CARGES CIF NWE CRACK","NOB","05/2027","05/2027","971","USD","0.08"
"NYM","PETROLEUM CRACKS AND SPREADS","NAPHTHA (PLTS) CARGES CIF NWE CRACK","NOB","06/2027","06/2027","970","USD","0.08"
"NYM","PETROLEUM CRACKS AND SPREADS","NAPHTHA (PLTS) CARGES CIF NWE CRACK","NOB","07/2027","07/2027","1082","USD","0.08"
"NYM","PETROLEUM CRACKS AND SPREADS","NAPHTHA (PLTS) CARGES CIF NWE CRACK","NOB","08/2027","08/2027","1081","USD","0.08"
"NYM","PETROLEUM CRACKS AND SPREADS","NAPHTHA (PLTS) CARGES CIF NWE CRACK","NOB","09/2027","09/2027","1074","USD","0.08"
"NYM","PETROLEUM CRACKS AND SPREADS","NAPHTHA (PLTS) CARGES CIF NWE CRACK","NOB","10/2027","11/2027","1066","USD","0.08"
"NYM","PETROLEUM CRACKS AND SPREADS","NAPHTHA (PLTS) CARGES CIF NWE CRACK","NOB","12/2027","12/2027","1106","USD","0.08"
"NYM","PETROLEUM CRACKS AND SPREADS","NAPHTHA (PLTS) CARGES CIF NWE CRACK","NOB","01/2028","03/2028","1508","USD","0.08"
"NYM","PETROLEUM CRACKS AND SPREADS","NAPHTHA (PLTS) CARGES CIF NWE CRACK","NOB","04/2028","04/2028","1508","USD","0.08"
"NYM","PETROLEUM CRACKS AND SPREADS","NAPHTHA (PLTS) CARGES CIF NWE CRACK","NOB","05/2028","05/2028","1497","USD","0.08"
"NYM","PETROLEUM CRACKS AND SPREADS","NAPHTHA (PLTS) CARGES CIF NWE CRACK","NOB","06/2028","06/2028","1496","USD","0.08"
"NYM","PETROLEUM CRACKS AND SPREADS","NAPHTHA (PLTS) CARGES CIF NWE CRACK","NOB","07/2028","07/2028","1485","USD","0.08"
"NYM","PETROLEUM CRACKS AND SPREADS","NAPHTHA (PLTS) CARGES CIF NWE CRACK","NOB","08/2028","08/2028","1473","USD","0.08"
"NYM","PETROLEUM CRACKS AND SPREADS","NAPHTHA (PLTS) CARGES CIF NWE CRACK","NOB","09/2028","09/2028","1462","USD","0.08"
"NYM","PETROLEUM CRACKS AND SPREADS","NAPHTHA (PLTS) CARGES CIF NWE CRACK","NOB","10/2028","10/2028","1450","USD","0.08"
"NYM","PETROLEUM CRACKS AND SPREADS","NAPHTHA (PLTS) CARGES CIF NWE CRACK","NOB","11/2028","11/2028","1439","USD","0.08"
"NYM","PETROLEUM CRACKS AND SPREADS","NAPHTHA (PLTS) CARGES CIF NWE CRACK","NOB","12/2028","01/2029","1428","USD","0.08"
"NYM","PETROLEUM CRACKS AND SPREADS","NAPHTHA (PLTS) CARGES CIF NWE CRACK","NOB","02/2029","02/2029","1427","USD","0.08"
"NYM","PETROLEUM CRACKS AND SPREADS","NAPHTHA (PLTS) CARGES CIF NWE CRACK","NOB","03/2029","12/2029","1416","USD","0.08"
"NYM","PETROLEUM CRACKS AND SPREADS","NAPHTHA (PLTS) CARGES CIF NWE CRACK","NOB","01/2030","12/2030","6058","USD","0.08"
"NYM","PETROLEUM CRACKS AND SPREADS","NEW YORK FUEL OIL 1% V. EURO 1% FO","NYF","01/2026","01/2026","851","USD","0.08"
"NYM","PETROLEUM CRACKS AND SPREADS","NEW YORK FUEL OIL 1% V. EURO 1% FO","NYF","02/2026","02/2026","2000","USD","0.08"
"NYM","PETROLEUM CRACKS AND SPREADS","NEW YORK FUEL OIL 1% V. EURO 1% FO","NYF","03/2026","12/2028","1900","USD","0.08"
"NYM","PETROLEUM CRACKS AND SPREADS","MINI RBOB GAS VS E-BOB NON-OXY NW","POB","01/2026","01/2026","567","USD","25.000%"
"NYM","PETROLEUM CRACKS AND SPREADS","MINI RBOB GAS VS E-BOB NON-OXY NW","POB","02/2026","06/2026","1500","USD","25.000%"
"NYM","PETROLEUM CRACKS AND SPREADS","MINI RBOB GAS VS E-BOB NON-OXY NW","POB","07/2026","12/2029","1400","USD","25.000%"
"NYM","PETROLEUM CRACKS AND SPREADS","RBOB GAS VS EUROBOB NON-OXY NWE FUT","RGF","01/2026","01/2026","5677","USD","25.000%"
"NYM","PETROLEUM CRACKS AND SPREADS","RBOB GAS VS EUROBOB NON-OXY NWE FUT","RGF","02/2026","06/2026","15000","USD","25.000%"
"NYM","PETROLEUM CRACKS AND SPREADS","RBOB GAS VS EUROBOB NON-OXY NWE FUT","RGF","07/2026","12/2029","14000","USD","25.000%"
"NYM","PETROLEUM CRACKS AND SPREADS","RBOB GAS VS. NY HRBR ULSD FUT","RH","01/2026","01/2026","1023","USD","0.025"
"NYM","PETROLEUM CRACKS AND SPREADS","RBOB GAS VS. NY HRBR ULSD FUT","RH","02/2026","02/2026","3488","USD","0.025"
"NYM","PETROLEUM CRACKS AND SPREADS","RBOB GAS VS. NY HRBR ULSD FUT","RH","03/2026","03/2026","3150","USD","0.025"
"NYM","PETROLEUM CRACKS AND SPREADS","RBOB GAS VS. NY HRBR ULSD FUT","RH","04/2026","04/2026","2652","USD","0.025"
"NYM","PETROLEUM CRACKS AND SPREADS","RBOB GAS VS. NY HRBR ULSD FUT","RH","05/2026","05/2026","2613","USD","0.025"
"NYM","PETROLEUM CRACKS AND SPREADS","RBOB GAS VS. NY HRBR ULSD FUT","RH","06/2026","06/2026","2496","USD","0.025"
"NYM","PETROLEUM CRACKS AND SPREADS","RBOB GAS VS. NY HRBR ULSD FUT","RH","07/2026","07/2026","2046","USD","0.025"
"NYM","PETROLEUM CRACKS AND SPREADS","RBOB GAS VS. NY HRBR ULSD FUT","RH","08/2026","08/2026","1991","USD","0.025"
"NYM","PETROLEUM CRACKS AND SPREADS","RBOB GAS VS. NY HRBR ULSD FUT","RH","09/2026","09/2026","1958","USD","0.025"
"NYM","PETROLEUM CRACKS AND SPREADS","RBOB GAS VS. NY HRBR ULSD FUT","RH","10/2026","10/2026","1925","USD","0.025"
"NYM","PETROLEUM CRACKS AND SPREADS","RBOB GAS VS. NY HRBR ULSD FUT","RH","11/2026","11/2026","1914","USD","0.025"
"NYM","PETROLEUM CRACKS AND SPREADS","RBOB GAS VS. NY HRBR ULSD FUT","RH","12/2026","12/2026","1892","USD","0.025"
"NYM","PETROLEUM CRACKS AND SPREADS","RBOB GAS VS. NY HRBR ULSD FUT","RH","01/2027","01/2027","1615","USD","0.025"
"NYM","PETROLEUM CRACKS AND SPREADS","RBOB GAS VS. NY HRBR ULSD FUT","RH","02/2027","02/2027","1586","USD","0.025"
"NYM","PETROLEUM CRACKS AND SPREADS","RBOB GAS VS. NY HRBR ULSD FUT","RH","03/2027","03/2027","1567","USD","0.025"
"NYM","PETROLEUM CRACKS AND SPREADS","RBOB GAS VS. NY HRBR ULSD FUT","RH","04/2027","04/2027","1539","USD","0.025"
"NYM","PETROLEUM CRACKS AND SPREADS","RBOB GAS VS. NY HRBR ULSD FUT","RH","05/2027","05/2027","1520","USD","0.025"
"NYM","PETROLEUM CRACKS AND SPREADS","RBOB GAS VS. NY HRBR ULSD FUT","RH","06/2027","06/2027","1491","USD","0.025"
"NYM","PETROLEUM CRACKS AND SPREADS","RBOB GAS VS. NY HRBR ULSD FUT","RH","07/2027","07/2027","1463","USD","0.025"
"NYM","PETROLEUM CRACKS AND SPREADS","RBOB GAS VS. NY HRBR ULSD FUT","RH","08/2027","09/2027","1434","USD","0.025"
"NYM","PETROLEUM CRACKS AND SPREADS","RBOB GAS VS. NY HRBR ULSD FUT","RH","10/2027","11/2027","1425","USD","0.025"
"NYM","PETROLEUM CRACKS AND SPREADS","RBOB GAS VS. NY HRBR ULSD FUT","RH","12/2027","06/2028","1415","USD","0.025"
"NYM","PETROLEUM CRACKS AND SPREADS","RBOB GAS VS. NY HRBR ULSD FUT","RH","07/2028","08/2028","1406","USD","0.025"
"NYM","PETROLEUM CRACKS AND SPREADS","RBOB GAS VS. NY HRBR ULSD FUT","RH","09/2028","10/2028","1396","USD","0.025"
"NYM","PETROLEUM CRACKS AND SPREADS","RBOB GAS VS. NY HRBR ULSD FUT","RH","11/2028","12/2029","1387","USD","0.025"
"NYM","PETROLEUM CRACKS AND SPREADS","SINGAPORE JET KERO GASOIL FUT","RK","01/2026","01/2026","532","USD","0.05"
"NYM","PETROLEUM CRACKS AND SPREADS","SINGAPORE JET KERO GASOIL FUT","RK","02/2026","02/2026","1300","USD","0.05"
"NYM","PETROLEUM CRACKS AND SPREADS","SINGAPORE JET KERO GASOIL FUT","RK","03/2026","04/2026","1100","USD","0.05"
"NYM","PETROLEUM CRACKS AND SPREADS","SINGAPORE JET KERO GASOIL FUT","RK","05/2026","12/2028","1000","USD","0.05"
"NYM","PETROLEUM CRACKS AND SPREADS","GULF COAST UNL87 GAS M2 VS RBOB SPD","RVG","01/2026","01/2026","365","USD","0.06"
"NYM","PETROLEUM CRACKS AND SPREADS","GULF COAST UNL87 GAS M2 VS RBOB SPD","RVG","02/2026","02/2026","1402","USD","0.06"
"NYM","PETROLEUM CRACKS AND SPREADS","GULF COAST UNL87 GAS M2 VS RBOB SPD","RVG","03/2026","03/2026","1386","USD","0.06"
"NYM","PETROLEUM CRACKS AND SPREADS","GULF COAST UNL87 GAS M2 VS RBOB SPD","RVG","04/2026","04/2026","1375","USD","0.06"
"NYM","PETROLEUM CRACKS AND SPREADS","GULF COAST UNL87 GAS M2 VS RBOB SPD","RVG","05/2026","05/2026","1369","USD","0.06"
"NYM","PETROLEUM CRACKS AND SPREADS","GULF COAST UNL87 GAS M2 VS RBOB SPD","RVG","06/2026","06/2026","1364","USD","0.06"
"NYM","PETROLEUM CRACKS AND SPREADS","GULF COAST UNL87 GAS M2 VS RBOB SPD","RVG","07/2026","07/2026","1353","USD","0.06"
"NYM","PETROLEUM CRACKS AND SPREADS","GULF COAST UNL87 GAS M2 VS RBOB SPD","RVG","08/2026","08/2026","1347","USD","0.06"
"NYM","PETROLEUM CRACKS AND SPREADS","GULF COAST UNL87 GAS M2 VS RBOB SPD","RVG","09/2026","09/2026","1342","USD","0.06"
"NYM","PETROLEUM CRACKS AND SPREADS","GULF COAST UNL87 GAS M2 VS RBOB SPD","RVG","10/2026","11/2026","1336","USD","0.06"
"NYM","PETROLEUM CRACKS AND SPREADS","GULF COAST UNL87 GAS M2 VS RBOB SPD","RVG","12/2026","01/2027","1331","USD","0.06"
"NYM","PETROLEUM CRACKS AND SPREADS","GULF COAST UNL87 GAS M2 VS RBOB SPD","RVG","02/2027","03/2027","1325","USD","0.06"
"NYM","PETROLEUM CRACKS AND SPREADS","GULF COAST UNL87 GAS M2 VS RBOB SPD","RVG","04/2027","05/2027","1320","USD","0.06"
"NYM","PETROLEUM CRACKS AND SPREADS","GULF COAST UNL87 GAS M2 VS RBOB SPD","RVG","06/2027","06/2027","1314","USD","0.06"
"NYM","PETROLEUM CRACKS AND SPREADS","GULF COAST UNL87 GAS M2 VS RBOB SPD","RVG","07/2027","07/2027","1309","USD","0.06"
"NYM","PETROLEUM CRACKS AND SPREADS","GULF COAST UNL87 GAS M2 VS RBOB SPD","RVG","08/2027","09/2027","1303","USD","0.06"
"NYM","PETROLEUM CRACKS AND SPREADS","GULF COAST UNL87 GAS M2 VS RBOB SPD","RVG","10/2027","11/2027","1298","USD","0.06"
"NYM","PETROLEUM CRACKS AND SPREADS","GULF COAST UNL87 GAS M2 VS RBOB SPD","RVG","12/2027","06/2028","1292","USD","0.06"
"NYM","PETROLEUM CRACKS AND SPREADS","GULF COAST UNL87 GAS M2 VS RBOB SPD","RVG","07/2028","08/2028","1287","USD","0.06"
"NYM","PETROLEUM CRACKS AND SPREADS","GULF COAST UNL87 GAS M2 VS RBOB SPD","RVG","09/2028","10/2028","1281","USD","0.06"
"NYM","PETROLEUM CRACKS AND SPREADS","GULF COAST UNL87 GAS M2 VS RBOB SPD","RVG","11/2028","12/2028","1276","USD","0.06"
"NYM","PETROLEUM CRACKS AND SPREADS","SINGAPORE FUEL OIL SPREAD FUT","SD","01/2026","01/2026","2040","USD","0.05"
"NYM","PETROLEUM CRACKS AND SPREADS","SINGAPORE FUEL OIL SPREAD FUT","SD","02/2026","02/2026","4250","USD","0.05"
"NYM","PETROLEUM CRACKS AND SPREADS","SINGAPORE FUEL OIL SPREAD FUT","SD","03/2026","06/2026","4000","USD","0.05"
"NYM","PETROLEUM CRACKS AND SPREADS","SINGAPORE FUEL OIL SPREAD FUT","SD","07/2026","12/2031","3800","USD","0.05"
"NYM","PETROLEUM CRACKS AND SPREADS","SINGAPORE FUEL OIL 180CST CRK S","SF1","01/2026","01/2026","4032","USD","0.08"
"NYM","PETROLEUM CRACKS AND SPREADS","SINGAPORE FUEL OIL 180CST CRK S","SF1","02/2026","02/2026","9500","USD","0.07"
"NYM","PETROLEUM CRACKS AND SPREADS","SINGAPORE FUEL OIL 180CST CRK S","SF1","03/2026","12/2029","8000","USD","0.06"
"NYM","PETROLEUM CRACKS AND SPREADS","NYM-SINGAPORE FUEL OIL 380CST CRK S","SF3","01/2026","01/2026","8188","USD","0.08"
"NYM","PETROLEUM CRACKS AND SPREADS","NYM-SINGAPORE FUEL OIL 380CST CRK S","SF3","02/2026","02/2026","12877","USD","0.07"
"NYM","PETROLEUM CRACKS AND SPREADS","NYM-SINGAPORE FUEL OIL 380CST CRK S","SF3","03/2026","03/2026","10635","USD","0.06"
"NYM","PETROLEUM CRACKS AND SPREADS","NYM-SINGAPORE FUEL OIL 380CST CRK S","SF3","04/2026","04/2026","10881","USD","0.06"
"NYM","PETROLEUM CRACKS AND SPREADS","NYM-SINGAPORE FUEL OIL 380CST CRK S","SF3","05/2026","05/2026","10701","USD","0.06"
"NYM","PETROLEUM CRACKS AND SPREADS","NYM-SINGAPORE FUEL OIL 380CST CRK S","SF3","06/2026","06/2026","10579","USD","0.06"
"NYM","PETROLEUM CRACKS AND SPREADS","NYM-SINGAPORE FUEL OIL 380CST CRK S","SF3","07/2026","07/2026","10459","USD","0.06"
"NYM","PETROLEUM CRACKS AND SPREADS","NYM-SINGAPORE FUEL OIL 380CST CRK S","SF3","08/2026","08/2026","8709","USD","0.06"
"NYM","PETROLEUM CRACKS AND SPREADS","NYM-SINGAPORE FUEL OIL 380CST CRK S","SF3","09/2026","09/2026","8682","USD","0.06"
"NYM","PETROLEUM CRACKS AND SPREADS","NYM-SINGAPORE FUEL OIL 380CST CRK S","SF3","10/2026","10/2026","10090","USD","0.06"
"NYM","PETROLEUM CRACKS AND SPREADS","NYM-SINGAPORE FUEL OIL 380CST CRK S","SF3","11/2026","11/2026","9912","USD","0.06"
"NYM","PETROLEUM CRACKS AND SPREADS","NYM-SINGAPORE FUEL OIL 380CST CRK S","SF3","12/2026","12/2026","10030","USD","0.06"
"NYM","PETROLEUM CRACKS AND SPREADS","NYM-SINGAPORE FUEL OIL 380CST CRK S","SF3","01/2027","01/2027","11836","USD","0.06"
"NYM","PETROLEUM CRACKS AND SPREADS","NYM-SINGAPORE FUEL OIL 380CST CRK S","SF3","02/2027","02/2027","11186","USD","0.06"
"NYM","PETROLEUM CRACKS AND SPREADS","NYM-SINGAPORE FUEL OIL 380CST CRK S","SF3","03/2027","03/2027","11117","USD","0.06"
"NYM","PETROLEUM CRACKS AND SPREADS","NYM-SINGAPORE FUEL OIL 380CST CRK S","SF3","04/2027","04/2027","11046","USD","0.06"
"NYM","PETROLEUM CRACKS AND SPREADS","NYM-SINGAPORE FUEL OIL 380CST CRK S","SF3","05/2027","05/2027","10975","USD","0.06"
"NYM","PETROLEUM CRACKS AND SPREADS","NYM-SINGAPORE FUEL OIL 380CST CRK S","SF3","06/2027","06/2027","10945","USD","0.06"
"NYM","PETROLEUM CRACKS AND SPREADS","NYM-SINGAPORE FUEL OIL 380CST CRK S","SF3","07/2027","07/2027","11742","USD","0.06"
"NYM","PETROLEUM CRACKS AND SPREADS","NYM-SINGAPORE FUEL OIL 380CST CRK S","SF3","08/2027","08/2027","11735","USD","0.06"
"NYM","PETROLEUM CRACKS AND SPREADS","NYM-SINGAPORE FUEL OIL 380CST CRK S","SF3","09/2027","09/2027","11662","USD","0.06"
"NYM","PETROLEUM CRACKS AND SPREADS","NYM-SINGAPORE FUEL OIL 380CST CRK S","SF3","10/2027","11/2027","11589","USD","0.06"
"NYM","PETROLEUM CRACKS AND SPREADS","NYM-SINGAPORE FUEL OIL 380CST CRK S","SF3","12/2027","12/2027","11750","USD","0.06"
"NYM","PETROLEUM CRACKS AND SPREADS","NYM-SINGAPORE FUEL OIL 380CST CRK S","SF3","01/2028","03/2028","13423","USD","0.06"
"NYM","PETROLEUM CRACKS AND SPREADS","NYM-SINGAPORE FUEL OIL 380CST CRK S","SF3","04/2028","04/2028","13418","USD","0.06"
"NYM","PETROLEUM CRACKS AND SPREADS","NYM-SINGAPORE FUEL OIL 380CST CRK S","SF3","05/2028","05/2028","13333","USD","0.06"
"NYM","PETROLEUM CRACKS AND SPREADS","NYM-SINGAPORE FUEL OIL 380CST CRK S","SF3","06/2028","06/2028","13329","USD","0.06"
"NYM","PETROLEUM CRACKS AND SPREADS","NYM-SINGAPORE FUEL OIL 380CST CRK S","SF3","07/2028","07/2028","13239","USD","0.06"
"NYM","PETROLEUM CRACKS AND SPREADS","NYM-SINGAPORE FUEL OIL 380CST CRK S","SF3","08/2028","08/2028","13150","USD","0.06"
"NYM","PETROLEUM CRACKS AND SPREADS","NYM-SINGAPORE FUEL OIL 380CST CRK S","SF3","09/2028","09/2028","13060","USD","0.06"
"NYM","PETROLEUM CRACKS AND SPREADS","NYM-SINGAPORE FUEL OIL 380CST CRK S","SF3","10/2028","10/2028","12971","USD","0.06"
"NYM","PETROLEUM CRACKS AND SPREADS","NYM-SINGAPORE FUEL OIL 380CST CRK S","SF3","11/2028","11/2028","12882","USD","0.06"
"NYM","PETROLEUM CRACKS AND SPREADS","NYM-SINGAPORE FUEL OIL 380CST CRK S","SF3","12/2028","01/2029","12797","USD","0.06"
"NYM","PETROLEUM CRACKS AND SPREADS","NYM-SINGAPORE FUEL OIL 380CST CRK S","SF3","02/2029","02/2029","12792","USD","0.06"
"NYM","PETROLEUM CRACKS AND SPREADS","NYM-SINGAPORE FUEL OIL 380CST CRK S","SF3","03/2029","12/2029","12707","USD","0.06"
"NYM","PETROLEUM CRACKS AND SPREADS","NYM-SINGAPORE FUEL OIL 380CST CRK S","SF3","05/2029","10/2029","12707","USD","0.06"
"NYM","PETROLEUM CRACKS AND SPREADS","SING 380CST VS 3.5 FUEL ROTDM BALMO","SFB","01/02/2026","01/02/2026","11707","USD","0.08"
"NYM","PETROLEUM CRACKS AND SPREADS","SING 380CST VS 3.5 FUEL ROTDM BALMO","SFB","01/05/2026","01/05/2026","12292","USD","0.08"
"NYM","PETROLEUM CRACKS AND SPREADS","SING 380CST VS 3.5 FUEL ROTDM BALMO","SFB","01/06/2026","01/06/2026","12941","USD","0.08"
"NYM","PETROLEUM CRACKS AND SPREADS","SING 380CST VS 3.5 FUEL ROTDM BALMO","SFB","01/07/2026","01/07/2026","13659","USD","0.08"
"NYM","PETROLEUM CRACKS AND SPREADS","SING 380CST VS 3.5 FUEL ROTDM BALMO","SFB","01/08/2026","01/08/2026","14455","USD","0.08"
"NYM","PETROLEUM CRACKS AND SPREADS","SING 380CST VS 3.5 FUEL ROTDM BALMO","SFB","01/09/2026","01/09/2026","15365","USD","0.08"
"NYM","PETROLEUM CRACKS AND SPREADS","SING 380CST VS 3.5 FUEL ROTDM BALMO","SFB","01/12/2026","01/12/2026","16388","USD","0.08"
"NYM","PETROLEUM CRACKS AND SPREADS","SING 380CST VS 3.5 FUEL ROTDM BALMO","SFB","01/13/2026","01/13/2026","17558","USD","0.08"
"NYM","PETROLEUM CRACKS AND SPREADS","SING 380CST VS 3.5 FUEL ROTDM BALMO","SFB","01/14/2026","01/14/2026","18910","USD","0.08"
"NYM","PETROLEUM CRACKS AND SPREADS","SING 380CST VS 3.5 FUEL ROTDM BALMO","SFB","01/15/2026","01/15/2026","20488","USD","0.08"
"NYM","PETROLEUM CRACKS AND SPREADS","SING 380CST VS 3.5 FUEL ROTDM BALMO","SFB","01/16/2026","01/16/2026","22347","USD","0.08"
"NYM","PETROLEUM CRACKS AND SPREADS","SING 380CST VS 3.5 FUEL ROTDM BALMO","SFB","01/20/2026","01/20/2026","27318","USD","0.08"
"NYM","PETROLEUM CRACKS AND SPREADS","SING 380CST VS 3.5 FUEL ROTDM BALMO","SFB","01/21/2026","01/21/2026","30730","USD","0.08"
"NYM","PETROLEUM CRACKS AND SPREADS","SING 380CST VS 3.5 FUEL ROTDM BALMO","SFB","01/22/2026","01/22/2026","35121","USD","0.08"
"NYM","PETROLEUM CRACKS AND SPREADS","SING 380CST VS 3.5 FUEL ROTDM BALMO","SFB","01/23/2026","01/23/2026","40972","USD","0.08"
"NYM","PETROLEUM CRACKS AND SPREADS","SING 380CST VS 3.5 FUEL ROTDM BALMO","SFB","01/26/2026","01/30/2026","49169","USD","0.08"
"NYM","PETROLEUM CRACKS AND SPREADS","SING 380CST VS 3.5 FUEL ROTDM BALMO","SFB","02/02/2026","02/27/2026","8515","USD","0.08"
"NYM","PETROLEUM CRACKS AND SPREADS","SING 380CST VS 3.5 FUEL ROTDM BALMO","SFB","03/02/2026","03/31/2026","7440","USD","0.08"
"NYM","PETROLEUM CRACKS AND SPREADS","SINGAPORE GAS 92 VS EUROBOB NON-OXY","SGF","01/2026","01/2026","1241","USD","25.000%"
"NYM","PETROLEUM CRACKS AND SPREADS","SINGAPORE GAS 92 VS EUROBOB NON-OXY","SGF","02/2026","06/2026","3000","USD","25.000%"
"NYM","PETROLEUM CRACKS AND SPREADS","SINGAPORE GAS 92 VS EUROBOB NON-OXY","SGF","07/2026","12/2029","2250","USD","25.000%"
"NYM","PETROLEUM CRACKS AND SPREADS","SING GAS 92 VS E-BOB NON-OXY BALMO","SGO","01/01/2026","01/30/2026","2084","USD","25.000%"
"NYM","PETROLEUM CRACKS AND SPREADS","SING GAS 92 VS E-BOB NON-OXY BALMO","SGO","02/02/2026","03/31/2026","2250","USD","25.000%"
"NYM","PETROLEUM CRACKS AND SPREADS","SPORE MOGS95 UNLDED VS SPORE 92 UNL","SMU","01/2026","01/2026","2458","USD","0.08"
"NYM","PETROLEUM CRACKS AND SPREADS","SPORE MOGS95 UNLDED VS SPORE 92 UNL","SMU","02/2026","02/2026","1992","USD","0.08"
"NYM","PETROLEUM CRACKS AND SPREADS","SPORE MOGS95 UNLDED VS SPORE 92 UNL","SMU","03/2026","12/2028","1975","USD","0.08"
"NYM","PETROLEUM CRACKS AND SPREADS","SPORE FUELOIL 180CST 6.35 DUBAI BLM","STB","01/01/2026","01/30/2026","2680","USD","0.08"
"NYM","PETROLEUM CRACKS AND SPREADS","SPORE FUELOIL 180CST 6.35 DUBAI BLM","STB","02/02/2026","03/31/2026","4500","USD","0.08"
"NYM","PETROLEUM CRACKS AND SPREADS","SPORE FUEL OIL 380CST 6.35 DUBAI CK","STI","01/2026","01/2026","1419","USD","0.08"
"NYM","PETROLEUM CRACKS AND SPREADS","SPORE FUEL OIL 380CST 6.35 DUBAI CK","STI","02/2026","12/2028","4000","USD","0.08"
"NYM","PETROLEUM CRACKS AND SPREADS","SPORE FUEL OIL 180CST 6.35 CK","STR","01/2026","01/2026","1206","USD","0.08"
"NYM","PETROLEUM CRACKS AND SPREADS","SPORE FUEL OIL 180CST 6.35 CK","STR","02/2026","12/2028","3400","USD","0.08"
"NYM","PETROLEUM CRACKS AND SPREADS","SPORE FUEL OIL 180CST 6.35 DUBAI CK","STS","01/2026","01/2026","1241","USD","0.08"
"NYM","PETROLEUM CRACKS AND SPREADS","SPORE FUEL OIL 180CST 6.35 DUBAI CK","STS","02/2026","12/2028","2750","USD","0.08"
"NYM","PETROLEUM CRACKS AND SPREADS","ULSD 10PPM V. ICE FUT","TP","01/2026","01/2026","5000","USD","0.025"
"NYM","PETROLEUM CRACKS AND SPREADS","ULSD 10PPM V. ICE FUT","TP","02/2026","02/2026","4750","USD","0.025"
"NYM","PETROLEUM CRACKS AND SPREADS","ULSD 10PPM V. ICE FUT","TP","03/2026","04/2026","4000","USD","0.025"
"NYM","PETROLEUM CRACKS AND SPREADS","ULSD 10PPM V. ICE FUT","TP","05/2026","12/2028","3750","USD","0.025"
"NYM","PETROLEUM CRACKS AND SPREADS","GASOIL 0.1% CIF NWE V. ISE FUTURES","TU","01/2026","01/2026","3480","USD","0.05"
"NYM","PETROLEUM CRACKS AND SPREADS","GASOIL 0.1% CIF NWE V. ISE FUTURES","TU","02/2026","02/2026","8079","USD","0.05"
"NYM","PETROLEUM CRACKS AND SPREADS","GASOIL 0.1% CIF NWE V. ISE FUTURES","TU","03/2026","03/2026","7960","USD","0.05"
"NYM","PETROLEUM CRACKS AND SPREADS","GASOIL 0.1% CIF NWE V. ISE FUTURES","TU","04/2026","06/2026","7910","USD","0.05"
"NYM","PETROLEUM CRACKS AND SPREADS","GASOIL 0.1% CIF NWE V. ISE FUTURES","TU","07/2026","07/2026","7604","USD","0.05"
"NYM","PETROLEUM CRACKS AND SPREADS","GASOIL 0.1% CIF NWE V. ISE FUTURES","TU","08/2026","11/2026","7490","USD","0.05"
"NYM","PETROLEUM CRACKS AND SPREADS","GASOIL 0.1% CIF NWE V. ISE FUTURES","TU","12/2026","12/2026","7203","USD","0.05"
"NYM","PETROLEUM CRACKS AND SPREADS","GASOIL 0.1% CIF NWE V. ISE FUTURES","TU","01/2027","12/2028","7070","USD","0.05"
"NYM","PETROLEUM CRACKS AND SPREADS","MIN ULSD 10PPM CRGOS CIF MED VS GSL","UCM","01/2026","01/2026","283","USD","0.05"
"NYM","PETROLEUM CRACKS AND SPREADS","MIN ULSD 10PPM CRGOS CIF MED VS GSL","UCM","02/2026","12/2028","600","USD","0.05"
"NYM","PETROLEUM CRACKS AND SPREADS","GULF COAST UCO ARGUS FUT","UCO","01/2026","01/2026","4400","USD","%"
"NYM","PETROLEUM CRACKS AND SPREADS","GULF COAST UCO ARGUS FUT","UCO","02/2026","02/2026","4200","USD","%"
"NYM","PETROLEUM CRACKS AND SPREADS","GULF COAST UCO ARGUS FUT","UCO","03/2026","12/2026","4000","USD","%"
"NYM","PETROLEUM CRACKS AND SPREADS","GLFCST ULSD ARGUS UP/DN FUT","US","01/2026","01/2026","674","USD","0.05"
"NYM","PETROLEUM CRACKS AND SPREADS","GLFCST ULSD ARGUS UP/DN FUT","US","02/2026","12/2028","1400","USD","0.05"
"NYM","PETROLEUM CRACKS AND SPREADS","NY1%FO V. GULF COAST HSFO FUT","VR","01/2026","01/2026","798","USD","0.025"
"NYM","PETROLEUM CRACKS AND SPREADS","NY1%FO V. GULF COAST HSFO FUT","VR","02/2026","02/2026","1600","USD","0.025"
"NYM","PETROLEUM CRACKS AND SPREADS","NY1%FO V. GULF COAST HSFO FUT","VR","03/2026","12/2026","1350","USD","0.025"
"NYM","PETROLEUM CRACKS AND SPREADS","NY1%FO V. GULF COAST HSFO FUT","VR","01/2027","12/2028","1300","USD","0.025"
"NYM","PETROLEUM CRACKS AND SPREADS","GC ULSD V. GC JET SPREAD FUT","VV","01/2026","01/2026","3450","USD","0.025"
"NYM","PETROLEUM CRACKS AND SPREADS","GC ULSD V. GC JET SPREAD FUT","VV","02/2026","02/2026","13300","USD","0.025"
"NYM","PETROLEUM CRACKS AND SPREADS","GC ULSD V. GC JET SPREAD FUT","VV","03/2026","03/2026","1519","USD","0.025"
"NYM","PETROLEUM CRACKS AND SPREADS","GC ULSD V. GC JET SPREAD FUT","VV","04/2026","04/2026","12800","USD","0.025"
"NYM","PETROLEUM CRACKS AND SPREADS","GC ULSD V. GC JET SPREAD FUT","VV","05/2026","05/2026","12600","USD","0.025"
"NYM","PETROLEUM CRACKS AND SPREADS","GC ULSD V. GC JET SPREAD FUT","VV","06/2026","06/2026","12500","USD","0.025"
"NYM","PETROLEUM CRACKS AND SPREADS","GC ULSD V. GC JET SPREAD FUT","VV","07/2026","07/2026","11100","USD","0.025"
"NYM","PETROLEUM CRACKS AND SPREADS","GC ULSD V. GC JET SPREAD FUT","VV","08/2026","08/2026","10800","USD","0.025"
"NYM","PETROLEUM CRACKS AND SPREADS","GC ULSD V. GC JET SPREAD FUT","VV","09/2026","10/2026","10600","USD","0.025"
"NYM","PETROLEUM CRACKS AND SPREADS","GC ULSD V. GC JET SPREAD FUT","VV","11/2026","12/2026","10400","USD","0.025"
"NYM","PETROLEUM CRACKS AND SPREADS","GC ULSD V. GC JET SPREAD FUT","VV","01/2027","02/2027","10300","USD","0.025"
"NYM","PETROLEUM CRACKS AND SPREADS","GC ULSD V. GC JET SPREAD FUT","VV","03/2027","04/2027","10100","USD","0.025"
"NYM","PETROLEUM CRACKS AND SPREADS","GC ULSD V. GC JET SPREAD FUT","VV","05/2027","07/2027","9800","USD","0.025"
"NYM","PETROLEUM CRACKS AND SPREADS","GC ULSD V. GC JET SPREAD FUT","VV","08/2027","12/2028","9600","USD","0.025"
"NYM","PETROLEUM CRACKS AND SPREADS","GASOIL0.1%BRGSFOB ARA (PLATTS)VS LO","WQ","01/2026","01/2026","3300","USD","0.05"
"NYM","PETROLEUM CRACKS AND SPREADS","GASOIL0.1%BRGSFOB ARA (PLATTS)VS LO","WQ","02/2026","02/2026","7309","USD","0.05"
"NYM","PETROLEUM CRACKS AND SPREADS","GASOIL0.1%BRGSFOB ARA (PLATTS)VS LO","WQ","03/2026","03/2026","6840","USD","0.05"
"NYM","PETROLEUM CRACKS AND SPREADS","GASOIL0.1%BRGSFOB ARA (PLATTS)VS LO","WQ","04/2026","06/2026","6790","USD","0.05"
"NYM","PETROLEUM CRACKS AND SPREADS","GASOIL0.1%BRGSFOB ARA (PLATTS)VS LO","WQ","07/2026","07/2026","6484","USD","0.05"
"NYM","PETROLEUM CRACKS AND SPREADS","GASOIL0.1%BRGSFOB ARA (PLATTS)VS LO","WQ","08/2026","11/2026","6370","USD","0.05"
"NYM","PETROLEUM CRACKS AND SPREADS","GASOIL0.1%BRGSFOB ARA (PLATTS)VS LO","WQ","12/2026","12/2026","6083","USD","0.05"
"NYM","PETROLEUM CRACKS AND SPREADS","GASOIL0.1%BRGSFOB ARA (PLATTS)VS LO","WQ","01/2027","12/2028","5950","USD","0.05"
"NYM","PETROLEUM CRACKS AND SPREADS","SING JET KERO VS GASOIL SPR B","Z0","01/01/2026","01/30/2026","1191","USD","0.05"
"NYM","PETROLEUM CRACKS AND SPREADS","SING JET KERO VS GASOIL SPR B","Z0","02/02/2026","03/31/2026","2000","USD","0.05"
"NYM","PETROLEUM CRACKS AND SPREADS","GASOIL 0.1%CIF MED VS. ICE GAS","Z5","01/2026","01/2026","3450","USD","0.05"
"NYM","PETROLEUM CRACKS AND SPREADS","GASOIL 0.1%CIF MED VS. ICE GAS","Z5","02/2026","02/2026","10657","USD","0.05"
"NYM","PETROLEUM CRACKS AND SPREADS","GASOIL 0.1%CIF MED VS. ICE GAS","Z5","03/2026","03/2026","8065","USD","0.05"
"NYM","PETROLEUM CRACKS AND SPREADS","GASOIL 0.1%CIF MED VS. ICE GAS","Z5","04/2026","06/2026","8015","USD","0.05"
"NYM","PETROLEUM CRACKS AND SPREADS","GASOIL 0.1%CIF MED VS. ICE GAS","Z5","07/2026","07/2026","7709","USD","0.05"
"NYM","PETROLEUM CRACKS AND SPREADS","GASOIL 0.1%CIF MED VS. ICE GAS","Z5","08/2026","11/2026","7595","USD","0.05"
"NYM","PETROLEUM CRACKS AND SPREADS","GASOIL 0.1%CIF MED VS. ICE GAS","Z5","12/2026","12/2026","7308","USD","0.05"
"NYM","PETROLEUM CRACKS AND SPREADS","GASOIL 0.1%CIF MED VS. ICE GAS","Z5","01/2027","12/2028","7175","USD","0.05"
"NYM","PETROLEUM CRACKS AND SPREADS","ULSD 10PPM CIF MED VS. ICE GAS","Z7","01/2026","01/2026","2580","USD","0.05"
"NYM","PETROLEUM CRACKS AND SPREADS","ULSD 10PPM CIF MED VS. ICE GAS","Z7","02/2026","12/2028","6000","USD","0.05"
"NYM","PETROLEUM CRACKS AND SPREADS","RBOB CRK SPD  SYN FUT","ZX","01/2026","02/2027","2500","USD","25.000%"
"NYM","REFINED PRODUCTS","MINI EUR1%FUELOIL FOB RDM BALMO FUT","0A","01/02/2026","01/30/2026","3276","USD","0.025"
"NYM","REFINED PRODUCTS","MINI EUR1%FUELOIL FOB RDM BALMO FUT","0A","02/02/2026","03/31/2026","5500","USD","0.025"
"NYM","REFINED PRODUCTS","MIN EUR 1% FUEL OIL CRGO FOBNWE FUT","0B","01/2026","01/2026","1370","USD","0.025"
"NYM","REFINED PRODUCTS","MIN EUR 1% FUEL OIL CRGO FOBNWE FUT","0B","02/2026","06/2026","3750","USD","0.025"
"NYM","REFINED PRODUCTS","MIN EUR 1% FUEL OIL CRGO FOBNWE FUT","0B","07/2026","12/2030","3500","USD","0.025"
"NYM","REFINED PRODUCTS","MINEUR1%FUEL OIL CRGO FOB NWE BALM0","0C","01/01/2026","01/30/2026","2978","USD","0.025"
"NYM","REFINED PRODUCTS","MINEUR1%FUEL OIL CRGO FOB NWE BALM0","0C","02/02/2026","03/31/2026","4000","USD","0.025"
"NYM","REFINED PRODUCTS","MINI EURO 3.5% FUEL OIL FOB RDM FUT","0D","01/2026","01/2026","8250","USD","0.065"
"NYM","REFINED PRODUCTS","MINI EURO 3.5% FUEL OIL FOB RDM FUT","0D","02/2026","02/2026","32000","USD","0.045"
"NYM","REFINED PRODUCTS","MINI EURO 3.5% FUEL OIL FOB RDM FUT","0D","03/2026","10/2026","30000","USD","0.045"
"NYM","REFINED PRODUCTS","MINI EURO 3.5% FUEL OIL FOB RDM FUT","0D","11/2026","12/2030","27000","USD","0.025"
"NYM","REFINED PRODUCTS","MNI EUR3.5 FUEL OIL FOB RDM BALMOFU","0E","01/01/2026","01/02/2026","7857","USD","0.025"
"NYM","REFINED PRODUCTS","MNI EUR3.5 FUEL OIL FOB RDM BALMOFU","0E","01/05/2026","01/05/2026","8250","USD","0.025"
"NYM","REFINED PRODUCTS","MNI EUR3.5 FUEL OIL FOB RDM BALMOFU","0E","01/06/2026","01/06/2026","8685","USD","0.025"
"NYM","REFINED PRODUCTS","MNI EUR3.5 FUEL OIL FOB RDM BALMOFU","0E","01/07/2026","01/07/2026","9167","USD","0.025"
"NYM","REFINED PRODUCTS","MNI EUR3.5 FUEL OIL FOB RDM BALMOFU","0E","01/08/2026","01/08/2026","9702","USD","0.025"
"NYM","REFINED PRODUCTS","MNI EUR3.5 FUEL OIL FOB RDM BALMOFU","0E","01/09/2026","01/09/2026","10312","USD","0.025"
"NYM","REFINED PRODUCTS","MNI EUR3.5 FUEL OIL FOB RDM BALMOFU","0E","01/12/2026","01/12/2026","10998","USD","0.025"
"NYM","REFINED PRODUCTS","MNI EUR3.5 FUEL OIL FOB RDM BALMOFU","0E","01/13/2026","01/13/2026","11784","USD","0.025"
"NYM","REFINED PRODUCTS","MNI EUR3.5 FUEL OIL FOB RDM BALMOFU","0E","01/14/2026","01/14/2026","12691","USD","0.025"
"NYM","REFINED PRODUCTS","MNI EUR3.5 FUEL OIL FOB RDM BALMOFU","0E","01/15/2026","01/15/2026","13751","USD","0.025"
"NYM","REFINED PRODUCTS","MNI EUR3.5 FUEL OIL FOB RDM BALMOFU","0E","01/16/2026","01/16/2026","14998","USD","0.025"
"NYM","REFINED PRODUCTS","MNI EUR3.5 FUEL OIL FOB RDM BALMOFU","0E","01/19/2026","01/19/2026","16500","USD","0.025"
"NYM","REFINED PRODUCTS","MNI EUR3.5 FUEL OIL FOB RDM BALMOFU","0E","01/20/2026","01/20/2026","18334","USD","0.025"
"NYM","REFINED PRODUCTS","MNI EUR3.5 FUEL OIL FOB RDM BALMOFU","0E","01/21/2026","01/21/2026","20625","USD","0.025"
"NYM","REFINED PRODUCTS","MNI EUR3.5 FUEL OIL FOB RDM BALMOFU","0E","01/22/2026","01/22/2026","23571","USD","0.025"
"NYM","REFINED PRODUCTS","MNI EUR3.5 FUEL OIL FOB RDM BALMOFU","0E","01/23/2026","01/23/2026","27498","USD","0.025"
"NYM","REFINED PRODUCTS","MNI EUR3.5 FUEL OIL FOB RDM BALMOFU","0E","01/26/2026","01/30/2026","33000","USD","0.025"
"NYM","REFINED PRODUCTS","MNI EUR3.5 FUEL OIL FOB RDM BALMOFU","0E","02/02/2026","02/27/2026","32000","USD","0.025"
"NYM","REFINED PRODUCTS","MNI EUR3.5 FUEL OIL FOB RDM BALMOFU","0E","03/02/2026","03/31/2026","30000","USD","0.025"
"NYM","REFINED PRODUCTS","MINI SINGP FUEL OIL 180CST FUTURES","0F","01/2026","01/2026","919","USD","0.05"
"NYM","REFINED PRODUCTS","MINI SINGP FUEL OIL 180CST FUTURES","0F","02/2026","02/2026","2800","USD","0.03"
"NYM","REFINED PRODUCTS","MINI SINGP FUEL OIL 180CST FUTURES","0F","03/2026","07/2026","2700","USD","0.02"
"NYM","REFINED PRODUCTS","MINI SINGP FUEL OIL 180CST FUTURES","0F","08/2026","12/2031","2400","USD","0.02"
"NYM","REFINED PRODUCTS","SYNTH 111 GULF COAST ULSD CAL FUTUR","111","01/2026","01/2026","1575","USD","7.000%"
"NYM","REFINED PRODUCTS","SYNTH 111 GULF COAST ULSD CAL FUTUR","111","02/2026","02/2026","6300","USD","5.000%"
"NYM","REFINED PRODUCTS","SYNTH 111 GULF COAST ULSD CAL FUTUR","111","03/2026","03/2026","6000","USD","5.000%"
"NYM","REFINED PRODUCTS","SYNTH 111 GULF COAST ULSD CAL FUTUR","111","04/2026","04/2026","5800","USD","5.000%"
"NYM","REFINED PRODUCTS","SYNTH 111 GULF COAST ULSD CAL FUTUR","111","05/2026","05/2026","5600","USD","5.000%"
"NYM","REFINED PRODUCTS","SYNTH 111 GULF COAST ULSD CAL FUTUR","111","06/2026","06/2026","5500","USD","5.000%"
"NYM","REFINED PRODUCTS","SYNTH 111 GULF COAST ULSD CAL FUTUR","111","07/2026","07/2026","5100","USD","5.000%"
"NYM","REFINED PRODUCTS","SYNTH 111 GULF COAST ULSD CAL FUTUR","111","08/2026","08/2026","4800","USD","5.000%"
"NYM","REFINED PRODUCTS","SYNTH 111 GULF COAST ULSD CAL FUTUR","111","09/2026","10/2026","4600","USD","5.000%"
"NYM","REFINED PRODUCTS","SYNTH 111 GULF COAST ULSD CAL FUTUR","111","11/2026","12/2026","4400","USD","5.000%"
"NYM","REFINED PRODUCTS","SYNTH 111 GULF COAST ULSD CAL FUTUR","111","01/2027","02/2027","4300","USD","5.000%"
"NYM","REFINED PRODUCTS","SYNTH 111 GULF COAST ULSD CAL FUTUR","111","03/2027","04/2027","4100","USD","5.000%"
"NYM","REFINED PRODUCTS","SYNTH 111 GULF COAST ULSD CAL FUTUR","111","05/2027","07/2027","3800","USD","5.000%"
"NYM","REFINED PRODUCTS","SYNTH 111 GULF COAST ULSD CAL FUTUR","111","08/2027","01/2029","3600","USD","5.000%"
"NYM","REFINED PRODUCTS","SYNTH 112 EUROPE JET KERO NWE FUTUR","112","01/2026","01/2026","15250","USD","0.08"
"NYM","REFINED PRODUCTS","SYNTH 112 EUROPE JET KERO NWE FUTUR","112","02/2026","06/2026","60000","USD","0.04"
"NYM","REFINED PRODUCTS","SYNTH 112 EUROPE JET KERO NWE FUTUR","112","07/2026","12/2028","48000","USD","0.04"
"NYM","REFINED PRODUCTS","118 SYNTHET MOGAS92 UNLEADED (P","118","01/2026","01/2026","1500","USD","25.000%"
"NYM","REFINED PRODUCTS","118 SYNTHET MOGAS92 UNLEADED (P","118","02/2026","02/2026","5750","USD","25.000%"
"NYM","REFINED PRODUCTS","118 SYNTHET MOGAS92 UNLEADED (P","118","03/2026","12/2028","5500","USD","25.000%"
"NYM","REFINED PRODUCTS","121 SYNT JAPAN C&F NAPHTHA FUT","121","01/2026","01/2026","9375","USD","0.05"
"NYM","REFINED PRODUCTS","121 SYNT JAPAN C&F NAPHTHA FUT","121","02/2026","06/2026","37000","USD","0.05"
"NYM","REFINED PRODUCTS","121 SYNT JAPAN C&F NAPHTHA FUT","121","07/2026","12/2028","36000","USD","0.05"
"NYM","REFINED PRODUCTS","122 SYNT SINGAPORE MOGAS 95 FUT","122","01/2026","01/2026","2050","USD","0.025"
"NYM","REFINED PRODUCTS","122 SYNT SINGAPORE MOGAS 95 FUT","122","02/2026","12/2028","8100","USD","0.025"
"NYM","REFINED PRODUCTS","123 SYNTHET GULF COAST NO.6 FUE","123","01/2026","01/2026","1437","USD","0.08"
"NYM","REFINED PRODUCTS","123 SYNTHET GULF COAST NO.6 FUE","123","02/2026","06/2026","5500","USD","0.06"
"NYM","REFINED PRODUCTS","123 SYNTHET GULF COAST NO.6 FUE","123","07/2026","12/2027","5200","USD","0.04"
"NYM","REFINED PRODUCTS","123 SYNTHET GULF COAST NO.6 FUE","123","01/2028","04/2030","4400","USD","0.04"
"NYM","REFINED PRODUCTS","RBOB GASOLINE BALMO CLNDR FUT","1D","01/02/2026","01/02/2026","1375","USD","0.05"
"NYM","REFINED PRODUCTS","RBOB GASOLINE BALMO CLNDR FUT","1D","01/05/2026","01/05/2026","1447","USD","0.05"
"NYM","REFINED PRODUCTS","RBOB GASOLINE BALMO CLNDR FUT","1D","01/06/2026","01/06/2026","1527","USD","0.05"
"NYM","REFINED PRODUCTS","RBOB GASOLINE BALMO CLNDR FUT","1D","01/07/2026","01/07/2026","1617","USD","0.05"
"NYM","REFINED PRODUCTS","RBOB GASOLINE BALMO CLNDR FUT","1D","01/08/2026","01/08/2026","1718","USD","0.05"
"NYM","REFINED PRODUCTS","RBOB GASOLINE BALMO CLNDR FUT","1D","01/09/2026","01/09/2026","1833","USD","0.05"
"NYM","REFINED PRODUCTS","RBOB GASOLINE BALMO CLNDR FUT","1D","01/12/2026","01/12/2026","1964","USD","0.05"
"NYM","REFINED PRODUCTS","RBOB GASOLINE BALMO CLNDR FUT","1D","01/13/2026","01/13/2026","2115","USD","0.05"
"NYM","REFINED PRODUCTS","RBOB GASOLINE BALMO CLNDR FUT","1D","01/14/2026","01/14/2026","2291","USD","0.05"
"NYM","REFINED PRODUCTS","RBOB GASOLINE BALMO CLNDR FUT","1D","01/15/2026","01/15/2026","2499","USD","0.05"
"NYM","REFINED PRODUCTS","RBOB GASOLINE BALMO CLNDR FUT","1D","01/16/2026","01/16/2026","2750","USD","0.05"
"NYM","REFINED PRODUCTS","RBOB GASOLINE BALMO CLNDR FUT","1D","01/20/2026","01/20/2026","3055","USD","0.05"
"NYM","REFINED PRODUCTS","RBOB GASOLINE BALMO CLNDR FUT","1D","01/21/2026","01/21/2026","3437","USD","0.05"
"NYM","REFINED PRODUCTS","RBOB GASOLINE BALMO CLNDR FUT","1D","01/22/2026","01/22/2026","3928","USD","0.05"
"NYM","REFINED PRODUCTS","RBOB GASOLINE BALMO CLNDR FUT","1D","01/23/2026","01/23/2026","4583","USD","0.05"
"NYM","REFINED PRODUCTS","RBOB GASOLINE BALMO CLNDR FUT","1D","01/26/2026","01/30/2026","5500","USD","0.05"
"NYM","REFINED PRODUCTS","RBOB GASOLINE BALMO CLNDR FUT","1D","02/02/2026","02/27/2026","5000","USD","0.05"
"NYM","REFINED PRODUCTS","NY HRBR ULSD BALMO FUT","1G","01/02/2026","01/02/2026","1550","USD","0.05"
"NYM","REFINED PRODUCTS","NY HRBR ULSD BALMO FUT","1G","01/05/2026","01/05/2026","1631","USD","0.05"
"NYM","REFINED PRODUCTS","NY HRBR ULSD BALMO FUT","1G","01/06/2026","01/06/2026","1722","USD","0.05"
"NYM","REFINED PRODUCTS","NY HRBR ULSD BALMO FUT","1G","01/07/2026","01/07/2026","1822","USD","0.05"
"NYM","REFINED PRODUCTS","NY HRBR ULSD BALMO FUT","1G","01/08/2026","01/08/2026","1937","USD","0.05"
"NYM","REFINED PRODUCTS","NY HRBR ULSD BALMO FUT","1G","01/09/2026","01/09/2026","2066","USD","0.05"
"NYM","REFINED PRODUCTS","NY HRBR ULSD BALMO FUT","1G","01/12/2026","01/12/2026","2214","USD","0.05"
"NYM","REFINED PRODUCTS","NY HRBR ULSD BALMO FUT","1G","01/13/2026","01/13/2026","2384","USD","0.05"
"NYM","REFINED PRODUCTS","NY HRBR ULSD BALMO FUT","1G","01/14/2026","01/14/2026","2583","USD","0.05"
"NYM","REFINED PRODUCTS","NY HRBR ULSD BALMO FUT","1G","01/15/2026","01/15/2026","2817","USD","0.05"
"NYM","REFINED PRODUCTS","NY HRBR ULSD BALMO FUT","1G","01/16/2026","01/16/2026","3100","USD","0.05"
"NYM","REFINED PRODUCTS","NY HRBR ULSD BALMO FUT","1G","01/20/2026","01/20/2026","3444","USD","0.05"
"NYM","REFINED PRODUCTS","NY HRBR ULSD BALMO FUT","1G","01/21/2026","01/21/2026","3875","USD","0.05"
"NYM","REFINED PRODUCTS","NY HRBR ULSD BALMO FUT","1G","01/22/2026","01/22/2026","4428","USD","0.05"
"NYM","REFINED PRODUCTS","NY HRBR ULSD BALMO FUT","1G","01/23/2026","01/23/2026","5166","USD","0.05"
"NYM","REFINED PRODUCTS","NY HRBR ULSD BALMO FUT","1G","01/26/2026","01/30/2026","6200","USD","0.05"
"NYM","REFINED PRODUCTS","NY HRBR ULSD BALMO FUT","1G","02/02/2026","02/27/2026","5900","USD","0.05"
"NYM","REFINED PRODUCTS","MOGAS92 UNLEADED (PLATTS) FUT","1N","01/2026","01/2026","1500","USD","25.000%"
"NYM","REFINED PRODUCTS","MOGAS92 UNLEADED (PLATTS) FUT","1N","02/2026","02/2026","5750","USD","25.000%"
"NYM","REFINED PRODUCTS","MOGAS92 UNLEADED (PLATTS) FUT","1N","03/2026","12/2028","5500","USD","25.000%"
"NYM","REFINED PRODUCTS","MTBE FOB SINGAPORE (PLATTS) FUTURES","1NM","01/2026","01/2026","2838","USD","20.000%"
"NYM","REFINED PRODUCTS","MTBE FOB SINGAPORE (PLATTS) FUTURES","1NM","02/2026","02/2026","8000","USD","20.000%"
"NYM","REFINED PRODUCTS","MTBE FOB SINGAPORE (PLATTS) FUTURES","1NM","03/2026","12/2028","7000","USD","20.000%"
"NYM","REFINED PRODUCTS","MOGAS92 UNLEADED (PLTS) BLM FUT","1P","01/01/2026","01/02/2026","1428","USD","0.05"
"NYM","REFINED PRODUCTS","MOGAS92 UNLEADED (PLTS) BLM FUT","1P","01/05/2026","01/05/2026","1500","USD","0.05"
"NYM","REFINED PRODUCTS","MOGAS92 UNLEADED (PLTS) BLM FUT","1P","01/06/2026","01/06/2026","1579","USD","0.05"
"NYM","REFINED PRODUCTS","MOGAS92 UNLEADED (PLTS) BLM FUT","1P","01/07/2026","01/07/2026","1666","USD","0.05"
"NYM","REFINED PRODUCTS","MOGAS92 UNLEADED (PLTS) BLM FUT","1P","01/08/2026","01/08/2026","1764","USD","0.05"
"NYM","REFINED PRODUCTS","MOGAS92 UNLEADED (PLTS) BLM FUT","1P","01/09/2026","01/09/2026","1875","USD","0.05"
"NYM","REFINED PRODUCTS","MOGAS92 UNLEADED (PLTS) BLM FUT","1P","01/12/2026","01/12/2026","1999","USD","0.05"
"NYM","REFINED PRODUCTS","MOGAS92 UNLEADED (PLTS) BLM FUT","1P","01/13/2026","01/13/2026","2142","USD","0.05"
"NYM","REFINED PRODUCTS","MOGAS92 UNLEADED (PLTS) BLM FUT","1P","01/14/2026","01/14/2026","2307","USD","0.05"
"NYM","REFINED PRODUCTS","MOGAS92 UNLEADED (PLTS) BLM FUT","1P","01/15/2026","01/15/2026","2500","USD","0.05"
"NYM","REFINED PRODUCTS","MOGAS92 UNLEADED (PLTS) BLM FUT","1P","01/16/2026","01/16/2026","2727","USD","0.05"
"NYM","REFINED PRODUCTS","MOGAS92 UNLEADED (PLTS) BLM FUT","1P","01/19/2026","01/19/2026","3000","USD","0.05"
"NYM","REFINED PRODUCTS","MOGAS92 UNLEADED (PLTS) BLM FUT","1P","01/20/2026","01/20/2026","3333","USD","0.05"
"NYM","REFINED PRODUCTS","MOGAS92 UNLEADED (PLTS) BLM FUT","1P","01/21/2026","01/21/2026","3750","USD","0.05"
"NYM","REFINED PRODUCTS","MOGAS92 UNLEADED (PLTS) BLM FUT","1P","01/22/2026","01/22/2026","4285","USD","0.05"
"NYM","REFINED PRODUCTS","MOGAS92 UNLEADED (PLTS) BLM FUT","1P","01/23/2026","01/23/2026","4999","USD","0.05"
"NYM","REFINED PRODUCTS","MOGAS92 UNLEADED (PLTS) BLM FUT","1P","01/26/2026","01/30/2026","6000","USD","0.05"
"NYM","REFINED PRODUCTS","MOGAS92 UNLEADED (PLTS) BLM FUT","1P","02/02/2026","02/27/2026","5750","USD","0.05"
"NYM","REFINED PRODUCTS","MOGAS92 UNLEADED (PLTS) BLM FUT","1P","03/02/2026","03/31/2026","5500","USD","0.05"
"NYM","REFINED PRODUCTS","JET AVIA FUEL(PLTT) CRGS FOB M","1T","01/2026","01/2026","19516","USD","0.025"
"NYM","REFINED PRODUCTS","JET AVIA FUEL(PLTT) CRGS FOB M","1T","02/2026","12/2028","55000","USD","0.025"
"NYM","REFINED PRODUCTS","1% FUEL OIL (PLT) CARG CIF MED","1W","01/2026","01/2026","10645","USD","0.025"
"NYM","REFINED PRODUCTS","1% FUEL OIL (PLT) CARG CIF MED","1W","02/2026","12/2028","32000","USD","0.025"
"NYM","REFINED PRODUCTS","1% FUEL OIL (PLT) CARG CIF NWE","1X","01/2026","01/2026","11354","USD","0.025"
"NYM","REFINED PRODUCTS","1% FUEL OIL (PLT) CARG CIF NWE","1X","02/2026","12/2028","32000","USD","0.025"
"NYM","REFINED PRODUCTS","PREMIUM UNLD 10P FOB MED FUT","3G","01/2026","01/2026","15483","USD","0.07"
"NYM","REFINED PRODUCTS","PREMIUM UNLD 10P FOB MED FUT","3G","02/2026","12/2029","47000","USD","0.05"
"NYM","REFINED PRODUCTS","ARG PRPNE FAR EAST IDX V JAP BALMO","3NB","01/01/2026","01/02/2026","13033","USD","25.000%"
"NYM","REFINED PRODUCTS","ARG PRPNE FAR EAST IDX V JAP BALMO","3NB","01/05/2026","01/05/2026","13684","USD","25.000%"
"NYM","REFINED PRODUCTS","ARG PRPNE FAR EAST IDX V JAP BALMO","3NB","01/06/2026","01/06/2026","14407","USD","25.000%"
"NYM","REFINED PRODUCTS","ARG PRPNE FAR EAST IDX V JAP BALMO","3NB","01/07/2026","01/07/2026","15206","USD","25.000%"
"NYM","REFINED PRODUCTS","ARG PRPNE FAR EAST IDX V JAP BALMO","3NB","01/08/2026","01/08/2026","16093","USD","25.000%"
"NYM","REFINED PRODUCTS","ARG PRPNE FAR EAST IDX V JAP BALMO","3NB","01/09/2026","01/09/2026","17106","USD","25.000%"
"NYM","REFINED PRODUCTS","ARG PRPNE FAR EAST IDX V JAP BALMO","3NB","01/12/2026","01/12/2026","18244","USD","25.000%"
"NYM","REFINED PRODUCTS","ARG PRPNE FAR EAST IDX V JAP BALMO","3NB","01/13/2026","01/13/2026","19547","USD","25.000%"
"NYM","REFINED PRODUCTS","ARG PRPNE FAR EAST IDX V JAP BALMO","3NB","01/14/2026","01/14/2026","21052","USD","25.000%"
"NYM","REFINED PRODUCTS","ARG PRPNE FAR EAST IDX V JAP BALMO","3NB","01/15/2026","01/15/2026","22810","USD","25.000%"
"NYM","REFINED PRODUCTS","ARG PRPNE FAR EAST IDX V JAP BALMO","3NB","01/16/2026","01/16/2026","24879","USD","25.000%"
"NYM","REFINED PRODUCTS","ARG PRPNE FAR EAST IDX V JAP BALMO","3NB","01/19/2026","01/19/2026","27369","USD","25.000%"
"NYM","REFINED PRODUCTS","ARG PRPNE FAR EAST IDX V JAP BALMO","3NB","01/20/2026","01/20/2026","30413","USD","25.000%"
"NYM","REFINED PRODUCTS","ARG PRPNE FAR EAST IDX V JAP BALMO","3NB","01/21/2026","01/21/2026","34212","USD","25.000%"
"NYM","REFINED PRODUCTS","ARG PRPNE FAR EAST IDX V JAP BALMO","3NB","01/22/2026","01/22/2026","39100","USD","25.000%"
"NYM","REFINED PRODUCTS","ARG PRPNE FAR EAST IDX V JAP BALMO","3NB","01/23/2026","01/23/2026","45614","USD","25.000%"
"NYM","REFINED PRODUCTS","ARG PRPNE FAR EAST IDX V JAP BALMO","3NB","01/26/2026","01/30/2026","54739","USD","25.000%"
"NYM","REFINED PRODUCTS","ARG PRPNE FAR EAST IDX V JAP BALMO","3NB","02/02/2026","02/27/2026","25530","USD","25.000%"
"NYM","REFINED PRODUCTS","ARG PRPNE FAR EAST IDX V JAP BALMO","3NB","03/02/2026","03/31/2026","23680","USD","25.000%"
"NYM","REFINED PRODUCTS","CHICAGO ULSD (PLATTS) FUT","4C","01/2026","12/2028","8000","USD","0.05"
"NYM","REFINED PRODUCTS","MINI SINGP FUELOIL 180 BALMO FUT","5L","01/01/2026","01/30/2026","2382","USD","0.025"
"NYM","REFINED PRODUCTS","MINI SINGP FUELOIL 180 BALMO FUT","5L","02/02/2026","03/31/2026","3000","USD","0.025"
"NYM","REFINED PRODUCTS","NEW YORK ULSD (ARGUS) FUT","5Y","01/2026","01/2026","2838","USD","0.05"
"NYM","REFINED PRODUCTS","NEW YORK ULSD (ARGUS) FUT","5Y","02/2026","12/2028","8000","USD","0.05"
"NYM","REFINED PRODUCTS","EUR 1% FUEL OIL FOB RDM BALMO FUT","6L","01/02/2026","01/30/2026","32762","USD","0.025"
"NYM","REFINED PRODUCTS","EUR 1% FUEL OIL FOB RDM BALMO FUT","6L","02/02/2026","03/31/2026","55000","USD","0.025"
"NYM","REFINED PRODUCTS","3.5% FUEL OIL CID MED FUT","7D","01/2026","01/2026","15967","USD","0.05"
"NYM","REFINED PRODUCTS","3.5% FUEL OIL CID MED FUT","7D","02/2026","12/2029","45000","USD","0.05"
"NYM","REFINED PRODUCTS","PREM UNL GAS 10 PPM (PLTS) RDM","7L","01/2026","01/2026","17741","USD","0.05"
"NYM","REFINED PRODUCTS","PREM UNL GAS 10 PPM (PLTS) RDM","7L","02/2026","12/2028","50000","USD","0.05"
"NYM","REFINED PRODUCTS","PREM UNL GAS 10 PPM  BALMO","7N","01/02/2026","01/30/2026","38719","USD","0.05"
"NYM","REFINED PRODUCTS","PREM UNL GAS 10 PPM  BALMO","7N","02/02/2026","03/31/2026","65000","USD","0.05"
"NYM","REFINED PRODUCTS","GAS EUROBOB (ARGUS) BALMO","7R","01/01/2026","01/02/2026","12381","USD","0.08"
"NYM","REFINED PRODUCTS","GAS EUROBOB (ARGUS) BALMO","7R","01/05/2026","01/05/2026","13000","USD","0.08"
"NYM","REFINED PRODUCTS","GAS EUROBOB (ARGUS) BALMO","7R","01/06/2026","01/06/2026","13686","USD","0.08"
"NYM","REFINED PRODUCTS","GAS EUROBOB (ARGUS) BALMO","7R","01/07/2026","01/07/2026","14445","USD","0.08"
"NYM","REFINED PRODUCTS","GAS EUROBOB (ARGUS) BALMO","7R","01/08/2026","01/08/2026","15288","USD","0.08"
"NYM","REFINED PRODUCTS","GAS EUROBOB (ARGUS) BALMO","7R","01/09/2026","01/09/2026","16250","USD","0.08"
"NYM","REFINED PRODUCTS","GAS EUROBOB (ARGUS) BALMO","7R","01/12/2026","01/12/2026","17331","USD","0.08"
"NYM","REFINED PRODUCTS","GAS EUROBOB (ARGUS) BALMO","7R","01/13/2026","01/13/2026","18569","USD","0.08"
"NYM","REFINED PRODUCTS","GAS EUROBOB (ARGUS) BALMO","7R","01/14/2026","01/14/2026","19999","USD","0.08"
"NYM","REFINED PRODUCTS","GAS EUROBOB (ARGUS) BALMO","7R","01/15/2026","01/15/2026","21668","USD","0.08"
"NYM","REFINED PRODUCTS","GAS EUROBOB (ARGUS) BALMO","7R","01/16/2026","01/16/2026","23634","USD","0.08"
"NYM","REFINED PRODUCTS","GAS EUROBOB (ARGUS) BALMO","7R","01/19/2026","01/19/2026","26000","USD","0.08"
"NYM","REFINED PRODUCTS","GAS EUROBOB (ARGUS) BALMO","7R","01/20/2026","01/20/2026","28891","USD","0.08"
"NYM","REFINED PRODUCTS","GAS EUROBOB (ARGUS) BALMO","7R","01/21/2026","01/21/2026","32500","USD","0.08"
"NYM","REFINED PRODUCTS","GAS EUROBOB (ARGUS) BALMO","7R","01/22/2026","01/22/2026","37143","USD","0.08"
"NYM","REFINED PRODUCTS","GAS EUROBOB (ARGUS) BALMO","7R","01/23/2026","01/23/2026","43331","USD","0.08"
"NYM","REFINED PRODUCTS","GAS EUROBOB (ARGUS) BALMO","7R","01/26/2026","01/30/2026","52000","USD","0.08"
"NYM","REFINED PRODUCTS","GAS EUROBOB (ARGUS) BALMO","7R","02/02/2026","03/31/2026","50000","USD","0.08"
"NYM","REFINED PRODUCTS","3.5% FUEL OIL CIF BALMO FUT","8D","01/02/2026","01/30/2026","34251","USD","0.05"
"NYM","REFINED PRODUCTS","3.5% FUEL OIL CIF BALMO FUT","8D","02/02/2026","03/31/2026","57500","USD","0.05"
"NYM","REFINED PRODUCTS","PREMIUM UNLEAD 10PPM FOB BLMO","8G","01/01/2026","01/30/2026","35741","USD","0.025"
"NYM","REFINED PRODUCTS","PREMIUM UNLEAD 10PPM FOB BLMO","8G","02/02/2026","03/31/2026","60000","USD","0.025"
"NYM","REFINED PRODUCTS","EIA FLAT TAX ONHWAY DIESEL FUT","A5","01/2026","01/2026","3903","USD","30.000%"
"NYM","REFINED PRODUCTS","EIA FLAT TAX ONHWAY DIESEL FUT","A5","02/2026","06/2026","8000","USD","28.000%"
"NYM","REFINED PRODUCTS","EIA FLAT TAX ONHWAY DIESEL FUT","A5","07/2026","12/2028","6500","USD","13.000%"
"NYM","REFINED PRODUCTS","GROUP THREE ULSD (PLATTS) FUT","A7","01/2026","01/2026","7500","USD","0.05"
"NYM","REFINED PRODUCTS","GROUP THREE ULSD (PLATTS) FUT","A7","02/2026","02/2026","7250","USD","0.05"
"NYM","REFINED PRODUCTS","GROUP THREE ULSD (PLATTS) FUT","A7","03/2026","12/2028","6750","USD","0.05"
"NYM","REFINED PRODUCTS","GRP THREE SUBOCTGAS VS RBOB GAS BAL","A8B","01/01/2026","01/02/2026","812","USD","25.000%"
"NYM","REFINED PRODUCTS","GRP THREE SUBOCTGAS VS RBOB GAS BAL","A8B","01/05/2026","01/05/2026","855","USD","25.000%"
"NYM","REFINED PRODUCTS","GRP THREE SUBOCTGAS VS RBOB GAS BAL","A8B","01/06/2026","01/06/2026","902","USD","25.000%"
"NYM","REFINED PRODUCTS","GRP THREE SUBOCTGAS VS RBOB GAS BAL","A8B","01/07/2026","01/07/2026","955","USD","25.000%"
"NYM","REFINED PRODUCTS","GRP THREE SUBOCTGAS VS RBOB GAS BAL","A8B","01/08/2026","01/08/2026","1015","USD","25.000%"
"NYM","REFINED PRODUCTS","GRP THREE SUBOCTGAS VS RBOB GAS BAL","A8B","01/09/2026","01/09/2026","1083","USD","25.000%"
"NYM","REFINED PRODUCTS","GRP THREE SUBOCTGAS VS RBOB GAS BAL","A8B","01/12/2026","01/12/2026","1160","USD","25.000%"
"NYM","REFINED PRODUCTS","GRP THREE SUBOCTGAS VS RBOB GAS BAL","A8B","01/13/2026","01/13/2026","1249","USD","25.000%"
"NYM","REFINED PRODUCTS","GRP THREE SUBOCTGAS VS RBOB GAS BAL","A8B","01/14/2026","01/14/2026","1354","USD","25.000%"
"NYM","REFINED PRODUCTS","GRP THREE SUBOCTGAS VS RBOB GAS BAL","A8B","01/15/2026","01/15/2026","1477","USD","25.000%"
"NYM","REFINED PRODUCTS","GRP THREE SUBOCTGAS VS RBOB GAS BAL","A8B","01/16/2026","01/16/2026","1625","USD","25.000%"
"NYM","REFINED PRODUCTS","GRP THREE SUBOCTGAS VS RBOB GAS BAL","A8B","01/19/2026","01/20/2026","1805","USD","25.000%"
"NYM","REFINED PRODUCTS","GRP THREE SUBOCTGAS VS RBOB GAS BAL","A8B","01/21/2026","01/21/2026","2031","USD","25.000%"
"NYM","REFINED PRODUCTS","GRP THREE SUBOCTGAS VS RBOB GAS BAL","A8B","01/22/2026","01/22/2026","2321","USD","25.000%"
"NYM","REFINED PRODUCTS","GRP THREE SUBOCTGAS VS RBOB GAS BAL","A8B","01/23/2026","01/23/2026","2708","USD","25.000%"
"NYM","REFINED PRODUCTS","GRP THREE SUBOCTGAS VS RBOB GAS BAL","A8B","01/26/2026","01/30/2026","3250","USD","25.000%"
"NYM","REFINED PRODUCTS","GRP THREE SUBOCTGAS VS RBOB GAS BAL","A8B","02/02/2026","02/27/2026","1495","USD","25.000%"
"NYM","REFINED PRODUCTS","GRP THREE SUBOCTGAS VS RBOB GAS BAL","A8B","03/02/2026","03/31/2026","1449","USD","25.000%"
"NYM","REFINED PRODUCTS","GROUP THREE SUB-OCT GAS (PLATTS)","A9","01/2026","01/2026","7000","USD","0.05"
"NYM","REFINED PRODUCTS","GROUP THREE SUB-OCT GAS (PLATTS)","A9","02/2026","02/2026","6500","USD","0.05"
"NYM","REFINED PRODUCTS","GROUP THREE SUB-OCT GAS (PLATTS)","A9","03/2026","12/2028","6250","USD","0.05"
"NYM","REFINED PRODUCTS","GRP THREE ULSD VS NY HAR ULSD BALMO","AB6","01/02/2026","01/02/2026","719","USD","25.000%"
"NYM","REFINED PRODUCTS","GRP THREE ULSD VS NY HAR ULSD BALMO","AB6","01/05/2026","01/05/2026","757","USD","25.000%"
"NYM","REFINED PRODUCTS","GRP THREE ULSD VS NY HAR ULSD BALMO","AB6","01/06/2026","01/06/2026","799","USD","25.000%"
"NYM","REFINED PRODUCTS","GRP THREE ULSD VS NY HAR ULSD BALMO","AB6","01/07/2026","01/07/2026","845","USD","25.000%"
"NYM","REFINED PRODUCTS","GRP THREE ULSD VS NY HAR ULSD BALMO","AB6","01/08/2026","01/08/2026","899","USD","25.000%"
"NYM","REFINED PRODUCTS","GRP THREE ULSD VS NY HAR ULSD BALMO","AB6","01/09/2026","01/09/2026","958","USD","25.000%"
"NYM","REFINED PRODUCTS","GRP THREE ULSD VS NY HAR ULSD BALMO","AB6","01/12/2026","01/12/2026","1027","USD","25.000%"
"NYM","REFINED PRODUCTS","GRP THREE ULSD VS NY HAR ULSD BALMO","AB6","01/13/2026","01/13/2026","1106","USD","25.000%"
"NYM","REFINED PRODUCTS","GRP THREE ULSD VS NY HAR ULSD BALMO","AB6","01/14/2026","01/14/2026","1198","USD","25.000%"
"NYM","REFINED PRODUCTS","GRP THREE ULSD VS NY HAR ULSD BALMO","AB6","01/15/2026","01/15/2026","1307","USD","25.000%"
"NYM","REFINED PRODUCTS","GRP THREE ULSD VS NY HAR ULSD BALMO","AB6","01/16/2026","01/16/2026","1438","USD","25.000%"
"NYM","REFINED PRODUCTS","GRP THREE ULSD VS NY HAR ULSD BALMO","AB6","01/20/2026","01/20/2026","1598","USD","25.000%"
"NYM","REFINED PRODUCTS","GRP THREE ULSD VS NY HAR ULSD BALMO","AB6","01/21/2026","01/21/2026","1798","USD","25.000%"
"NYM","REFINED PRODUCTS","GRP THREE ULSD VS NY HAR ULSD BALMO","AB6","01/22/2026","01/22/2026","2055","USD","25.000%"
"NYM","REFINED PRODUCTS","GRP THREE ULSD VS NY HAR ULSD BALMO","AB6","01/23/2026","01/23/2026","2397","USD","25.000%"
"NYM","REFINED PRODUCTS","GRP THREE ULSD VS NY HAR ULSD BALMO","AB6","01/26/2026","01/30/2026","2877","USD","25.000%"
"NYM","REFINED PRODUCTS","GRP THREE ULSD VS NY HAR ULSD BALMO","AB6","02/02/2026","02/27/2026","1578","USD","25.000%"
"NYM","REFINED PRODUCTS","GRP THREE ULSD VS NY HAR ULSD BALMO","AB6","03/02/2026","03/31/2026","1482","USD","25.000%"
"NYM","REFINED PRODUCTS","GC ULSD ARGUS CAL FUT","AJ","01/2026","01/2026","2838","USD","0.05"
"NYM","REFINED PRODUCTS","GC ULSD ARGUS CAL FUT","AJ","02/2026","12/2028","8000","USD","0.05"
"NYM","REFINED PRODUCTS","12 MO HO CAL SPRD FUTURES","AK","01/2026","04/2026","2900","USD","10.000%"
"NYM","REFINED PRODUCTS","12 MO HO CAL SPRD FUTURES","AK","02/2026","02/2026","3000","USD","10.000%"
"NYM","REFINED PRODUCTS","12 MO HO CAL SPRD FUTURES","AK","05/2026","05/2026","3100","USD","10.000%"
"NYM","REFINED PRODUCTS","12 MO HO CAL SPRD FUTURES","AK","06/2026","06/2026","3050","USD","10.000%"
"NYM","REFINED PRODUCTS","12 MO HO CAL SPRD FUTURES","AK","07/2026","07/2026","2800","USD","10.000%"
"NYM","REFINED PRODUCTS","12 MO HO CAL SPRD FUTURES","AK","08/2026","08/2026","2400","USD","10.000%"
"NYM","REFINED PRODUCTS","12 MO HO CAL SPRD FUTURES","AK","09/2026","09/2026","2200","USD","10.000%"
"NYM","REFINED PRODUCTS","12 MO HO CAL SPRD FUTURES","AK","10/2026","10/2026","2000","USD","10.000%"
"NYM","REFINED PRODUCTS","12 MO HO CAL SPRD FUTURES","AK","11/2026","11/2026","1800","USD","10.000%"
"NYM","REFINED PRODUCTS","12 MO HO CAL SPRD FUTURES","AK","12/2026","12/2026","1700","USD","10.000%"
"NYM","REFINED PRODUCTS","12 MO HO CAL SPRD FUTURES","AK","01/2027","01/2027","1500","USD","10.000%"
"NYM","REFINED PRODUCTS","12 MO HO CAL SPRD FUTURES","AK","02/2027","02/2027","1400","USD","10.000%"
"NYM","REFINED PRODUCTS","12 MO HO CAL SPRD FUTURES","AK","03/2027","03/2027","1350","USD","10.000%"
"NYM","REFINED PRODUCTS","12 MO HO CAL SPRD FUTURES","AK","06/2027","06/2027","1100","USD","10.000%"
"NYM","REFINED PRODUCTS","12 MO HO CAL SPRD FUTURES","AK","09/2027","09/2027","950","USD","10.000%"
"NYM","REFINED PRODUCTS","12 MO HO CAL SPRD FUTURES","AK","12/2027","12/2027","700","USD","10.000%"
"NYM","REFINED PRODUCTS","12 MO HO CAL SPRD FUTURES","AK","03/2028","03/2028","600","USD","10.000%"
"NYM","REFINED PRODUCTS","12 MO HO CAL SPRD FUTURES","AK","06/2028","06/2028","450","USD","10.000%"
"NYM","REFINED PRODUCTS","12 MO HO CAL SPRD FUTURES","AK","09/2028","09/2028","250","USD","10.000%"
"NYM","REFINED PRODUCTS","12 MO HO CAL SPRD FUTURES","AK","12/2028","12/2028","150","USD","10.000%"
"NYM","REFINED PRODUCTS","ULSD 10PPM CIF NW BALMO FUT","B1","01/02/2026","01/30/2026","53611","USD","0.05"
"NYM","REFINED PRODUCTS","ULSD 10PPM CIF NW BALMO FUT","B1","02/02/2026","03/31/2026","90000","USD","0.05"
"NYM","REFINED PRODUCTS","GASOIL 0.1% CIF NW BALMO FUT","B7","01/02/2026","01/30/2026","49143","USD","0.05"
"NYM","REFINED PRODUCTS","GASOIL 0.1% CIF NW BALMO FUT","B7","02/02/2026","03/31/2026","82500","USD","0.05"
"NYM","REFINED PRODUCTS","GASOIL0.1%BRGS FOB ARA(PLATTS)BALMO","B8","01/01/2026","01/30/2026","44676","USD","0.05"
"NYM","REFINED PRODUCTS","GASOIL0.1%BRGS FOB ARA(PLATTS)BALMO","B8","02/02/2026","03/31/2026","75000","USD","0.05"
"NYM","REFINED PRODUCTS","GULFCST CBOB GAS A2 VS RBOB BALMO","BCR","01/01/2026","01/30/2026","1191","USD","25.000%"
"NYM","REFINED PRODUCTS","GULFCST CBOB GAS A2 VS RBOB BALMO","BCR","02/02/2026","03/31/2026","700","USD","25.000%"
"NYM","REFINED PRODUCTS","SOY OIL - NY ULSD SPRD FIN FUT","BHO","01/2026","01/2026","1838","USD","5.000%"
"NYM","REFINED PRODUCTS","SOY OIL - NY ULSD SPRD FIN FUT","BHO","02/2026","02/2026","9000","USD","5.000%"
"NYM","REFINED PRODUCTS","SOY OIL - NY ULSD SPRD FIN FUT","BHO","03/2026","12/2028","8000","USD","5.000%"
"NYM","REFINED PRODUCTS","USGC MARINE FUEL 0.5% (PLATTS) (MT)","BPU","01/02/2026","01/23/2026","16679","USD","25.000%"
"NYM","REFINED PRODUCTS","USGC MARINE FUEL 0.5% (PLATTS) (MT)","BPU","02/02/2026","03/24/2026","28000","USD","25.000%"
"NYM","REFINED PRODUCTS","SINGAPORE 180CST BALMO","BS","01/01/2026","01/30/2026","23827","USD","0.025"
"NYM","REFINED PRODUCTS","SINGAPORE 180CST BALMO","BS","02/02/2026","03/31/2026","30000","USD","0.025"
"NYM","REFINED PRODUCTS","SINGAPORE 380CST BALMO","BT","01/01/2026","01/02/2026","8095","USD","0.025"
"NYM","REFINED PRODUCTS","SINGAPORE 380CST BALMO","BT","01/05/2026","01/05/2026","8500","USD","0.025"
"NYM","REFINED PRODUCTS","SINGAPORE 380CST BALMO","BT","01/06/2026","01/06/2026","8948","USD","0.025"
"NYM","REFINED PRODUCTS","SINGAPORE 380CST BALMO","BT","01/07/2026","01/07/2026","9445","USD","0.025"
"NYM","REFINED PRODUCTS","SINGAPORE 380CST BALMO","BT","01/08/2026","01/08/2026","9996","USD","0.025"
"NYM","REFINED PRODUCTS","SINGAPORE 380CST BALMO","BT","01/09/2026","01/09/2026","10625","USD","0.025"
"NYM","REFINED PRODUCTS","SINGAPORE 380CST BALMO","BT","01/12/2026","01/12/2026","11332","USD","0.025"
"NYM","REFINED PRODUCTS","SINGAPORE 380CST BALMO","BT","01/13/2026","01/13/2026","12141","USD","0.025"
"NYM","REFINED PRODUCTS","SINGAPORE 380CST BALMO","BT","01/14/2026","01/14/2026","13076","USD","0.025"
"NYM","REFINED PRODUCTS","SINGAPORE 380CST BALMO","BT","01/15/2026","01/15/2026","14167","USD","0.025"
"NYM","REFINED PRODUCTS","SINGAPORE 380CST BALMO","BT","01/16/2026","01/16/2026","15453","USD","0.025"
"NYM","REFINED PRODUCTS","SINGAPORE 380CST BALMO","BT","01/19/2026","01/19/2026","17000","USD","0.025"
"NYM","REFINED PRODUCTS","SINGAPORE 380CST BALMO","BT","01/20/2026","01/20/2026","18890","USD","0.025"
"NYM","REFINED PRODUCTS","SINGAPORE 380CST BALMO","BT","01/21/2026","01/21/2026","21250","USD","0.025"
"NYM","REFINED PRODUCTS","SINGAPORE 380CST BALMO","BT","01/22/2026","01/22/2026","24286","USD","0.025"
"NYM","REFINED PRODUCTS","SINGAPORE 380CST BALMO","BT","01/23/2026","01/23/2026","28332","USD","0.025"
"NYM","REFINED PRODUCTS","SINGAPORE 380CST BALMO","BT","01/26/2026","01/30/2026","34000","USD","0.025"
"NYM","REFINED PRODUCTS","SINGAPORE 380CST BALMO","BT","02/02/2026","02/27/2026","33500","USD","0.025"
"NYM","REFINED PRODUCTS","SINGAPORE 380CST BALMO","BT","03/02/2026","03/31/2026","32000","USD","0.025"
"NYM","REFINED PRODUCTS","NY BUCKEYE JET FUEL (PLATTS) FUTURE","BUC","01/2026","01/2026","2927","USD","0.05"
"NYM","REFINED PRODUCTS","NY BUCKEYE JET FUEL (PLATTS) FUTURE","BUC","02/2026","12/2029","8250","USD","0.05"
"NYM","REFINED PRODUCTS","SINGAPORE JET KERO BALMO","BX","01/01/2026","01/30/2026","5956","USD","0.025"
"NYM","REFINED PRODUCTS","SINGAPORE JET KERO BALMO","BX","02/02/2026","03/31/2026","8000","USD","0.025"
"NYM","REFINED PRODUCTS","DATED BRENT(PLATTS) BALMO FUT","DBB","01/01/2026","01/30/2026","4318","USD","0.08"
"NYM","REFINED PRODUCTS","DATED BRENT(PLATTS) BALMO FUT","DBB","02/02/2026","03/31/2026","7250","USD","0.08"
"NYM","REFINED PRODUCTS","JAPAN NAPHTHA BALMO FUT","E6","01/01/2026","01/02/2026","8928","USD","0.05"
"NYM","REFINED PRODUCTS","JAPAN NAPHTHA BALMO FUT","E6","01/05/2026","01/05/2026","9375","USD","0.05"
"NYM","REFINED PRODUCTS","JAPAN NAPHTHA BALMO FUT","E6","01/06/2026","01/06/2026","9870","USD","0.05"
"NYM","REFINED PRODUCTS","JAPAN NAPHTHA BALMO FUT","E6","01/07/2026","01/07/2026","10417","USD","0.05"
"NYM","REFINED PRODUCTS","JAPAN NAPHTHA BALMO FUT","E6","01/08/2026","01/08/2026","11025","USD","0.05"
"NYM","REFINED PRODUCTS","JAPAN NAPHTHA BALMO FUT","E6","01/09/2026","01/09/2026","11718","USD","0.05"
"NYM","REFINED PRODUCTS","JAPAN NAPHTHA BALMO FUT","E6","01/12/2026","01/12/2026","12498","USD","0.05"
"NYM","REFINED PRODUCTS","JAPAN NAPHTHA BALMO FUT","E6","01/13/2026","01/13/2026","13391","USD","0.05"
"NYM","REFINED PRODUCTS","JAPAN NAPHTHA BALMO FUT","E6","01/14/2026","01/14/2026","14422","USD","0.05"
"NYM","REFINED PRODUCTS","JAPAN NAPHTHA BALMO FUT","E6","01/15/2026","01/15/2026","15626","USD","0.05"
"NYM","REFINED PRODUCTS","JAPAN NAPHTHA BALMO FUT","E6","01/16/2026","01/16/2026","17043","USD","0.05"
"NYM","REFINED PRODUCTS","JAPAN NAPHTHA BALMO FUT","E6","01/19/2026","01/19/2026","18750","USD","0.05"
"NYM","REFINED PRODUCTS","JAPAN NAPHTHA BALMO FUT","E6","01/20/2026","01/20/2026","20835","USD","0.05"
"NYM","REFINED PRODUCTS","JAPAN NAPHTHA BALMO FUT","E6","01/21/2026","01/21/2026","23437","USD","0.05"
"NYM","REFINED PRODUCTS","JAPAN NAPHTHA BALMO FUT","E6","01/22/2026","01/22/2026","26786","USD","0.05"
"NYM","REFINED PRODUCTS","JAPAN NAPHTHA BALMO FUT","E6","01/23/2026","01/23/2026","31248","USD","0.05"
"NYM","REFINED PRODUCTS","JAPAN NAPHTHA BALMO FUT","E6","01/26/2026","01/30/2026","37500","USD","0.05"
"NYM","REFINED PRODUCTS","JAPAN NAPHTHA BALMO FUT","E6","02/02/2026","03/31/2026","37000","USD","0.05"
"NYM","REFINED PRODUCTS","MINI JAPAN NAPHTHA BALMO FUT","E6M","01/01/2026","01/02/2026","8928","USD","0.05"
"NYM","REFINED PRODUCTS","MINI JAPAN NAPHTHA BALMO FUT","E6M","01/05/2026","01/05/2026","9375","USD","0.05"
"NYM","REFINED PRODUCTS","MINI JAPAN NAPHTHA BALMO FUT","E6M","01/06/2026","01/06/2026","9870","USD","0.05"
"NYM","REFINED PRODUCTS","MINI JAPAN NAPHTHA BALMO FUT","E6M","01/07/2026","01/07/2026","10417","USD","0.05"
"NYM","REFINED PRODUCTS","MINI JAPAN NAPHTHA BALMO FUT","E6M","01/08/2026","01/08/2026","11025","USD","0.05"
"NYM","REFINED PRODUCTS","MINI JAPAN NAPHTHA BALMO FUT","E6M","01/09/2026","01/09/2026","11718","USD","0.05"
"NYM","REFINED PRODUCTS","MINI JAPAN NAPHTHA BALMO FUT","E6M","01/12/2026","01/12/2026","12498","USD","0.05"
"NYM","REFINED PRODUCTS","MINI JAPAN NAPHTHA BALMO FUT","E6M","01/13/2026","01/13/2026","13391","USD","0.05"
"NYM","REFINED PRODUCTS","MINI JAPAN NAPHTHA BALMO FUT","E6M","01/14/2026","01/14/2026","14422","USD","0.05"
"NYM","REFINED PRODUCTS","MINI JAPAN NAPHTHA BALMO FUT","E6M","01/15/2026","01/15/2026","15626","USD","0.05"
"NYM","REFINED PRODUCTS","MINI JAPAN NAPHTHA BALMO FUT","E6M","01/16/2026","01/16/2026","17043","USD","0.05"
"NYM","REFINED PRODUCTS","MINI JAPAN NAPHTHA BALMO FUT","E6M","01/19/2026","01/19/2026","18750","USD","0.05"
"NYM","REFINED PRODUCTS","MINI JAPAN NAPHTHA BALMO FUT","E6M","01/20/2026","01/20/2026","20835","USD","0.05"
"NYM","REFINED PRODUCTS","MINI JAPAN NAPHTHA BALMO FUT","E6M","01/21/2026","01/21/2026","23437","USD","0.05"
"NYM","REFINED PRODUCTS","MINI JAPAN NAPHTHA BALMO FUT","E6M","01/22/2026","01/22/2026","26786","USD","0.05"
"NYM","REFINED PRODUCTS","MINI JAPAN NAPHTHA BALMO FUT","E6M","01/23/2026","01/23/2026","31248","USD","0.05"
"NYM","REFINED PRODUCTS","MINI JAPAN NAPHTHA BALMO FUT","E6M","01/26/2026","01/30/2026","37500","USD","0.05"
"NYM","REFINED PRODUCTS","MINI JAPAN NAPHTHA BALMO FUT","E6M","02/02/2026","03/31/2026","37000","USD","0.05"
"NYM","REFINED PRODUCTS","EUR3.5%FUEL OIL CARG FOB MED BALMO","EFF","01/02/2026","01/30/2026","26805","USD","0.08"
"NYM","REFINED PRODUCTS","EUR3.5%FUEL OIL CARG FOB MED BALMO","EFF","02/02/2026","03/31/2026","45000","USD","0.08"
"NYM","REFINED PRODUCTS","EUR 1%FUEL OIL CARG FOB MED(PLATTS)","EFM","01/2026","01/2026","11000","USD","0.08"
"NYM","REFINED PRODUCTS","EUR 1%FUEL OIL CARG FOB MED(PLATTS)","EFM","02/2026","12/2031","31000","USD","0.08"
"NYM","REFINED PRODUCTS","EAST-WEST FUEL OIL PLT BALMO FUT","EWB","01/02/2026","01/30/2026","10126","USD","0.08"
"NYM","REFINED PRODUCTS","EAST-WEST FUEL OIL PLT BALMO FUT","EWB","02/02/2026","03/31/2026","17000","USD","0.08"
"NYM","REFINED PRODUCTS","JET FUEL CARGOES CIF NEW BALMO","F3","01/01/2026","01/02/2026","14524","USD","0.05"
"NYM","REFINED PRODUCTS","JET FUEL CARGOES CIF NEW BALMO","F3","01/05/2026","01/05/2026","15250","USD","0.05"
"NYM","REFINED PRODUCTS","JET FUEL CARGOES CIF NEW BALMO","F3","01/06/2026","01/06/2026","16055","USD","0.05"
"NYM","REFINED PRODUCTS","JET FUEL CARGOES CIF NEW BALMO","F3","01/07/2026","01/07/2026","16945","USD","0.05"
"NYM","REFINED PRODUCTS","JET FUEL CARGOES CIF NEW BALMO","F3","01/08/2026","01/08/2026","17934","USD","0.05"
"NYM","REFINED PRODUCTS","JET FUEL CARGOES CIF NEW BALMO","F3","01/09/2026","01/09/2026","19062","USD","0.05"
"NYM","REFINED PRODUCTS","JET FUEL CARGOES CIF NEW BALMO","F3","01/12/2026","01/12/2026","20331","USD","0.05"
"NYM","REFINED PRODUCTS","JET FUEL CARGOES CIF NEW BALMO","F3","01/13/2026","01/13/2026","21783","USD","0.05"
"NYM","REFINED PRODUCTS","JET FUEL CARGOES CIF NEW BALMO","F3","01/14/2026","01/14/2026","23460","USD","0.05"
"NYM","REFINED PRODUCTS","JET FUEL CARGOES CIF NEW BALMO","F3","01/15/2026","01/15/2026","25418","USD","0.05"
"NYM","REFINED PRODUCTS","JET FUEL CARGOES CIF NEW BALMO","F3","01/16/2026","01/16/2026","27724","USD","0.05"
"NYM","REFINED PRODUCTS","JET FUEL CARGOES CIF NEW BALMO","F3","01/19/2026","01/19/2026","30500","USD","0.05"
"NYM","REFINED PRODUCTS","JET FUEL CARGOES CIF NEW BALMO","F3","01/20/2026","01/20/2026","33891","USD","0.05"
"NYM","REFINED PRODUCTS","JET FUEL CARGOES CIF NEW BALMO","F3","01/21/2026","01/21/2026","38125","USD","0.05"
"NYM","REFINED PRODUCTS","JET FUEL CARGOES CIF NEW BALMO","F3","01/22/2026","01/22/2026","43572","USD","0.05"
"NYM","REFINED PRODUCTS","JET FUEL CARGOES CIF NEW BALMO","F3","01/23/2026","01/23/2026","50831","USD","0.05"
"NYM","REFINED PRODUCTS","JET FUEL CARGOES CIF NEW BALMO","F3","01/26/2026","01/30/2026","61000","USD","0.05"
"NYM","REFINED PRODUCTS","JET FUEL CARGOES CIF NEW BALMO","F3","02/02/2026","03/31/2026","60000","USD","0.05"
"NYM","REFINED PRODUCTS","FAME 0 ARGUS BIODIESEL FOB RDA RED","FBD","01/2026","12/2027","5500","USD","0.08"
"NYM","REFINED PRODUCTS","3.5% FUELOIL FOB RDAM CRK SPD BALMO","FCB","01/01/2026","01/02/2026","1207","USD","0.08"
"NYM","REFINED PRODUCTS","3.5% FUELOIL FOB RDAM CRK SPD BALMO","FCB","01/05/2026","01/05/2026","1267","USD","0.08"
"NYM","REFINED PRODUCTS","3.5% FUELOIL FOB RDAM CRK SPD BALMO","FCB","01/06/2026","01/06/2026","1333","USD","0.08"
"NYM","REFINED PRODUCTS","3.5% FUELOIL FOB RDAM CRK SPD BALMO","FCB","01/07/2026","01/07/2026","1408","USD","0.08"
"NYM","REFINED PRODUCTS","3.5% FUELOIL FOB RDAM CRK SPD BALMO","FCB","01/08/2026","01/08/2026","1491","USD","0.08"
"NYM","REFINED PRODUCTS","3.5% FUELOIL FOB RDAM CRK SPD BALMO","FCB","01/09/2026","01/09/2026","1584","USD","0.08"
"NYM","REFINED PRODUCTS","3.5% FUELOIL FOB RDAM CRK SPD BALMO","FCB","01/12/2026","01/12/2026","1689","USD","0.08"
"NYM","REFINED PRODUCTS","3.5% FUELOIL FOB RDAM CRK SPD BALMO","FCB","01/13/2026","01/13/2026","1810","USD","0.08"
"NYM","REFINED PRODUCTS","3.5% FUELOIL FOB RDAM CRK SPD BALMO","FCB","01/14/2026","01/14/2026","1949","USD","0.08"
"NYM","REFINED PRODUCTS","3.5% FUELOIL FOB RDAM CRK SPD BALMO","FCB","01/15/2026","01/15/2026","2112","USD","0.08"
"NYM","REFINED PRODUCTS","3.5% FUELOIL FOB RDAM CRK SPD BALMO","FCB","01/16/2026","01/16/2026","2303","USD","0.08"
"NYM","REFINED PRODUCTS","3.5% FUELOIL FOB RDAM CRK SPD BALMO","FCB","01/19/2026","01/19/2026","2534","USD","0.08"
"NYM","REFINED PRODUCTS","3.5% FUELOIL FOB RDAM CRK SPD BALMO","FCB","01/20/2026","01/20/2026","2816","USD","0.08"
"NYM","REFINED PRODUCTS","3.5% FUELOIL FOB RDAM CRK SPD BALMO","FCB","01/21/2026","01/21/2026","3168","USD","0.08"
"NYM","REFINED PRODUCTS","3.5% FUELOIL FOB RDAM CRK SPD BALMO","FCB","01/22/2026","01/22/2026","3621","USD","0.08"
"NYM","REFINED PRODUCTS","3.5% FUELOIL FOB RDAM CRK SPD BALMO","FCB","01/23/2026","01/23/2026","4225","USD","0.08"
"NYM","REFINED PRODUCTS","3.5% FUELOIL FOB RDAM CRK SPD BALMO","FCB","01/26/2026","01/26/2026","5070","USD","0.08"
"NYM","REFINED PRODUCTS","3.5% FUELOIL FOB RDAM CRK SPD BALMO","FCB","01/27/2026","01/27/2026","5055","USD","0.08"
"NYM","REFINED PRODUCTS","3.5% FUELOIL FOB RDAM CRK SPD BALMO","FCB","01/28/2026","01/28/2026","5031","USD","0.08"
"NYM","REFINED PRODUCTS","3.5% FUELOIL FOB RDAM CRK SPD BALMO","FCB","01/29/2026","01/29/2026","4982","USD","0.08"
"NYM","REFINED PRODUCTS","3.5% FUELOIL FOB RDAM CRK SPD BALMO","FCB","01/30/2026","01/30/2026","4836","USD","0.08"
"NYM","REFINED PRODUCTS","3.5% FUELOIL FOB RDAM CRK SPD BALMO","FCB","02/02/2026","02/02/2026","1782","USD","0.08"
"NYM","REFINED PRODUCTS","3.5% FUELOIL FOB RDAM CRK SPD BALMO","FCB","02/03/2026","02/03/2026","1782","USD","0.08"
"NYM","REFINED PRODUCTS","3.5% FUELOIL FOB RDAM CRK SPD BALMO","FCB","02/04/2026","02/04/2026","1782","USD","0.08"
"NYM","REFINED PRODUCTS","3.5% FUELOIL FOB RDAM CRK SPD BALMO","FCB","02/05/2026","02/05/2026","1781","USD","0.08"
"NYM","REFINED PRODUCTS","3.5% FUELOIL FOB RDAM CRK SPD BALMO","FCB","02/06/2026","02/06/2026","1781","USD","0.08"
"NYM","REFINED PRODUCTS","3.5% FUELOIL FOB RDAM CRK SPD BALMO","FCB","02/09/2026","02/09/2026","1781","USD","0.08"
"NYM","REFINED PRODUCTS","3.5% FUELOIL FOB RDAM CRK SPD BALMO","FCB","02/10/2026","02/10/2026","1781","USD","0.08"
"NYM","REFINED PRODUCTS","3.5% FUELOIL FOB RDAM CRK SPD BALMO","FCB","02/11/2026","02/11/2026","1781","USD","0.08"
"NYM","REFINED PRODUCTS","3.5% FUELOIL FOB RDAM CRK SPD BALMO","FCB","02/12/2026","02/12/2026","1781","USD","0.08"
"NYM","REFINED PRODUCTS","3.5% FUELOIL FOB RDAM CRK SPD BALMO","FCB","02/13/2026","02/13/2026","1780","USD","0.08"
"NYM","REFINED PRODUCTS","3.5% FUELOIL FOB RDAM CRK SPD BALMO","FCB","02/16/2026","02/16/2026","1781","USD","0.08"
"NYM","REFINED PRODUCTS","3.5% FUELOIL FOB RDAM CRK SPD BALMO","FCB","02/17/2026","02/17/2026","1780","USD","0.08"
"NYM","REFINED PRODUCTS","3.5% FUELOIL FOB RDAM CRK SPD BALMO","FCB","02/18/2026","02/18/2026","1780","USD","0.08"
"NYM","REFINED PRODUCTS","3.5% FUELOIL FOB RDAM CRK SPD BALMO","FCB","02/19/2026","02/19/2026","1780","USD","0.08"
"NYM","REFINED PRODUCTS","3.5% FUELOIL FOB RDAM CRK SPD BALMO","FCB","02/20/2026","02/20/2026","1779","USD","0.08"
"NYM","REFINED PRODUCTS","3.5% FUELOIL FOB RDAM CRK SPD BALMO","FCB","02/23/2026","02/23/2026","1779","USD","0.08"
"NYM","REFINED PRODUCTS","3.5% FUELOIL FOB RDAM CRK SPD BALMO","FCB","02/24/2026","02/24/2026","1778","USD","0.08"
"NYM","REFINED PRODUCTS","3.5% FUELOIL FOB RDAM CRK SPD BALMO","FCB","02/25/2026","02/25/2026","1776","USD","0.08"
"NYM","REFINED PRODUCTS","3.5% FUELOIL FOB RDAM CRK SPD BALMO","FCB","02/26/2026","02/26/2026","1773","USD","0.08"
"NYM","REFINED PRODUCTS","3.5% FUELOIL FOB RDAM CRK SPD BALMO","FCB","02/27/2026","02/27/2026","1764","USD","0.08"
"NYM","REFINED PRODUCTS","3.5% FUELOIL FOB RDAM CRK SPD BALMO","FCB","03/02/2026","03/02/2026","1521","USD","0.08"
"NYM","REFINED PRODUCTS","3.5% FUELOIL FOB RDAM CRK SPD BALMO","FCB","03/03/2026","03/03/2026","1520","USD","0.08"
"NYM","REFINED PRODUCTS","3.5% FUELOIL FOB RDAM CRK SPD BALMO","FCB","03/04/2026","03/04/2026","1520","USD","0.08"
"NYM","REFINED PRODUCTS","3.5% FUELOIL FOB RDAM CRK SPD BALMO","FCB","03/05/2026","03/05/2026","1520","USD","0.08"
"NYM","REFINED PRODUCTS","3.5% FUELOIL FOB RDAM CRK SPD BALMO","FCB","03/06/2026","03/06/2026","1520","USD","0.08"
"NYM","REFINED PRODUCTS","3.5% FUELOIL FOB RDAM CRK SPD BALMO","FCB","03/09/2026","03/09/2026","1519","USD","0.08"
"NYM","REFINED PRODUCTS","3.5% FUELOIL FOB RDAM CRK SPD BALMO","FCB","03/10/2026","03/10/2026","1519","USD","0.08"
"NYM","REFINED PRODUCTS","3.5% FUELOIL FOB RDAM CRK SPD BALMO","FCB","03/11/2026","03/11/2026","1518","USD","0.08"
"NYM","REFINED PRODUCTS","3.5% FUELOIL FOB RDAM CRK SPD BALMO","FCB","03/12/2026","03/12/2026","1518","USD","0.08"
"NYM","REFINED PRODUCTS","3.5% FUELOIL FOB RDAM CRK SPD BALMO","FCB","03/13/2026","03/13/2026","1517","USD","0.08"
"NYM","REFINED PRODUCTS","3.5% FUELOIL FOB RDAM CRK SPD BALMO","FCB","03/16/2026","03/16/2026","1517","USD","0.08"
"NYM","REFINED PRODUCTS","3.5% FUELOIL FOB RDAM CRK SPD BALMO","FCB","03/17/2026","03/17/2026","1515","USD","0.08"
"NYM","REFINED PRODUCTS","3.5% FUELOIL FOB RDAM CRK SPD BALMO","FCB","03/18/2026","03/18/2026","1515","USD","0.08"
"NYM","REFINED PRODUCTS","3.5% FUELOIL FOB RDAM CRK SPD BALMO","FCB","03/19/2026","03/19/2026","1514","USD","0.08"
"NYM","REFINED PRODUCTS","3.5% FUELOIL FOB RDAM CRK SPD BALMO","FCB","03/20/2026","03/20/2026","1512","USD","0.08"
"NYM","REFINED PRODUCTS","3.5% FUELOIL FOB RDAM CRK SPD BALMO","FCB","03/23/2026","03/23/2026","1510","USD","0.08"
"NYM","REFINED PRODUCTS","3.5% FUELOIL FOB RDAM CRK SPD BALMO","FCB","03/24/2026","03/24/2026","1508","USD","0.08"
"NYM","REFINED PRODUCTS","3.5% FUELOIL FOB RDAM CRK SPD BALMO","FCB","03/25/2026","03/25/2026","1504","USD","0.08"
"NYM","REFINED PRODUCTS","3.5% FUELOIL FOB RDAM CRK SPD BALMO","FCB","03/26/2026","03/26/2026","1499","USD","0.08"
"NYM","REFINED PRODUCTS","3.5% FUELOIL FOB RDAM CRK SPD BALMO","FCB","03/27/2026","03/27/2026","1490","USD","0.08"
"NYM","REFINED PRODUCTS","3.5% FUELOIL FOB RDAM CRK SPD BALMO","FCB","03/30/2026","03/30/2026","1473","USD","0.08"
"NYM","REFINED PRODUCTS","3.5% FUELOIL FOB RDAM CRK SPD BALMO","FCB","03/31/2026","03/31/2026","1420","USD","0.08"
"NYM","REFINED PRODUCTS","DALY EURO 1% FOIL CGOES FOB NWE FUT","FCN","01/13/2026","02/27/2026","4500","USD","0.06"
"NYM","REFINED PRODUCTS","1% FUEL OIL PLATTS CIF BALMO FUT","FOB","01/02/2026","01/30/2026","23827","USD","0.08"
"NYM","REFINED PRODUCTS","1% FUEL OIL PLATTS CIF BALMO FUT","FOB","02/02/2026","03/31/2026","40000","USD","0.08"
"NYM","REFINED PRODUCTS","1% FUEL OIL PLATTS FOB BALMO FUT","FOM","01/02/2026","01/30/2026","23827","USD","0.08"
"NYM","REFINED PRODUCTS","1% FUEL OIL PLATTS FOB BALMO FUT","FOM","02/02/2026","03/31/2026","40000","USD","0.08"
"NYM","REFINED PRODUCTS","DALY EURO 3.5% FOIL BRGES FOB RDAM","FOR","01/13/2026","02/27/2026","5000","USD","0.06"
"NYM","REFINED PRODUCTS","DALY GAS EUROBOB OXY ARGS NWE BRGS","GBR","01/13/2026","02/27/2026","6000","USD","0.06"
"NYM","REFINED PRODUCTS","GULF COAST UNL 87 GAS M2 PLATS FUT","GCM","01/2026","01/2026","7800","USD","0.06"
"NYM","REFINED PRODUCTS","GULF COAST UNL 87 GAS M2 PLATS FUT","GCM","02/2026","02/2026","7750","USD","0.06"
"NYM","REFINED PRODUCTS","GULF COAST UNL 87 GAS M2 PLATS FUT","GCM","03/2026","12/2028","7700","USD","0.06"
"NYM","REFINED PRODUCTS","GULF COAST JET FUEL CLNDR FUT","GE","01/2026","01/2026","7500","USD","25.000%"
"NYM","REFINED PRODUCTS","GULF COAST JET FUEL CLNDR FUT","GE","02/2026","06/2026","7000","USD","20.000%"
"NYM","REFINED PRODUCTS","GULF COAST JET FUEL CLNDR FUT","GE","07/2026","12/2028","6000","USD","20.000%"
"NYM","REFINED PRODUCTS","FM 6 MONTH OIL FUTURES NYMEX","GF","01/2026","04/2026","1900","USD","10.000%"
"NYM","REFINED PRODUCTS","FM 6 MONTH OIL FUTURES NYMEX","GF","02/2026","05/2026","2100","USD","10.000%"
"NYM","REFINED PRODUCTS","FM 6 MONTH OIL FUTURES NYMEX","GF","03/2026","03/2026","2000","USD","10.000%"
"NYM","REFINED PRODUCTS","FM 6 MONTH OIL FUTURES NYMEX","GF","06/2026","06/2026","1800","USD","10.000%"
"NYM","REFINED PRODUCTS","FM 6 MONTH OIL FUTURES NYMEX","GF","07/2026","07/2026","1600","USD","10.000%"
"NYM","REFINED PRODUCTS","FM 6 MONTH OIL FUTURES NYMEX","GF","08/2026","08/2026","1500","USD","10.000%"
"NYM","REFINED PRODUCTS","FM 6 MONTH OIL FUTURES NYMEX","GF","09/2026","09/2026","1450","USD","10.000%"
"NYM","REFINED PRODUCTS","FM 6 MONTH OIL FUTURES NYMEX","GF","10/2026","11/2026","1400","USD","10.000%"
"NYM","REFINED PRODUCTS","FM 6 MONTH OIL FUTURES NYMEX","GF","12/2026","12/2026","1300","USD","10.000%"
"NYM","REFINED PRODUCTS","FM 6 MONTH OIL FUTURES NYMEX","GF","01/2027","01/2027","1200","USD","10.000%"
"NYM","REFINED PRODUCTS","FM 6 MONTH OIL FUTURES NYMEX","GF","02/2027","02/2027","1100","USD","10.000%"
"NYM","REFINED PRODUCTS","FM 6 MONTH OIL FUTURES NYMEX","GF","06/2027","06/2027","850","USD","10.000%"
"NYM","REFINED PRODUCTS","FM 6 MONTH OIL FUTURES NYMEX","GF","12/2027","12/2027","500","USD","10.000%"
"NYM","REFINED PRODUCTS","FM 6 MONTH OIL FUTURES NYMEX","GF","06/2028","06/2028","400","USD","10.000%"
"NYM","REFINED PRODUCTS","FM 6 MONTH OIL FUTURES NYMEX","GF","12/2028","12/2028","150","USD","10.000%"
"NYM","REFINED PRODUCTS","1 MO HO CAL SPRD FUTURES","GH","01/2026","01/2026","","USD","10.000%"
"NYM","REFINED PRODUCTS","1 MO HO CAL SPRD FUTURES","GH","02/2026","02/2026","1000","USD","10.000%"
"NYM","REFINED PRODUCTS","1 MO HO CAL SPRD FUTURES","GH","03/2026","03/2026","900","USD","10.000%"
"NYM","REFINED PRODUCTS","1 MO HO CAL SPRD FUTURES","GH","04/2026","04/2026","800","USD","10.000%"
"NYM","REFINED PRODUCTS","1 MO HO CAL SPRD FUTURES","GH","05/2026","05/2026","750","USD","10.000%"
"NYM","REFINED PRODUCTS","1 MO HO CAL SPRD FUTURES","GH","06/2026","06/2026","600","USD","10.000%"
"NYM","REFINED PRODUCTS","1 MO HO CAL SPRD FUTURES","GH","07/2026","07/2026","550","USD","10.000%"
"NYM","REFINED PRODUCTS","1 MO HO CAL SPRD FUTURES","GH","08/2026","08/2026","500","USD","10.000%"
"NYM","REFINED PRODUCTS","1 MO HO CAL SPRD FUTURES","GH","09/2026","09/2026","450","USD","10.000%"
"NYM","REFINED PRODUCTS","1 MO HO CAL SPRD FUTURES","GH","10/2026","10/2026","400","USD","10.000%"
"NYM","REFINED PRODUCTS","1 MO HO CAL SPRD FUTURES","GH","11/2026","11/2029","350","USD","10.000%"
"NYM","REFINED PRODUCTS","1 MO HO CAL SPRD FUTURES","GH","12/2026","01/2027","300","USD","10.000%"
"NYM","REFINED PRODUCTS","1 MO HO CAL SPRD FUTURES","GH","02/2027","10/2027","275","USD","10.000%"
"NYM","REFINED PRODUCTS","1 MO HO CAL SPRD FUTURES","GH","04/2027","05/2027","250","USD","10.000%"
"NYM","REFINED PRODUCTS","1 MO HO CAL SPRD FUTURES","GH","06/2027","12/2027","225","USD","10.000%"
"NYM","REFINED PRODUCTS","1 MO HO CAL SPRD FUTURES","GH","01/2028","01/2028","175","USD","10.000%"
"NYM","REFINED PRODUCTS","1 MO HO CAL SPRD FUTURES","GH","02/2028","03/2028","150","USD","10.000%"
"NYM","REFINED PRODUCTS","1 MO HO CAL SPRD FUTURES","GH","04/2028","01/2029","125","USD","10.000%"
"NYM","REFINED PRODUCTS","2 MO HO CAL SPRD FUTURES","GK","01/2026","01/2026","1000","USD","10.000%"
"NYM","REFINED PRODUCTS","2 MO HO CAL SPRD FUTURES","GK","02/2026","02/2026","1300","USD","10.000%"
"NYM","REFINED PRODUCTS","2 MO HO CAL SPRD FUTURES","GK","03/2026","03/2026","1100","USD","10.000%"
"NYM","REFINED PRODUCTS","2 MO HO CAL SPRD FUTURES","GK","04/2026","04/2026","900","USD","10.000%"
"NYM","REFINED PRODUCTS","2 MO HO CAL SPRD FUTURES","GK","05/2026","05/2026","905","USD","10.000%"
"NYM","REFINED PRODUCTS","2 MO HO CAL SPRD FUTURES","GK","06/2026","06/2026","800","USD","10.000%"
"NYM","REFINED PRODUCTS","2 MO HO CAL SPRD FUTURES","GK","07/2026","07/2026","700","USD","10.000%"
"NYM","REFINED PRODUCTS","2 MO HO CAL SPRD FUTURES","GK","08/2026","08/2026","600","USD","10.000%"
"NYM","REFINED PRODUCTS","2 MO HO CAL SPRD FUTURES","GK","09/2026","09/2026","550","USD","10.000%"
"NYM","REFINED PRODUCTS","2 MO HO CAL SPRD FUTURES","GK","10/2026","10/2026","555","USD","10.000%"
"NYM","REFINED PRODUCTS","2 MO HO CAL SPRD FUTURES","GK","11/2026","11/2026","500","USD","10.000%"
"NYM","REFINED PRODUCTS","2 MO HO CAL SPRD FUTURES","GK","12/2026","01/2027","450","USD","10.000%"
"NYM","REFINED PRODUCTS","GASOIL 12 MONTH CALENDAR SYN","GLS","02/2026","02/2026","1850","USD","10.000%"
"NYM","REFINED PRODUCTS","GASOIL 12 MONTH CALENDAR SYN","GLS","03/2026","03/2026","1900","USD","10.000%"
"NYM","REFINED PRODUCTS","GASOIL 12 MONTH CALENDAR SYN","GLS","04/2026","07/2026","1500","USD","10.000%"
"NYM","REFINED PRODUCTS","GASOIL 12 MONTH CALENDAR SYN","GLS","08/2026","12/2026","1000","USD","10.000%"
"NYM","REFINED PRODUCTS","GASOIL 12 MONTH CALENDAR SYN","GLS","01/2027","12/2029","270","USD","10.000%"
"NYM","REFINED PRODUCTS","3 MO HO CAL SPRD FUTURES","GM","01/2026","03/2026","1300","USD","10.000%"
"NYM","REFINED PRODUCTS","3 MO HO CAL SPRD FUTURES","GM","02/2026","02/2026","1600","USD","10.000%"
"NYM","REFINED PRODUCTS","3 MO HO CAL SPRD FUTURES","GM","04/2026","05/2026","1100","USD","10.000%"
"NYM","REFINED PRODUCTS","3 MO HO CAL SPRD FUTURES","GM","06/2026","06/2026","1000","USD","10.000%"
"NYM","REFINED PRODUCTS","3 MO HO CAL SPRD FUTURES","GM","07/2026","07/2026","950","USD","10.000%"
"NYM","REFINED PRODUCTS","3 MO HO CAL SPRD FUTURES","GM","08/2026","08/2026","900","USD","10.000%"
"NYM","REFINED PRODUCTS","3 MO HO CAL SPRD FUTURES","GM","09/2026","09/2026","850","USD","10.000%"
"NYM","REFINED PRODUCTS","3 MO HO CAL SPRD FUTURES","GM","10/2026","10/2026","800","USD","10.000%"
"NYM","REFINED PRODUCTS","3 MO HO CAL SPRD FUTURES","GM","11/2026","11/2026","750","USD","10.000%"
"NYM","REFINED PRODUCTS","3 MO HO CAL SPRD FUTURES","GM","12/2026","01/2027","700","USD","10.000%"
"NYM","REFINED PRODUCTS","SING GA V SING MF BALMO FUT","GMB","01/01/2026","01/30/2026","41697","USD","25.000%"
"NYM","REFINED PRODUCTS","SING GA V SING MF BALMO FUT","GMB","02/02/2026","03/31/2026","70000","USD","25.000%"
"NYM","REFINED PRODUCTS","SING GAS (PLTS) V SING MAR FUE FUT","GMS","01/2026","01/2026","19516","USD","7.000%"
"NYM","REFINED PRODUCTS","SING GAS (PLTS) V SING MAR FUE FUT","GMS","02/2026","02/2026","45000","USD","2.500%"
"NYM","REFINED PRODUCTS","SING GAS (PLTS) V SING MAR FUE FUT","GMS","03/2026","12/2029","42500","USD","2.500%"
"NYM","REFINED PRODUCTS","GAS EUROBOB NON OXY (ARGUS) BALMO","GNB","01/02/2026","01/30/2026","44676","USD","25.000%"
"NYM","REFINED PRODUCTS","GAS EUROBOB NON OXY (ARGUS) BALMO","GNB","02/02/2026","03/31/2026","60000","USD","25.000%"
"NYM","REFINED PRODUCTS","EUR DIESEL10PPM BRGS FOB ARA(P)FUT","GT","01/2026","01/2026","16774","USD","0.05"
"NYM","REFINED PRODUCTS","EUR DIESEL10PPM BRGS FOB ARA(P)FUT","GT","02/2026","12/2028","52000","USD","0.05"
"NYM","REFINED PRODUCTS","GASOIL 1 MONTH CALENDAR SYNTHETIC","GUS","02/2026","02/2026","3200","USD","10.000%"
"NYM","REFINED PRODUCTS","GASOIL 1 MONTH CALENDAR SYNTHETIC","GUS","03/2026","03/2026","2500","USD","10.000%"
"NYM","REFINED PRODUCTS","GASOIL 1 MONTH CALENDAR SYNTHETIC","GUS","04/2026","06/2026","2890","USD","10.000%"
"NYM","REFINED PRODUCTS","GASOIL 1 MONTH CALENDAR SYNTHETIC","GUS","07/2026","07/2026","2150","USD","10.000%"
"NYM","REFINED PRODUCTS","GASOIL 1 MONTH CALENDAR SYNTHETIC","GUS","08/2026","11/2026","1400","USD","10.000%"
"NYM","REFINED PRODUCTS","GASOIL 1 MONTH CALENDAR SYNTHETIC","GUS","12/2026","12/2026","1000","USD","10.000%"
"NYM","REFINED PRODUCTS","GASOIL 1 MONTH CALENDAR SYNTHETIC","GUS","01/2027","01/2030","270","USD","10.000%"
"NYM","REFINED PRODUCTS","GASOIL 6 MONTH CALENDAR SYN","GVS","02/2026","02/2026","2400","USD","10.000%"
"NYM","REFINED PRODUCTS","GASOIL 6 MONTH CALENDAR SYN","GVS","03/2026","03/2026","2600","USD","10.000%"
"NYM","REFINED PRODUCTS","GASOIL 6 MONTH CALENDAR SYN","GVS","04/2026","06/2026","2150","USD","10.000%"
"NYM","REFINED PRODUCTS","GASOIL 6 MONTH CALENDAR SYN","GVS","07/2026","07/2026","1500","USD","10.000%"
"NYM","REFINED PRODUCTS","GASOIL 6 MONTH CALENDAR SYN","GVS","08/2026","12/2026","1000","USD","10.000%"
"NYM","REFINED PRODUCTS","GASOIL 6 MONTH CALENDAR SYN","GVS","01/2027","12/2028","270","USD","10.000%"
"NYM","REFINED PRODUCTS","GASOIL 2 MONTH CALENDAR SYN","GWS","02/2026","02/2026","2800","USD","10.000%"
"NYM","REFINED PRODUCTS","GASOIL 2 MONTH CALENDAR SYN","GWS","03/2026","03/2026","2500","USD","10.000%"
"NYM","REFINED PRODUCTS","GASOIL 2 MONTH CALENDAR SYN","GWS","04/2026","05/2026","2890","USD","10.000%"
"NYM","REFINED PRODUCTS","GASOIL 2 MONTH CALENDAR SYN","GWS","06/2026","07/2026","2150","USD","10.000%"
"NYM","REFINED PRODUCTS","GASOIL 2 MONTH CALENDAR SYN","GWS","08/2026","10/2026","1400","USD","10.000%"
"NYM","REFINED PRODUCTS","GASOIL 2 MONTH CALENDAR SYN","GWS","11/2026","12/2026","1000","USD","10.000%"
"NYM","REFINED PRODUCTS","GASOIL 2 MONTH CALENDAR SYN","GWS","01/2027","01/2027","270","USD","10.000%"
"NYM","REFINED PRODUCTS","GASOIL CALENDAR FUT","GX","01/2026","01/2026","12500","USD","0.25"
"NYM","REFINED PRODUCTS","GASOIL CALENDAR FUT","GX","02/2026","02/2026","49421","USD","25.000%"
"NYM","REFINED PRODUCTS","GASOIL CALENDAR FUT","GX","03/2026","03/2026","47728","USD","25.000%"
"NYM","REFINED PRODUCTS","GASOIL CALENDAR FUT","GX","04/2026","06/2026","47000","USD","25.000%"
"NYM","REFINED PRODUCTS","GASOIL CALENDAR FUT","GX","07/2026","07/2026","42638","USD","25.000%"
"NYM","REFINED PRODUCTS","GASOIL CALENDAR FUT","GX","08/2026","11/2026","41000","USD","25.000%"
"NYM","REFINED PRODUCTS","GASOIL CALENDAR FUT","GX","12/2026","12/2026","36908","USD","25.000%"
"NYM","REFINED PRODUCTS","GASOIL CALENDAR FUT","GX","01/2027","12/2032","35000","USD","25.000%"
"NYM","REFINED PRODUCTS","GASOIL 3 MONTH CALENDAR SYN","GYS","02/2026","02/2026","2800","USD","10.000%"
"NYM","REFINED PRODUCTS","GASOIL 3 MONTH CALENDAR SYN","GYS","03/2026","03/2026","2500","USD","10.000%"
"NYM","REFINED PRODUCTS","GASOIL 3 MONTH CALENDAR SYN","GYS","04/2026","04/2026","2890","USD","10.000%"
"NYM","REFINED PRODUCTS","GASOIL 3 MONTH CALENDAR SYN","GYS","05/2026","07/2026","2150","USD","10.000%"
"NYM","REFINED PRODUCTS","GASOIL 3 MONTH CALENDAR SYN","GYS","08/2026","09/2026","1400","USD","10.000%"
"NYM","REFINED PRODUCTS","GASOIL 3 MONTH CALENDAR SYN","GYS","10/2026","12/2026","1000","USD","10.000%"
"NYM","REFINED PRODUCTS","GASOIL 3 MONTH CALENDAR SYN","GYS","01/2027","01/2027","270","USD","10.000%"
"NYM","REFINED PRODUCTS","USGC MARINE FUEL 0.5% (PLATTS) BALM","H5B","01/02/2026","01/23/2026","4169","USD","25.000%"
"NYM","REFINED PRODUCTS","USGC MARINE FUEL 0.5% (PLATTS) BALM","H5B","02/02/2026","03/24/2026","7000","USD","25.000%"
"NYM","REFINED PRODUCTS","USGC MARINE FUEL 0.5% (PLATTS) FUT","H5F","01/2026","01/2026","2129","USD","7.000%"
"NYM","REFINED PRODUCTS","USGC MARINE FUEL 0.5% (PLATTS) FUT","H5F","02/2026","02/2026","5500","USD","2.500%"
"NYM","REFINED PRODUCTS","USGC MARINE FUEL 0.5% (PLATTS) FUT","H5F","03/2026","12/2029","5250","USD","2.500%"
"NYM","REFINED PRODUCTS","USGC MARINE FUEL 0.5% (PLATTS) VS.","H5G","01/2026","01/2026","1029","USD","7.000%"
"NYM","REFINED PRODUCTS","USGC MARINE FUEL 0.5% (PLATTS) VS.","H5G","02/2026","02/2026","2800","USD","2.500%"
"NYM","REFINED PRODUCTS","USGC MARINE FUEL 0.5% (PLATTS) VS.","H5G","03/2026","12/2029","2500","USD","2.500%"
"NYM","REFINED PRODUCTS","HEATING OIL CRK SPD  SYN FUT NYMEX","HC","01/2026","01/2030","600","USD","25.000%"
"NYM","REFINED PRODUCTS","USGC MARINE FUEL 0.5% (PLATTS) VS.","HGB","01/02/2026","01/23/2026","1935","USD","25.000%"
"NYM","REFINED PRODUCTS","USGC MARINE FUEL 0.5% (PLATTS) VS.","HGB","02/02/2026","03/24/2026","3250","USD","25.000%"
"NYM","REFINED PRODUCTS","HVO FOB VS LSG FUT","HVG","01/2026","01/2026","2483","USD","25.000%"
"NYM","REFINED PRODUCTS","HVO FOB VS LSG FUT","HVG","02/2026","02/2026","6700","USD","25.000%"
"NYM","REFINED PRODUCTS","HVO FOB VS LSG FUT","HVG","03/2026","12/2029","6300","USD","25.000%"
"NYM","REFINED PRODUCTS","HVO FOB ARA RANGE FUT","HVO","01/2026","01/2026","8500","USD","25.000%"
"NYM","REFINED PRODUCTS","HVO FOB ARA RANGE FUT","HVO","02/2026","02/2026","8300","USD","25.000%"
"NYM","REFINED PRODUCTS","HVO FOB ARA RANGE FUT","HVO","03/2026","12/2029","8000","USD","25.000%"
"NYM","REFINED PRODUCTS","JAPAN C&F NAPHTHA FUT","JA","01/2026","01/2026","9375","USD","0.05"
"NYM","REFINED PRODUCTS","JAPAN C&F NAPHTHA FUT","JA","02/2026","06/2026","37000","USD","0.05"
"NYM","REFINED PRODUCTS","JAPAN C&F NAPHTHA FUT","JA","07/2026","12/2028","36000","USD","0.05"
"NYM","REFINED PRODUCTS","EIA FLAT TAX US RETAIL GASOLINE FUT","JE","01/2026","01/2026","2661","USD","0.025"
"NYM","REFINED PRODUCTS","EIA FLAT TAX US RETAIL GASOLINE FUT","JE","02/2026","07/2026","6500","USD","0.025"
"NYM","REFINED PRODUCTS","EIA FLAT TAX US RETAIL GASOLINE FUT","JE","08/2026","12/2028","5500","USD","0.025"
"NYM","REFINED PRODUCTS","EURO 3.5% FUEL OIL RDAM BALMO","KR","01/01/2026","01/02/2026","7857","USD","0.025"
"NYM","REFINED PRODUCTS","EURO 3.5% FUEL OIL RDAM BALMO","KR","01/05/2026","01/05/2026","8250","USD","0.025"
"NYM","REFINED PRODUCTS","EURO 3.5% FUEL OIL RDAM BALMO","KR","01/06/2026","01/06/2026","8685","USD","0.025"
"NYM","REFINED PRODUCTS","EURO 3.5% FUEL OIL RDAM BALMO","KR","01/07/2026","01/07/2026","9167","USD","0.025"
"NYM","REFINED PRODUCTS","EURO 3.5% FUEL OIL RDAM BALMO","KR","01/08/2026","01/08/2026","9702","USD","0.025"
"NYM","REFINED PRODUCTS","EURO 3.5% FUEL OIL RDAM BALMO","KR","01/09/2026","01/09/2026","10312","USD","0.025"
"NYM","REFINED PRODUCTS","EURO 3.5% FUEL OIL RDAM BALMO","KR","01/12/2026","01/12/2026","10998","USD","0.025"
"NYM","REFINED PRODUCTS","EURO 3.5% FUEL OIL RDAM BALMO","KR","01/13/2026","01/13/2026","11784","USD","0.025"
"NYM","REFINED PRODUCTS","EURO 3.5% FUEL OIL RDAM BALMO","KR","01/14/2026","01/14/2026","12691","USD","0.025"
"NYM","REFINED PRODUCTS","EURO 3.5% FUEL OIL RDAM BALMO","KR","01/15/2026","01/15/2026","13751","USD","0.025"
"NYM","REFINED PRODUCTS","EURO 3.5% FUEL OIL RDAM BALMO","KR","01/16/2026","01/16/2026","14998","USD","0.025"
"NYM","REFINED PRODUCTS","EURO 3.5% FUEL OIL RDAM BALMO","KR","01/19/2026","01/19/2026","16500","USD","0.025"
"NYM","REFINED PRODUCTS","EURO 3.5% FUEL OIL RDAM BALMO","KR","01/20/2026","01/20/2026","18334","USD","0.025"
"NYM","REFINED PRODUCTS","EURO 3.5% FUEL OIL RDAM BALMO","KR","01/21/2026","01/21/2026","20625","USD","0.025"
"NYM","REFINED PRODUCTS","EURO 3.5% FUEL OIL RDAM BALMO","KR","01/22/2026","01/22/2026","23571","USD","0.025"
"NYM","REFINED PRODUCTS","EURO 3.5% FUEL OIL RDAM BALMO","KR","01/23/2026","01/23/2026","27498","USD","0.025"
"NYM","REFINED PRODUCTS","EURO 3.5% FUEL OIL RDAM BALMO","KR","01/26/2026","01/30/2026","33000","USD","0.025"
"NYM","REFINED PRODUCTS","EURO 3.5% FUEL OIL RDAM BALMO","KR","02/02/2026","02/27/2026","32000","USD","0.025"
"NYM","REFINED PRODUCTS","EURO 3.5% FUEL OIL RDAM BALMO","KR","03/02/2026","03/31/2026","30000","USD","0.025"
"NYM","REFINED PRODUCTS","SINGAPORE JET KEROSENE FUT","KS","01/2026","01/2026","2838","USD","0.08"
"NYM","REFINED PRODUCTS","SINGAPORE JET KEROSENE FUT","KS","02/2026","06/2026","7750","USD","0.025"
"NYM","REFINED PRODUCTS","SINGAPORE JET KEROSENE FUT","KS","07/2026","12/2028","7000","USD","0.03"
"NYM","REFINED PRODUCTS","SINGAPORE NAPHTHA BALMO","KU","01/02/2026","01/30/2026","4765","USD","0.025"
"NYM","REFINED PRODUCTS","SINGAPORE NAPHTHA BALMO","KU","02/02/2026","03/31/2026","6000","USD","0.025"
"NYM","REFINED PRODUCTS","EURO 1% FUEL OIL NEW BALMO","KX","01/01/2026","01/30/2026","29784","USD","0.025"
"NYM","REFINED PRODUCTS","EURO 1% FUEL OIL NEW BALMO","KX","02/02/2026","03/31/2026","40000","USD","0.025"
"NYM","REFINED PRODUCTS","EUROPEAN NAPHTHA BALMO","KZ","01/01/2026","01/02/2026","8452","USD","0.08"
"NYM","REFINED PRODUCTS","EUROPEAN NAPHTHA BALMO","KZ","01/05/2026","01/05/2026","8875","USD","0.08"
"NYM","REFINED PRODUCTS","EUROPEAN NAPHTHA BALMO","KZ","01/06/2026","01/06/2026","9343","USD","0.08"
"NYM","REFINED PRODUCTS","EUROPEAN NAPHTHA BALMO","KZ","01/07/2026","01/07/2026","9861","USD","0.08"
"NYM","REFINED PRODUCTS","EUROPEAN NAPHTHA BALMO","KZ","01/08/2026","01/08/2026","10437","USD","0.08"
"NYM","REFINED PRODUCTS","EUROPEAN NAPHTHA BALMO","KZ","01/09/2026","01/09/2026","11093","USD","0.08"
"NYM","REFINED PRODUCTS","EUROPEAN NAPHTHA BALMO","KZ","01/12/2026","01/12/2026","11832","USD","0.08"
"NYM","REFINED PRODUCTS","EUROPEAN NAPHTHA BALMO","KZ","01/13/2026","01/13/2026","12677","USD","0.08"
"NYM","REFINED PRODUCTS","EUROPEAN NAPHTHA BALMO","KZ","01/14/2026","01/14/2026","13653","USD","0.08"
"NYM","REFINED PRODUCTS","EUROPEAN NAPHTHA BALMO","KZ","01/15/2026","01/15/2026","14792","USD","0.08"
"NYM","REFINED PRODUCTS","EUROPEAN NAPHTHA BALMO","KZ","01/16/2026","01/16/2026","16134","USD","0.08"
"NYM","REFINED PRODUCTS","EUROPEAN NAPHTHA BALMO","KZ","01/19/2026","01/19/2026","17750","USD","0.08"
"NYM","REFINED PRODUCTS","EUROPEAN NAPHTHA BALMO","KZ","01/20/2026","01/20/2026","19723","USD","0.08"
"NYM","REFINED PRODUCTS","EUROPEAN NAPHTHA BALMO","KZ","01/21/2026","01/21/2026","22187","USD","0.08"
"NYM","REFINED PRODUCTS","EUROPEAN NAPHTHA BALMO","KZ","01/22/2026","01/22/2026","25357","USD","0.08"
"NYM","REFINED PRODUCTS","EUROPEAN NAPHTHA BALMO","KZ","01/23/2026","01/23/2026","29582","USD","0.08"
"NYM","REFINED PRODUCTS","EUROPEAN NAPHTHA BALMO","KZ","01/26/2026","01/30/2026","35500","USD","0.08"
"NYM","REFINED PRODUCTS","EUROPEAN NAPHTHA BALMO","KZ","02/02/2026","03/31/2026","35000","USD","0.08"
"NYM","REFINED PRODUCTS","LL JET (OPIS) FUT","LL","01/2026","12/2028","8250","USD","0.05"
"NYM","REFINED PRODUCTS","GULF COAST ULSD CALENDAR FUT","LY","01/2026","01/2026","1575","USD","7.000%"
"NYM","REFINED PRODUCTS","GULF COAST ULSD CALENDAR FUT","LY","02/2026","02/2026","6300","USD","5.000%"
"NYM","REFINED PRODUCTS","GULF COAST ULSD CALENDAR FUT","LY","03/2026","03/2026","6000","USD","5.000%"
"NYM","REFINED PRODUCTS","GULF COAST ULSD CALENDAR FUT","LY","04/2026","04/2026","5800","USD","5.000%"
"NYM","REFINED PRODUCTS","GULF COAST ULSD CALENDAR FUT","LY","05/2026","05/2026","5600","USD","5.000%"
"NYM","REFINED PRODUCTS","GULF COAST ULSD CALENDAR FUT","LY","06/2026","06/2026","5500","USD","5.000%"
"NYM","REFINED PRODUCTS","GULF COAST ULSD CALENDAR FUT","LY","07/2026","07/2026","5100","USD","5.000%"
"NYM","REFINED PRODUCTS","GULF COAST ULSD CALENDAR FUT","LY","08/2026","08/2026","4800","USD","5.000%"
"NYM","REFINED PRODUCTS","GULF COAST ULSD CALENDAR FUT","LY","09/2026","10/2026","4600","USD","5.000%"
"NYM","REFINED PRODUCTS","GULF COAST ULSD CALENDAR FUT","LY","11/2026","12/2026","4400","USD","5.000%"
"NYM","REFINED PRODUCTS","GULF COAST ULSD CALENDAR FUT","LY","01/2027","02/2027","4300","USD","5.000%"
"NYM","REFINED PRODUCTS","GULF COAST ULSD CALENDAR FUT","LY","03/2027","04/2027","4100","USD","5.000%"
"NYM","REFINED PRODUCTS","GULF COAST ULSD CALENDAR FUT","LY","05/2027","07/2027","3800","USD","5.000%"
"NYM","REFINED PRODUCTS","GULF COAST ULSD CALENDAR FUT","LY","08/2027","12/2029","3600","USD","5.000%"
"NYM","REFINED PRODUCTS","MICRO GASOIL 0.1% BARGES FOB ARA (P","M1B","01/2026","01/2026","600","USD","0.05"
"NYM","REFINED PRODUCTS","MICRO GASOIL 0.1% BARGES FOB ARA (P","M1B","02/2026","02/2026","550","USD","0.05"
"NYM","REFINED PRODUCTS","MICRO GASOIL 0.1% BARGES FOB ARA (P","M1B","03/2026","12/2028","500","USD","0.05"
"NYM","REFINED PRODUCTS","MICRO EURO 3.5% FO CAR MED PLATTS","M35","01/2026","01/2026","120","USD","0.08"
"NYM","REFINED PRODUCTS","MICRO EURO 3.5% FO CAR MED PLATTS","M35","02/2026","12/2028","340","USD","0.08"
"NYM","REFINED PRODUCTS","MICRO SINGAPORE FUEL OIL 380CST (PL","MAF","01/2026","01/2026","8500","USD","0.07"
"NYM","REFINED PRODUCTS","MICRO SINGAPORE FUEL OIL 380CST (PL","MAF","02/2026","02/2026","33500","USD","0.025"
"NYM","REFINED PRODUCTS","MICRO SINGAPORE FUEL OIL 380CST (PL","MAF","03/2026","03/2026","32000","USD","0.025"
"NYM","REFINED PRODUCTS","MICRO SINGAPORE FUEL OIL 380CST (PL","MAF","04/2026","11/2031","31000","USD","0.025"
"NYM","REFINED PRODUCTS","MICRO SINGAPORE FUEL OIL 380CST (PL","MAF","12/2031","12/2031","310","USD","0.025"
"NYM","REFINED PRODUCTS","MINI GAS EUROBOB NON-OXY NWE BALMO","MBO","01/01/2026","01/30/2026","4467","USD","25.000%"
"NYM","REFINED PRODUCTS","MINI GAS EUROBOB NON-OXY NWE BALMO","MBO","02/02/2026","03/31/2026","6000","USD","25.000%"
"NYM","REFINED PRODUCTS","MID EAST GASOIL ARAB GULF BALMO","MBS","01/02/2026","01/30/2026","5956","USD","20.000%"
"NYM","REFINED PRODUCTS","MID EAST GASOIL ARAB GULF BALMO","MBS","02/02/2026","03/31/2026","10000","USD","20.000%"
"NYM","REFINED PRODUCTS","MINI GAS EUROBOB OXY NWE ARGS BALMO","MEB","01/01/2026","01/02/2026","12381","USD","0.08"
"NYM","REFINED PRODUCTS","MINI GAS EUROBOB OXY NWE ARGS BALMO","MEB","01/05/2026","01/05/2026","13000","USD","0.08"
"NYM","REFINED PRODUCTS","MINI GAS EUROBOB OXY NWE ARGS BALMO","MEB","01/06/2026","01/06/2026","13686","USD","0.08"
"NYM","REFINED PRODUCTS","MINI GAS EUROBOB OXY NWE ARGS BALMO","MEB","01/07/2026","01/07/2026","14445","USD","0.08"
"NYM","REFINED PRODUCTS","MINI GAS EUROBOB OXY NWE ARGS BALMO","MEB","01/08/2026","01/08/2026","15288","USD","0.08"
"NYM","REFINED PRODUCTS","MINI GAS EUROBOB OXY NWE ARGS BALMO","MEB","01/09/2026","01/09/2026","16250","USD","0.08"
"NYM","REFINED PRODUCTS","MINI GAS EUROBOB OXY NWE ARGS BALMO","MEB","01/12/2026","01/12/2026","17331","USD","0.08"
"NYM","REFINED PRODUCTS","MINI GAS EUROBOB OXY NWE ARGS BALMO","MEB","01/13/2026","01/13/2026","18569","USD","0.08"
"NYM","REFINED PRODUCTS","MINI GAS EUROBOB OXY NWE ARGS BALMO","MEB","01/14/2026","01/14/2026","19999","USD","0.08"
"NYM","REFINED PRODUCTS","MINI GAS EUROBOB OXY NWE ARGS BALMO","MEB","01/15/2026","01/15/2026","21668","USD","0.08"
"NYM","REFINED PRODUCTS","MINI GAS EUROBOB OXY NWE ARGS BALMO","MEB","01/16/2026","01/16/2026","23634","USD","0.08"
"NYM","REFINED PRODUCTS","MINI GAS EUROBOB OXY NWE ARGS BALMO","MEB","01/19/2026","01/19/2026","26000","USD","0.08"
"NYM","REFINED PRODUCTS","MINI GAS EUROBOB OXY NWE ARGS BALMO","MEB","01/20/2026","01/20/2026","28891","USD","0.08"
"NYM","REFINED PRODUCTS","MINI GAS EUROBOB OXY NWE ARGS BALMO","MEB","01/21/2026","01/21/2026","32500","USD","0.08"
"NYM","REFINED PRODUCTS","MINI GAS EUROBOB OXY NWE ARGS BALMO","MEB","01/22/2026","01/22/2026","37143","USD","0.08"
"NYM","REFINED PRODUCTS","MINI GAS EUROBOB OXY NWE ARGS BALMO","MEB","01/23/2026","01/23/2026","43331","USD","0.08"
"NYM","REFINED PRODUCTS","MINI GAS EUROBOB OXY NWE ARGS BALMO","MEB","01/26/2026","01/30/2026","52000","USD","0.08"
"NYM","REFINED PRODUCTS","MINI GAS EUROBOB OXY NWE ARGS BALMO","MEB","02/02/2026","03/31/2026","50000","USD","0.08"
"NYM","REFINED PRODUCTS","MICRO EUROPEAN 3.5% FUEL OIL BARGES","MEF","01/2026","01/2026","8250","USD","0.065"
"NYM","REFINED PRODUCTS","MICRO EUROPEAN 3.5% FUEL OIL BARGES","MEF","02/2026","02/2026","32000","USD","0.045"
"NYM","REFINED PRODUCTS","MICRO EUROPEAN 3.5% FUEL OIL BARGES","MEF","03/2026","10/2026","30000","USD","0.045"
"NYM","REFINED PRODUCTS","MICRO EUROPEAN 3.5% FUEL OIL BARGES","MEF","11/2026","12/2031","27000","USD","0.025"
"NYM","REFINED PRODUCTS","MINI EURO NAPHTHA BALMO FUT","MEN","01/01/2026","01/02/2026","8452","USD","0.08"
"NYM","REFINED PRODUCTS","MINI EURO NAPHTHA BALMO FUT","MEN","01/05/2026","01/05/2026","8875","USD","0.08"
"NYM","REFINED PRODUCTS","MINI EURO NAPHTHA BALMO FUT","MEN","01/06/2026","01/06/2026","9343","USD","0.08"
"NYM","REFINED PRODUCTS","MINI EURO NAPHTHA BALMO FUT","MEN","01/07/2026","01/07/2026","9861","USD","0.08"
"NYM","REFINED PRODUCTS","MINI EURO NAPHTHA BALMO FUT","MEN","01/08/2026","01/08/2026","10437","USD","0.08"
"NYM","REFINED PRODUCTS","MINI EURO NAPHTHA BALMO FUT","MEN","01/09/2026","01/09/2026","11093","USD","0.08"
"NYM","REFINED PRODUCTS","MINI EURO NAPHTHA BALMO FUT","MEN","01/12/2026","01/12/2026","11832","USD","0.08"
"NYM","REFINED PRODUCTS","MINI EURO NAPHTHA BALMO FUT","MEN","01/13/2026","01/13/2026","12677","USD","0.08"
"NYM","REFINED PRODUCTS","MINI EURO NAPHTHA BALMO FUT","MEN","01/14/2026","01/14/2026","13653","USD","0.08"
"NYM","REFINED PRODUCTS","MINI EURO NAPHTHA BALMO FUT","MEN","01/15/2026","01/15/2026","14792","USD","0.08"
"NYM","REFINED PRODUCTS","MINI EURO NAPHTHA BALMO FUT","MEN","01/16/2026","01/16/2026","16134","USD","0.08"
"NYM","REFINED PRODUCTS","MINI EURO NAPHTHA BALMO FUT","MEN","01/19/2026","01/19/2026","17750","USD","0.08"
"NYM","REFINED PRODUCTS","MINI EURO NAPHTHA BALMO FUT","MEN","01/20/2026","01/20/2026","19723","USD","0.08"
"NYM","REFINED PRODUCTS","MINI EURO NAPHTHA BALMO FUT","MEN","01/21/2026","01/21/2026","22187","USD","0.08"
"NYM","REFINED PRODUCTS","MINI EURO NAPHTHA BALMO FUT","MEN","01/22/2026","01/22/2026","25357","USD","0.08"
"NYM","REFINED PRODUCTS","MINI EURO NAPHTHA BALMO FUT","MEN","01/23/2026","01/23/2026","29582","USD","0.08"
"NYM","REFINED PRODUCTS","MINI EURO NAPHTHA BALMO FUT","MEN","01/26/2026","01/30/2026","35500","USD","0.08"
"NYM","REFINED PRODUCTS","MINI EURO NAPHTHA BALMO FUT","MEN","02/02/2026","03/31/2026","35000","USD","0.08"
"NYM","REFINED PRODUCTS","GULF COAST HSFO (PLATTS) FUTURES","MF","01/2026","01/2026","1437","USD","0.08"
"NYM","REFINED PRODUCTS","GULF COAST HSFO (PLATTS) FUTURES","MF","02/2026","06/2026","5500","USD","0.06"
"NYM","REFINED PRODUCTS","GULF COAST HSFO (PLATTS) FUTURES","MF","07/2026","12/2027","5200","USD","0.04"
"NYM","REFINED PRODUCTS","GULF COAST HSFO (PLATTS) FUTURES","MF","01/2028","04/2030","4400","USD","0.04"
"NYM","REFINED PRODUCTS","MINI 1% FUEL OIL CAR MED FUT","MFD","01/2026","01/2026","1100","USD","0.08"
"NYM","REFINED PRODUCTS","MINI 1% FUEL OIL CAR MED FUT","MFD","02/2026","12/2028","3100","USD","0.08"
"NYM","REFINED PRODUCTS","MIN 1% FUEL OIL CIF CARGOES FUTURES","MFP","01/2026","01/2026","1135","USD","0.025"
"NYM","REFINED PRODUCTS","MIN 1% FUEL OIL CIF CARGOES FUTURES","MFP","02/2026","12/2028","3200","USD","0.025"
"NYM","REFINED PRODUCTS","MINI MID EAST HSFO 180 ARAB BALMO","MGS","01/02/2026","01/30/2026","2382","USD","20.000%"
"NYM","REFINED PRODUCTS","MINI MID EAST HSFO 180 ARAB BALMO","MGS","02/02/2026","03/31/2026","4000","USD","20.000%"
"NYM","REFINED PRODUCTS","LOS ANGELES CARB GASOLINE FUT","MH","01/2026","01/2026","2732","USD","0.025"
"NYM","REFINED PRODUCTS","LOS ANGELES CARB GASOLINE FUT","MH","02/2026","12/2028","7700","USD","0.025"
"NYM","REFINED PRODUCTS","MINI MID EAST HSFO 180 ARAB GULF","MHE","01/2026","01/2026","674","USD","20.000%"
"NYM","REFINED PRODUCTS","MINI MID EAST HSFO 180 ARAB GULF","MHE","02/2026","12/2026","1900","USD","20.000%"
"NYM","REFINED PRODUCTS","MIN JAPAN C&F NAPHTHA PLATTS FUT","MJN","01/2026","01/2026","9375","USD","0.05"
"NYM","REFINED PRODUCTS","MIN JAPAN C&F NAPHTHA PLATTS FUT","MJN","02/2026","06/2026","37000","USD","0.05"
"NYM","REFINED PRODUCTS","MIN JAPAN C&F NAPHTHA PLATTS FUT","MJN","07/2026","12/2028","36000","USD","0.05"
"NYM","REFINED PRODUCTS","NY HARBOR RESIDUAL FUEL 1.0% S FUT","MM","01/2026","01/2026","2129","USD","0.025"
"NYM","REFINED PRODUCTS","NY HARBOR RESIDUAL FUEL 1.0% S FUT","MM","02/2026","06/2026","5800","USD","0.025"
"NYM","REFINED PRODUCTS","NY HARBOR RESIDUAL FUEL 1.0% S FUT","MM","07/2026","04/2030","5500","USD","0.025"
"NYM","REFINED PRODUCTS","MINI 3.5% FUEL OIL CAR MED FUT","MMF","01/2026","01/2026","1206","USD","0.08"
"NYM","REFINED PRODUCTS","MINI 3.5% FUEL OIL CAR MED FUT","MMF","02/2026","12/2028","3400","USD","0.08"
"NYM","REFINED PRODUCTS","MIN EURO NPHTHA CIF NWE FUT","MNC","01/2026","01/2026","8875","USD","0.05"
"NYM","REFINED PRODUCTS","MIN EURO NPHTHA CIF NWE FUT","MNC","02/2026","06/2026","35000","USD","0.05"
"NYM","REFINED PRODUCTS","MIN EURO NPHTHA CIF NWE FUT","MNC","07/2026","12/2028","34000","USD","0.05"
"NYM","REFINED PRODUCTS","MIDDLE EAST GASOIL ARAB GULF","MPE","01/2026","01/2026","3370","USD","20.000%"
"NYM","REFINED PRODUCTS","MIDDLE EAST GASOIL ARAB GULF","MPE","02/2026","06/2026","9250","USD","20.000%"
"NYM","REFINED PRODUCTS","MIDDLE EAST GASOIL ARAB GULF","MPE","07/2026","12/2026","7000","USD","20.000%"
"NYM","REFINED PRODUCTS","LOW SULPHUR GASOIL (10 MT) FIN FUT","MQA","01/2026","01/2026","12500","USD","0.25"
"NYM","REFINED PRODUCTS","LOW SULPHUR GASOIL (10 MT) FIN FUT","MQA","02/2026","02/2026","49421","USD","25.000%"
"NYM","REFINED PRODUCTS","LOW SULPHUR GASOIL (10 MT) FIN FUT","MQA","03/2026","03/2026","47728","USD","25.000%"
"NYM","REFINED PRODUCTS","LOW SULPHUR GASOIL (10 MT) FIN FUT","MQA","04/2026","06/2026","47000","USD","25.000%"
"NYM","REFINED PRODUCTS","LOW SULPHUR GASOIL (10 MT) FIN FUT","MQA","07/2026","07/2026","42638","USD","25.000%"
"NYM","REFINED PRODUCTS","LOW SULPHUR GASOIL (10 MT) FIN FUT","MQA","08/2026","11/2026","41000","USD","25.000%"
"NYM","REFINED PRODUCTS","LOW SULPHUR GASOIL (10 MT) FIN FUT","MQA","12/2026","12/2026","36908","USD","25.000%"
"NYM","REFINED PRODUCTS","LOW SULPHUR GASOIL (10 MT) FIN FUT","MQA","01/2027","12/2032","35000","USD","25.000%"
"NYM","REFINED PRODUCTS","SG VISCOSITY SPREAD BALMO","MSD","01/01/2026","01/30/2026","3574","USD","0.05"
"NYM","REFINED PRODUCTS","SG VISCOSITY SPREAD BALMO","MSD","02/02/2026","03/31/2026","6000","USD","0.05"
"NYM","REFINED PRODUCTS","MINI SINGAPORE GASOIL PLATS FUTURES","MSG","01/2026","01/2026","212","USD","0.08"
"NYM","REFINED PRODUCTS","MINI SINGAPORE GASOIL PLATS FUTURES","MSG","02/2026","06/2026","575","USD","0.025"
"NYM","REFINED PRODUCTS","MINI SINGAPORE GASOIL PLATS FUTURES","MSG","07/2026","12/2027","500","USD","0.03"
"NYM","REFINED PRODUCTS","MIN SPORE FUELOIL380CST(PLTS) BALMO","MTB","01/01/2026","01/02/2026","8095","USD","0.025"
"NYM","REFINED PRODUCTS","MIN SPORE FUELOIL380CST(PLTS) BALMO","MTB","01/05/2026","01/05/2026","8500","USD","0.025"
"NYM","REFINED PRODUCTS","MIN SPORE FUELOIL380CST(PLTS) BALMO","MTB","01/06/2026","01/06/2026","8948","USD","0.025"
"NYM","REFINED PRODUCTS","MIN SPORE FUELOIL380CST(PLTS) BALMO","MTB","01/07/2026","01/07/2026","9445","USD","0.025"
"NYM","REFINED PRODUCTS","MIN SPORE FUELOIL380CST(PLTS) BALMO","MTB","01/08/2026","01/08/2026","9996","USD","0.025"
"NYM","REFINED PRODUCTS","MIN SPORE FUELOIL380CST(PLTS) BALMO","MTB","01/09/2026","01/09/2026","10625","USD","0.025"
"NYM","REFINED PRODUCTS","MIN SPORE FUELOIL380CST(PLTS) BALMO","MTB","01/12/2026","01/12/2026","11332","USD","0.025"
"NYM","REFINED PRODUCTS","MIN SPORE FUELOIL380CST(PLTS) BALMO","MTB","01/13/2026","01/13/2026","12141","USD","0.025"
"NYM","REFINED PRODUCTS","MIN SPORE FUELOIL380CST(PLTS) BALMO","MTB","01/14/2026","01/14/2026","13076","USD","0.025"
"NYM","REFINED PRODUCTS","MIN SPORE FUELOIL380CST(PLTS) BALMO","MTB","01/15/2026","01/15/2026","14167","USD","0.025"
"NYM","REFINED PRODUCTS","MIN SPORE FUELOIL380CST(PLTS) BALMO","MTB","01/16/2026","01/16/2026","15453","USD","0.025"
"NYM","REFINED PRODUCTS","MIN SPORE FUELOIL380CST(PLTS) BALMO","MTB","01/19/2026","01/19/2026","17000","USD","0.025"
"NYM","REFINED PRODUCTS","MIN SPORE FUELOIL380CST(PLTS) BALMO","MTB","01/20/2026","01/20/2026","18890","USD","0.025"
"NYM","REFINED PRODUCTS","MIN SPORE FUELOIL380CST(PLTS) BALMO","MTB","01/21/2026","01/21/2026","21250","USD","0.025"
"NYM","REFINED PRODUCTS","MIN SPORE FUELOIL380CST(PLTS) BALMO","MTB","01/22/2026","01/22/2026","24286","USD","0.025"
"NYM","REFINED PRODUCTS","MIN SPORE FUELOIL380CST(PLTS) BALMO","MTB","01/23/2026","01/23/2026","28332","USD","0.025"
"NYM","REFINED PRODUCTS","MIN SPORE FUELOIL380CST(PLTS) BALMO","MTB","01/26/2026","01/30/2026","34000","USD","0.025"
"NYM","REFINED PRODUCTS","MIN SPORE FUELOIL380CST(PLTS) BALMO","MTB","02/02/2026","02/27/2026","33500","USD","0.025"
"NYM","REFINED PRODUCTS","MIN SPORE FUELOIL380CST(PLTS) BALMO","MTB","03/02/2026","03/31/2026","32000","USD","0.025"
"NYM","REFINED PRODUCTS","MINI SINGAPORE 380CST FUEL OIL FUT","MTS","01/2026","01/2026","8500","USD","0.07"
"NYM","REFINED PRODUCTS","MINI SINGAPORE 380CST FUEL OIL FUT","MTS","02/2026","02/2026","33500","USD","0.025"
"NYM","REFINED PRODUCTS","MINI SINGAPORE 380CST FUEL OIL FUT","MTS","03/2026","03/2026","32000","USD","0.025"
"NYM","REFINED PRODUCTS","MINI SINGAPORE 380CST FUEL OIL FUT","MTS","04/2026","11/2031","31000","USD","0.025"
"NYM","REFINED PRODUCTS","MINI SINGAPORE 380CST FUEL OIL FUT","MTS","12/2031","12/2031","3100","USD","0.025"
"NYM","REFINED PRODUCTS","DALY EUROP NAPHTHA PLTS CIF NWE FUT","NCP","01/13/2026","02/27/2026","5000","USD","0.06"
"NYM","REFINED PRODUCTS","GASOIL MINI CALENDAR FUT","QA","01/2026","01/2026","12500","USD","0.25"
"NYM","REFINED PRODUCTS","GASOIL MINI CALENDAR FUT","QA","02/2026","02/2026","49421","USD","25.000%"
"NYM","REFINED PRODUCTS","GASOIL MINI CALENDAR FUT","QA","03/2026","03/2026","47728","USD","25.000%"
"NYM","REFINED PRODUCTS","GASOIL MINI CALENDAR FUT","QA","04/2026","06/2026","47000","USD","25.000%"
"NYM","REFINED PRODUCTS","GASOIL MINI CALENDAR FUT","QA","07/2026","07/2026","42638","USD","25.000%"
"NYM","REFINED PRODUCTS","GASOIL MINI CALENDAR FUT","QA","08/2026","11/2026","41000","USD","25.000%"
"NYM","REFINED PRODUCTS","GASOIL MINI CALENDAR FUT","QA","12/2026","12/2026","36908","USD","25.000%"
"NYM","REFINED PRODUCTS","GASOIL MINI CALENDAR FUT","QA","01/2027","12/2032","35000","USD","25.000%"
"NYM","REFINED PRODUCTS","EUR 0.5% VS. EUR 3.5%","R53","01/2026","01/2026","5854","USD","7.000%"
"NYM","REFINED PRODUCTS","EUR 0.5% VS. EUR 3.5%","R53","02/2026","02/2026","15000","USD","2.500%"
"NYM","REFINED PRODUCTS","EUR 0.5% VS. EUR 3.5%","R53","03/2026","12/2029","14500","USD","2.500%"
"NYM","REFINED PRODUCTS","EURO MARINE FUEL 0.5%  PLATTS BALMO","R5B","01/01/2026","01/23/2026","29784","USD","25.000%"
"NYM","REFINED PRODUCTS","EURO MARINE FUEL 0.5%  PLATTS BALMO","R5B","02/02/2026","03/24/2026","50000","USD","25.000%"
"NYM","REFINED PRODUCTS","EUROPEAN FOB RDAM MARINE FUEL 0.5%","R5E","01/01/2026","01/23/2026","14892","USD","25.000%"
"NYM","REFINED PRODUCTS","EUROPEAN FOB RDAM MARINE FUEL 0.5%","R5E","02/02/2026","03/24/2026","25000","USD","25.000%"
"NYM","REFINED PRODUCTS","EUROPEAN FOB RDAM MARINE FUEL 0.5%","R5F","01/2026","01/2026","13129","USD","7.000%"
"NYM","REFINED PRODUCTS","EUROPEAN FOB RDAM MARINE FUEL 0.5%","R5F","02/2026","02/2026","36500","USD","2.500%"
"NYM","REFINED PRODUCTS","EUROPEAN FOB RDAM MARINE FUEL 0.5%","R5F","03/2026","12/2029","36000","USD","2.500%"
"NYM","REFINED PRODUCTS","MINI EUROPEAN FOB RDAM MARINE FUEL","R5M","01/2026","01/2026","1312","USD","7.000%"
"NYM","REFINED PRODUCTS","MINI EUROPEAN FOB RDAM MARINE FUEL","R5M","02/2026","02/2026","3650","USD","2.500%"
"NYM","REFINED PRODUCTS","MINI EUROPEAN FOB RDAM MARINE FUEL","R5M","03/2026","12/2029","3600","USD","2.500%"
"NYM","REFINED PRODUCTS","MICRO EURO MARINE 0.5% FO BARGES","R5O","01/2026","01/2026","131","USD","7.000%"
"NYM","REFINED PRODUCTS","MICRO EURO MARINE 0.5% FO BARGES","R5O","02/2026","02/2026","365","USD","2.500%"
"NYM","REFINED PRODUCTS","MICRO EURO MARINE 0.5% FO BARGES","R5O","03/2026","12/2029","360","USD","2.500%"
"NYM","REFINED PRODUCTS","RME BIODIESEL ARGUS FOB RDA RED CLP","RBF","01/2026","12/2027","7800","USD","0.08"
"NYM","REFINED PRODUCTS","MINI EURO MARINE FUEL 0.5%  BALMO","RBM","01/01/2026","01/23/2026","2978","USD","25.000%"
"NYM","REFINED PRODUCTS","MINI EURO MARINE FUEL 0.5%  BALMO","RBM","02/02/2026","03/24/2026","5000","USD","25.000%"
"NYM","REFINED PRODUCTS","SINGAPORE FOB MARINE 0.5% (PLATTS)","S53","01/2026","01/2026","7806","USD","7.000%"
"NYM","REFINED PRODUCTS","SINGAPORE FOB MARINE 0.5% (PLATTS)","S53","02/2026","02/2026","19000","USD","2.500%"
"NYM","REFINED PRODUCTS","SINGAPORE FOB MARINE 0.5% (PLATTS)","S53","03/2026","12/2029","18000","USD","2.500%"
"NYM","REFINED PRODUCTS","SING MARINE FUEL 0.5%  PLATT BALMO","S5B","01/01/2026","01/23/2026","29784","USD","25.000%"
"NYM","REFINED PRODUCTS","SING MARINE FUEL 0.5%  PLATT BALMO","S5B","02/02/2026","03/24/2026","50000","USD","25.000%"
"NYM","REFINED PRODUCTS","SINGAPORE FOB MARINE FUEL 0.5% (PLA","S5F","01/2026","01/2026","12951","USD","7.000%"
"NYM","REFINED PRODUCTS","SINGAPORE FOB MARINE FUEL 0.5% (PLA","S5F","02/2026","02/2026","36000","USD","2.500%"
"NYM","REFINED PRODUCTS","SINGAPORE FOB MARINE FUEL 0.5% (PLA","S5F","03/2026","12/2029","34000","USD","2.500%"
"NYM","REFINED PRODUCTS","MINI SINGAPORE FOB MARINE FUEL 0.5%","S5M","01/2026","01/2026","1295","USD","7.000%"
"NYM","REFINED PRODUCTS","MINI SINGAPORE FOB MARINE FUEL 0.5%","S5M","02/2026","02/2026","3600","USD","2.500%"
"NYM","REFINED PRODUCTS","MINI SINGAPORE FOB MARINE FUEL 0.5%","S5M","03/2026","12/2029","3400","USD","2.500%"
"NYM","REFINED PRODUCTS","MICRO SINGAPORE FOB MARINE FUEL 0.5","S5O","01/2026","01/2026","129","USD","7.000%"
"NYM","REFINED PRODUCTS","MICRO SINGAPORE FOB MARINE FUEL 0.5","S5O","02/2026","02/2026","360","USD","2.500%"
"NYM","REFINED PRODUCTS","MICRO SINGAPORE FOB MARINE FUEL 0.5","S5O","03/2026","12/2029","340","USD","2.500%"
"NYM","REFINED PRODUCTS","MINI SINGAPORE FOB MAR FUEL 0.5% (P","SBM","01/01/2026","01/23/2026","2978","USD","25.000%"
"NYM","REFINED PRODUCTS","MINI SINGAPORE FOB MAR FUEL 0.5% (P","SBM","02/02/2026","03/24/2026","5000","USD","25.000%"
"NYM","REFINED PRODUCTS","SINGAPORE 380CST FUEL OIL FUT","SE","01/2026","01/2026","8500","USD","0.07"
"NYM","REFINED PRODUCTS","SINGAPORE 380CST FUEL OIL FUT","SE","02/2026","02/2026","33500","USD","0.025"
"NYM","REFINED PRODUCTS","SINGAPORE 380CST FUEL OIL FUT","SE","03/2026","03/2026","32000","USD","0.025"
"NYM","REFINED PRODUCTS","SINGAPORE 380CST FUEL OIL FUT","SE","04/2026","12/2031","31000","USD","0.025"
"NYM","REFINED PRODUCTS","SINGAPORE GASOIL FUT","SG","01/2026","01/2026","2129","USD","0.08"
"NYM","REFINED PRODUCTS","SINGAPORE GASOIL FUT","SG","02/2026","06/2026","5750","USD","0.025"
"NYM","REFINED PRODUCTS","SINGAPORE GASOIL FUT","SG","07/2026","12/2028","5000","USD","0.03"
"NYM","REFINED PRODUCTS","SYNTHET GULF COAST GASOLINE CLNDR F","SGS","01/2026","01/2026","1774","USD","0.05"
"NYM","REFINED PRODUCTS","SYNTHET GULF COAST GASOLINE CLNDR F","SGS","02/2026","02/2026","4500","USD","0.04"
"NYM","REFINED PRODUCTS","SYNTHET GULF COAST GASOLINE CLNDR F","SGS","03/2026","06/2029","4100","USD","0.025"
"NYM","REFINED PRODUCTS","SYNT JAPAN C&F NAPHTHA FUT","SJA","01/2026","01/2026","37500","USD","0.05"
"NYM","REFINED PRODUCTS","SYNT JAPAN C&F NAPHTHA FUT","SJA","02/2026","06/2026","37000","USD","0.05"
"NYM","REFINED PRODUCTS","SYNT JAPAN C&F NAPHTHA FUT","SJA","07/2026","12/2028","36000","USD","0.05"
"NYM","REFINED PRODUCTS","SYNTHETI SINGAPORE JET KEROSENE FUT","SKS","01/2026","01/2026","2838","USD","0.08"
"NYM","REFINED PRODUCTS","SYNTHETI SINGAPORE JET KEROSENE FUT","SKS","02/2026","06/2026","7750","USD","0.025"
"NYM","REFINED PRODUCTS","SYNTHETI SINGAPORE JET KEROSENE FUT","SKS","07/2026","12/2030","7000","USD","0.03"
"NYM","REFINED PRODUCTS","SYNT GULF COAST ULSD CALENDAR FU","SLY","01/2026","02/2026","6300","USD","7.000%"
"NYM","REFINED PRODUCTS","SYNT GULF COAST ULSD CALENDAR FU","SLY","03/2026","03/2026","6000","USD","5.000%"
"NYM","REFINED PRODUCTS","SYNT GULF COAST ULSD CALENDAR FU","SLY","04/2026","04/2026","5800","USD","5.000%"
"NYM","REFINED PRODUCTS","SYNT GULF COAST ULSD CALENDAR FU","SLY","05/2026","05/2026","5600","USD","5.000%"
"NYM","REFINED PRODUCTS","SYNT GULF COAST ULSD CALENDAR FU","SLY","06/2026","06/2026","5500","USD","5.000%"
"NYM","REFINED PRODUCTS","SYNT GULF COAST ULSD CALENDAR FU","SLY","07/2026","07/2026","5100","USD","5.000%"
"NYM","REFINED PRODUCTS","SYNT GULF COAST ULSD CALENDAR FU","SLY","08/2026","08/2026","4800","USD","5.000%"
"NYM","REFINED PRODUCTS","SYNT GULF COAST ULSD CALENDAR FU","SLY","09/2026","10/2026","4600","USD","5.000%"
"NYM","REFINED PRODUCTS","SYNT GULF COAST ULSD CALENDAR FU","SLY","11/2026","12/2026","4400","USD","5.000%"
"NYM","REFINED PRODUCTS","SYNT GULF COAST ULSD CALENDAR FU","SLY","01/2027","02/2027","4300","USD","5.000%"
"NYM","REFINED PRODUCTS","SYNT GULF COAST ULSD CALENDAR FU","SLY","03/2027","04/2027","4100","USD","5.000%"
"NYM","REFINED PRODUCTS","SYNT GULF COAST ULSD CALENDAR FU","SLY","05/2027","07/2027","3800","USD","5.000%"
"NYM","REFINED PRODUCTS","SYNT GULF COAST ULSD CALENDAR FU","SLY","08/2027","12/2029","3600","USD","5.000%"
"NYM","REFINED PRODUCTS","SINGAPORE NAPHTHA FUT","SP","01/2026","12/2028","6000","USD","0.025"
"NYM","REFINED PRODUCTS","SIN FOB 0.5% (PLT) VS EUR FOB RDAM","SR5","01/2026","01/2026","6209","USD","7.000%"
"NYM","REFINED PRODUCTS","SIN FOB 0.5% (PLT) VS EUR FOB RDAM","SR5","02/2026","02/2026","15000","USD","2.500%"
"NYM","REFINED PRODUCTS","SIN FOB 0.5% (PLT) VS EUR FOB RDAM","SR5","03/2026","12/2029","12500","USD","2.500%"
"NYM","REFINED PRODUCTS","SING FOB MFUEL 0.5%VS EUR FOB MFUEL","SRB","01/01/2026","01/23/2026","11913","USD","25.000%"
"NYM","REFINED PRODUCTS","SING FOB MFUEL 0.5%VS EUR FOB MFUEL","SRB","02/02/2026","03/24/2026","20000","USD","25.000%"
"NYM","REFINED PRODUCTS","SYNTHETIC SINGAPORE GASOIL FUT","SSG","01/2026","01/2026","2129","USD","0.08"
"NYM","REFINED PRODUCTS","SYNTHETIC SINGAPORE GASOIL FUT","SSG","02/2026","06/2026","5750","USD","0.025"
"NYM","REFINED PRODUCTS","SYNTHETIC SINGAPORE GASOIL FUT","SSG","07/2026","12/2030","5000","USD","0.03"
"NYM","REFINED PRODUCTS","SYNT EUROPE JET KERO NWE CALFUT","SUJ","01/2026","01/2026","61000","USD","0.08"
"NYM","REFINED PRODUCTS","SYNT EUROPE JET KERO NWE CALFUT","SUJ","02/2026","06/2026","60000","USD","0.04"
"NYM","REFINED PRODUCTS","SYNT EUROPE JET KERO NWE CALFUT","SUJ","07/2026","12/2028","48000","USD","0.04"
"NYM","REFINED PRODUCTS","SYNT SINGAPORE MOGAS 95 FUT","SV0","01/2026","01/2026","8200","USD","0.025"
"NYM","REFINED PRODUCTS","SYNT SINGAPORE MOGAS 95 FUT","SV0","02/2026","12/2028","8100","USD","0.025"
"NYM","REFINED PRODUCTS","MINI EURO 1% FUEL OIL FOBRDM FUT","T0","01/2026","01/2026","1508","USD","0.08"
"NYM","REFINED PRODUCTS","MINI EURO 1% FUEL OIL FOBRDM FUT","T0","02/2026","02/2026","3750","USD","0.04"
"NYM","REFINED PRODUCTS","MINI EURO 1% FUEL OIL FOBRDM FUT","T0","03/2026","07/2026","3500","USD","0.03"
"NYM","REFINED PRODUCTS","MINI EURO 1% FUEL OIL FOBRDM FUT","T0","08/2026","12/2030","3000","USD","0.03"
"NYM","REFINED PRODUCTS","GASOIL 0.1% CARGOES CIF NEW","TW","01/2026","12/2028","66000","USD","0.05"
"NYM","REFINED PRODUCTS","ULSD 10PPM CARGOES CIF NWE S","TY","01/2026","01/2026","26612","USD","0.05"
"NYM","REFINED PRODUCTS","ULSD 10PPM CARGOES CIF NWE S","TY","02/2026","12/2028","75000","USD","0.05"
"NYM","REFINED PRODUCTS","DIESEL10PPMBRGS FOB ARA (PLATTS)BAL","U7","01/02/2026","01/30/2026","38719","USD","0.05"
"NYM","REFINED PRODUCTS","DIESEL10PPMBRGS FOB ARA (PLATTS)BAL","U7","02/02/2026","03/31/2026","65000","USD","0.05"
"NYM","REFINED PRODUCTS","ICE GASOIL BALMO FUT","U9","01/02/2026","01/02/2026","11905","USD","0.05"
"NYM","REFINED PRODUCTS","ICE GASOIL BALMO FUT","U9","01/05/2026","01/05/2026","12500","USD","0.05"
"NYM","REFINED PRODUCTS","ICE GASOIL BALMO FUT","U9","01/06/2026","01/06/2026","13160","USD","0.05"
"NYM","REFINED PRODUCTS","ICE GASOIL BALMO FUT","U9","01/07/2026","01/07/2026","13890","USD","0.05"
"NYM","REFINED PRODUCTS","ICE GASOIL BALMO FUT","U9","01/08/2026","01/08/2026","14700","USD","0.05"
"NYM","REFINED PRODUCTS","ICE GASOIL BALMO FUT","U9","01/09/2026","01/09/2026","15625","USD","0.05"
"NYM","REFINED PRODUCTS","ICE GASOIL BALMO FUT","U9","01/12/2026","01/12/2026","16665","USD","0.05"
"NYM","REFINED PRODUCTS","ICE GASOIL BALMO FUT","U9","01/13/2026","01/13/2026","17855","USD","0.05"
"NYM","REFINED PRODUCTS","ICE GASOIL BALMO FUT","U9","01/14/2026","01/14/2026","19230","USD","0.05"
"NYM","REFINED PRODUCTS","ICE GASOIL BALMO FUT","U9","01/15/2026","01/15/2026","20835","USD","0.05"
"NYM","REFINED PRODUCTS","ICE GASOIL BALMO FUT","U9","01/16/2026","01/16/2026","22725","USD","0.05"
"NYM","REFINED PRODUCTS","ICE GASOIL BALMO FUT","U9","01/19/2026","01/19/2026","25000","USD","0.05"
"NYM","REFINED PRODUCTS","ICE GASOIL BALMO FUT","U9","01/20/2026","01/20/2026","27780","USD","0.05"
"NYM","REFINED PRODUCTS","ICE GASOIL BALMO FUT","U9","01/21/2026","01/21/2026","31250","USD","0.05"
"NYM","REFINED PRODUCTS","ICE GASOIL BALMO FUT","U9","01/22/2026","01/22/2026","35715","USD","0.05"
"NYM","REFINED PRODUCTS","ICE GASOIL BALMO FUT","U9","01/23/2026","01/23/2026","41665","USD","0.05"
"NYM","REFINED PRODUCTS","ICE GASOIL BALMO FUT","U9","01/26/2026","01/30/2026","50000","USD","0.05"
"NYM","REFINED PRODUCTS","ICE GASOIL BALMO FUT","U9","02/02/2026","02/02/2026","49400","USD","0.05"
"NYM","REFINED PRODUCTS","ICE GASOIL BALMO FUT","U9","02/03/2026","02/03/2026","49368","USD","0.05"
"NYM","REFINED PRODUCTS","ICE GASOIL BALMO FUT","U9","02/04/2026","02/04/2026","49333","USD","0.05"
"NYM","REFINED PRODUCTS","ICE GASOIL BALMO FUT","U9","02/05/2026","02/05/2026","49289","USD","0.05"
"NYM","REFINED PRODUCTS","ICE GASOIL BALMO FUT","U9","02/06/2026","02/06/2026","49250","USD","0.05"
"NYM","REFINED PRODUCTS","ICE GASOIL BALMO FUT","U9","02/09/2026","02/09/2026","49200","USD","0.05"
"NYM","REFINED PRODUCTS","ICE GASOIL BALMO FUT","U9","02/10/2026","02/10/2026","49142","USD","0.05"
"NYM","REFINED PRODUCTS","ICE GASOIL BALMO FUT","U9","02/11/2026","02/11/2026","49076","USD","0.05"
"NYM","REFINED PRODUCTS","ICE GASOIL BALMO FUT","U9","02/12/2026","02/27/2026","49000","USD","0.05"
"NYM","REFINED PRODUCTS","ICE GASOIL BALMO FUT","U9","03/02/2026","03/02/2026","47722","USD","0.05"
"NYM","REFINED PRODUCTS","ICE GASOIL BALMO FUT","U9","03/03/2026","03/03/2026","47666","USD","0.05"
"NYM","REFINED PRODUCTS","ICE GASOIL BALMO FUT","U9","03/04/2026","03/04/2026","47600","USD","0.05"
"NYM","REFINED PRODUCTS","ICE GASOIL BALMO FUT","U9","03/05/2026","03/05/2026","47526","USD","0.05"
"NYM","REFINED PRODUCTS","ICE GASOIL BALMO FUT","U9","03/06/2026","03/06/2026","47444","USD","0.05"
"NYM","REFINED PRODUCTS","ICE GASOIL BALMO FUT","U9","03/09/2026","03/09/2026","47348","USD","0.05"
"NYM","REFINED PRODUCTS","ICE GASOIL BALMO FUT","U9","03/10/2026","03/10/2026","47250","USD","0.05"
"NYM","REFINED PRODUCTS","ICE GASOIL BALMO FUT","U9","03/11/2026","03/11/2026","47128","USD","0.05"
"NYM","REFINED PRODUCTS","ICE GASOIL BALMO FUT","U9","03/12/2026","03/31/2026","47000","USD","0.05"
"NYM","REFINED PRODUCTS","SINGAPORE FUEL 180CST CALFUT","UA","01/2026","01/2026","9193","USD","0.05"
"NYM","REFINED PRODUCTS","SINGAPORE FUEL 180CST CALFUT","UA","02/2026","02/2026","28000","USD","0.03"
"NYM","REFINED PRODUCTS","SINGAPORE FUEL 180CST CALFUT","UA","03/2026","07/2026","27000","USD","0.02"
"NYM","REFINED PRODUCTS","SINGAPORE FUEL 180CST CALFUT","UA","08/2026","12/2031","24000","USD","0.02"
"NYM","REFINED PRODUCTS","UCO FOB ARA (ARGUS) FUTURES","UCD","01/2026","01/2026","4500","USD","25.000%"
"NYM","REFINED PRODUCTS","UCO FOB ARA (ARGUS) FUTURES","UCD","02/2026","02/2026","4300","USD","25.000%"
"NYM","REFINED PRODUCTS","UCO FOB ARA (ARGUS) FUTURES","UCD","03/2026","12/2029","4100","USD","25.000%"
"NYM","REFINED PRODUCTS","UCO FOB ARA (ARGUS) VS. LOW SULPHUR","UCG","01/2026","01/2026","1667","USD","25.000%"
"NYM","REFINED PRODUCTS","UCO FOB ARA (ARGUS) VS. LOW SULPHUR","UCG","02/2026","02/2026","4500","USD","25.000%"
"NYM","REFINED PRODUCTS","UCO FOB ARA (ARGUS) VS. LOW SULPHUR","UCG","03/2026","12/2029","4250","USD","25.000%"
"NYM","REFINED PRODUCTS","EUROPE 1% FUEL OIL NWE CALFUT","UF","01/2026","01/2026","15080","USD","0.025"
"NYM","REFINED PRODUCTS","EUROPE 1% FUEL OIL NWE CALFUT","UF","02/2026","06/2026","37500","USD","0.025"
"NYM","REFINED PRODUCTS","EUROPE 1% FUEL OIL NWE CALFUT","UF","07/2026","12/2031","35000","USD","0.025"
"NYM","REFINED PRODUCTS","EUROPE 1% FUEL OIL RDAM CALFUT","UH","01/2026","01/2026","15080","USD","0.08"
"NYM","REFINED PRODUCTS","EUROPE 1% FUEL OIL RDAM CALFUT","UH","02/2026","02/2026","37500","USD","0.04"
"NYM","REFINED PRODUCTS","EUROPE 1% FUEL OIL RDAM CALFUT","UH","03/2026","07/2026","35000","USD","0.03"
"NYM","REFINED PRODUCTS","EUROPE 1% FUEL OIL RDAM CALFUT","UH","08/2026","12/2031","30000","USD","0.03"
"NYM","REFINED PRODUCTS","EUROPE 3.5% FUEL OIL MED CALFUT","UI","01/2026","01/2026","12064","USD","0.08"
"NYM","REFINED PRODUCTS","EUROPE 3.5% FUEL OIL MED CALFUT","UI","02/2026","12/2028","34000","USD","0.08"
"NYM","REFINED PRODUCTS","EUROPE JET KERO NWE CALFUT","UJ","01/2026","01/2026","15250","USD","0.08"
"NYM","REFINED PRODUCTS","EUROPE JET KERO NWE CALFUT","UJ","02/2026","06/2026","60000","USD","0.04"
"NYM","REFINED PRODUCTS","EUROPE JET KERO NWE CALFUT","UJ","07/2026","12/2028","48000","USD","0.04"
"NYM","REFINED PRODUCTS","NY (ARGUS) VS. NY HRBR ULSD BALMO","ULB","01/01/2026","01/30/2026","1489","USD","0.08"
"NYM","REFINED PRODUCTS","NY (ARGUS) VS. NY HRBR ULSD BALMO","ULB","02/02/2026","02/27/2026","2500","USD","0.08"
"NYM","REFINED PRODUCTS","EUROPE NAPHTHA CALFUT","UN","01/2026","01/2026","8875","USD","0.05"
"NYM","REFINED PRODUCTS","EUROPE NAPHTHA CALFUT","UN","02/2026","06/2026","35000","USD","0.05"
"NYM","REFINED PRODUCTS","EUROPE NAPHTHA CALFUT","UN","07/2026","12/2029","34000","USD","0.05"
"NYM","REFINED PRODUCTS","USGC MARINE FUEL 0.5% BARGES (PLATT","UP5","01/2026","01/2026","13519","USD","7.000%"
"NYM","REFINED PRODUCTS","USGC MARINE FUEL 0.5% BARGES (PLATT","UP5","02/2026","02/2026","34925","USD","2.500%"
"NYM","REFINED PRODUCTS","USGC MARINE FUEL 0.5% BARGES (PLATT","UP5","03/2026","12/2029","33337","USD","2.500%"
"NYM","REFINED PRODUCTS","USGC MARINE FUEL 0.5% BARGES (PLATT","UPB","01/02/2026","01/23/2026","26478","USD","25.000%"
"NYM","REFINED PRODUCTS","USGC MARINE FUEL 0.5% BARGES (PLATT","UPB","02/02/2026","03/24/2026","44450","USD","25.000%"
"NYM","REFINED PRODUCTS","USGC MARINE FUEL  VS EUROPEAN FOB R","UPM","01/2026","01/2026","7096","USD","25.000%"
"NYM","REFINED PRODUCTS","USGC MARINE FUEL  VS EUROPEAN FOB R","UPM","02/2026","02/2026","19500","USD","25.000%"
"NYM","REFINED PRODUCTS","USGC MARINE FUEL  VS EUROPEAN FOB R","UPM","03/2026","12/2029","19000","USD","25.000%"
"NYM","REFINED PRODUCTS","EUROPE JET KERO RDAM CALFUT","UR","01/2026","01/2026","27677","USD","0.05"
"NYM","REFINED PRODUCTS","EUROPE JET KERO RDAM CALFUT","UR","02/2026","12/2028","75000","USD","0.05"
"NYM","REFINED PRODUCTS","EUROPE 3.5% FUEL OIL RDAM CALFUT","UV","01/2026","01/2026","8250","USD","0.065"
"NYM","REFINED PRODUCTS","EUROPE 3.5% FUEL OIL RDAM CALFUT","UV","02/2026","02/2026","32000","USD","0.045"
"NYM","REFINED PRODUCTS","EUROPE 3.5% FUEL OIL RDAM CALFUT","UV","03/2026","10/2026","30000","USD","0.045"
"NYM","REFINED PRODUCTS","EUROPE 3.5% FUEL OIL RDAM CALFUT","UV","11/2026","12/2031","27000","USD","0.025"
"NYM","REFINED PRODUCTS","SINGAPORE MOGAS 95 FUT","V0","01/2026","01/2026","2050","USD","0.025"
"NYM","REFINED PRODUCTS","SINGAPORE MOGAS 95 FUT","V0","02/2026","12/2028","8100","USD","0.025"
"NYM","REFINED PRODUCTS","NY HARBOR 1% FUEL OIL BALMO","VK","01/02/2026","01/30/2026","4467","USD","0.025"
"NYM","REFINED PRODUCTS","NY HARBOR 1% FUEL OIL BALMO","VK","02/02/2026","02/27/2026","6800","USD","0.025"
"NYM","REFINED PRODUCTS","GASOIL 0.1%BRGS FOB ARA (PLATTS)FUT","VL","01/2026","01/2026","60000","USD","0.05"
"NYM","REFINED PRODUCTS","GASOIL 0.1%BRGS FOB ARA (PLATTS)FUT","VL","02/2026","02/2026","55000","USD","0.05"
"NYM","REFINED PRODUCTS","GASOIL 0.1%BRGS FOB ARA (PLATTS)FUT","VL","03/2026","12/2028","50000","USD","0.05"
"NYM","REFINED PRODUCTS","SINGAPORE GASOIL BALMO","VU","01/01/2026","01/30/2026","5063","USD","0.025"
"NYM","REFINED PRODUCTS","SINGAPORE GASOIL BALMO","VU","02/02/2026","03/31/2026","7500","USD","0.025"
"NYM","REFINED PRODUCTS","GULF COAST HSFO (PLATTS) BALMO FUT","VZ","01/02/2026","01/02/2026","1437","USD","0.025"
"NYM","REFINED PRODUCTS","GULF COAST HSFO (PLATTS) BALMO FUT","VZ","01/05/2026","01/05/2026","1513","USD","0.025"
"NYM","REFINED PRODUCTS","GULF COAST HSFO (PLATTS) BALMO FUT","VZ","01/06/2026","01/06/2026","1597","USD","0.025"
"NYM","REFINED PRODUCTS","GULF COAST HSFO (PLATTS) BALMO FUT","VZ","01/07/2026","01/07/2026","1690","USD","0.025"
"NYM","REFINED PRODUCTS","GULF COAST HSFO (PLATTS) BALMO FUT","VZ","01/08/2026","01/08/2026","1796","USD","0.025"
"NYM","REFINED PRODUCTS","GULF COAST HSFO (PLATTS) BALMO FUT","VZ","01/09/2026","01/09/2026","1916","USD","0.025"
"NYM","REFINED PRODUCTS","GULF COAST HSFO (PLATTS) BALMO FUT","VZ","01/12/2026","01/12/2026","2053","USD","0.025"
"NYM","REFINED PRODUCTS","GULF COAST HSFO (PLATTS) BALMO FUT","VZ","01/13/2026","01/13/2026","2211","USD","0.025"
"NYM","REFINED PRODUCTS","GULF COAST HSFO (PLATTS) BALMO FUT","VZ","01/14/2026","01/14/2026","2396","USD","0.025"
"NYM","REFINED PRODUCTS","GULF COAST HSFO (PLATTS) BALMO FUT","VZ","01/15/2026","01/15/2026","2613","USD","0.025"
"NYM","REFINED PRODUCTS","GULF COAST HSFO (PLATTS) BALMO FUT","VZ","01/16/2026","01/16/2026","2875","USD","0.025"
"NYM","REFINED PRODUCTS","GULF COAST HSFO (PLATTS) BALMO FUT","VZ","01/19/2026","01/20/2026","3194","USD","0.025"
"NYM","REFINED PRODUCTS","GULF COAST HSFO (PLATTS) BALMO FUT","VZ","01/21/2026","01/21/2026","3593","USD","0.025"
"NYM","REFINED PRODUCTS","GULF COAST HSFO (PLATTS) BALMO FUT","VZ","01/22/2026","01/22/2026","4107","USD","0.025"
"NYM","REFINED PRODUCTS","GULF COAST HSFO (PLATTS) BALMO FUT","VZ","01/23/2026","01/23/2026","4791","USD","0.025"
"NYM","REFINED PRODUCTS","GULF COAST HSFO (PLATTS) BALMO FUT","VZ","01/26/2026","01/30/2026","5750","USD","0.025"
"NYM","REFINED PRODUCTS","GULF COAST HSFO (PLATTS) BALMO FUT","VZ","02/02/2026","02/27/2026","5500","USD","0.025"
"NYM","REFINED PRODUCTS","SINGAPORE MOGAS 95 BALMO FUT","W0","01/02/2026","01/02/2026","1952","USD","0.025"
"NYM","REFINED PRODUCTS","SINGAPORE MOGAS 95 BALMO FUT","W0","01/05/2026","01/05/2026","2050","USD","0.025"
"NYM","REFINED PRODUCTS","SINGAPORE MOGAS 95 BALMO FUT","W0","01/06/2026","01/06/2026","2158","USD","0.025"
"NYM","REFINED PRODUCTS","SINGAPORE MOGAS 95 BALMO FUT","W0","01/07/2026","01/07/2026","2277","USD","0.025"
"NYM","REFINED PRODUCTS","SINGAPORE MOGAS 95 BALMO FUT","W0","01/08/2026","01/08/2026","2410","USD","0.025"
"NYM","REFINED PRODUCTS","SINGAPORE MOGAS 95 BALMO FUT","W0","01/09/2026","01/09/2026","2562","USD","0.025"
"NYM","REFINED PRODUCTS","SINGAPORE MOGAS 95 BALMO FUT","W0","01/12/2026","01/12/2026","2733","USD","0.025"
"NYM","REFINED PRODUCTS","SINGAPORE MOGAS 95 BALMO FUT","W0","01/13/2026","01/13/2026","2928","USD","0.025"
"NYM","REFINED PRODUCTS","SINGAPORE MOGAS 95 BALMO FUT","W0","01/14/2026","01/14/2026","3153","USD","0.025"
"NYM","REFINED PRODUCTS","SINGAPORE MOGAS 95 BALMO FUT","W0","01/15/2026","01/15/2026","3416","USD","0.025"
"NYM","REFINED PRODUCTS","SINGAPORE MOGAS 95 BALMO FUT","W0","01/16/2026","01/16/2026","3726","USD","0.025"
"NYM","REFINED PRODUCTS","SINGAPORE MOGAS 95 BALMO FUT","W0","01/19/2026","01/19/2026","4100","USD","0.025"
"NYM","REFINED PRODUCTS","SINGAPORE MOGAS 95 BALMO FUT","W0","01/20/2026","01/20/2026","4555","USD","0.025"
"NYM","REFINED PRODUCTS","SINGAPORE MOGAS 95 BALMO FUT","W0","01/21/2026","01/21/2026","5125","USD","0.025"
"NYM","REFINED PRODUCTS","SINGAPORE MOGAS 95 BALMO FUT","W0","01/22/2026","01/22/2026","5857","USD","0.025"
"NYM","REFINED PRODUCTS","SINGAPORE MOGAS 95 BALMO FUT","W0","01/23/2026","01/23/2026","6833","USD","0.025"
"NYM","REFINED PRODUCTS","SINGAPORE MOGAS 95 BALMO FUT","W0","01/26/2026","01/30/2026","8200","USD","0.025"
"NYM","REFINED PRODUCTS","SINGAPORE MOGAS 95 BALMO FUT","W0","02/02/2026","03/31/2026","8100","USD","0.025"
"NYM","REFINED PRODUCTS","SINGAPORE MOGAS 97 FUT","X0","01/2026","01/2026","2258","USD","0.025"
"NYM","REFINED PRODUCTS","SINGAPORE MOGAS 97 FUT","X0","02/2026","12/2028","7000","USD","0.025"
"NYM","REFINED PRODUCTS","GASOIL 0.1% CIF MED BALMO FUT","X6","01/02/2026","01/30/2026","50633","USD","0.05"
"NYM","REFINED PRODUCTS","GASOIL 0.1% CIF MED BALMO FUT","X6","02/02/2026","03/31/2026","85000","USD","0.05"
"NYM","REFINED PRODUCTS","ULSD 10PPM CIF MED BALMO FUT","X7","01/02/2026","01/30/2026","49143","USD","0.05"
"NYM","REFINED PRODUCTS","ULSD 10PPM CIF MED BALMO FUT","X7","02/02/2026","03/31/2026","82500","USD","0.05"
"NYM","REFINED PRODUCTS","JET FUEL BARGES RDAM BALMO","X9","01/02/2026","01/30/2026","59568","USD","0.05"
"NYM","REFINED PRODUCTS","JET FUEL BARGES RDAM BALMO","X9","02/02/2026","03/31/2026","100000","USD","0.05"
"NYM","REFINED PRODUCTS","SINGAPORE MOGAS 97 BALMO FUT","Y0","01/02/2026","01/30/2026","5361","USD","0.025"
"NYM","REFINED PRODUCTS","SINGAPORE MOGAS 97 BALMO FUT","Y0","02/02/2026","03/31/2026","9000","USD","0.025"
"NYM","REFINED PRODUCTS","GASOIL 0.1% CIF MED FUT","Z4","01/2026","01/2026","65000","USD","20.000%"
"NYM","REFINED PRODUCTS","GASOIL 0.1% CIF MED FUT","Z4","02/2026","12/2029","67500","USD","20.000%"
"NYM","REFINED PRODUCTS","ULSD 10PPM CIF MED FUT","Z6","01/2026","01/2026","23064","USD","0.05"
"NYM","REFINED PRODUCTS","ULSD 10PPM CIF MED FUT","Z6","02/2026","12/2029","65000","USD","0.05"
"NYM","REFINED PRODUCTS","1 MO CAL SPD SYN RBOB GAS FUTURE","ZI","01/2026","01/2026","","USD","10.000%"
"NYM","REFINED PRODUCTS","1 MO CAL SPD SYN RBOB GAS FUTURE","ZI","02/2026","02/2026","960","USD","10.000%"
"NYM","REFINED PRODUCTS","1 MO CAL SPD SYN RBOB GAS FUTURE","ZI","03/2026","03/2026","750","USD","10.000%"
"NYM","REFINED PRODUCTS","1 MO CAL SPD SYN RBOB GAS FUTURE","ZI","04/2026","04/2026","550","USD","10.000%"
"NYM","REFINED PRODUCTS","1 MO CAL SPD SYN RBOB GAS FUTURE","ZI","05/2026","11/2029","450","USD","10.000%"
"NYM","REFINED PRODUCTS","1 MO CAL SPD SYN RBOB GAS FUTURE","ZI","06/2026","06/2026","400","USD","10.000%"
"NYM","REFINED PRODUCTS","1 MO CAL SPD SYN RBOB GAS FUTURE","ZI","07/2026","07/2026","350","USD","10.000%"
"NYM","REFINED PRODUCTS","1 MO CAL SPD SYN RBOB GAS FUTURE","ZI","08/2026","09/2026","300","USD","10.000%"
"NYM","REFINED PRODUCTS","1 MO CAL SPD SYN RBOB GAS FUTURE","ZI","10/2026","10/2026","275","USD","10.000%"
"NYM","REFINED PRODUCTS","1 MO CAL SPD SYN RBOB GAS FUTURE","ZI","11/2026","11/2026","260","USD","10.000%"
"NYM","REFINED PRODUCTS","1 MO CAL SPD SYN RBOB GAS FUTURE","ZI","12/2026","12/2026","265","USD","10.000%"
"NYM","REFINED PRODUCTS","1 MO CAL SPD SYN RBOB GAS FUTURE","ZI","01/2027","07/2027","225","USD","10.000%"
"NYM","REFINED PRODUCTS","1 MO CAL SPD SYN RBOB GAS FUTURE","ZI","08/2027","08/2027","200","USD","10.000%"
"NYM","REFINED PRODUCTS","1 MO CAL SPD SYN RBOB GAS FUTURE","ZI","09/2027","09/2027","170","USD","10.000%"
"NYM","REFINED PRODUCTS","1 MO CAL SPD SYN RBOB GAS FUTURE","ZI","10/2027","10/2027","112","USD","10.000%"
"NYM","REFINED PRODUCTS","1 MO CAL SPD SYN RBOB GAS FUTURE","ZI","11/2027","04/2028","115","USD","10.000%"
"NYM","REFINED PRODUCTS","1 MO CAL SPD SYN RBOB GAS FUTURE","ZI","05/2028","10/2028","95","USD","10.000%"
"NYM","REFINED PRODUCTS","1 MO CAL SPD SYN RBOB GAS FUTURE","ZI","11/2028","11/2028","150","USD","10.000%"
"NYM","REFINED PRODUCTS","2 MO CAL SPD SYN RBOB GAS FUTURE","ZJ","01/2026","01/2026","1160","USD","10.000%"
"NYM","REFINED PRODUCTS","2 MO CAL SPD SYN RBOB GAS FUTURE","ZJ","02/2026","02/2026","1320","USD","10.000%"
"NYM","REFINED PRODUCTS","2 MO CAL SPD SYN RBOB GAS FUTURE","ZJ","03/2026","03/2026","975","USD","10.000%"
"NYM","REFINED PRODUCTS","2 MO CAL SPD SYN RBOB GAS FUTURE","ZJ","04/2026","04/2026","825","USD","10.000%"
"NYM","REFINED PRODUCTS","2 MO CAL SPD SYN RBOB GAS FUTURE","ZJ","05/2026","05/2026","750","USD","10.000%"
"NYM","REFINED PRODUCTS","2 MO CAL SPD SYN RBOB GAS FUTURE","ZJ","06/2026","06/2026","600","USD","10.000%"
"NYM","REFINED PRODUCTS","2 MO CAL SPD SYN RBOB GAS FUTURE","ZJ","07/2026","07/2026","525","USD","10.000%"
"NYM","REFINED PRODUCTS","2 MO CAL SPD SYN RBOB GAS FUTURE","ZJ","08/2026","08/2026","485","USD","10.000%"
"NYM","REFINED PRODUCTS","2 MO CAL SPD SYN RBOB GAS FUTURE","ZJ","09/2026","09/2026","450","USD","10.000%"
"NYM","REFINED PRODUCTS","2 MO CAL SPD SYN RBOB GAS FUTURE","ZJ","10/2026","10/2026","400","USD","10.000%"
"NYM","REFINED PRODUCTS","2 MO CAL SPD SYN RBOB GAS FUTURE","ZJ","11/2026","11/2026","375","USD","10.000%"
"NYM","REFINED PRODUCTS","2 MO CAL SPD SYN RBOB GAS FUTURE","ZJ","12/2026","12/2026","340","USD","10.000%"
"NYM","REFINED PRODUCTS","2 MO CAL SPD SYN RBOB GAS FUTURE","ZJ","01/2027","01/2027","320","USD","10.000%"
"NYM","REFINED PRODUCTS","3 MO CAL SPD SYN RBOB GAS FUTURES","ZK","01/2026","01/2026","1520","USD","10.000%"
"NYM","REFINED PRODUCTS","3 MO CAL SPD SYN RBOB GAS FUTURES","ZK","02/2026","02/2026","1560","USD","10.000%"
"NYM","REFINED PRODUCTS","3 MO CAL SPD SYN RBOB GAS FUTURES","ZK","03/2026","03/2026","1125","USD","10.000%"
"NYM","REFINED PRODUCTS","3 MO CAL SPD SYN RBOB GAS FUTURES","ZK","04/2026","04/2026","975","USD","10.000%"
"NYM","REFINED PRODUCTS","3 MO CAL SPD SYN RBOB GAS FUTURES","ZK","05/2026","05/2026","900","USD","10.000%"
"NYM","REFINED PRODUCTS","3 MO CAL SPD SYN RBOB GAS FUTURES","ZK","06/2026","06/2026","750","USD","10.000%"
"NYM","REFINED PRODUCTS","3 MO CAL SPD SYN RBOB GAS FUTURES","ZK","07/2026","07/2026","350","USD","10.000%"
"NYM","REFINED PRODUCTS","3 MO CAL SPD SYN RBOB GAS FUTURES","ZK","08/2026","01/2027","450","USD","10.000%"
"NYM","REFINED PRODUCTS","3 MO CAL SPD SYN RBOB GAS FUTURES","ZK","09/2026","09/2026","525","USD","10.000%"
"NYM","REFINED PRODUCTS","3 MO CAL SPD SYN RBOB GAS FUTURES","ZK","10/2026","10/2026","500","USD","10.000%"
"NYM","REFINED PRODUCTS","6 MO CAL SPD SYN RBOB GAS FUTURES","ZL","01/2026","01/2026","1960","USD","10.000%"
"NYM","REFINED PRODUCTS","6 MO CAL SPD SYN RBOB GAS FUTURES","ZL","02/2026","02/2026","2000","USD","10.000%"
"NYM","REFINED PRODUCTS","6 MO CAL SPD SYN RBOB GAS FUTURES","ZL","03/2026","03/2026","1687","USD","10.000%"
"NYM","REFINED PRODUCTS","6 MO CAL SPD SYN RBOB GAS FUTURES","ZL","04/2026","04/2026","1500","USD","10.000%"
"NYM","REFINED PRODUCTS","6 MO CAL SPD SYN RBOB GAS FUTURES","ZL","05/2026","05/2026","1300","USD","10.000%"
"NYM","REFINED PRODUCTS","6 MO CAL SPD SYN RBOB GAS FUTURES","ZL","06/2026","06/2026","1125","USD","10.000%"
"NYM","REFINED PRODUCTS","6 MO CAL SPD SYN RBOB GAS FUTURES","ZL","07/2026","07/2026","975","USD","10.000%"
"NYM","REFINED PRODUCTS","6 MO CAL SPD SYN RBOB GAS FUTURES","ZL","08/2026","08/2026","825","USD","10.000%"
"NYM","REFINED PRODUCTS","6 MO CAL SPD SYN RBOB GAS FUTURES","ZL","09/2026","01/2027","750","USD","10.000%"
"NYM","REFINED PRODUCTS","6 MO CAL SPD SYN RBOB GAS FUTURES","ZL","02/2027","02/2027","675","USD","10.000%"
"NYM","REFINED PRODUCTS","6 MO CAL SPD SYN RBOB GAS FUTURES","ZL","06/2027","06/2027","525","USD","10.000%"
"NYM","REFINED PRODUCTS","6 MO CAL SPD SYN RBOB GAS FUTURES","ZL","12/2027","12/2027","350","USD","10.000%"
"NYM","REFINED PRODUCTS","6 MO CAL SPD SYN RBOB GAS FUTURES","ZL","06/2028","06/2028","250","USD","10.000%"
"NYM","REFINED PRODUCTS","6 MO CAL SPD SYN RBOB GAS FUTURES","ZL","12/2028","12/2028","450","USD","10.000%"
