"Exchange","Asset Class","Sub Group","Product Name","Product Code","Clearing Org","Maintenance Som Rate","Currency"
"CBT","AGRICULTURE","06","SOYBEAN MEAL","06","CME","20","USD"
"CBT","AGRICULTURE","07","SOYBEAN OIL","07","CME","11","USD"
"CBT","AGRICULTURE","14","ROUGH RICE","14","CME","16","USD"
"CBT","AGRICULTURE","1BC","CORN","C","CME","12","USD"
"CBT","AGRICULTURE","1CA","CORN","C","CME","12","USD"
"CBT","AGRICULTURE","1CW","CORN","C","CME","12","USD"
"CBT","AGRICULTURE","1HC","CORN","C","CME","12","USD"
"CBT","AGRICULTURE","1MA","SOYBEAN MEAL","06","CME","20","USD"
"CBT","AGRICULTURE","1MB","SOYBEAN MEAL","06","CME","20","USD"
"CBT","AGRICULTURE","1MC","SOYBEAN MEAL","06","CME","20","USD"
"CBT","AGRICULTURE","1MD","SOYBEAN MEAL","06","CME","20","USD"
"CBT","AGRICULTURE","1OA","SOYBEAN OIL","07","CME","11","USD"
"CBT","AGRICULTURE","1OB","SOYBEAN OIL","07","CME","11","USD"
"CBT","AGRICULTURE","1OC","SOYBEAN OIL","07","CME","11","USD"
"CBT","AGRICULTURE","1OD","SOYBEAN OIL","07","CME","11","USD"
"CBT","AGRICULTURE","1SA","SOYBEANS","S","CME","12","USD"
"CBT","AGRICULTURE","1SB","SOYBEANS","S","CME","12","USD"
"CBT","AGRICULTURE","1SC","SOYBEANS","S","CME","12","USD"
"CBT","AGRICULTURE","1SD","SOYBEANS","S","CME","12","USD"
"CBT","AGRICULTURE","1WA","WHEAT","W","CME","12","USD"
"CBT","AGRICULTURE","1WB","WHEAT","W","CME","12","USD"
"CBT","AGRICULTURE","1WC","WHEAT","W","CME","12","USD"
"CBT","AGRICULTURE","1WD","WHEAT","W","CME","12","USD"
"CBT","AGRICULTURE","2BC","CORN","C","CME","12","USD"
"CBT","AGRICULTURE","2CA","CORN","C","CME","12","USD"
"CBT","AGRICULTURE","2CW","CORN","C","CME","12","USD"
"CBT","AGRICULTURE","2HC","CORN","C","CME","12","USD"
"CBT","AGRICULTURE","2MA","SOYBEAN MEAL","06","CME","20","USD"
"CBT","AGRICULTURE","2MB","SOYBEAN MEAL","06","CME","20","USD"
"CBT","AGRICULTURE","2MC","SOYBEAN MEAL","06","CME","20","USD"
"CBT","AGRICULTURE","2MD","SOYBEAN MEAL","06","CME","20","USD"
"CBT","AGRICULTURE","2OA","SOYBEAN OIL","07","CME","11","USD"
"CBT","AGRICULTURE","2OB","SOYBEAN OIL","07","CME","11","USD"
"CBT","AGRICULTURE","2OC","SOYBEAN OIL","07","CME","11","USD"
"CBT","AGRICULTURE","2OD","SOYBEAN OIL","07","CME","11","USD"
"CBT","AGRICULTURE","2SA","SOYBEANS","S","CME","12","USD"
"CBT","AGRICULTURE","2SB","SOYBEANS","S","CME","12","USD"
"CBT","AGRICULTURE","2SC","SOYBEANS","S","CME","12","USD"
"CBT","AGRICULTURE","2SD","SOYBEANS","S","CME","12","USD"
"CBT","AGRICULTURE","2WA","WHEAT","W","CME","12","USD"
"CBT","AGRICULTURE","2WB","WHEAT","W","CME","12","USD"
"CBT","AGRICULTURE","2WC","WHEAT","W","CME","12","USD"
"CBT","AGRICULTURE","2WD","WHEAT","W","CME","12","USD"
"CBT","AGRICULTURE","3BC","CORN","C","CME","12","USD"
"CBT","AGRICULTURE","3CA","CORN","C","CME","12","USD"
"CBT","AGRICULTURE","3CC","MAR-DEC CORN CSO","3CC","CME","20","USD"
"CBT","AGRICULTURE","3CW","CORN","C","CME","12","USD"
"CBT","AGRICULTURE","3HC","CORN","C","CME","12","USD"
"CBT","AGRICULTURE","3MA","SOYBEAN MEAL","06","CME","20","USD"
"CBT","AGRICULTURE","3MB","SOYBEAN MEAL","06","CME","20","USD"
"CBT","AGRICULTURE","3MC","SOYBEAN MEAL","06","CME","20","USD"
"CBT","AGRICULTURE","3MD","SOYBEAN MEAL","06","CME","20","USD"
"CBT","AGRICULTURE","3OA","SOYBEAN OIL","07","CME","11","USD"
"CBT","AGRICULTURE","3OB","SOYBEAN OIL","07","CME","11","USD"
"CBT","AGRICULTURE","3OC","SOYBEAN OIL","07","CME","11","USD"
"CBT","AGRICULTURE","3OD","SOYBEAN OIL","07","CME","11","USD"
"CBT","AGRICULTURE","3SA","SOYBEANS","S","CME","12","USD"
"CBT","AGRICULTURE","3SB","SOYBEANS","S","CME","12","USD"
"CBT","AGRICULTURE","3SC","SOYBEANS","S","CME","12","USD"
"CBT","AGRICULTURE","3SD","SOYBEANS","S","CME","12","USD"
"CBT","AGRICULTURE","3WA","WHEAT","W","CME","12","USD"
"CBT","AGRICULTURE","3WB","WHEAT","W","CME","12","USD"
"CBT","AGRICULTURE","3WC","WHEAT","W","CME","12","USD"
"CBT","AGRICULTURE","3WD","WHEAT","W","CME","12","USD"
"CBT","AGRICULTURE","4BC","CORN","C","CME","12","USD"
"CBT","AGRICULTURE","4CA","CORN","C","CME","12","USD"
"CBT","AGRICULTURE","4CW","CORN","C","CME","12","USD"
"CBT","AGRICULTURE","4HC","CORN","C","CME","12","USD"
"CBT","AGRICULTURE","4MA","SOYBEAN MEAL","06","CME","20","USD"
"CBT","AGRICULTURE","4MB","SOYBEAN MEAL","06","CME","20","USD"
"CBT","AGRICULTURE","4MC","SOYBEAN MEAL","06","CME","20","USD"
"CBT","AGRICULTURE","4MD","SOYBEAN MEAL","06","CME","20","USD"
"CBT","AGRICULTURE","4OA","SOYBEAN OIL","07","CME","11","USD"
"CBT","AGRICULTURE","4OB","SOYBEAN OIL","07","CME","11","USD"
"CBT","AGRICULTURE","4OC","SOYBEAN OIL","07","CME","11","USD"
"CBT","AGRICULTURE","4OD","SOYBEAN OIL","07","CME","11","USD"
"CBT","AGRICULTURE","4SA","SOYBEANS","S","CME","12","USD"
"CBT","AGRICULTURE","4SB","SOYBEANS","S","CME","12","USD"
"CBT","AGRICULTURE","4SC","SOYBEANS","S","CME","12","USD"
"CBT","AGRICULTURE","4SD","SOYBEANS","S","CME","12","USD"
"CBT","AGRICULTURE","4WA","WHEAT","W","CME","12","USD"
"CBT","AGRICULTURE","4WB","WHEAT","W","CME","12","USD"
"CBT","AGRICULTURE","4WC","WHEAT","W","CME","12","USD"
"CBT","AGRICULTURE","4WD","WHEAT","W","CME","12","USD"
"CBT","AGRICULTURE","5BC","CORN","C","CME","12","USD"
"CBT","AGRICULTURE","5CA","CORN","C","CME","12","USD"
"CBT","AGRICULTURE","5CW","CORN","C","CME","12","USD"
"CBT","AGRICULTURE","5HC","CORN","C","CME","12","USD"
"CBT","AGRICULTURE","5MA","SOYBEAN MEAL","06","CME","20","USD"
"CBT","AGRICULTURE","5MB","SOYBEAN MEAL","06","CME","20","USD"
"CBT","AGRICULTURE","5MC","SOYBEAN MEAL","06","CME","20","USD"
"CBT","AGRICULTURE","5MD","SOYBEAN MEAL","06","CME","20","USD"
"CBT","AGRICULTURE","5OA","SOYBEAN OIL","07","CME","11","USD"
"CBT","AGRICULTURE","5OB","SOYBEAN OIL","07","CME","11","USD"
"CBT","AGRICULTURE","5OC","SOYBEAN OIL","07","CME","11","USD"
"CBT","AGRICULTURE","5OD","SOYBEAN OIL","07","CME","11","USD"
"CBT","AGRICULTURE","5SA","SOYBEANS","S","CME","12","USD"
"CBT","AGRICULTURE","5SB","SOYBEANS","S","CME","12","USD"
"CBT","AGRICULTURE","5SC","SOYBEANS","S","CME","12","USD"
"CBT","AGRICULTURE","5SD","SOYBEANS","S","CME","12","USD"
"CBT","AGRICULTURE","5WA","WHEAT","W","CME","12","USD"
"CBT","AGRICULTURE","5WB","WHEAT","W","CME","12","USD"
"CBT","AGRICULTURE","5WC","WHEAT","W","CME","12","USD"
"CBT","AGRICULTURE","5WD","WHEAT","W","CME","12","USD"
"CBT","AGRICULTURE","70","BLOOMBERG COMMODITY INDEX FUTURES","70","CME","0","USD"
"CBT","AGRICULTURE","7CC","MAR-JUL CORN CSO","7CC","CME","10","USD"
"CBT","AGRICULTURE","8CC","CORN CALENDAR OPTION - SAME CROP","PYC","CME","10","USD"
"CBT","AGRICULTURE","ACC","CORN","C","CME","12","USD"
"CBT","AGRICULTURE","BCC","CORN","C","CME","12","USD"
"CBT","AGRICULTURE","BSO","BLACK SEA CORN FINANCIALLY SETTLED (PLATTS) FUTURES","BCF","CME","14","USD"
"CBT","AGRICULTURE","BWO","BLACK SEA WHEAT FINANCIALLY SETTLED (PLATTS) FUTURES","BWF","CME","15","USD"
"CBT","AGRICULTURE","C","CORN","C","CME","12","USD"
"CBT","AGRICULTURE","CC6","CORN CALENDAR OPTION - OLD/NEW CROP","CC6","CME","10","USD"
"CBT","AGRICULTURE","CCC","CORN","C","CME","12","USD"
"CBT","AGRICULTURE","CCZ","CORN CALENDAR OPTION - OLD/NEW CROP","CC6","CME","10","USD"
"CBT","AGRICULTURE","CDF","CORN","C","CME","12","USD"
"CBT","AGRICULTURE","CHC","CORN","C","CME","12","USD"
"CBT","AGRICULTURE","CK6","KC HRW  WHEAT DEC-JULY CSO","CK6","CME","10","USD"
"CBT","AGRICULTURE","CKM","KC HRW WHEAT JUL-DEC CSO","CKM","CME","10","USD"
"CBT","AGRICULTURE","CKN","KC HRW JUL-JUL WHEAT CSO","CKN","CME","10","USD"
"CBT","AGRICULTURE","CN1","CORN","C","CME","12","USD"
"CBT","AGRICULTURE","CN2","CORN","C","CME","12","USD"
"CBT","AGRICULTURE","CN3","CORN","C","CME","12","USD"
"CBT","AGRICULTURE","CN4","CORN","C","CME","12","USD"
"CBT","AGRICULTURE","CN5","CORN","C","CME","12","USD"
"CBT","AGRICULTURE","CO6","SOYBEAN OIL CALENDAR OPTION - OLD/NEW CROP","CO6","CME","25","USD"
"CBT","AGRICULTURE","COY","SOYBEAN OIL CALENDAR OPTION - SAME CROP","COY","CME","25","USD"
"CBT","AGRICULTURE","CVO","BLACK SEA WHEAT (CVB) FINANCIALLY SETTLED (ARGUS) FUTURES","CVB","CME","12","USD"
"CBT","AGRICULTURE","CW3","MAR-JUL WHEAT CSO","CW3","CME","10","USD"
"CBT","AGRICULTURE","CW6","WHEAT CALENDAR OPTION - OLD/NEW CROP","CW6","CME","10","USD"
"CBT","AGRICULTURE","CWM","WHEAT CALENDAR OPTION - SAME CROP","WZC","CME","10","USD"
"CBT","AGRICULTURE","CWN","WHEAT CALENDAR OPTION - OLD/NEW CROP","CW6","CME","10","USD"
"CBT","AGRICULTURE","CZ1","SOYBEANS","S","CME","12","USD"
"CBT","AGRICULTURE","CZ2","SOYBEANS","S","CME","12","USD"
"CBT","AGRICULTURE","CZ3","SOYBEANS","S","CME","12","USD"
"CBT","AGRICULTURE","CZ4","SOYBEANS","S","CME","12","USD"
"CBT","AGRICULTURE","CZ5","SOYBEANS","S","CME","12","USD"
"CBT","AGRICULTURE","HSO","HARD RED SPRING WHEAT FUTURES","HRS","CME","12","USD"
"CBT","AGRICULTURE","K7C","KC HRW CONSECUTIVE CSO","K7C","CME","10","USD"
"CBT","AGRICULTURE","KC3","KC HRW MAR-JUL CSO","KC3","CME","10","USD"
"CBT","AGRICULTURE","KCW","KC HRW WHEAT-WHEAT INTERCOMMODITY SPREAD OPTIONS","KCS","CME","12","USD"
"CBT","AGRICULTURE","KCZ","KC HRW DEC-DEC WHEAT CSO","KCZ","CME","10","USD"
"CBT","AGRICULTURE","KSC","SOYBEAN CALENDAR OPTION - SAME CROP","ZSC","CME","25","USD"
"CBT","AGRICULTURE","KSH","SOYBEAN CSO","KSH","CME","25","USD"
"CBT","AGRICULTURE","KW","KANSAS WHEAT FUTURES","KCW","CME","12","USD"
"CBT","AGRICULTURE","KWO","KANSAS WHEAT FUTURES","KCW","CME","12","USD"
"CBT","AGRICULTURE","LDF","SOYBEAN OIL","07","CME","11","USD"
"CBT","AGRICULTURE","MCG","MINNEAPOLIS - CBOT WHEAT CALENDAR SPREAD OPTION","MCG","CME","25","USD"
"CBT","AGRICULTURE","MFV","UREA (GRANULAR) FOB US GULF FUTURES","UFV","CME","3","USD"
"CBT","AGRICULTURE","MKW","MGEX-KCBT WHEAT SPREAD OPTIONS","MKW","CME","0","USD"
"CBT","AGRICULTURE","MYC","SOYMEAL CALENDAR OPTION - SAME CROP","MYC","CME","25","USD"
"CBT","AGRICULTURE","MZ1","SOYBEAN MEAL","06","CME","20","USD"
"CBT","AGRICULTURE","MZ2","SOYBEAN MEAL","06","CME","20","USD"
"CBT","AGRICULTURE","MZ3","SOYBEAN MEAL","06","CME","20","USD"
"CBT","AGRICULTURE","MZ4","SOYBEAN MEAL","06","CME","20","USD"
"CBT","AGRICULTURE","MZ5","SOYBEAN MEAL","06","CME","20","USD"
"CBT","AGRICULTURE","O","OATS","O","CME","12","USD"
"CBT","AGRICULTURE","OC3","DEC-JUL SOYBEAN OIL CCO","OC3","CME","25","USD"
"CBT","AGRICULTURE","OC4","AUG-DEC SOYBEAN OIL CSO","OC4","CME","10","USD"
"CBT","AGRICULTURE","OC5","SEP-DEC SOYBEAN OIL CSO","OC5","CME","25","USD"
"CBT","AGRICULTURE","ODF","SOYBEAN MEAL","06","CME","20","USD"
"CBT","AGRICULTURE","OK1","KANSAS WHEAT FUTURES","KCW","CME","12","USD"
"CBT","AGRICULTURE","OK2","KANSAS WHEAT FUTURES","KCW","CME","12","USD"
"CBT","AGRICULTURE","OK3","KANSAS WHEAT FUTURES","KCW","CME","12","USD"
"CBT","AGRICULTURE","OK4","KANSAS WHEAT FUTURES","KCW","CME","12","USD"
"CBT","AGRICULTURE","OK5","KANSAS WHEAT FUTURES","KCW","CME","12","USD"
"CBT","AGRICULTURE","OSO","SOYBEAN OILSHARE FUTURES","OSF","CME","11","USD"
"CBT","AGRICULTURE","OZ1","SOYBEAN OIL","07","CME","11","USD"
"CBT","AGRICULTURE","OZ2","SOYBEAN OIL","07","CME","11","USD"
"CBT","AGRICULTURE","OZ3","SOYBEAN OIL","07","CME","11","USD"
"CBT","AGRICULTURE","OZ4","SOYBEAN OIL","07","CME","11","USD"
"CBT","AGRICULTURE","OZ5","SOYBEAN OIL","07","CME","11","USD"
"CBT","AGRICULTURE","PY1","CORN","C","CME","12","USD"
"CBT","AGRICULTURE","PY2","CORN","C","CME","12","USD"
"CBT","AGRICULTURE","PY3","CORN","C","CME","12","USD"
"CBT","AGRICULTURE","PY4","CORN","C","CME","12","USD"
"CBT","AGRICULTURE","PY5","CORN","C","CME","12","USD"
"CBT","AGRICULTURE","PYC","CORN CALENDAR OPTION - SAME CROP","PYC","CME","10","USD"
"CBT","AGRICULTURE","S","SOYBEANS","S","CME","12","USD"
"CBT","AGRICULTURE","S8C","JAN-MAR SOYBEAN CSO","S8C","CME","25","USD"
"CBT","AGRICULTURE","SAM","SOYBEANS","S","CME","12","USD"
"CBT","AGRICULTURE","SBM","SOYBEANS","S","CME","12","USD"
"CBT","AGRICULTURE","SC0","MAR-NOV SOYBEAN CSO","SC0","CME","25","USD"
"CBT","AGRICULTURE","SC1","JUL-JUL SOYBEAN CSO","SC1","CME","40","USD"
"CBT","AGRICULTURE","SC3","NOV-MAR SOYBEAN CSO","SC3","CME","25","USD"
"CBT","AGRICULTURE","SC4","SOYBEAN CSO","KSH","CME","25","USD"
"CBT","AGRICULTURE","SC5","SOYBEAN CALENDAR OPTION - OLD/NEW CROP","SC5","CME","10","USD"
"CBT","AGRICULTURE","SCX","SOYBEAN CALENDAR OPTION - OLD/NEW CROP","SCX","CME","25","USD"
"CBT","AGRICULTURE","SDF","SOYBEANS","S","CME","12","USD"
"CBT","AGRICULTURE","SM3","DEC-JUL SOYBEAN MEAL CCO","SM3","CME","25","USD"
"CBT","AGRICULTURE","SM4","AUG-DEC SOYBEAN MEAL CSO","SM4","CME","25","USD"
"CBT","AGRICULTURE","SM5","SEP-DEC SOYBEAN MEAL CSO","SM5","CME","25","USD"
"CBT","AGRICULTURE","SM6","SOYMEAL CALENDAR OPTION - OLD/NEW CROP","SM6","CME","25","USD"
"CBT","AGRICULTURE","SMA","SOYBEAN MEAL","06","CME","20","USD"
"CBT","AGRICULTURE","SMB","SOYBEAN MEAL","06","CME","20","USD"
"CBT","AGRICULTURE","SMC","SOYBEAN MEAL","06","CME","20","USD"
"CBT","AGRICULTURE","SMD","SOYBEAN MEAL","06","CME","20","USD"
"CBT","AGRICULTURE","SN1","SOYBEANS","S","CME","12","USD"
"CBT","AGRICULTURE","SN2","SOYBEANS","S","CME","12","USD"
"CBT","AGRICULTURE","SN3","SOYBEANS","S","CME","12","USD"
"CBT","AGRICULTURE","SN4","SOYBEANS","S","CME","12","USD"
"CBT","AGRICULTURE","SN5","SOYBEANS","S","CME","12","USD"
"CBT","AGRICULTURE","SOA","SOYBEAN OIL","07","CME","11","USD"
"CBT","AGRICULTURE","SOB","SOYBEAN OIL","07","CME","11","USD"
"CBT","AGRICULTURE","SOC","SOYBEAN OIL","07","CME","11","USD"
"CBT","AGRICULTURE","SOD","SOYBEAN OIL","07","CME","11","USD"
"CBT","AGRICULTURE","SRS","SOYBEANS","S","CME","12","USD"
"CBT","AGRICULTURE","SSC","SOYBEANS","S","CME","12","USD"
"CBT","AGRICULTURE","SSD","SOYBEANS","S","CME","12","USD"
"CBT","AGRICULTURE","SWA","WHEAT","W","CME","12","USD"
"CBT","AGRICULTURE","SWB","WHEAT","W","CME","12","USD"
"CBT","AGRICULTURE","SWC","WHEAT","W","CME","12","USD"
"CBT","AGRICULTURE","SWD","WHEAT","W","CME","12","USD"
"CBT","AGRICULTURE","SX9","SOYBEAN CALENDAR OPTION - SAME CROP","ZSC","CME","25","USD"
"CBT","AGRICULTURE","UGO","UREA (GRANULAR) FOB US GULF FUTURES","UFV","CME","30","USD"
"CBT","AGRICULTURE","UWO","UKRAINIAN WHEAT (PLATTS) FUTURES","UWF","CME","8","USD"
"CBT","AGRICULTURE","W","WHEAT","W","CME","12","USD"
"CBT","AGRICULTURE","WCZ","WHEAT CALENDAR OPTION - DEC/DEC","WCZ","CME","10","USD"
"CBT","AGRICULTURE","WDF","WHEAT","W","CME","12","USD"
"CBT","AGRICULTURE","WEO","EU WHEAT","WEU","CME","0","EUR"
"CBT","AGRICULTURE","WZ1","WHEAT","W","CME","12","USD"
"CBT","AGRICULTURE","WZ2","WHEAT","W","CME","12","USD"
"CBT","AGRICULTURE","WZ3","WHEAT","W","CME","12","USD"
"CBT","AGRICULTURE","WZ4","WHEAT","W","CME","12","USD"
"CBT","AGRICULTURE","WZ5","WHEAT","W","CME","12","USD"
"CBT","AGRICULTURE","WZC","WHEAT CALENDAR OPTION - SAME CROP","WZC","CME","10","USD"
"CBT","AGRICULTURE","XCW","CORN-WHEAT INTER COMMODITY CALENDAR SPREAD OPTION","XCW","CME","10","USD"
"CBT","AGRICULTURE","ZSC","SOYBEAN CALENDAR OPTION - SAME CROP","ZSC","CME","25","USD"
"CBT","EQUITY INDEX","ECD10","EVENT DOW","ECYM","CME","1","USD"
"CBT","EQUITY INDEX","ECD11","EVENT DOW","ECYM","CME","1","USD"
"CBT","EQUITY INDEX","ECD13","EVENT DOW","ECYM","CME","1","USD"
"CBT","EQUITY INDEX","ECD15","EVENT DOW","ECYM","CME","1","USD"
"CBT","EQUITY INDEX","ECYM","EVENT DOW","ECYM","CME","1","USD"
"CBT","ETHANOL","EH","ETHANOL","EH","CME","0","USD"
"CBT","INTEREST RATES","17","U.S. TREASURY BOND","17","CME","27","USD"
"CBT","INTEREST RATES","21","10-YEAR T-NOTE","21","CME","20","USD"
"CBT","INTEREST RATES","25","5-YEAR T-NOTE","25","CME","12","USD"
"CBT","INTEREST RATES","26","2-YEAR T-NOTE","26","CME","10","USD"
"CBT","INTEREST RATES","41","FED FUNDS","41","CME","12","USD"
"CBT","INTEREST RATES","52","U.S. TREASURY BOND","17","CME","27","USD"
"CBT","INTEREST RATES","53","U.S. TREASURY BOND","17","CME","27","USD"
"CBT","INTEREST RATES","531","U.S. TREASURY BOND","17","CME","27","USD"
"CBT","INTEREST RATES","54","10-YEAR T-NOTE","21","CME","20","USD"
"CBT","INTEREST RATES","55","10-YEAR T-NOTE","21","CME","20","USD"
"CBT","INTEREST RATES","551","10-YEAR T-NOTE","21","CME","20","USD"
"CBT","INTEREST RATES","56","ULTRA 10-YEAR U.S. TREASURY NOTE FUTURES","TN","CME","20","USD"
"CBT","INTEREST RATES","57","5-YEAR T-NOTE","25","CME","12","USD"
"CBT","INTEREST RATES","571","5-YEAR T-NOTE","25","CME","12","USD"
"CBT","INTEREST RATES","58","2-YEAR T-NOTE","26","CME","10","USD"
"CBT","INTEREST RATES","59","2-YEAR T-NOTE","26","CME","10","USD"
"CBT","INTEREST RATES","591","2-YEAR T-NOTE","26","CME","10","USD"
"CBT","INTEREST RATES","60","5-YEAR T-NOTE","25","CME","12","USD"
"CBT","INTEREST RATES","97","ULTRA LONG TREASURY BOND","UBE","CME","27","USD"
"CBT","INTEREST RATES","FF1","FED FUNDS","41","CME","12","USD"
"CBT","INTEREST RATES","FF6","FED FUNDS","41","CME","12","USD"
"CBT","INTEREST RATES","FV1","5-YEAR T-NOTE","25","CME","12","USD"
"CBT","INTEREST RATES","FV2","5-YEAR T-NOTE","25","CME","12","USD"
"CBT","INTEREST RATES","FV3","5-YEAR T-NOTE","25","CME","12","USD"
"CBT","INTEREST RATES","FV4","5-YEAR T-NOTE","25","CME","12","USD"
"CBT","INTEREST RATES","FV5","5-YEAR T-NOTE","25","CME","12","USD"
"CBT","INTEREST RATES","GB1","U.S. TREASURY BOND","17","CME","27","USD"
"CBT","INTEREST RATES","GB2","U.S. TREASURY BOND","17","CME","27","USD"
"CBT","INTEREST RATES","GB3","U.S. TREASURY BOND","17","CME","27","USD"
"CBT","INTEREST RATES","GB4","U.S. TREASURY BOND","17","CME","27","USD"
"CBT","INTEREST RATES","GB5","U.S. TREASURY BOND","17","CME","27","USD"
"CBT","INTEREST RATES","GBO","U.S. TREASURY BOND","17","CME","27","USD"
"CBT","INTEREST RATES","GF1","5-YEAR T-NOTE","25","CME","12","USD"
"CBT","INTEREST RATES","GF2","5-YEAR T-NOTE","25","CME","12","USD"
"CBT","INTEREST RATES","GF3","5-YEAR T-NOTE","25","CME","12","USD"
"CBT","INTEREST RATES","GF4","5-YEAR T-NOTE","25","CME","12","USD"
"CBT","INTEREST RATES","GF5","5-YEAR T-NOTE","25","CME","12","USD"
"CBT","INTEREST RATES","GFO","5-YEAR T-NOTE","25","CME","12","USD"
"CBT","INTEREST RATES","GT1","2-YEAR T-NOTE","26","CME","10","USD"
"CBT","INTEREST RATES","GT2","2-YEAR T-NOTE","26","CME","10","USD"
"CBT","INTEREST RATES","GT3","2-YEAR T-NOTE","26","CME","10","USD"
"CBT","INTEREST RATES","GT4","2-YEAR T-NOTE","26","CME","10","USD"
"CBT","INTEREST RATES","GT5","2-YEAR T-NOTE","26","CME","10","USD"
"CBT","INTEREST RATES","GTO","2-YEAR T-NOTE","26","CME","10","USD"
"CBT","INTEREST RATES","GU1","ULTRA LONG TREASURY BOND","UBE","CME","27","USD"
"CBT","INTEREST RATES","GU2","ULTRA LONG TREASURY BOND","UBE","CME","27","USD"
"CBT","INTEREST RATES","GU3","ULTRA LONG TREASURY BOND","UBE","CME","27","USD"
"CBT","INTEREST RATES","GU4","ULTRA LONG TREASURY BOND","UBE","CME","27","USD"
"CBT","INTEREST RATES","GU5","ULTRA LONG TREASURY BOND","UBE","CME","27","USD"
"CBT","INTEREST RATES","GUO","ULTRA LONG TREASURY BOND","UBE","CME","27","USD"
"CBT","INTEREST RATES","GX1","ULTRA 10-YEAR U.S. TREASURY NOTE FUTURES","TN","CME","20","USD"
"CBT","INTEREST RATES","GX2","ULTRA 10-YEAR U.S. TREASURY NOTE FUTURES","TN","CME","20","USD"
"CBT","INTEREST RATES","GX3","ULTRA 10-YEAR U.S. TREASURY NOTE FUTURES","TN","CME","20","USD"
"CBT","INTEREST RATES","GX4","ULTRA 10-YEAR U.S. TREASURY NOTE FUTURES","TN","CME","20","USD"
"CBT","INTEREST RATES","GX5","ULTRA 10-YEAR U.S. TREASURY NOTE FUTURES","TN","CME","20","USD"
"CBT","INTEREST RATES","GXO","ULTRA 10-YEAR U.S. TREASURY NOTE FUTURES","TN","CME","20","USD"
"CBT","INTEREST RATES","GY1","10-YEAR T-NOTE","21","CME","20","USD"
"CBT","INTEREST RATES","GY2","10-YEAR T-NOTE","21","CME","20","USD"
"CBT","INTEREST RATES","GY3","10-YEAR T-NOTE","21","CME","20","USD"
"CBT","INTEREST RATES","GY4","10-YEAR T-NOTE","21","CME","20","USD"
"CBT","INTEREST RATES","GY5","10-YEAR T-NOTE","21","CME","20","USD"
"CBT","INTEREST RATES","GYO","10-YEAR T-NOTE","21","CME","20","USD"
"CBT","INTEREST RATES","HB1","U.S. TREASURY BOND","17","CME","27","USD"
"CBT","INTEREST RATES","HB2","U.S. TREASURY BOND","17","CME","27","USD"
"CBT","INTEREST RATES","HB3","U.S. TREASURY BOND","17","CME","27","USD"
"CBT","INTEREST RATES","HB4","U.S. TREASURY BOND","17","CME","27","USD"
"CBT","INTEREST RATES","HB5","U.S. TREASURY BOND","17","CME","27","USD"
"CBT","INTEREST RATES","HBP","U.S. TREASURY BOND","17","CME","27","USD"
"CBT","INTEREST RATES","HF1","5-YEAR T-NOTE","25","CME","12","USD"
"CBT","INTEREST RATES","HF2","5-YEAR T-NOTE","25","CME","12","USD"
"CBT","INTEREST RATES","HF3","5-YEAR T-NOTE","25","CME","12","USD"
"CBT","INTEREST RATES","HF4","5-YEAR T-NOTE","25","CME","12","USD"
"CBT","INTEREST RATES","HF5","5-YEAR T-NOTE","25","CME","12","USD"
"CBT","INTEREST RATES","HFP","5-YEAR T-NOTE","25","CME","12","USD"
"CBT","INTEREST RATES","HT1","2-YEAR T-NOTE","26","CME","10","USD"
"CBT","INTEREST RATES","HT2","2-YEAR T-NOTE","26","CME","10","USD"
"CBT","INTEREST RATES","HT3","2-YEAR T-NOTE","26","CME","10","USD"
"CBT","INTEREST RATES","HT4","2-YEAR T-NOTE","26","CME","10","USD"
"CBT","INTEREST RATES","HT5","2-YEAR T-NOTE","26","CME","10","USD"
"CBT","INTEREST RATES","HTP","2-YEAR T-NOTE","26","CME","10","USD"
"CBT","INTEREST RATES","HU1","ULTRA LONG TREASURY BOND","UBE","CME","27","USD"
"CBT","INTEREST RATES","HU2","ULTRA LONG TREASURY BOND","UBE","CME","27","USD"
"CBT","INTEREST RATES","HU3","ULTRA LONG TREASURY BOND","UBE","CME","27","USD"
"CBT","INTEREST RATES","HU4","ULTRA LONG TREASURY BOND","UBE","CME","27","USD"
"CBT","INTEREST RATES","HU5","ULTRA LONG TREASURY BOND","UBE","CME","27","USD"
"CBT","INTEREST RATES","HUO","ULTRA LONG TREASURY BOND","UBE","CME","27","USD"
"CBT","INTEREST RATES","HX1","ULTRA 10-YEAR U.S. TREASURY NOTE FUTURES","TN","CME","20","USD"
"CBT","INTEREST RATES","HX2","ULTRA 10-YEAR U.S. TREASURY NOTE FUTURES","TN","CME","20","USD"
"CBT","INTEREST RATES","HX3","ULTRA 10-YEAR U.S. TREASURY NOTE FUTURES","TN","CME","20","USD"
"CBT","INTEREST RATES","HX4","ULTRA 10-YEAR U.S. TREASURY NOTE FUTURES","TN","CME","20","USD"
"CBT","INTEREST RATES","HX5","ULTRA 10-YEAR U.S. TREASURY NOTE FUTURES","TN","CME","20","USD"
"CBT","INTEREST RATES","HXO","ULTRA 10-YEAR U.S. TREASURY NOTE FUTURES","TN","CME","20","USD"
"CBT","INTEREST RATES","HY1","10-YEAR T-NOTE","21","CME","20","USD"
"CBT","INTEREST RATES","HY2","10-YEAR T-NOTE","21","CME","20","USD"
"CBT","INTEREST RATES","HY3","10-YEAR T-NOTE","21","CME","20","USD"
"CBT","INTEREST RATES","HY4","10-YEAR T-NOTE","21","CME","20","USD"
"CBT","INTEREST RATES","HY5","10-YEAR T-NOTE","21","CME","20","USD"
"CBT","INTEREST RATES","HYO","10-YEAR T-NOTE","21","CME","20","USD"
"CBT","INTEREST RATES","TN","ULTRA 10-YEAR U.S. TREASURY NOTE FUTURES","TN","CME","20","USD"
"CBT","INTEREST RATES","TN1","ULTRA 10-YEAR U.S. TREASURY NOTE FUTURES","TN","CME","20","USD"
"CBT","INTEREST RATES","TN2","ULTRA 10-YEAR U.S. TREASURY NOTE FUTURES","TN","CME","20","USD"
"CBT","INTEREST RATES","TN3","ULTRA 10-YEAR U.S. TREASURY NOTE FUTURES","TN","CME","20","USD"
"CBT","INTEREST RATES","TN4","ULTRA 10-YEAR U.S. TREASURY NOTE FUTURES","TN","CME","20","USD"
"CBT","INTEREST RATES","TN5","ULTRA 10-YEAR U.S. TREASURY NOTE FUTURES","TN","CME","20","USD"
"CBT","INTEREST RATES","TNW","ULTRA 10-YEAR U.S. TREASURY NOTE FUTURES","TN","CME","20","USD"
"CBT","INTEREST RATES","TW1","2-YEAR T-NOTE","26","CME","10","USD"
"CBT","INTEREST RATES","TW2","2-YEAR T-NOTE","26","CME","10","USD"
"CBT","INTEREST RATES","TW3","2-YEAR T-NOTE","26","CME","10","USD"
"CBT","INTEREST RATES","TW4","2-YEAR T-NOTE","26","CME","10","USD"
"CBT","INTEREST RATES","TW5","2-YEAR T-NOTE","26","CME","10","USD"
"CBT","INTEREST RATES","TY1","10-YEAR T-NOTE","21","CME","20","USD"
"CBT","INTEREST RATES","TY2","10-YEAR T-NOTE","21","CME","20","USD"
"CBT","INTEREST RATES","TY3","10-YEAR T-NOTE","21","CME","20","USD"
"CBT","INTEREST RATES","TY4","10-YEAR T-NOTE","21","CME","20","USD"
"CBT","INTEREST RATES","TY5","10-YEAR T-NOTE","21","CME","20","USD"
"CBT","INTEREST RATES","UBE","ULTRA LONG TREASURY BOND","UBE","CME","27","USD"
"CBT","INTEREST RATES","UL1","ULTRA LONG TREASURY BOND","UBE","CME","27","USD"
"CBT","INTEREST RATES","UL2","ULTRA LONG TREASURY BOND","UBE","CME","27","USD"
"CBT","INTEREST RATES","UL3","ULTRA LONG TREASURY BOND","UBE","CME","27","USD"
"CBT","INTEREST RATES","UL4","ULTRA LONG TREASURY BOND","UBE","CME","27","USD"
"CBT","INTEREST RATES","UL5","ULTRA LONG TREASURY BOND","UBE","CME","27","USD"
"CBT","INTEREST RATES","US1","U.S. TREASURY BOND","17","CME","27","USD"
"CBT","INTEREST RATES","US2","U.S. TREASURY BOND","17","CME","27","USD"
"CBT","INTEREST RATES","US3","U.S. TREASURY BOND","17","CME","27","USD"
"CBT","INTEREST RATES","US4","U.S. TREASURY BOND","17","CME","27","USD"
"CBT","INTEREST RATES","US5","U.S. TREASURY BOND","17","CME","27","USD"
"CBT","INTEREST RATES","VB1","U.S. TREASURY BOND","17","CME","27","USD"
"CBT","INTEREST RATES","VB2","U.S. TREASURY BOND","17","CME","27","USD"
"CBT","INTEREST RATES","VB3","U.S. TREASURY BOND","17","CME","27","USD"
"CBT","INTEREST RATES","VB4","U.S. TREASURY BOND","17","CME","27","USD"
"CBT","INTEREST RATES","VB5","U.S. TREASURY BOND","17","CME","27","USD"
"CBT","INTEREST RATES","VBO","U.S. TREASURY BOND","17","CME","27","USD"
"CBT","INTEREST RATES","VF1","5-YEAR T-NOTE","25","CME","12","USD"
"CBT","INTEREST RATES","VF2","5-YEAR T-NOTE","25","CME","12","USD"
"CBT","INTEREST RATES","VF3","5-YEAR T-NOTE","25","CME","12","USD"
"CBT","INTEREST RATES","VF4","5-YEAR T-NOTE","25","CME","12","USD"
"CBT","INTEREST RATES","VF5","5-YEAR T-NOTE","25","CME","12","USD"
"CBT","INTEREST RATES","VFO","5-YEAR T-NOTE","25","CME","12","USD"
"CBT","INTEREST RATES","VT1","2-YEAR T-NOTE","26","CME","10","USD"
"CBT","INTEREST RATES","VT2","2-YEAR T-NOTE","26","CME","10","USD"
"CBT","INTEREST RATES","VT3","2-YEAR T-NOTE","26","CME","10","USD"
"CBT","INTEREST RATES","VT4","2-YEAR T-NOTE","26","CME","10","USD"
"CBT","INTEREST RATES","VT5","2-YEAR T-NOTE","26","CME","10","USD"
"CBT","INTEREST RATES","VTO","2-YEAR T-NOTE","26","CME","10","USD"
"CBT","INTEREST RATES","VU1","ULTRA LONG TREASURY BOND","UBE","CME","27","USD"
"CBT","INTEREST RATES","VU2","ULTRA LONG TREASURY BOND","UBE","CME","27","USD"
"CBT","INTEREST RATES","VU3","ULTRA LONG TREASURY BOND","UBE","CME","27","USD"
"CBT","INTEREST RATES","VU4","ULTRA LONG TREASURY BOND","UBE","CME","27","USD"
"CBT","INTEREST RATES","VU5","ULTRA LONG TREASURY BOND","UBE","CME","27","USD"
"CBT","INTEREST RATES","VUO","ULTRA LONG TREASURY BOND","UBE","CME","27","USD"
"CBT","INTEREST RATES","VX1","ULTRA 10-YEAR U.S. TREASURY NOTE FUTURES","TN","CME","20","USD"
"CBT","INTEREST RATES","VX2","ULTRA 10-YEAR U.S. TREASURY NOTE FUTURES","TN","CME","20","USD"
"CBT","INTEREST RATES","VX3","ULTRA 10-YEAR U.S. TREASURY NOTE FUTURES","TN","CME","20","USD"
"CBT","INTEREST RATES","VX4","ULTRA 10-YEAR U.S. TREASURY NOTE FUTURES","TN","CME","20","USD"
"CBT","INTEREST RATES","VX5","ULTRA 10-YEAR U.S. TREASURY NOTE FUTURES","TN","CME","20","USD"
"CBT","INTEREST RATES","VXO","ULTRA 10-YEAR U.S. TREASURY NOTE FUTURES","TN","CME","20","USD"
"CBT","INTEREST RATES","VY1","10-YEAR T-NOTE","21","CME","20","USD"
"CBT","INTEREST RATES","VY2","10-YEAR T-NOTE","21","CME","20","USD"
"CBT","INTEREST RATES","VY3","10-YEAR T-NOTE","21","CME","20","USD"
"CBT","INTEREST RATES","VY4","10-YEAR T-NOTE","21","CME","20","USD"
"CBT","INTEREST RATES","VY5","10-YEAR T-NOTE","21","CME","20","USD"
"CBT","INTEREST RATES","VYO","10-YEAR T-NOTE","21","CME","20","USD"
"CBT","INTEREST RATES","WB1","U.S. TREASURY BOND","17","CME","27","USD"
"CBT","INTEREST RATES","WB2","U.S. TREASURY BOND","17","CME","27","USD"
"CBT","INTEREST RATES","WB3","U.S. TREASURY BOND","17","CME","27","USD"
"CBT","INTEREST RATES","WB4","U.S. TREASURY BOND","17","CME","27","USD"
"CBT","INTEREST RATES","WB5","U.S. TREASURY BOND","17","CME","27","USD"
"CBT","INTEREST RATES","WBW","U.S. TREASURY BOND","17","CME","27","USD"
"CBT","INTEREST RATES","WF1","5-YEAR T-NOTE","25","CME","12","USD"
"CBT","INTEREST RATES","WF2","5-YEAR T-NOTE","25","CME","12","USD"
"CBT","INTEREST RATES","WF3","5-YEAR T-NOTE","25","CME","12","USD"
"CBT","INTEREST RATES","WF4","5-YEAR T-NOTE","25","CME","12","USD"
"CBT","INTEREST RATES","WF5","5-YEAR T-NOTE","25","CME","12","USD"
"CBT","INTEREST RATES","WFW","5-YEAR T-NOTE","25","CME","12","USD"
"CBT","INTEREST RATES","WT1","2-YEAR T-NOTE","26","CME","10","USD"
"CBT","INTEREST RATES","WT2","2-YEAR T-NOTE","26","CME","10","USD"
"CBT","INTEREST RATES","WT3","2-YEAR T-NOTE","26","CME","10","USD"
"CBT","INTEREST RATES","WT4","2-YEAR T-NOTE","26","CME","10","USD"
"CBT","INTEREST RATES","WT5","2-YEAR T-NOTE","26","CME","10","USD"
"CBT","INTEREST RATES","WTW","2-YEAR T-NOTE","26","CME","10","USD"
"CBT","INTEREST RATES","WU1","ULTRA LONG TREASURY BOND","UBE","CME","27","USD"
"CBT","INTEREST RATES","WU2","ULTRA LONG TREASURY BOND","UBE","CME","27","USD"
"CBT","INTEREST RATES","WU3","ULTRA LONG TREASURY BOND","UBE","CME","27","USD"
"CBT","INTEREST RATES","WU4","ULTRA LONG TREASURY BOND","UBE","CME","27","USD"
"CBT","INTEREST RATES","WU5","ULTRA LONG TREASURY BOND","UBE","CME","27","USD"
"CBT","INTEREST RATES","WUW","ULTRA LONG TREASURY BOND","UBE","CME","27","USD"
"CBT","INTEREST RATES","WX1","ULTRA 10-YEAR U.S. TREASURY NOTE FUTURES","TN","CME","20","USD"
"CBT","INTEREST RATES","WX2","ULTRA 10-YEAR U.S. TREASURY NOTE FUTURES","TN","CME","20","USD"
"CBT","INTEREST RATES","WX3","ULTRA 10-YEAR U.S. TREASURY NOTE FUTURES","TN","CME","20","USD"
"CBT","INTEREST RATES","WX4","ULTRA 10-YEAR U.S. TREASURY NOTE FUTURES","TN","CME","20","USD"
"CBT","INTEREST RATES","WX5","ULTRA 10-YEAR U.S. TREASURY NOTE FUTURES","TN","CME","20","USD"
"CBT","INTEREST RATES","WXW","ULTRA 10-YEAR U.S. TREASURY NOTE FUTURES","TN","CME","20","USD"
"CBT","INTEREST RATES","WY1","10-YEAR T-NOTE","21","CME","20","USD"
"CBT","INTEREST RATES","WY2","10-YEAR T-NOTE","21","CME","20","USD"
"CBT","INTEREST RATES","WY3","10-YEAR T-NOTE","21","CME","20","USD"
"CBT","INTEREST RATES","WY4","10-YEAR T-NOTE","21","CME","20","USD"
"CBT","INTEREST RATES","WY5","10-YEAR T-NOTE","21","CME","20","USD"
"CBT","INTEREST RATES","WYW","10-YEAR T-NOTE","21","CME","20","USD"
"CME","AGRICULTURE","48","LIVE CATTLE","LC","CME","16","USD"
"CME","AGRICULTURE","62","FEEDER CATTLE","FC","CME","29","USD"
"CME","AGRICULTURE","8F","FEEDER CATTLE","FC","CME","29","USD"
"CME","AGRICULTURE","8H","LEAN HOG","LN","CME","18","USD"
"CME","AGRICULTURE","8K","LIVE CATTLE","LC","CME","16","USD"
"CME","AGRICULTURE","8M","MILK CLASS III","DA","CME","10","USD"
"CME","AGRICULTURE","8X","MILK CLASS IV","DK","CME","10","USD"
"CME","AGRICULTURE","9F","FEEDER CATTLE","FC","CME","29","USD"
"CME","AGRICULTURE","9F1","FEEDER CATTLE","FC","CME","29","USD"
"CME","AGRICULTURE","9H","LEAN HOG","LN","CME","18","USD"
"CME","AGRICULTURE","9H1","LEAN HOG","LN","CME","18","USD"
"CME","AGRICULTURE","9K","LIVE CATTLE","LC","CME","16","USD"
"CME","AGRICULTURE","9K1","LIVE CATTLE","LC","CME","16","USD"
"CME","AGRICULTURE","9X","MILK CLASS IV","DK","CME","10","USD"
"CME","AGRICULTURE","9X1","MILK CLASS IV","DK","CME","10","USD"
"CME","AGRICULTURE","BLK","BLOCK CHEESE","BLK","CME","10","USD"
"CME","AGRICULTURE","C0A","LIVE CATTLE 2 MONTH CALENDAR SPREAD OPTION","C0A","CME","25","USD"
"CME","AGRICULTURE","C0B","LIVE CATTLE 4 MONTH CALENDAR SPREAD OPTION","C0B","CME","25","USD"
"CME","AGRICULTURE","C0C","LIVE CATTLE 6 MONTH CALENDAR SPREAD OPTION","C0C","CME","25","USD"
"CME","AGRICULTURE","CB","CASH SETTLED BUTTER","DB","CME","8","USD"
"CME","AGRICULTURE","CSC","CASH SETTLED CHEESE","CSC","CME","10","USD"
"CME","AGRICULTURE","DA","MILK CLASS III","DA","CME","10","USD"
"CME","AGRICULTURE","DK","MILK CLASS IV","DK","CME","10","USD"
"CME","AGRICULTURE","DV","LIVE CATTLE","LC","CME","16","USD"
"CME","AGRICULTURE","DY","DRY WHEY","DY","CME","8","USD"
"CME","AGRICULTURE","JQ","MILK CLASS III","DA","CME","5","USD"
"CME","AGRICULTURE","L1C","LIVE CATTLE","LC","CME","16","USD"
"CME","AGRICULTURE","L2C","LIVE CATTLE","LC","CME","16","USD"
"CME","AGRICULTURE","L3C","LIVE CATTLE","LC","CME","16","USD"
"CME","AGRICULTURE","L4C","LIVE CATTLE","LC","CME","16","USD"
"CME","AGRICULTURE","L5C","LIVE CATTLE","LC","CME","16","USD"
"CME","AGRICULTURE","LB","RANDOM LENGTH LUMBER","LB","CME","90","USD"
"CME","AGRICULTURE","LBR","LUMBER FUTURES","LBR","CME","90","USD"
"CME","AGRICULTURE","LC1","LIVE CATTLE","LC","CME","16","USD"
"CME","AGRICULTURE","LC2","LIVE CATTLE","LC","CME","16","USD"
"CME","AGRICULTURE","LC3","LIVE CATTLE","LC","CME","16","USD"
"CME","AGRICULTURE","LC4","LIVE CATTLE","LC","CME","16","USD"
"CME","AGRICULTURE","LC5","LIVE CATTLE","LC","CME","16","USD"
"CME","AGRICULTURE","LN","LEAN HOG","LN","CME","18","USD"
"CME","AGRICULTURE","NF","NONFAT DRY MILK","NF","CME","7","USD"
"CME","AGRICULTURE","POO","CRUDE PALM OIL","CPO","CME","50","USD"
"CME","AGRICULTURE","POX","USD MALAYSIAN CRUDE PALM OIL DAY 15TH BULLET FUTURES","CPV","CME","50","USD"
"CME","AGRICULTURE","PRK","PORK CUTOUT FUTURES","PCF","CME","18","USD"
"CME","AGRICULTURE","SYP","SOUTHERN YELLOW PINE (FASTMARKETS) FUTURES","SYP","CME","90","USD"
"CME","AGRICULTURE","WLC","LIVE CATTLE","LC","CME","16","USD"
"CME","CRYPTOCURRENCIES","BFF","BITCOIN FRIDAY FUTURES","BFF","CME","200","USD"
"CME","CRYPTOCURRENCIES","BTC","BITCOIN FUTURES","BTC","CME","200","USD"
"CME","CRYPTOCURRENCIES","ETH","ETHER FUTURES","ETH","CME","200","USD"
"CME","CRYPTOCURRENCIES","MSF1","SOL FUTURES","SOL","CME","10","USD"
"CME","CRYPTOCURRENCIES","MSF2","SOL FUTURES","SOL","CME","10","USD"
"CME","CRYPTOCURRENCIES","MSF3","SOL FUTURES","SOL","CME","10","USD"
"CME","CRYPTOCURRENCIES","MSF4","SOL FUTURES","SOL","CME","10","USD"
"CME","CRYPTOCURRENCIES","MSH1","SOL FUTURES","SOL","CME","10","USD"
"CME","CRYPTOCURRENCIES","MSH2","SOL FUTURES","SOL","CME","10","USD"
"CME","CRYPTOCURRENCIES","MSH3","SOL FUTURES","SOL","CME","10","USD"
"CME","CRYPTOCURRENCIES","MSH4","SOL FUTURES","SOL","CME","10","USD"
"CME","CRYPTOCURRENCIES","MSH5","SOL FUTURES","SOL","CME","10","USD"
"CME","CRYPTOCURRENCIES","MSL","SOL FUTURES","SOL","CME","10","USD"
"CME","CRYPTOCURRENCIES","MSM1","SOL FUTURES","SOL","CME","10","USD"
"CME","CRYPTOCURRENCIES","MSM2","SOL FUTURES","SOL","CME","10","USD"
"CME","CRYPTOCURRENCIES","MSM3","SOL FUTURES","SOL","CME","10","USD"
"CME","CRYPTOCURRENCIES","MSM4","SOL FUTURES","SOL","CME","10","USD"
"CME","CRYPTOCURRENCIES","MSM5","SOL FUTURES","SOL","CME","10","USD"
"CME","CRYPTOCURRENCIES","MST1","SOL FUTURES","SOL","CME","10","USD"
"CME","CRYPTOCURRENCIES","MST2","SOL FUTURES","SOL","CME","10","USD"
"CME","CRYPTOCURRENCIES","MST3","SOL FUTURES","SOL","CME","10","USD"
"CME","CRYPTOCURRENCIES","MST4","SOL FUTURES","SOL","CME","10","USD"
"CME","CRYPTOCURRENCIES","MST5","SOL FUTURES","SOL","CME","10","USD"
"CME","CRYPTOCURRENCIES","MSW1","SOL FUTURES","SOL","CME","10","USD"
"CME","CRYPTOCURRENCIES","MSW2","SOL FUTURES","SOL","CME","10","USD"
"CME","CRYPTOCURRENCIES","MSW3","SOL FUTURES","SOL","CME","10","USD"
"CME","CRYPTOCURRENCIES","MSW4","SOL FUTURES","SOL","CME","10","USD"
"CME","CRYPTOCURRENCIES","MSW5","SOL FUTURES","SOL","CME","10","USD"
"CME","CRYPTOCURRENCIES","MXF1","XRP FUTURES","XRP","CME","10","USD"
"CME","CRYPTOCURRENCIES","MXF2","XRP FUTURES","XRP","CME","10","USD"
"CME","CRYPTOCURRENCIES","MXF3","XRP FUTURES","XRP","CME","10","USD"
"CME","CRYPTOCURRENCIES","MXF4","XRP FUTURES","XRP","CME","10","USD"
"CME","CRYPTOCURRENCIES","MXH1","XRP FUTURES","XRP","CME","10","USD"
"CME","CRYPTOCURRENCIES","MXH2","XRP FUTURES","XRP","CME","10","USD"
"CME","CRYPTOCURRENCIES","MXH3","XRP FUTURES","XRP","CME","10","USD"
"CME","CRYPTOCURRENCIES","MXH4","XRP FUTURES","XRP","CME","10","USD"
"CME","CRYPTOCURRENCIES","MXH5","XRP FUTURES","XRP","CME","10","USD"
"CME","CRYPTOCURRENCIES","MXM1","XRP FUTURES","XRP","CME","10","USD"
"CME","CRYPTOCURRENCIES","MXM2","XRP FUTURES","XRP","CME","10","USD"
"CME","CRYPTOCURRENCIES","MXM3","XRP FUTURES","XRP","CME","10","USD"
"CME","CRYPTOCURRENCIES","MXM4","XRP FUTURES","XRP","CME","10","USD"
"CME","CRYPTOCURRENCIES","MXM5","XRP FUTURES","XRP","CME","10","USD"
"CME","CRYPTOCURRENCIES","MXP","XRP FUTURES","XRP","CME","10","USD"
"CME","CRYPTOCURRENCIES","MXT1","XRP FUTURES","XRP","CME","10","USD"
"CME","CRYPTOCURRENCIES","MXT2","XRP FUTURES","XRP","CME","10","USD"
"CME","CRYPTOCURRENCIES","MXT3","XRP FUTURES","XRP","CME","10","USD"
"CME","CRYPTOCURRENCIES","MXT4","XRP FUTURES","XRP","CME","10","USD"
"CME","CRYPTOCURRENCIES","MXT5","XRP FUTURES","XRP","CME","10","USD"
"CME","CRYPTOCURRENCIES","MXW1","XRP FUTURES","XRP","CME","10","USD"
"CME","CRYPTOCURRENCIES","MXW2","XRP FUTURES","XRP","CME","10","USD"
"CME","CRYPTOCURRENCIES","MXW3","XRP FUTURES","XRP","CME","10","USD"
"CME","CRYPTOCURRENCIES","MXW4","XRP FUTURES","XRP","CME","10","USD"
"CME","CRYPTOCURRENCIES","MXW5","XRP FUTURES","XRP","CME","10","USD"
"CME","CRYPTOCURRENCIES","P1A","BITCOIN FUTURES","BTC","CME","200","USD"
"CME","CRYPTOCURRENCIES","P1B","BITCOIN FUTURES","BTC","CME","200","USD"
"CME","CRYPTOCURRENCIES","P1C","BITCOIN FUTURES","BTC","CME","200","USD"
"CME","CRYPTOCURRENCIES","P1D","BITCOIN FUTURES","BTC","CME","200","USD"
"CME","CRYPTOCURRENCIES","P1E","BITCOIN FUTURES","BTC","CME","200","USD"
"CME","CRYPTOCURRENCIES","P2A","BITCOIN FUTURES","BTC","CME","200","USD"
"CME","CRYPTOCURRENCIES","P2B","BITCOIN FUTURES","BTC","CME","200","USD"
"CME","CRYPTOCURRENCIES","P2C","BITCOIN FUTURES","BTC","CME","200","USD"
"CME","CRYPTOCURRENCIES","P2D","BITCOIN FUTURES","BTC","CME","200","USD"
"CME","CRYPTOCURRENCIES","P2E","BITCOIN FUTURES","BTC","CME","200","USD"
"CME","CRYPTOCURRENCIES","P3A","BITCOIN FUTURES","BTC","CME","200","USD"
"CME","CRYPTOCURRENCIES","P3B","BITCOIN FUTURES","BTC","CME","200","USD"
"CME","CRYPTOCURRENCIES","P3C","BITCOIN FUTURES","BTC","CME","200","USD"
"CME","CRYPTOCURRENCIES","P3D","BITCOIN FUTURES","BTC","CME","200","USD"
"CME","CRYPTOCURRENCIES","P3E","BITCOIN FUTURES","BTC","CME","200","USD"
"CME","CRYPTOCURRENCIES","P4A","BITCOIN FUTURES","BTC","CME","200","USD"
"CME","CRYPTOCURRENCIES","P4B","BITCOIN FUTURES","BTC","CME","200","USD"
"CME","CRYPTOCURRENCIES","P4C","BITCOIN FUTURES","BTC","CME","200","USD"
"CME","CRYPTOCURRENCIES","P4D","BITCOIN FUTURES","BTC","CME","200","USD"
"CME","CRYPTOCURRENCIES","P4E","BITCOIN FUTURES","BTC","CME","200","USD"
"CME","CRYPTOCURRENCIES","P5A","BITCOIN FUTURES","BTC","CME","200","USD"
"CME","CRYPTOCURRENCIES","P5B","BITCOIN FUTURES","BTC","CME","200","USD"
"CME","CRYPTOCURRENCIES","P5C","BITCOIN FUTURES","BTC","CME","200","USD"
"CME","CRYPTOCURRENCIES","P5D","BITCOIN FUTURES","BTC","CME","200","USD"
"CME","CRYPTOCURRENCIES","SOF1","SOL FUTURES","SOL","CME","200","USD"
"CME","CRYPTOCURRENCIES","SOF2","SOL FUTURES","SOL","CME","200","USD"
"CME","CRYPTOCURRENCIES","SOF3","SOL FUTURES","SOL","CME","200","USD"
"CME","CRYPTOCURRENCIES","SOF4","SOL FUTURES","SOL","CME","200","USD"
"CME","CRYPTOCURRENCIES","SOH1","SOL FUTURES","SOL","CME","200","USD"
"CME","CRYPTOCURRENCIES","SOH2","SOL FUTURES","SOL","CME","200","USD"
"CME","CRYPTOCURRENCIES","SOH3","SOL FUTURES","SOL","CME","200","USD"
"CME","CRYPTOCURRENCIES","SOH4","SOL FUTURES","SOL","CME","200","USD"
"CME","CRYPTOCURRENCIES","SOH5","SOL FUTURES","SOL","CME","200","USD"
"CME","CRYPTOCURRENCIES","SOL","SOL FUTURES","SOL","CME","200","USD"
"CME","CRYPTOCURRENCIES","SOM1","SOL FUTURES","SOL","CME","200","USD"
"CME","CRYPTOCURRENCIES","SOM2","SOL FUTURES","SOL","CME","200","USD"
"CME","CRYPTOCURRENCIES","SOM3","SOL FUTURES","SOL","CME","200","USD"
"CME","CRYPTOCURRENCIES","SOM4","SOL FUTURES","SOL","CME","200","USD"
"CME","CRYPTOCURRENCIES","SOM5","SOL FUTURES","SOL","CME","200","USD"
"CME","CRYPTOCURRENCIES","SOT1","SOL FUTURES","SOL","CME","200","USD"
"CME","CRYPTOCURRENCIES","SOT2","SOL FUTURES","SOL","CME","200","USD"
"CME","CRYPTOCURRENCIES","SOT3","SOL FUTURES","SOL","CME","200","USD"
"CME","CRYPTOCURRENCIES","SOT4","SOL FUTURES","SOL","CME","200","USD"
"CME","CRYPTOCURRENCIES","SOT5","SOL FUTURES","SOL","CME","200","USD"
"CME","CRYPTOCURRENCIES","SOW1","SOL FUTURES","SOL","CME","200","USD"
"CME","CRYPTOCURRENCIES","SOW2","SOL FUTURES","SOL","CME","200","USD"
"CME","CRYPTOCURRENCIES","SOW3","SOL FUTURES","SOL","CME","200","USD"
"CME","CRYPTOCURRENCIES","SOW4","SOL FUTURES","SOL","CME","200","USD"
"CME","CRYPTOCURRENCIES","SOW5","SOL FUTURES","SOL","CME","200","USD"
"CME","CRYPTOCURRENCIES","V1A","ETHER FUTURES","ETH","CME","0","USD"
"CME","CRYPTOCURRENCIES","V1B","ETHER FUTURES","ETH","CME","0","USD"
"CME","CRYPTOCURRENCIES","V1C","ETHER FUTURES","ETH","CME","0","USD"
"CME","CRYPTOCURRENCIES","V1D","ETHER FUTURES","ETH","CME","0","USD"
"CME","CRYPTOCURRENCIES","V1E","ETHER FUTURES","ETH","CME","0","USD"
"CME","CRYPTOCURRENCIES","V2A","ETHER FUTURES","ETH","CME","0","USD"
"CME","CRYPTOCURRENCIES","V2B","ETHER FUTURES","ETH","CME","0","USD"
"CME","CRYPTOCURRENCIES","V2C","ETHER FUTURES","ETH","CME","0","USD"
"CME","CRYPTOCURRENCIES","V2D","ETHER FUTURES","ETH","CME","0","USD"
"CME","CRYPTOCURRENCIES","V2E","ETHER FUTURES","ETH","CME","0","USD"
"CME","CRYPTOCURRENCIES","V3A","ETHER FUTURES","ETH","CME","0","USD"
"CME","CRYPTOCURRENCIES","V3B","ETHER FUTURES","ETH","CME","0","USD"
"CME","CRYPTOCURRENCIES","V3C","ETHER FUTURES","ETH","CME","0","USD"
"CME","CRYPTOCURRENCIES","V3D","ETHER FUTURES","ETH","CME","0","USD"
"CME","CRYPTOCURRENCIES","V3E","ETHER FUTURES","ETH","CME","0","USD"
"CME","CRYPTOCURRENCIES","V4A","ETHER FUTURES","ETH","CME","0","USD"
"CME","CRYPTOCURRENCIES","V4B","ETHER FUTURES","ETH","CME","0","USD"
"CME","CRYPTOCURRENCIES","V4C","ETHER FUTURES","ETH","CME","0","USD"
"CME","CRYPTOCURRENCIES","V4D","ETHER FUTURES","ETH","CME","0","USD"
"CME","CRYPTOCURRENCIES","V4E","ETHER FUTURES","ETH","CME","0","USD"
"CME","CRYPTOCURRENCIES","V5A","ETHER FUTURES","ETH","CME","0","USD"
"CME","CRYPTOCURRENCIES","V5B","ETHER FUTURES","ETH","CME","0","USD"
"CME","CRYPTOCURRENCIES","V5C","ETHER FUTURES","ETH","CME","0","USD"
"CME","CRYPTOCURRENCIES","V5D","ETHER FUTURES","ETH","CME","0","USD"
"CME","CRYPTOCURRENCIES","VM","ETHER FUTURES","ETH","CME","0","USD"
"CME","CRYPTOCURRENCIES","W1A","BITCOIN FUTURES","BTC","CME","4","USD"
"CME","CRYPTOCURRENCIES","W1B","BITCOIN FUTURES","BTC","CME","4","USD"
"CME","CRYPTOCURRENCIES","W1C","BITCOIN FUTURES","BTC","CME","4","USD"
"CME","CRYPTOCURRENCIES","W1D","BITCOIN FUTURES","BTC","CME","4","USD"
"CME","CRYPTOCURRENCIES","W1E","BITCOIN FUTURES","BTC","CME","4","USD"
"CME","CRYPTOCURRENCIES","W2A","BITCOIN FUTURES","BTC","CME","4","USD"
"CME","CRYPTOCURRENCIES","W2B","BITCOIN FUTURES","BTC","CME","4","USD"
"CME","CRYPTOCURRENCIES","W2C","BITCOIN FUTURES","BTC","CME","4","USD"
"CME","CRYPTOCURRENCIES","W2D","BITCOIN FUTURES","BTC","CME","4","USD"
"CME","CRYPTOCURRENCIES","W2E","BITCOIN FUTURES","BTC","CME","4","USD"
"CME","CRYPTOCURRENCIES","W3A","BITCOIN FUTURES","BTC","CME","4","USD"
"CME","CRYPTOCURRENCIES","W3B","BITCOIN FUTURES","BTC","CME","4","USD"
"CME","CRYPTOCURRENCIES","W3C","BITCOIN FUTURES","BTC","CME","4","USD"
"CME","CRYPTOCURRENCIES","W3D","BITCOIN FUTURES","BTC","CME","4","USD"
"CME","CRYPTOCURRENCIES","W3E","BITCOIN FUTURES","BTC","CME","4","USD"
"CME","CRYPTOCURRENCIES","W4A","BITCOIN FUTURES","BTC","CME","4","USD"
"CME","CRYPTOCURRENCIES","W4B","BITCOIN FUTURES","BTC","CME","4","USD"
"CME","CRYPTOCURRENCIES","W4C","BITCOIN FUTURES","BTC","CME","4","USD"
"CME","CRYPTOCURRENCIES","W4D","BITCOIN FUTURES","BTC","CME","4","USD"
"CME","CRYPTOCURRENCIES","W4E","BITCOIN FUTURES","BTC","CME","4","USD"
"CME","CRYPTOCURRENCIES","W5A","BITCOIN FUTURES","BTC","CME","4","USD"
"CME","CRYPTOCURRENCIES","W5B","BITCOIN FUTURES","BTC","CME","4","USD"
"CME","CRYPTOCURRENCIES","W5C","BITCOIN FUTURES","BTC","CME","4","USD"
"CME","CRYPTOCURRENCIES","W5D","BITCOIN FUTURES","BTC","CME","4","USD"
"CME","CRYPTOCURRENCIES","WM","BITCOIN FUTURES","BTC","CME","4","USD"
"CME","CRYPTOCURRENCIES","XPF1","XRP FUTURES","XRP","CME","200","USD"
"CME","CRYPTOCURRENCIES","XPF2","XRP FUTURES","XRP","CME","200","USD"
"CME","CRYPTOCURRENCIES","XPF3","XRP FUTURES","XRP","CME","200","USD"
"CME","CRYPTOCURRENCIES","XPF4","XRP FUTURES","XRP","CME","200","USD"
"CME","CRYPTOCURRENCIES","XPH1","XRP FUTURES","XRP","CME","200","USD"
"CME","CRYPTOCURRENCIES","XPH2","XRP FUTURES","XRP","CME","200","USD"
"CME","CRYPTOCURRENCIES","XPH3","XRP FUTURES","XRP","CME","200","USD"
"CME","CRYPTOCURRENCIES","XPH4","XRP FUTURES","XRP","CME","200","USD"
"CME","CRYPTOCURRENCIES","XPH5","XRP FUTURES","XRP","CME","200","USD"
"CME","CRYPTOCURRENCIES","XPM1","XRP FUTURES","XRP","CME","200","USD"
"CME","CRYPTOCURRENCIES","XPM2","XRP FUTURES","XRP","CME","200","USD"
"CME","CRYPTOCURRENCIES","XPM3","XRP FUTURES","XRP","CME","200","USD"
"CME","CRYPTOCURRENCIES","XPM4","XRP FUTURES","XRP","CME","200","USD"
"CME","CRYPTOCURRENCIES","XPM5","XRP FUTURES","XRP","CME","200","USD"
"CME","CRYPTOCURRENCIES","XPT1","XRP FUTURES","XRP","CME","200","USD"
"CME","CRYPTOCURRENCIES","XPT2","XRP FUTURES","XRP","CME","200","USD"
"CME","CRYPTOCURRENCIES","XPT3","XRP FUTURES","XRP","CME","200","USD"
"CME","CRYPTOCURRENCIES","XPT4","XRP FUTURES","XRP","CME","200","USD"
"CME","CRYPTOCURRENCIES","XPT5","XRP FUTURES","XRP","CME","200","USD"
"CME","CRYPTOCURRENCIES","XPW1","XRP FUTURES","XRP","CME","200","USD"
"CME","CRYPTOCURRENCIES","XPW2","XRP FUTURES","XRP","CME","200","USD"
"CME","CRYPTOCURRENCIES","XPW3","XRP FUTURES","XRP","CME","200","USD"
"CME","CRYPTOCURRENCIES","XPW4","XRP FUTURES","XRP","CME","200","USD"
"CME","CRYPTOCURRENCIES","XPW5","XRP FUTURES","XRP","CME","200","USD"
"CME","CRYPTOCURRENCIES","XRP","XRP FUTURES","XRP","CME","200","USD"
"CME","CRYPTOCURRENCIES","Y1A","ETHER FUTURES","ETH","CME","200","USD"
"CME","CRYPTOCURRENCIES","Y1B","ETHER FUTURES","ETH","CME","200","USD"
"CME","CRYPTOCURRENCIES","Y1C","ETHER FUTURES","ETH","CME","200","USD"
"CME","CRYPTOCURRENCIES","Y1D","ETHER FUTURES","ETH","CME","200","USD"
"CME","CRYPTOCURRENCIES","Y1E","ETHER FUTURES","ETH","CME","200","USD"
"CME","CRYPTOCURRENCIES","Y2A","ETHER FUTURES","ETH","CME","200","USD"
"CME","CRYPTOCURRENCIES","Y2B","ETHER FUTURES","ETH","CME","200","USD"
"CME","CRYPTOCURRENCIES","Y2C","ETHER FUTURES","ETH","CME","200","USD"
"CME","CRYPTOCURRENCIES","Y2D","ETHER FUTURES","ETH","CME","200","USD"
"CME","CRYPTOCURRENCIES","Y2E","ETHER FUTURES","ETH","CME","200","USD"
"CME","CRYPTOCURRENCIES","Y3A","ETHER FUTURES","ETH","CME","200","USD"
"CME","CRYPTOCURRENCIES","Y3B","ETHER FUTURES","ETH","CME","200","USD"
"CME","CRYPTOCURRENCIES","Y3C","ETHER FUTURES","ETH","CME","200","USD"
"CME","CRYPTOCURRENCIES","Y3D","ETHER FUTURES","ETH","CME","200","USD"
"CME","CRYPTOCURRENCIES","Y3E","ETHER FUTURES","ETH","CME","200","USD"
"CME","CRYPTOCURRENCIES","Y4A","ETHER FUTURES","ETH","CME","200","USD"
"CME","CRYPTOCURRENCIES","Y4B","ETHER FUTURES","ETH","CME","200","USD"
"CME","CRYPTOCURRENCIES","Y4C","ETHER FUTURES","ETH","CME","200","USD"
"CME","CRYPTOCURRENCIES","Y4D","ETHER FUTURES","ETH","CME","200","USD"
"CME","CRYPTOCURRENCIES","Y4E","ETHER FUTURES","ETH","CME","200","USD"
"CME","CRYPTOCURRENCIES","Y5A","ETHER FUTURES","ETH","CME","200","USD"
"CME","CRYPTOCURRENCIES","Y5B","ETHER FUTURES","ETH","CME","200","USD"
"CME","CRYPTOCURRENCIES","Y5C","ETHER FUTURES","ETH","CME","200","USD"
"CME","CRYPTOCURRENCIES","Y5D","ETHER FUTURES","ETH","CME","200","USD"
"CME","EQUITY INDEX","ECBT","EVENT BTC","ECBT","CME","1","USD"
"CME","EQUITY INDEX","ECES","EVENT ES","ECES","CME","1","USD"
"CME","EQUITY INDEX","ECN10","EVENT NQ","ECNQ","CME","1","USD"
"CME","EQUITY INDEX","ECN11","EVENT NQ","ECNQ","CME","1","USD"
"CME","EQUITY INDEX","ECN13","EVENT NQ","ECNQ","CME","1","USD"
"CME","EQUITY INDEX","ECN15","EVENT NQ","ECNQ","CME","1","USD"
"CME","EQUITY INDEX","ECNQ","EVENT NQ","ECNQ","CME","1","USD"
"CME","EQUITY INDEX","ECR10","EVENT RTY","ECRT","CME","1","USD"
"CME","EQUITY INDEX","ECR11","EVENT RTY","ECRT","CME","1","USD"
"CME","EQUITY INDEX","ECR13","EVENT RTY","ECRT","CME","1","USD"
"CME","EQUITY INDEX","ECR15","EVENT RTY","ECRT","CME","1","USD"
"CME","EQUITY INDEX","ECRT","EVENT RTY","ECRT","CME","1","USD"
"CME","EQUITY INDEX","ECS10","EVENT ES","ECES","CME","1","USD"
"CME","EQUITY INDEX","ECS11","EVENT ES","ECES","CME","1","USD"
"CME","EQUITY INDEX","ECS13","EVENT ES","ECES","CME","1","USD"
"CME","EQUITY INDEX","ECS15","EVENT ES","ECES","CME","1","USD"
"CME","FX","1A","AUSTRALIAN DOLLAR","AD","CME","23","USD"
"CME","FX","1AD","AUSTRALIAN DOLLAR","AD","CME","23","USD"
"CME","FX","1B","BRITISH POUND","BP","CME","27","USD"
"CME","FX","1BP","BRITISH POUND","BP","CME","27","USD"
"CME","FX","1C","CANADIAN DOLLAR","CD","CME","14","USD"
"CME","FX","1CD","CANADIAN DOLLAR","CD","CME","14","USD"
"CME","FX","1CN","USD/OFFSHORE RMB (CNH) FUTURES","CNH","CME","231","CNH"
"CME","FX","1D","CANADIAN DOLLAR","CD","CME","14","USD"
"CME","FX","1E","CROSS RATE EURO FX/BRITISH POUND","RP","CME","21","GBP"
"CME","FX","1EU","EURO FX","EC","CME","28","USD"
"CME","FX","1H","CROSS RATE EURO FX/JAPANESE YEN","RY","CME","6250","JPY"
"CME","FX","1I","CROSS RATE EURO FX/SWISS FRANC","RF","CME","23","CHF"
"CME","FX","1J","JAPANESE YEN","JY","CME","29","USD"
"CME","FX","1JY","JAPANESE YEN","JY","CME","29","USD"
"CME","FX","1M","MEXICAN PESO","MP","CME","18","USD"
"CME","FX","1N","AFRICAN RAND","RA","CME","18","USD"
"CME","FX","1P","BRITISH POUND","BP","CME","27","USD"
"CME","FX","1R","BRAZILIAN REAL","BR","CME","16","USD"
"CME","FX","1S","SWISS FRANC","SF","CME","41","USD"
"CME","FX","1SF","SWISS FRANC","SF","CME","41","USD"
"CME","FX","1T","EURO FX","EC","CME","28","USD"
"CME","FX","1W","SWISS FRANC","SF","CME","41","USD"
"CME","FX","1X","EURO FX","EC","CME","28","USD"
"CME","FX","1Y","JAPANESE YEN","JY","CME","29","USD"
"CME","FX","1Z","NEW ZEALAND DOLLAR","NE","CME","24","USD"
"CME","FX","2A","AUSTRALIAN DOLLAR","AD","CME","23","USD"
"CME","FX","2AD","AUSTRALIAN DOLLAR","AD","CME","23","USD"
"CME","FX","2B","BRITISH POUND","BP","CME","27","USD"
"CME","FX","2BP","BRITISH POUND","BP","CME","27","USD"
"CME","FX","2C","CANADIAN DOLLAR","CD","CME","14","USD"
"CME","FX","2CD","CANADIAN DOLLAR","CD","CME","14","USD"
"CME","FX","2CN","USD/OFFSHORE RMB (CNH) FUTURES","CNH","CME","231","CNH"
"CME","FX","2D","CANADIAN DOLLAR","CD","CME","14","USD"
"CME","FX","2E","CROSS RATE EURO FX/BRITISH POUND","RP","CME","21","GBP"
"CME","FX","2EU","EURO FX","EC","CME","28","USD"
"CME","FX","2H","CROSS RATE EURO FX/JAPANESE YEN","RY","CME","6250","JPY"
"CME","FX","2I","CROSS RATE EURO FX/SWISS FRANC","RF","CME","23","CHF"
"CME","FX","2J","JAPANESE YEN","JY","CME","29","USD"
"CME","FX","2JY","JAPANESE YEN","JY","CME","29","USD"
"CME","FX","2M","MEXICAN PESO","MP","CME","18","USD"
"CME","FX","2N","AFRICAN RAND","RA","CME","18","USD"
"CME","FX","2P","BRITISH POUND","BP","CME","27","USD"
"CME","FX","2R","BRAZILIAN REAL","BR","CME","16","USD"
"CME","FX","2S","SWISS FRANC","SF","CME","41","USD"
"CME","FX","2SF","SWISS FRANC","SF","CME","41","USD"
"CME","FX","2T","EURO FX","EC","CME","28","USD"
"CME","FX","2W","SWISS FRANC","SF","CME","41","USD"
"CME","FX","2X","EURO FX","EC","CME","28","USD"
"CME","FX","2Y","JAPANESE YEN","JY","CME","29","USD"
"CME","FX","2Z","NEW ZEALAND DOLLAR","NE","CME","24","USD"
"CME","FX","3A","AUSTRALIAN DOLLAR","AD","CME","23","USD"
"CME","FX","3AD","AUSTRALIAN DOLLAR","AD","CME","23","USD"
"CME","FX","3B","BRITISH POUND","BP","CME","27","USD"
"CME","FX","3BP","BRITISH POUND","BP","CME","27","USD"
"CME","FX","3C","CANADIAN DOLLAR","CD","CME","14","USD"
"CME","FX","3CD","CANADIAN DOLLAR","CD","CME","14","USD"
"CME","FX","3CN","USD/OFFSHORE RMB (CNH) FUTURES","CNH","CME","231","CNH"
"CME","FX","3D","CANADIAN DOLLAR","CD","CME","14","USD"
"CME","FX","3E","CROSS RATE EURO FX/BRITISH POUND","RP","CME","21","GBP"
"CME","FX","3EU","EURO FX","EC","CME","28","USD"
"CME","FX","3H","CROSS RATE EURO FX/JAPANESE YEN","RY","CME","6250","JPY"
"CME","FX","3I","CROSS RATE EURO FX/SWISS FRANC","RF","CME","23","CHF"
"CME","FX","3J","JAPANESE YEN","JY","CME","29","USD"
"CME","FX","3JY","JAPANESE YEN","JY","CME","29","USD"
"CME","FX","3M","MEXICAN PESO","MP","CME","18","USD"
"CME","FX","3N","AFRICAN RAND","RA","CME","18","USD"
"CME","FX","3P","BRITISH POUND","BP","CME","27","USD"
"CME","FX","3R","BRAZILIAN REAL","BR","CME","16","USD"
"CME","FX","3S","SWISS FRANC","SF","CME","41","USD"
"CME","FX","3SF","SWISS FRANC","SF","CME","41","USD"
"CME","FX","3T","EURO FX","EC","CME","28","USD"
"CME","FX","3W","SWISS FRANC","SF","CME","41","USD"
"CME","FX","3X","EURO FX","EC","CME","28","USD"
"CME","FX","3Y","JAPANESE YEN","JY","CME","29","USD"
"CME","FX","3Z","NEW ZEALAND DOLLAR","NE","CME","24","USD"
"CME","FX","4A","AUSTRALIAN DOLLAR","AD","CME","23","USD"
"CME","FX","4AD","AUSTRALIAN DOLLAR","AD","CME","23","USD"
"CME","FX","4B","BRITISH POUND","BP","CME","27","USD"
"CME","FX","4BP","BRITISH POUND","BP","CME","27","USD"
"CME","FX","4C","CANADIAN DOLLAR","CD","CME","14","USD"
"CME","FX","4CD","CANADIAN DOLLAR","CD","CME","14","USD"
"CME","FX","4CN","USD/OFFSHORE RMB (CNH) FUTURES","CNH","CME","231","CNH"
"CME","FX","4D","CANADIAN DOLLAR","CD","CME","14","USD"
"CME","FX","4E","CROSS RATE EURO FX/BRITISH POUND","RP","CME","21","GBP"
"CME","FX","4EU","EURO FX","EC","CME","28","USD"
"CME","FX","4H","CROSS RATE EURO FX/JAPANESE YEN","RY","CME","6250","JPY"
"CME","FX","4I","CROSS RATE EURO FX/SWISS FRANC","RF","CME","23","CHF"
"CME","FX","4J","JAPANESE YEN","JY","CME","29","USD"
"CME","FX","4JY","JAPANESE YEN","JY","CME","29","USD"
"CME","FX","4M","MEXICAN PESO","MP","CME","18","USD"
"CME","FX","4N","AFRICAN RAND","RA","CME","18","USD"
"CME","FX","4P","BRITISH POUND","BP","CME","27","USD"
"CME","FX","4R","BRAZILIAN REAL","BR","CME","16","USD"
"CME","FX","4S","SWISS FRANC","SF","CME","41","USD"
"CME","FX","4SF","SWISS FRANC","SF","CME","41","USD"
"CME","FX","4T","EURO FX","EC","CME","28","USD"
"CME","FX","4W","SWISS FRANC","SF","CME","41","USD"
"CME","FX","4X","EURO FX","EC","CME","28","USD"
"CME","FX","4Y","JAPANESE YEN","JY","CME","29","USD"
"CME","FX","4Z","NEW ZEALAND DOLLAR","NE","CME","24","USD"
"CME","FX","5A","AUSTRALIAN DOLLAR","AD","CME","23","USD"
"CME","FX","5AD","AUSTRALIAN DOLLAR","AD","CME","23","USD"
"CME","FX","5B","BRITISH POUND","BP","CME","27","USD"
"CME","FX","5BP","BRITISH POUND","BP","CME","27","USD"
"CME","FX","5C","CANADIAN DOLLAR","CD","CME","14","USD"
"CME","FX","5CD","CANADIAN DOLLAR","CD","CME","14","USD"
"CME","FX","5CN","USD/OFFSHORE RMB (CNH) FUTURES","CNH","CME","231","CNH"
"CME","FX","5D","CANADIAN DOLLAR","CD","CME","14","USD"
"CME","FX","5E","CROSS RATE EURO FX/BRITISH POUND","RP","CME","21","GBP"
"CME","FX","5EU","EURO FX","EC","CME","28","USD"
"CME","FX","5H","CROSS RATE EURO FX/JAPANESE YEN","RY","CME","6250","JPY"
"CME","FX","5I","CROSS RATE EURO FX/SWISS FRANC","RF","CME","23","CHF"
"CME","FX","5J","JAPANESE YEN","JY","CME","29","USD"
"CME","FX","5JY","JAPANESE YEN","JY","CME","29","USD"
"CME","FX","5M","MEXICAN PESO","MP","CME","18","USD"
"CME","FX","5N","AFRICAN RAND","RA","CME","18","USD"
"CME","FX","5P","BRITISH POUND","BP","CME","27","USD"
"CME","FX","5R","BRAZILIAN REAL","BR","CME","16","USD"
"CME","FX","5S","SWISS FRANC","SF","CME","41","USD"
"CME","FX","5SF","SWISS FRANC","SF","CME","41","USD"
"CME","FX","5T","EURO FX","EC","CME","28","USD"
"CME","FX","5W","SWISS FRANC","SF","CME","41","USD"
"CME","FX","5X","EURO FX","EC","CME","28","USD"
"CME","FX","5Y","JAPANESE YEN","JY","CME","29","USD"
"CME","FX","5Z","NEW ZEALAND DOLLAR","NE","CME","24","USD"
"CME","FX","AD","AUSTRALIAN DOLLAR","AD","CME","23","USD"
"CME","FX","AD1","AUSTRALIAN DOLLAR","AD","CME","23","USD"
"CME","FX","AD2","AUSTRALIAN DOLLAR","AD","CME","23","USD"
"CME","FX","AD3","AUSTRALIAN DOLLAR","AD","CME","23","USD"
"CME","FX","AD4","AUSTRALIAN DOLLAR","AD","CME","23","USD"
"CME","FX","AD5","AUSTRALIAN DOLLAR","AD","CME","23","USD"
"CME","FX","ADU","AUSTRALIAN DOLLAR","AD","CME","23","USD"
"CME","FX","AJ","CROSS RATE AUSTRALIAN DOLLAR/JAPANESE YEN","AJ","CME","9500","JPY"
"CME","FX","AN","CROSS RATE AUSTRALIAN DOLLAR/NEW ZEELAND DOLLAR","AN","CME","60","NZD"
"CME","FX","BP","BRITISH POUND","BP","CME","27","USD"
"CME","FX","BR","BRAZILIAN REAL","BR","CME","16","USD"
"CME","FX","C1","CANADIAN DOLLAR","CD","CME","14","USD"
"CME","FX","CA","CROSS RATE EURO FX/AUSTRALIAN DOLLAR","CA","CME","100","AUD"
"CME","FX","CAU","CANADIAN DOLLAR","CD","CME","14","USD"
"CME","FX","CC","CROSS RATE EURO FX /CANADIAN DOLLAR","CC","CME","50","CAD"
"CME","FX","CHU","SWISS FRANC","SF","CME","41","USD"
"CME","FX","CNH","USD/OFFSHORE RMB (CNH) FUTURES","CNH","CME","231","CNH"
"CME","FX","CZ","CZECH KORUNA","CZ","CME","64","USD"
"CME","FX","E1","SWISS FRANC","SF","CME","41","USD"
"CME","FX","EC","EURO FX","EC","CME","28","USD"
"CME","FX","EC6E","EVENT 6E","EC6E","CME","1","USD"
"CME","FX","EUU","EURO FX","EC","CME","28","USD"
"CME","FX","FR","HUNGARIAN FORINT","FR","CME","38","USD"
"CME","FX","GBU","BRITISH POUND","BP","CME","27","USD"
"CME","FX","IS","ISRAELI SHEKEL","IS","CME","119","USD"
"CME","FX","IS1","ISRAELI SHEKEL","IS","CME","119","USD"
"CME","FX","IS2","ISRAELI SHEKEL","IS","CME","119","USD"
"CME","FX","IS3","ISRAELI SHEKEL","IS","CME","119","USD"
"CME","FX","IS4","ISRAELI SHEKEL","IS","CME","119","USD"
"CME","FX","IS5","ISRAELI SHEKEL","IS","CME","119","USD"
"CME","FX","J1","JAPANESE YEN","JY","CME","29","USD"
"CME","FX","JPU","JAPANESE YEN","JY","CME","29","USD"
"CME","FX","K","CROSS RATE CZECH KORUNA/EURO FX","K","CME","26","EUR"
"CME","FX","KR1","KOREAN WON","KRW","CME","43","USD"
"CME","FX","KR2","KOREAN WON","KRW","CME","43","USD"
"CME","FX","KR3","KOREAN WON","KRW","CME","43","USD"
"CME","FX","KR4","KOREAN WON","KRW","CME","43","USD"
"CME","FX","KR5","KOREAN WON","KRW","CME","43","USD"
"CME","FX","KRW","KOREAN WON","KRW","CME","43","USD"
"CME","FX","MA1","AUSTRALIAN DOLLAR","AD","CME","23","USD"
"CME","FX","MA2","AUSTRALIAN DOLLAR","AD","CME","23","USD"
"CME","FX","MA3","AUSTRALIAN DOLLAR","AD","CME","23","USD"
"CME","FX","MA4","AUSTRALIAN DOLLAR","AD","CME","23","USD"
"CME","FX","MA5","AUSTRALIAN DOLLAR","AD","CME","23","USD"
"CME","FX","MAM","AUSTRALIAN DOLLAR","AD","CME","23","USD"
"CME","FX","MB1","BRITISH POUND","BP","CME","27","USD"
"CME","FX","MB2","BRITISH POUND","BP","CME","27","USD"
"CME","FX","MB3","BRITISH POUND","BP","CME","27","USD"
"CME","FX","MB4","BRITISH POUND","BP","CME","27","USD"
"CME","FX","MB5","BRITISH POUND","BP","CME","27","USD"
"CME","FX","MCM","CANADIAN DOLLAR","CD","CME","14","USD"
"CME","FX","MD1","CANADIAN DOLLAR","CD","CME","14","USD"
"CME","FX","MD2","CANADIAN DOLLAR","CD","CME","14","USD"
"CME","FX","MD3","CANADIAN DOLLAR","CD","CME","14","USD"
"CME","FX","MD4","CANADIAN DOLLAR","CD","CME","14","USD"
"CME","FX","MD5","CANADIAN DOLLAR","CD","CME","14","USD"
"CME","FX","MEM","EURO FX","EC","CME","28","USD"
"CME","FX","MGM","BRITISH POUND","BP","CME","27","USD"
"CME","FX","MJ1","JAPANESE YEN","JY","CME","29","USD"
"CME","FX","MJ2","JAPANESE YEN","JY","CME","29","USD"
"CME","FX","MJ3","JAPANESE YEN","JY","CME","29","USD"
"CME","FX","MJ4","JAPANESE YEN","JY","CME","29","USD"
"CME","FX","MJ5","JAPANESE YEN","JY","CME","29","USD"
"CME","FX","MJM","JAPANESE YEN","JY","CME","29","USD"
"CME","FX","MO1","EURO FX","EC","CME","28","USD"
"CME","FX","MO2","EURO FX","EC","CME","28","USD"
"CME","FX","MO3","EURO FX","EC","CME","28","USD"
"CME","FX","MO4","EURO FX","EC","CME","28","USD"
"CME","FX","MO5","EURO FX","EC","CME","28","USD"
"CME","FX","MP","MEXICAN PESO","MP","CME","18","USD"
"CME","FX","NE","NEW ZEALAND DOLLAR","NE","CME","24","USD"
"CME","FX","PZ","POLISH ZLOTY","PZ","CME","50","USD"
"CME","FX","R","CROSS RATE HUNGARIAN FORINT/ EURO FX","R","CME","19","EUR"
"CME","FX","RA","AFRICAN RAND","RA","CME","18","USD"
"CME","FX","RB1","CHINESE RENMINBI","RMB","CME","41","USD"
"CME","FX","RB2","CHINESE RENMINBI","RMB","CME","41","USD"
"CME","FX","RB3","CHINESE RENMINBI","RMB","CME","41","USD"
"CME","FX","RB4","CHINESE RENMINBI","RMB","CME","41","USD"
"CME","FX","RB5","CHINESE RENMINBI","RMB","CME","41","USD"
"CME","FX","RE1","CROSS RATE CHINESE RENMINBI/EURO","RME","CME","41","EUR"
"CME","FX","RE2","CROSS RATE CHINESE RENMINBI/EURO","RME","CME","41","EUR"
"CME","FX","RE3","CROSS RATE CHINESE RENMINBI/EURO","RME","CME","41","EUR"
"CME","FX","RE4","CROSS RATE CHINESE RENMINBI/EURO","RME","CME","41","EUR"
"CME","FX","RE5","CROSS RATE CHINESE RENMINBI/EURO","RME","CME","41","EUR"
"CME","FX","RF","CROSS RATE EURO FX/SWISS FRANC","RF","CME","23","CHF"
"CME","FX","RMB","CHINESE RENMINBI","RMB","CME","41","USD"
"CME","FX","RME","CROSS RATE CHINESE RENMINBI/EURO","RME","CME","41","EUR"
"CME","FX","RP","CROSS RATE EURO FX/BRITISH POUND","RP","CME","21","GBP"
"CME","FX","RU","RUSSIAN RUBLE","RU","CME","0","USD"
"CME","FX","RU1","RUSSIAN RUBLE","RU","CME","0","USD"
"CME","FX","RU2","RUSSIAN RUBLE","RU","CME","0","USD"
"CME","FX","RU3","RUSSIAN RUBLE","RU","CME","0","USD"
"CME","FX","RU4","RUSSIAN RUBLE","RU","CME","0","USD"
"CME","FX","RU5","RUSSIAN RUBLE","RU","CME","0","USD"
"CME","FX","RY","CROSS RATE EURO FX/JAPANESE YEN","RY","CME","6250","JPY"
"CME","FX","SA1","AUSTRALIAN DOLLAR","AD","CME","23","USD"
"CME","FX","SA2","AUSTRALIAN DOLLAR","AD","CME","23","USD"
"CME","FX","SA3","AUSTRALIAN DOLLAR","AD","CME","23","USD"
"CME","FX","SA4","AUSTRALIAN DOLLAR","AD","CME","23","USD"
"CME","FX","SA5","AUSTRALIAN DOLLAR","AD","CME","23","USD"
"CME","FX","SAD","AUSTRALIAN DOLLAR","AD","CME","23","USD"
"CME","FX","SB1","BRITISH POUND","BP","CME","27","USD"
"CME","FX","SB2","BRITISH POUND","BP","CME","27","USD"
"CME","FX","SB3","BRITISH POUND","BP","CME","27","USD"
"CME","FX","SB4","BRITISH POUND","BP","CME","27","USD"
"CME","FX","SB5","BRITISH POUND","BP","CME","27","USD"
"CME","FX","SBP","BRITISH POUND","BP","CME","27","USD"
"CME","FX","SCD","CANADIAN DOLLAR","CD","CME","14","USD"
"CME","FX","SD1","CANADIAN DOLLAR","CD","CME","14","USD"
"CME","FX","SD2","CANADIAN DOLLAR","CD","CME","14","USD"
"CME","FX","SD3","CANADIAN DOLLAR","CD","CME","14","USD"
"CME","FX","SD4","CANADIAN DOLLAR","CD","CME","14","USD"
"CME","FX","SD5","CANADIAN DOLLAR","CD","CME","14","USD"
"CME","FX","SEC","EURO FX","EC","CME","28","USD"
"CME","FX","SIR","INRUSD FUTURES","SIR","CME","18","USD"
"CME","FX","SJ1","JAPANESE YEN","JY","CME","29","USD"
"CME","FX","SJ2","JAPANESE YEN","JY","CME","29","USD"
"CME","FX","SJ3","JAPANESE YEN","JY","CME","29","USD"
"CME","FX","SJ4","JAPANESE YEN","JY","CME","29","USD"
"CME","FX","SJ5","JAPANESE YEN","JY","CME","29","USD"
"CME","FX","SJP","JAPANESE YEN","JY","CME","29","USD"
"CME","FX","SU1","EURO FX","EC","CME","28","USD"
"CME","FX","SU2","EURO FX","EC","CME","28","USD"
"CME","FX","SU3","EURO FX","EC","CME","28","USD"
"CME","FX","SU4","EURO FX","EC","CME","28","USD"
"CME","FX","SU5","EURO FX","EC","CME","28","USD"
"CME","FX","TA1","AUSTRALIAN DOLLAR","AD","CME","23","USD"
"CME","FX","TA2","AUSTRALIAN DOLLAR","AD","CME","23","USD"
"CME","FX","TA3","AUSTRALIAN DOLLAR","AD","CME","23","USD"
"CME","FX","TA4","AUSTRALIAN DOLLAR","AD","CME","23","USD"
"CME","FX","TA5","AUSTRALIAN DOLLAR","AD","CME","23","USD"
"CME","FX","TAD","AUSTRALIAN DOLLAR","AD","CME","23","USD"
"CME","FX","TCD","CANADIAN DOLLAR","CD","CME","14","USD"
"CME","FX","TEC","EURO FX","EC","CME","28","USD"
"CME","FX","TG1","BRITISH POUND","BP","CME","27","USD"
"CME","FX","TG2","BRITISH POUND","BP","CME","27","USD"
"CME","FX","TG3","BRITISH POUND","BP","CME","27","USD"
"CME","FX","TG4","BRITISH POUND","BP","CME","27","USD"
"CME","FX","TG5","BRITISH POUND","BP","CME","27","USD"
"CME","FX","TGB","BRITISH POUND","BP","CME","27","USD"
"CME","FX","TJ1","JAPANESE YEN","JY","CME","29","USD"
"CME","FX","TJ2","JAPANESE YEN","JY","CME","29","USD"
"CME","FX","TJ3","JAPANESE YEN","JY","CME","29","USD"
"CME","FX","TJ4","JAPANESE YEN","JY","CME","29","USD"
"CME","FX","TJ5","JAPANESE YEN","JY","CME","29","USD"
"CME","FX","TJY","JAPANESE YEN","JY","CME","29","USD"
"CME","FX","TL1","CANADIAN DOLLAR","CD","CME","14","USD"
"CME","FX","TL2","CANADIAN DOLLAR","CD","CME","14","USD"
"CME","FX","TL3","CANADIAN DOLLAR","CD","CME","14","USD"
"CME","FX","TL4","CANADIAN DOLLAR","CD","CME","14","USD"
"CME","FX","TL5","CANADIAN DOLLAR","CD","CME","14","USD"
"CME","FX","TU1","EURO FX","EC","CME","28","USD"
"CME","FX","TU2","EURO FX","EC","CME","28","USD"
"CME","FX","TU3","EURO FX","EC","CME","28","USD"
"CME","FX","TU4","EURO FX","EC","CME","28","USD"
"CME","FX","TU5","EURO FX","EC","CME","28","USD"
"CME","FX","V6A","AUSTRALIAN DOLLAR","AD","CME","23","USD"
"CME","FX","V6B","BRITISH POUND","BP","CME","27","USD"
"CME","FX","V6C","CANADIAN DOLLAR","CD","CME","14","USD"
"CME","FX","V6E","EURO FX","EC","CME","28","USD"
"CME","FX","V6J","JAPANESE YEN","JY","CME","29","USD"
"CME","FX","VA1","AUSTRALIAN DOLLAR","AD","CME","23","USD"
"CME","FX","VA2","AUSTRALIAN DOLLAR","AD","CME","23","USD"
"CME","FX","VA3","AUSTRALIAN DOLLAR","AD","CME","23","USD"
"CME","FX","VA4","AUSTRALIAN DOLLAR","AD","CME","23","USD"
"CME","FX","VA5","AUSTRALIAN DOLLAR","AD","CME","23","USD"
"CME","FX","VAA","AUSTRALIAN DOLLAR","AD","CME","23","USD"
"CME","FX","VAB","AUSTRALIAN DOLLAR","AD","CME","23","USD"
"CME","FX","VAC","AUSTRALIAN DOLLAR","AD","CME","23","USD"
"CME","FX","VAD","AUSTRALIAN DOLLAR","AD","CME","23","USD"
"CME","FX","VAE","AUSTRALIAN DOLLAR","AD","CME","23","USD"
"CME","FX","VBA","BRITISH POUND","BP","CME","27","USD"
"CME","FX","VBB","BRITISH POUND","BP","CME","27","USD"
"CME","FX","VBC","BRITISH POUND","BP","CME","27","USD"
"CME","FX","VBD","BRITISH POUND","BP","CME","27","USD"
"CME","FX","VBE","BRITISH POUND","BP","CME","27","USD"
"CME","FX","VC1","CANADIAN DOLLAR","CD","CME","14","USD"
"CME","FX","VC2","CANADIAN DOLLAR","CD","CME","14","USD"
"CME","FX","VC3","CANADIAN DOLLAR","CD","CME","14","USD"
"CME","FX","VC4","CANADIAN DOLLAR","CD","CME","14","USD"
"CME","FX","VC5","CANADIAN DOLLAR","CD","CME","14","USD"
"CME","FX","VCA","CANADIAN DOLLAR","CD","CME","14","USD"
"CME","FX","VCB","CANADIAN DOLLAR","CD","CME","14","USD"
"CME","FX","VCC","CANADIAN DOLLAR","CD","CME","14","USD"
"CME","FX","VCD","CANADIAN DOLLAR","CD","CME","14","USD"
"CME","FX","VCE","CANADIAN DOLLAR","CD","CME","14","USD"
"CME","FX","VE1","EURO FX","EC","CME","28","USD"
"CME","FX","VE2","EURO FX","EC","CME","28","USD"
"CME","FX","VE3","EURO FX","EC","CME","28","USD"
"CME","FX","VE4","EURO FX","EC","CME","28","USD"
"CME","FX","VE5","EURO FX","EC","CME","28","USD"
"CME","FX","VG1","BRITISH POUND","BP","CME","27","USD"
"CME","FX","VG2","BRITISH POUND","BP","CME","27","USD"
"CME","FX","VG3","BRITISH POUND","BP","CME","27","USD"
"CME","FX","VG4","BRITISH POUND","BP","CME","27","USD"
"CME","FX","VG5","BRITISH POUND","BP","CME","27","USD"
"CME","FX","VJ1","JAPANESE YEN","JY","CME","29","USD"
"CME","FX","VJ2","JAPANESE YEN","JY","CME","29","USD"
"CME","FX","VJ3","JAPANESE YEN","JY","CME","29","USD"
"CME","FX","VJ4","JAPANESE YEN","JY","CME","29","USD"
"CME","FX","VJ5","JAPANESE YEN","JY","CME","29","USD"
"CME","FX","VJA","JAPANESE YEN","JY","CME","29","USD"
"CME","FX","VJB","JAPANESE YEN","JY","CME","29","USD"
"CME","FX","VJC","JAPANESE YEN","JY","CME","29","USD"
"CME","FX","VJD","JAPANESE YEN","JY","CME","29","USD"
"CME","FX","VJE","JAPANESE YEN","JY","CME","29","USD"
"CME","FX","VSA","SWISS FRANC","SF","CME","41","USD"
"CME","FX","VSB","SWISS FRANC","SF","CME","41","USD"
"CME","FX","VSC","SWISS FRANC","SF","CME","41","USD"
"CME","FX","VSD","SWISS FRANC","SF","CME","41","USD"
"CME","FX","VSE","SWISS FRANC","SF","CME","41","USD"
"CME","FX","VTA","EURO FX","EC","CME","28","USD"
"CME","FX","VTB","EURO FX","EC","CME","28","USD"
"CME","FX","VTC","EURO FX","EC","CME","28","USD"
"CME","FX","VTD","EURO FX","EC","CME","28","USD"
"CME","FX","VTE","EURO FX","EC","CME","28","USD"
"CME","FX","VXA","AUSTRALIAN DOLLAR","AD","CME","23","USD"
"CME","FX","VXB","BRITISH POUND","BP","CME","27","USD"
"CME","FX","VXC","CANADIAN DOLLAR","CD","CME","14","USD"
"CME","FX","VXJ","JAPANESE YEN","JY","CME","29","USD"
"CME","FX","VXS","SWISS FRANC","SF","CME","41","USD"
"CME","FX","VXT","EURO FX","EC","CME","28","USD"
"CME","FX","WA1","AUSTRALIAN DOLLAR","AD","CME","23","USD"
"CME","FX","WA2","AUSTRALIAN DOLLAR","AD","CME","23","USD"
"CME","FX","WA3","AUSTRALIAN DOLLAR","AD","CME","23","USD"
"CME","FX","WA4","AUSTRALIAN DOLLAR","AD","CME","23","USD"
"CME","FX","WA5","AUSTRALIAN DOLLAR","AD","CME","23","USD"
"CME","FX","WAD","AUSTRALIAN DOLLAR","AD","CME","23","USD"
"CME","FX","WCD","CANADIAN DOLLAR","CD","CME","14","USD"
"CME","FX","WCN","USD/OFFSHORE RMB (CNH) FUTURES","CNH","CME","231","CNH"
"CME","FX","WD1","CANADIAN DOLLAR","CD","CME","14","USD"
"CME","FX","WD2","CANADIAN DOLLAR","CD","CME","14","USD"
"CME","FX","WD3","CANADIAN DOLLAR","CD","CME","14","USD"
"CME","FX","WD4","CANADIAN DOLLAR","CD","CME","14","USD"
"CME","FX","WD5","CANADIAN DOLLAR","CD","CME","14","USD"
"CME","FX","WE1","EURO FX","EC","CME","28","USD"
"CME","FX","WE2","EURO FX","EC","CME","28","USD"
"CME","FX","WE3","EURO FX","EC","CME","28","USD"
"CME","FX","WE4","EURO FX","EC","CME","28","USD"
"CME","FX","WE5","EURO FX","EC","CME","28","USD"
"CME","FX","WEC","EURO FX","EC","CME","28","USD"
"CME","FX","WG1","BRITISH POUND","BP","CME","27","USD"
"CME","FX","WG2","BRITISH POUND","BP","CME","27","USD"
"CME","FX","WG3","BRITISH POUND","BP","CME","27","USD"
"CME","FX","WG4","BRITISH POUND","BP","CME","27","USD"
"CME","FX","WG5","BRITISH POUND","BP","CME","27","USD"
"CME","FX","WGB","BRITISH POUND","BP","CME","27","USD"
"CME","FX","WJ1","JAPANESE YEN","JY","CME","29","USD"
"CME","FX","WJ2","JAPANESE YEN","JY","CME","29","USD"
"CME","FX","WJ3","JAPANESE YEN","JY","CME","29","USD"
"CME","FX","WJ4","JAPANESE YEN","JY","CME","29","USD"
"CME","FX","WJ5","JAPANESE YEN","JY","CME","29","USD"
"CME","FX","WJY","JAPANESE YEN","JY","CME","29","USD"
"CME","FX","XA","AUSTRALIAN DOLLAR","AD","CME","23","USD"
"CME","FX","YB","BRITISH POUND","BP","CME","27","USD"
"CME","FX","YD","CANADIAN DOLLAR","CD","CME","14","USD"
"CME","FX","YJ","JAPANESE YEN","JY","CME","29","USD"
"CME","FX","YS","SWISS FRANC","SF","CME","41","USD"
"CME","FX","YT","EURO FX","EC","CME","28","USD"
"CME","FX","Z","POLISH ZLOTY/EURO FX","Z","CME","24","EUR"
"CME","INTEREST RATES","1K","EURODOLLAR","ED","CME","9","USD"
"CME","INTEREST RATES","1YH","3M SOFR FUTURES","SR3","CME","9","USD"
"CME","INTEREST RATES","1YM","3M SOFR FUTURES","SR3","CME","9","USD"
"CME","INTEREST RATES","1YU","3M SOFR FUTURES","SR3","CME","9","USD"
"CME","INTEREST RATES","1YZ","3M SOFR FUTURES","SR3","CME","9","USD"
"CME","INTEREST RATES","2K","EURODOLLAR","ED","CME","9","USD"
"CME","INTEREST RATES","2YH","3M SOFR FUTURES","SR3","CME","9","USD"
"CME","INTEREST RATES","2YM","3M SOFR FUTURES","SR3","CME","9","USD"
"CME","INTEREST RATES","2YU","3M SOFR FUTURES","SR3","CME","9","USD"
"CME","INTEREST RATES","2YZ","3M SOFR FUTURES","SR3","CME","9","USD"
"CME","INTEREST RATES","3K","EURODOLLAR","ED","CME","9","USD"
"CME","INTEREST RATES","4K","EURODOLLAR","ED","CME","9","USD"
"CME","INTEREST RATES","5K","EURODOLLAR","ED","CME","9","USD"
"CME","INTEREST RATES","E0","EURODOLLAR","ED","CME","9","USD"
"CME","INTEREST RATES","E2","EURODOLLAR","ED","CME","9","USD"
"CME","INTEREST RATES","E2W","EURODOLLAR","ED","CME","9","USD"
"CME","INTEREST RATES","E3","EURODOLLAR","ED","CME","9","USD"
"CME","INTEREST RATES","E3W","EURODOLLAR","ED","CME","9","USD"
"CME","INTEREST RATES","E4","EURODOLLAR","ED","CME","9","USD"
"CME","INTEREST RATES","E5","EURODOLLAR","ED","CME","9","USD"
"CME","INTEREST RATES","ED","EURODOLLAR","ED","CME","9","USD"
"CME","INTEREST RATES","EE1","EURODOLLAR","ED","CME","9","USD"
"CME","INTEREST RATES","EE2","EURODOLLAR","ED","CME","9","USD"
"CME","INTEREST RATES","EE3","EURODOLLAR","ED","CME","9","USD"
"CME","INTEREST RATES","EE4","EURODOLLAR","ED","CME","9","USD"
"CME","INTEREST RATES","EE5","EURODOLLAR","ED","CME","9","USD"
"CME","INTEREST RATES","EF1","EURODOLLAR","ED","CME","9","USD"
"CME","INTEREST RATES","EF2","EURODOLLAR","ED","CME","9","USD"
"CME","INTEREST RATES","EF3","EURODOLLAR","ED","CME","9","USD"
"CME","INTEREST RATES","EF4","EURODOLLAR","ED","CME","9","USD"
"CME","INTEREST RATES","EF5","EURODOLLAR","ED","CME","9","USD"
"CME","INTEREST RATES","ESR","EURO SHORT TERM RATE FUTURE","ESR","CME","9","EUR"
"CME","INTEREST RATES","S0","3M SOFR FUTURES","SR3","CME","9","USD"
"CME","INTEREST RATES","S01","3M SOFR FUTURES","SR3","CME","9","USD"
"CME","INTEREST RATES","S02","3M SOFR FUTURES","SR3","CME","9","USD"
"CME","INTEREST RATES","S03","3M SOFR FUTURES","SR3","CME","9","USD"
"CME","INTEREST RATES","S04","3M SOFR FUTURES","SR3","CME","9","USD"
"CME","INTEREST RATES","S05","3M SOFR FUTURES","SR3","CME","9","USD"
"CME","INTEREST RATES","S0W","3M SOFR FUTURES","SR3","CME","9","USD"
"CME","INTEREST RATES","S2","3M SOFR FUTURES","SR3","CME","9","USD"
"CME","INTEREST RATES","S21","3M SOFR FUTURES","SR3","CME","9","USD"
"CME","INTEREST RATES","S22","3M SOFR FUTURES","SR3","CME","9","USD"
"CME","INTEREST RATES","S23","3M SOFR FUTURES","SR3","CME","9","USD"
"CME","INTEREST RATES","S24","3M SOFR FUTURES","SR3","CME","9","USD"
"CME","INTEREST RATES","S25","3M SOFR FUTURES","SR3","CME","9","USD"
"CME","INTEREST RATES","S2W","3M SOFR FUTURES","SR3","CME","9","USD"
"CME","INTEREST RATES","S3","3M SOFR FUTURES","SR3","CME","9","USD"
"CME","INTEREST RATES","S31","3M SOFR FUTURES","SR3","CME","9","USD"
"CME","INTEREST RATES","S32","3M SOFR FUTURES","SR3","CME","9","USD"
"CME","INTEREST RATES","S33","3M SOFR FUTURES","SR3","CME","9","USD"
"CME","INTEREST RATES","S34","3M SOFR FUTURES","SR3","CME","9","USD"
"CME","INTEREST RATES","S35","3M SOFR FUTURES","SR3","CME","9","USD"
"CME","INTEREST RATES","S3W","3M SOFR FUTURES","SR3","CME","9","USD"
"CME","INTEREST RATES","S4","3M SOFR FUTURES","SR3","CME","9","USD"
"CME","INTEREST RATES","S5","3M SOFR FUTURES","SR3","CME","9","USD"
"CME","INTEREST RATES","SPO","EURODOLLAR CALENDAR OPTIONS","SPO","CME","8","USD"
"CME","INTEREST RATES","SR1","1M SOFR FUTURES","SR1","CME","8","USD"
"CME","INTEREST RATES","SR3","3M SOFR FUTURES","SR3","CME","9","USD"
"CME","INTEREST RATES","TE2","EURODOLLAR","ED","CME","9","USD"
"CME","INTEREST RATES","TE3","EURODOLLAR","ED","CME","9","USD"
"CME","INTEREST RATES","TE4","EURODOLLAR","ED","CME","9","USD"
"CME","INTEREST RATES","TS2","3M SOFR FUTURES","SR3","CME","9","USD"
"CME","INTEREST RATES","TS3","3M SOFR FUTURES","SR3","CME","9","USD"
"CME","INTEREST RATES","TS4","3M SOFR FUTURES","SR3","CME","9","USD"
"CME","REAL ESTATE","BOS","BOSTON HOUSING INDEX","BOS","CME","34","USD"
"CME","REAL ESTATE","CEA","APARTMENTS S&P/GRA COMMERCIAL REAL ESTATE INDEX","CEA","CME","8","USD"
"CME","REAL ESTATE","CED","DESERT MOUNTAIN WEST S&P/GRA COMMERCIAL REAL ESTAT","CED","CME","8","USD"
"CME","REAL ESTATE","CEE","WAREHOUSE S&P/GRA COMMERCIAL REAL ESTATE INDEX","CEE","CME","8","USD"
"CME","REAL ESTATE","CEL","RETAIL S&P/GRA COMMERCIAL REAL ESTATE INDEX","CEL","CME","8","USD"
"CME","REAL ESTATE","CEM","MIDWEST S&P/GRA COMMERCIAL REAL ESTATE INDEX","CEM","CME","8","USD"
"CME","REAL ESTATE","CEN","NORTHWEST S&P/GRA COMMERCIAL REAL ESTATE INDEX","CEN","CME","8","USD"
"CME","REAL ESTATE","CEO","OFFICE S&P/GRA COMMERCIAL REAL ESTATE INDEX","CEO","CME","8","USD"
"CME","REAL ESTATE","CES","MID-ATLANTIC SOUTH S&P/GRA COMMERCIAL REAL ESTATE","CES","CME","8","USD"
"CME","REAL ESTATE","CEW","PACIFIC WEST S&P/GRA COMMERCIAL REAL ESTATE INDEX","CEW","CME","8","USD"
"CME","REAL ESTATE","CHI","CHICAGO HOUSING INDEX","CHI","CME","23","USD"
"CME","REAL ESTATE","CUS","COMPOSITE CITIES HOUSING INDEX","CUS","CME","41","USD"
"CME","REAL ESTATE","DEN","DENVER HOUSING INDEX","DEN","CME","36","USD"
"CME","REAL ESTATE","LAV","LAS VEGAS HOUSING INDEX","LAV","CME","30","USD"
"CME","REAL ESTATE","LAX","LOS ANGELES HOUSING INDEX","LAX","CME","45","USD"
"CME","REAL ESTATE","MIA","MIAMI HOUSING INDEX","MIA","CME","45","USD"
"CME","REAL ESTATE","NYM","NEW YORK HOUSING INDEX","NYM","CME","34","USD"
"CME","REAL ESTATE","SDG","SAN DIEGO HOUSING INDEX","SDG","CME","45","USD"
"CME","REAL ESTATE","SFR","SAN FRANCISCO HOUSING INDEX","SFR","CME","41","USD"
"CME","REAL ESTATE","WDC","WASHINGTON DC HOUSING INDEX","WDC","CME","34","USD"
"CME","WEATHER","1D0","LONDON CAT SEASONAL STRIP FUTURES","3G0","CME","0","GBP"
"CME","WEATHER","1D1","PARIS CAT SEASONAL STRIP FUTURES","3G1","CME","0","EUR"
"CME","WEATHER","1D2","AMSTERDAM CAT SEASONAL STRIP FUTURES","3G2","CME","0","EUR"
"CME","WEATHER","1D4","ESSEN CAT SEASONAL STRIP FUTURES","3G4","CME","0","EUR"
"CME","WEATHER","1G6","TOKYO CAT SEASONAL STRIP FUTURES","3G6","CME","0","JPY"
"CME","WEATHER","1H0","LAS VEGAS CDD SEASONAL STRIP FUTURES","3K0","CME","0","USD"
"CME","WEATHER","1H1","ATLANTA CDD SEASONAL STRIP FUTURES","3K1","CME","0","USD"
"CME","WEATHER","1H2","CHICAGO CDD SEASONAL STRIP FUTURES","3K2","CME","0","USD"
"CME","WEATHER","1H3","CINCINNATI CDD SEASONAL STRIP FUTURES","3K3","CME","0","USD"
"CME","WEATHER","1H4","NEW YORK CDD SEASONAL STRIP FUTURES","3K4","CME","0","USD"
"CME","WEATHER","1H5","DALLAS CDD SEASONAL STRIP FUTURES","3K5","CME","0","USD"
"CME","WEATHER","1H6","PHILADELPHIA CDD SEASONAL STRIP FUTURES","3K6","CME","0","USD"
"CME","WEATHER","1H7","PORTLAND CDD SEASONAL STRIP FUTURES","3K7","CME","0","USD"
"CME","WEATHER","1HQ","MINNEAPOLIS CDD SEASONAL STRIP FUTURES","3KQ","CME","0","USD"
"CME","WEATHER","1HR","HOUSTON CDD SEASONAL STRIP FUTURES","33K","CME","0","USD"
"CME","WEATHER","1HS","SACRAMENTO CDD SEASONAL STRIP FUTURES","3KS","CME","0","USD"
"CME","WEATHER","1HW","BOSTON CDD SEASONAL STRIP FUTURES","3KW","CME","0","USD"
"CME","WEATHER","1LP","BURBANK CDD SEASONAL STRIP FUTURES","3KP","CME","0","USD"
"CME","WEATHER","2K0","LAS VEGAS CDD SEASONAL STRIP FUTURES","3K0","CME","0","USD"
"CME","WEATHER","2K1","ATLANTA CDD SEASONAL STRIP FUTURES","3K1","CME","0","USD"
"CME","WEATHER","2K2","CHICAGO CDD SEASONAL STRIP FUTURES","3K2","CME","0","USD"
"CME","WEATHER","2K3","CINCINNATI CDD SEASONAL STRIP FUTURES","3K3","CME","0","USD"
"CME","WEATHER","2K4","NEW YORK CDD SEASONAL STRIP FUTURES","3K4","CME","0","USD"
"CME","WEATHER","2K5","DALLAS CDD SEASONAL STRIP FUTURES","3K5","CME","0","USD"
"CME","WEATHER","2K6","PHILADELPHIA CDD SEASONAL STRIP FUTURES","3K6","CME","0","USD"
"CME","WEATHER","2K7","PORTLAND CDD SEASONAL STRIP FUTURES","3K7","CME","0","USD"
"CME","WEATHER","2KP","BURBANK CDD SEASONAL STRIP FUTURES","3KP","CME","0","USD"
"CME","WEATHER","2KQ","MINNEAPOLIS CDD SEASONAL STRIP FUTURES","3KQ","CME","0","USD"
"CME","WEATHER","2KR","HOUSTON CDD SEASONAL STRIP FUTURES","33K","CME","0","USD"
"CME","WEATHER","2KS","SACRAMENTO CDD SEASONAL STRIP FUTURES","3KS","CME","0","USD"
"CME","WEATHER","2KW","BOSTON CDD SEASONAL STRIP FUTURES","3KW","CME","0","USD"
"CME","WEATHER","33K","HOUSTON CDD SEASONAL STRIP FUTURES","33K","CME","0","USD"
"CME","WEATHER","3G0","LONDON CAT SEASONAL STRIP FUTURES","3G0","CME","0","GBP"
"CME","WEATHER","3G1","PARIS CAT SEASONAL STRIP FUTURES","3G1","CME","0","EUR"
"CME","WEATHER","3G2","AMSTERDAM CAT SEASONAL STRIP FUTURES","3G2","CME","0","EUR"
"CME","WEATHER","3G4","ESSEN CAT SEASONAL STRIP FUTURES","3G4","CME","0","EUR"
"CME","WEATHER","3G6","TOKYO CAT SEASONAL STRIP FUTURES","3G6","CME","0","JPY"
"CME","WEATHER","3K0","LAS VEGAS CDD SEASONAL STRIP FUTURES","3K0","CME","0","USD"
"CME","WEATHER","3K1","ATLANTA CDD SEASONAL STRIP FUTURES","3K1","CME","0","USD"
"CME","WEATHER","3K2","CHICAGO CDD SEASONAL STRIP FUTURES","3K2","CME","0","USD"
"CME","WEATHER","3K3","CINCINNATI CDD SEASONAL STRIP FUTURES","3K3","CME","0","USD"
"CME","WEATHER","3K4","NEW YORK CDD SEASONAL STRIP FUTURES","3K4","CME","0","USD"
"CME","WEATHER","3K5","DALLAS CDD SEASONAL STRIP FUTURES","3K5","CME","0","USD"
"CME","WEATHER","3K6","PHILADELPHIA CDD SEASONAL STRIP FUTURES","3K6","CME","0","USD"
"CME","WEATHER","3K7","PORTLAND CDD SEASONAL STRIP FUTURES","3K7","CME","0","USD"
"CME","WEATHER","3KP","BURBANK CDD SEASONAL STRIP FUTURES","3KP","CME","0","USD"
"CME","WEATHER","3KQ","MINNEAPOLIS CDD SEASONAL STRIP FUTURES","3KQ","CME","0","USD"
"CME","WEATHER","3KS","SACRAMENTO CDD SEASONAL STRIP FUTURES","3KS","CME","0","USD"
"CME","WEATHER","3KW","BOSTON CDD SEASONAL STRIP FUTURES","3KW","CME","0","USD"
"CME","WEATHER","4D0","LONDON CAT SEASONAL STRIP FUTURES","3G0","CME","0","GBP"
"CME","WEATHER","4D1","PARIS CAT SEASONAL STRIP FUTURES","3G1","CME","0","EUR"
"CME","WEATHER","4D2","AMSTERDAM CAT SEASONAL STRIP FUTURES","3G2","CME","0","EUR"
"CME","WEATHER","4D4","ESSEN CAT SEASONAL STRIP FUTURES","3G4","CME","0","EUR"
"CME","WEATHER","4G6","TOKYO CAT SEASONAL STRIP FUTURES","3G6","CME","0","JPY"
"CME","WEATHER","4H0","LAS VEGAS CDD SEASONAL STRIP FUTURES","3K0","CME","0","USD"
"CME","WEATHER","4H1","ATLANTA CDD SEASONAL STRIP FUTURES","3K1","CME","0","USD"
"CME","WEATHER","4H2","CHICAGO CDD SEASONAL STRIP FUTURES","3K2","CME","0","USD"
"CME","WEATHER","4H3","CINCINNATI CDD SEASONAL STRIP FUTURES","3K3","CME","0","USD"
"CME","WEATHER","4H4","NEW YORK CDD SEASONAL STRIP FUTURES","3K4","CME","0","USD"
"CME","WEATHER","4H5","DALLAS CDD SEASONAL STRIP FUTURES","3K5","CME","0","USD"
"CME","WEATHER","4H6","PHILADELPHIA CDD SEASONAL STRIP FUTURES","3K6","CME","0","USD"
"CME","WEATHER","4H7","PORTLAND CDD SEASONAL STRIP FUTURES","3K7","CME","0","USD"
"CME","WEATHER","4HQ","MINNEAPOLIS CDD SEASONAL STRIP FUTURES","3KQ","CME","0","USD"
"CME","WEATHER","4HR","HOUSTON CDD SEASONAL STRIP FUTURES","33K","CME","0","USD"
"CME","WEATHER","4HS","SACRAMENTO CDD SEASONAL STRIP FUTURES","3KS","CME","0","USD"
"CME","WEATHER","4HW","BOSTON CDD SEASONAL STRIP FUTURES","3KW","CME","0","USD"
"CME","WEATHER","4LP","BURBANK CDD SEASONAL STRIP FUTURES","3KP","CME","0","USD"
"CME","WEATHER","D0","LONDON MONTHLY HDD","D0","CME","0","GBP"
"CME","WEATHER","D0X","LONDON HDD SEASONAL STRIP","D0V","CME","0","GBP"
"CME","WEATHER","D0Z","LONDON HDD SEASONAL STRIP","D0V","CME","0","GBP"
"CME","WEATHER","D1","PARIS HDD INDEX FUTURES","D1","CME","0","EUR"
"CME","WEATHER","D1X","PARIS HDD SEASONAL STRIP FUTURES","D1X","CME","0","EUR"
"CME","WEATHER","D1Z","PARIS HDD SEASONAL STRIP FUTURES","D1X","CME","0","EUR"
"CME","WEATHER","D2","AMSTERDAM MONTHLY HDD","D2","CME","0","EUR"
"CME","WEATHER","D2X","AMSTERDAM HDD SEASONAL STRIP","D2V","CME","0","EUR"
"CME","WEATHER","D2Z","AMSTERDAM HDD SEASONAL STRIP","D2V","CME","0","EUR"
"CME","WEATHER","D4","ESSEN HDD INDEX FUTURES","D4","CME","0","EUR"
"CME","WEATHER","D4X","ESSEN HDD SEASONAL STRIP FUTURES","D4X","CME","0","EUR"
"CME","WEATHER","D4Z","ESSEN HDD SEASONAL STRIP FUTURES","D4X","CME","0","EUR"
"CME","WEATHER","G0","LONDON CDD MONTHLY","G0","CME","0","GBP"
"CME","WEATHER","G02","LONDON CAT SEASONAL STRIP FUTURES","3G0","CME","0","GBP"
"CME","WEATHER","G0K","LONDON COLLING SEASONAL STRIP","G0J","CME","0","GBP"
"CME","WEATHER","G0N","LONDON COLLING SEASONAL STRIP","G0J","CME","0","GBP"
"CME","WEATHER","G1","PARIS CAT INDEX FUTURES","G1","CME","0","EUR"
"CME","WEATHER","G12","PARIS CAT SEASONAL STRIP FUTURES","3G1","CME","0","EUR"
"CME","WEATHER","G1K","PARIS CAT SEASONAL STRIP FUTURES","G1K","CME","0","EUR"
"CME","WEATHER","G1N","PARIS CAT SEASONAL STRIP FUTURES","G1K","CME","0","EUR"
"CME","WEATHER","G2","AMSTERDAM MONTHLY CDD","G2","CME","0","EUR"
"CME","WEATHER","G22","AMSTERDAM CAT SEASONAL STRIP FUTURES","3G2","CME","0","EUR"
"CME","WEATHER","G2K","AMSTERDAM COOLING SEASONAL STRIP","G2J","CME","0","EUR"
"CME","WEATHER","G2N","AMSTERDAM COOLING SEASONAL STRIP","G2J","CME","0","EUR"
"CME","WEATHER","G4","ESSEN CAT INDEX FUTURES","G4","CME","0","EUR"
"CME","WEATHER","G42","ESSEN CAT SEASONAL STRIP FUTURES","3G4","CME","0","EUR"
"CME","WEATHER","G4K","ESSEN CAT SEASONAL STRIP FUTURES","G4K","CME","0","EUR"
"CME","WEATHER","G4N","ESSEN CAT SEASONAL STRIP FUTURES","G4K","CME","0","EUR"
"CME","WEATHER","G6","PACIFIC RIM INDEX FUTURES - TOKYO CAT","G6","CME","0","JPY"
"CME","WEATHER","G62","TOKYO CAT SEASONAL STRIP FUTURES","3G6","CME","0","JPY"
"CME","WEATHER","G6K","TOKYO CAT STRIP FUTURES","G6K","CME","0","JPY"
"CME","WEATHER","G6N","TOKYO CAT STRIP FUTURES","G6K","CME","0","JPY"
"CME","WEATHER","G6X","TOKYO CAT STRIP FUTURES","G6K","CME","0","JPY"
"CME","WEATHER","G6Z","TOKYO CAT STRIP FUTURES","G6K","CME","0","JPY"
"CME","WEATHER","H0","LAS VEGAS MONTHLY HDD","H0","CME","0","USD"
"CME","WEATHER","H0X","LAS VEGAS HDD SEASONAL STRIP","H0V","CME","0","USD"
"CME","WEATHER","H0Z","LAS VEGAS HDD SEASONAL STRIP","H0V","CME","0","USD"
"CME","WEATHER","H1","ATLANTA MONTHLY HDD","H1","CME","0","USD"
"CME","WEATHER","H1X","ATLANTA HDD SEASONAL STRIP","H1V","CME","0","USD"
"CME","WEATHER","H1Z","ATLANTA HDD SEASONAL STRIP","H1V","CME","0","USD"
"CME","WEATHER","H2","CHICAGO MONTHLY HDD","H2","CME","0","USD"
"CME","WEATHER","H2X","CHICAGO HDD SEASONAL STRIP","H2V","CME","0","USD"
"CME","WEATHER","H2Z","CHICAGO HDD SEASONAL STRIP","H2V","CME","0","USD"
"CME","WEATHER","H3","CINCINNATI MONTHLY HDD","H3","CME","0","USD"
"CME","WEATHER","H3X","CINCINNATI HDD SEASONAL STRIP","H3V","CME","0","USD"
"CME","WEATHER","H3Z","CINCINNATI HDD SEASONAL STRIP","H3V","CME","0","USD"
"CME","WEATHER","H4","NEW YORK MONTHLY HDD","H4","CME","0","USD"
"CME","WEATHER","H4X","NEW YORK HDD SEASONAL STRIP","H4V","CME","0","USD"
"CME","WEATHER","H4Z","NEW YORK HDD SEASONAL STRIP","H4V","CME","0","USD"
"CME","WEATHER","H5X","DALLS HDD SEASONAL STRIP","H5V","CME","0","USD"
"CME","WEATHER","H5Z","DALLS HDD SEASONAL STRIP","H5V","CME","0","USD"
"CME","WEATHER","H6","PHILADELPHIA MONTHLY HDD","H6","CME","0","USD"
"CME","WEATHER","H6X","PHILADELPHIA HDD SEASONAL STRIP FUTURES","H6X","CME","0","USD"
"CME","WEATHER","H6Z","PHILADELPHIA HDD SEASONAL STRIP FUTURES","H6X","CME","0","USD"
"CME","WEATHER","H7","PORTLAND MONTHLY HDD","H7","CME","0","USD"
"CME","WEATHER","H7X","PORTLAND HDD NOV STRIP FUTURES","H7X","CME","0","USD"
"CME","WEATHER","H7Z","PORTLAND HDD NOV STRIP FUTURES","H7X","CME","0","USD"
"CME","WEATHER","HQ","MINNEAPOLIS MONTH HDD","HQ","CME","0","USD"
"CME","WEATHER","HQX","MINNEAPOLIS HEATING SEASONAL STRIP","HQV","CME","0","USD"
"CME","WEATHER","HQZ","MINNEAPOLIS HEATING SEASONAL STRIP","HQV","CME","0","USD"
"CME","WEATHER","HR","HOUSTON HDD INDEX FUTURES","HR","CME","0","USD"
"CME","WEATHER","HRX","HOUSTON HDD SEASONAL STRIP FUTURES","HRX","CME","0","USD"
"CME","WEATHER","HRZ","HOUSTON HDD SEASONAL STRIP FUTURES","HRX","CME","0","USD"
"CME","WEATHER","HS","SACRAMENTON MONTHLY HDD","HS","CME","0","USD"
"CME","WEATHER","HSX","SACRAMENTO HEATING SEASONAL STRIP","HSV","CME","0","USD"
"CME","WEATHER","HSZ","SACRAMENTO HEATING SEASONAL STRIP","HSV","CME","0","USD"
"CME","WEATHER","HW","BOSTON HDD INDEX FUTURES","HW","CME","0","USD"
"CME","WEATHER","HWX","BOSTON HDD SEASONAL STRIP FUTURES","HWX","CME","0","USD"
"CME","WEATHER","HWZ","BOSTON HDD SEASONAL STRIP FUTURES","HWX","CME","0","USD"
"CME","WEATHER","K0","LAS VEGAS CDD","K0","CME","0","USD"
"CME","WEATHER","K0K","LAS VEGAS SEASONAL STRIP CDD","K0J","CME","0","USD"
"CME","WEATHER","K0N","LAS VEGAS SEASONAL STRIP CDD","K0J","CME","0","USD"
"CME","WEATHER","K1","ALTANTA CDD","K1","CME","0","USD"
"CME","WEATHER","K1K","ATLANTA SEASONAL STRIP CDD","K1J","CME","0","USD"
"CME","WEATHER","K1N","ATLANTA SEASONAL STRIP CDD","K1J","CME","0","USD"
"CME","WEATHER","K2","CHICAGO CDD","K2","CME","0","USD"
"CME","WEATHER","K2K","CHICAGO SEASONAL STRIP CDD","K2J","CME","0","USD"
"CME","WEATHER","K2N","CHICAGO SEASONAL STRIP CDD","K2J","CME","0","USD"
"CME","WEATHER","K3","CINCINNATI CDD","K3","CME","0","USD"
"CME","WEATHER","K3K","CINCINNATI SEASONAL STRIP CDD","K3J","CME","0","USD"
"CME","WEATHER","K3N","CINCINNATI SEASONAL STRIP CDD","K3J","CME","0","USD"
"CME","WEATHER","K4","NEW YORK CDD","K4","CME","0","USD"
"CME","WEATHER","K4K","NEW YORK SEASONAL STRIP CDD","K4J","CME","0","USD"
"CME","WEATHER","K4N","NEW YORK SEASONAL STRIP CDD","K4J","CME","0","USD"
"CME","WEATHER","K5","DALLAS CDD","K5","CME","0","USD"
"CME","WEATHER","K5K","DALLAS SEASONAL STRIP CDD","K5J","CME","0","USD"
"CME","WEATHER","K5N","DALLAS SEASONAL STRIP CDD","K5J","CME","0","USD"
"CME","WEATHER","K6","PHILADELPHIA CDD","K6","CME","0","USD"
"CME","WEATHER","K6K","PHILADELPHIA CDD SEASONAL STRIP FUTURES","K6K","CME","0","USD"
"CME","WEATHER","K6N","PHILADELPHIA CDD SEASONAL STRIP FUTURES","K6K","CME","0","USD"
"CME","WEATHER","K7","PORTLAND CDD","K7","CME","0","USD"
"CME","WEATHER","K7K","PORTLAND CDD MAY STRIP OPTIONS","K7K","CME","0","USD"
"CME","WEATHER","K7N","PORTLAND CDD MAY STRIP OPTIONS","K7K","CME","0","USD"
"CME","WEATHER","KP","BURBANK CDD INDEX FUTURES","KP","CME","0","USD"
"CME","WEATHER","KPK","BURBANK CDD SEASONAL STRIP FUTURES","KPK","CME","0","USD"
"CME","WEATHER","KPN","BURBANK CDD SEASONAL STRIP FUTURES","KPK","CME","0","USD"
"CME","WEATHER","KQ","MINNEAPOLIS CDD","KQ","CME","0","USD"
"CME","WEATHER","KQK","MINNEAPOLIS SEASONAL STRIP CDD","KQJ","CME","0","USD"
"CME","WEATHER","KQN","MINNEAPOLIS SEASONAL STRIP CDD","KQJ","CME","0","USD"
"CME","WEATHER","KR","HOUSTON CDD","KR","CME","0","USD"
"CME","WEATHER","KRK","HOUSTON CDD SEASONAL STRIP FUTURES","KRK","CME","0","USD"
"CME","WEATHER","KRN","HOUSTON CDD SEASONAL STRIP FUTURES","KRK","CME","0","USD"
"CME","WEATHER","KS","SACRAMENTO CDD","KS","CME","0","USD"
"CME","WEATHER","KSK","SACRAMENTO SEASONAL STRIP CDD","KSJ","CME","0","USD"
"CME","WEATHER","KSN","SACRAMENTO SEASONAL STRIP CDD","KSJ","CME","0","USD"
"CME","WEATHER","KW","BOSTON CDD INDEX FUTURES","KW","CME","0","USD"
"CME","WEATHER","KWK","BOSTON CDD SEASONAL STRIP FUTURES","KWK","CME","0","USD"
"CME","WEATHER","KWN","BOSTON CDD SEASONAL STRIP FUTURES","KWK","CME","0","USD"
"CME","WEATHER","LP","BURBANK HDD INDEX FUTURES","LP","CME","0","USD"
"CME","WEATHER","LPX","BURBANK HDD SEASONAL STRIP FUTURES","LPX1","CME","0","USD"
"CME","WEATHER","LPZ","BURBANK HDD SEASONAL STRIP FUTURES","LPX1","CME","0","USD"
"CMX","METALS","1FG","GOLD FUTURES","CX-GC","CME","3","USD"
"CMX","METALS","1MG","GOLD FUTURES","CX-GC","CME","3","USD"
"CMX","METALS","1WG","GOLD FUTURES","CX-GC","CME","3","USD"
"CMX","METALS","2FG","GOLD FUTURES","CX-GC","CME","3","USD"
"CMX","METALS","2MG","GOLD FUTURES","CX-GC","CME","3","USD"
"CMX","METALS","2WG","GOLD FUTURES","CX-GC","CME","3","USD"
"CMX","METALS","3FG","GOLD FUTURES","CX-GC","CME","3","USD"
"CMX","METALS","3MG","GOLD FUTURES","CX-GC","CME","3","USD"
"CMX","METALS","3WG","GOLD FUTURES","CX-GC","CME","3","USD"
"CMX","METALS","4FG","GOLD FUTURES","CX-GC","CME","3","USD"
"CMX","METALS","4MG","GOLD FUTURES","CX-GC","CME","3","USD"
"CMX","METALS","4WG","GOLD FUTURES","CX-GC","CME","3","USD"
"CMX","METALS","5FG","GOLD FUTURES","CX-GC","CME","3","USD"
"CMX","METALS","5MG","GOLD FUTURES","CX-GC","CME","3","USD"
"CMX","METALS","5WG","GOLD FUTURES","CX-GC","CME","3","USD"
"CMX","METALS","ALO","ALUMINUM MW US TRANSACTION PREMIUM PLATTS (25MT) SWAP FUTURES","CX-AUP","CME","15","USD"
"CMX","METALS","AX","ALUMINUM FUTURES","CX-ALI","CME","25","USD"
"CMX","METALS","CAP","COPPER CALENDAR SWAP FUTURES","CX-HGS","CME","30","USD"
"CMX","METALS","CHX","CHICAGO NO1 BUSHELING FERROUS SCRAP (FASTMARKETS) FUTURES","CX-BCH","CME","30","USD"
"CMX","METALS","COO","COBALT METAL (FASTMARKETS)","CX-COB","CME","30","USD"
"CMX","METALS","ECG10","EVENT GC","ECGC","CME","1","USD"
"CMX","METALS","ECG11","EVENT GC","ECGC","CME","1","USD"
"CMX","METALS","ECG13","EVENT GC","ECGC","CME","1","USD"
"CMX","METALS","ECG15","EVENT GC","ECGC","CME","1","USD"
"CMX","METALS","ECG16","EVENT GC","ECGC","CME","1","USD"
"CMX","METALS","ECGC","EVENT GC","ECGC","CME","1","USD"
"CMX","METALS","ECHG","EVENT HG","ECHG","CME","1","USD"
"CMX","METALS","ECSI","EVENT SI","ECSI","CME","1","USD"
"CMX","METALS","EHO","NORTH EUROPEAN HOT-ROLLED COIL STEEL (ARGUS) FUTURES","CX-EHR","CME","25","EUR"
"CMX","METALS","FMG","GOLD FUTURES","CX-GC","CME","3","USD"
"CMX","METALS","FSO","HEAVY MELTING SCRAP, GRADE I AND II, MIX HMS 80/20, CFR TURKEY (PLATTS) SWAP FUTURES","CX-FSF","CME","40","USD"
"CMX","METALS","G1M","GOLD FUTURES","CX-GC","CME","35","USD"
"CMX","METALS","G1R","GOLD FUTURES","CX-GC","CME","35","USD"
"CMX","METALS","G1T","GOLD FUTURES","CX-GC","CME","35","USD"
"CMX","METALS","G1W","GOLD FUTURES","CX-GC","CME","35","USD"
"CMX","METALS","G2M","GOLD FUTURES","CX-GC","CME","35","USD"
"CMX","METALS","G2R","GOLD FUTURES","CX-GC","CME","35","USD"
"CMX","METALS","G2T","GOLD FUTURES","CX-GC","CME","35","USD"
"CMX","METALS","G2W","GOLD FUTURES","CX-GC","CME","35","USD"
"CMX","METALS","G3M","GOLD FUTURES","CX-GC","CME","35","USD"
"CMX","METALS","G3R","GOLD FUTURES","CX-GC","CME","35","USD"
"CMX","METALS","G3T","GOLD FUTURES","CX-GC","CME","35","USD"
"CMX","METALS","G3W","GOLD FUTURES","CX-GC","CME","35","USD"
"CMX","METALS","G4M","GOLD FUTURES","CX-GC","CME","35","USD"
"CMX","METALS","G4R","GOLD FUTURES","CX-GC","CME","35","USD"
"CMX","METALS","G4T","GOLD FUTURES","CX-GC","CME","35","USD"
"CMX","METALS","G4W","GOLD FUTURES","CX-GC","CME","35","USD"
"CMX","METALS","G5M","GOLD FUTURES","CX-GC","CME","35","USD"
"CMX","METALS","G5R","GOLD FUTURES","CX-GC","CME","35","USD"
"CMX","METALS","G5T","GOLD FUTURES","CX-GC","CME","35","USD"
"CMX","METALS","G5W","GOLD FUTURES","CX-GC","CME","35","USD"
"CMX","METALS","GMW","GOLD FUTURES","CX-GC","CME","35","USD"
"CMX","METALS","GWR","GOLD FUTURES","CX-GC","CME","35","USD"
"CMX","METALS","GWT","GOLD FUTURES","CX-GC","CME","35","USD"
"CMX","METALS","GWW","GOLD FUTURES","CX-GC","CME","35","USD"
"CMX","METALS","H1E","COPPER FUTURES","CX-HG","CME","30","USD"
"CMX","METALS","H1M","COPPER FUTURES","CX-HG","CME","30","USD"
"CMX","METALS","H1R","COPPER FUTURES","CX-HG","CME","30","USD"
"CMX","METALS","H1T","COPPER FUTURES","CX-HG","CME","30","USD"
"CMX","METALS","H1W","COPPER FUTURES","CX-HG","CME","30","USD"
"CMX","METALS","H2E","COPPER FUTURES","CX-HG","CME","30","USD"
"CMX","METALS","H2M","COPPER FUTURES","CX-HG","CME","30","USD"
"CMX","METALS","H2R","COPPER FUTURES","CX-HG","CME","30","USD"
"CMX","METALS","H2T","COPPER FUTURES","CX-HG","CME","30","USD"
"CMX","METALS","H2W","COPPER FUTURES","CX-HG","CME","30","USD"
"CMX","METALS","H3E","COPPER FUTURES","CX-HG","CME","30","USD"
"CMX","METALS","H3M","COPPER FUTURES","CX-HG","CME","30","USD"
"CMX","METALS","H3R","COPPER FUTURES","CX-HG","CME","30","USD"
"CMX","METALS","H3T","COPPER FUTURES","CX-HG","CME","30","USD"
"CMX","METALS","H3W","COPPER FUTURES","CX-HG","CME","30","USD"
"CMX","METALS","H4E","COPPER FUTURES","CX-HG","CME","30","USD"
"CMX","METALS","H4M","COPPER FUTURES","CX-HG","CME","30","USD"
"CMX","METALS","H4R","COPPER FUTURES","CX-HG","CME","30","USD"
"CMX","METALS","H4T","COPPER FUTURES","CX-HG","CME","30","USD"
"CMX","METALS","H4W","COPPER FUTURES","CX-HG","CME","30","USD"
"CMX","METALS","H5E","COPPER FUTURES","CX-HG","CME","30","USD"
"CMX","METALS","H5M","COPPER FUTURES","CX-HG","CME","30","USD"
"CMX","METALS","H5R","COPPER FUTURES","CX-HG","CME","30","USD"
"CMX","METALS","H5T","COPPER FUTURES","CX-HG","CME","30","USD"
"CMX","METALS","H5W","COPPER FUTURES","CX-HG","CME","30","USD"
"CMX","METALS","HMM","COPPER FUTURES","CX-HG","CME","30","USD"
"CMX","METALS","HRO","U.S. MIDWEST DOMESTIC HOT-ROLLED COIL STEEL INDEX FUTURES","CX-HR","CME","8","USD"
"CMX","METALS","HWR","COPPER FUTURES","CX-HG","CME","30","USD"
"CMX","METALS","HWT","COPPER FUTURES","CX-HG","CME","30","USD"
"CMX","METALS","HWW","COPPER FUTURES","CX-HG","CME","30","USD"
"CMX","METALS","HX","COPPER FUTURES","CX-HG","CME","30","USD"
"CMX","METALS","HXW","COPPER FUTURES","CX-HG","CME","30","USD"
"CMX","METALS","ICT","IRON ORE FUTURES","CX-TIO","CME","20","USD"
"CMX","METALS","LHO","LITHIUM HYDROXIDE CIF CJK (FASTMARKETS) FUTURES","CX-LTH","CME","30","USD"
"CMX","METALS","M1S","SILVER FUTURES","CX-SI","CME","65","USD"
"CMX","METALS","M2S","SILVER FUTURES","CX-SI","CME","65","USD"
"CMX","METALS","M3S","SILVER FUTURES","CX-SI","CME","65","USD"
"CMX","METALS","M4S","SILVER FUTURES","CX-SI","CME","65","USD"
"CMX","METALS","M5S","SILVER FUTURES","CX-SI","CME","65","USD"
"CMX","METALS","MMG","GOLD FUTURES","CX-GC","CME","3","USD"
"CMX","METALS","OG","GOLD FUTURES","CX-GC","CME","35","USD"
"CMX","METALS","OG1","GOLD FUTURES","CX-GC","CME","35","USD"
"CMX","METALS","OG2","GOLD FUTURES","CX-GC","CME","35","USD"
"CMX","METALS","OG3","GOLD FUTURES","CX-GC","CME","35","USD"
"CMX","METALS","OG4","GOLD FUTURES","CX-GC","CME","35","USD"
"CMX","METALS","OG5","GOLD FUTURES","CX-GC","CME","35","USD"
"CMX","METALS","OGW","GOLD FUTURES","CX-GC","CME","35","USD"
"CMX","METALS","OMG","GOLD FUTURES","CX-GC","CME","3","USD"
"CMX","METALS","R1S","SILVER FUTURES","CX-SI","CME","65","USD"
"CMX","METALS","R2S","SILVER FUTURES","CX-SI","CME","65","USD"
"CMX","METALS","R3S","SILVER FUTURES","CX-SI","CME","65","USD"
"CMX","METALS","R4S","SILVER FUTURES","CX-SI","CME","65","USD"
"CMX","METALS","R5S","SILVER FUTURES","CX-SI","CME","65","USD"
"CMX","METALS","RWS","SILVER FUTURES","CX-SI","CME","65","USD"
"CMX","METALS","S1T","SILVER FUTURES","CX-SI","CME","65","USD"
"CMX","METALS","S2T","SILVER FUTURES","CX-SI","CME","65","USD"
"CMX","METALS","S3T","SILVER FUTURES","CX-SI","CME","65","USD"
"CMX","METALS","S4T","SILVER FUTURES","CX-SI","CME","65","USD"
"CMX","METALS","S5T","SILVER FUTURES","CX-SI","CME","65","USD"
"CMX","METALS","SMM","SILVER FUTURES","CX-SI","CME","65","USD"
"CMX","METALS","SO","SILVER FUTURES","CX-SI","CME","65","USD"
"CMX","METALS","SO1","SILVER FUTURES","CX-SI","CME","65","USD"
"CMX","METALS","SO2","SILVER FUTURES","CX-SI","CME","65","USD"
"CMX","METALS","SO3","SILVER FUTURES","CX-SI","CME","65","USD"
"CMX","METALS","SO4","SILVER FUTURES","CX-SI","CME","65","USD"
"CMX","METALS","SO5","SILVER FUTURES","CX-SI","CME","65","USD"
"CMX","METALS","SOW","SILVER FUTURES","CX-SI","CME","65","USD"
"CMX","METALS","SWW","SILVER FUTURES","CX-SI","CME","65","USD"
"CMX","METALS","TWS","SILVER FUTURES","CX-SI","CME","65","USD"
"CMX","METALS","W1S","SILVER FUTURES","CX-SI","CME","65","USD"
"CMX","METALS","W2S","SILVER FUTURES","CX-SI","CME","65","USD"
"CMX","METALS","W3S","SILVER FUTURES","CX-SI","CME","65","USD"
"CMX","METALS","W4S","SILVER FUTURES","CX-SI","CME","65","USD"
"CMX","METALS","W5S","SILVER FUTURES","CX-SI","CME","65","USD"
"CMX","METALS","WMG","GOLD FUTURES","CX-GC","CME","3","USD"
"NYM","AGRICULTURE","R46","D4 BIODIESEL RIN VS D6 ETHANOL RINS APO","NY-R46","CME","44","USD"
"NYM","AGRICULTURE","RO3","D3 CELLULOSIC RINS (OPIS) FUTURES","NY-RN3","CME","44","USD"
"NYM","AGRICULTURE","RO4","D4 BIODIESEL RINS (OPIS) FUTURES","NY-RN4","CME","44","USD"
"NYM","AGRICULTURE","RO6","D6 ETHANOL RINS (OPIS) FUTURES","NY-RN6","CME","44","USD"
"NYM","COAL","A8A","COAL (API 8) CFR SOUTH CHINA (ARGUS/MCCLOSKEY) SWAP FUTURES","NY-SSI","CME","30","USD"
"NYM","COAL","ACO","FOB AUSTRALIA PREMIUM HARD COKING COAL (TSI) FUTURES","NY-ACT","CME","100","USD"
"NYM","COAL","CLA","COAL (API 2) CIF ARA (ARGUS/MCCLOSKEY) SYNTHETIC CALENDAR FUTURES STRIP","NY-CLP","CME","240","USD"
"NYM","COAL","CPF","CSX COAL (PLATTS OTC BROKER INDEX) SWAPTION QUARTERLY COMBO","NY-CPM","CME","90","USD"
"NYM","COAL","CQA","COAL (API 2) CIF ARA (ARGUS/MCCLOSKEY) SYNTHETIC QUARTERLY FUTURES STRIP","NY-CQS","CME","60","USD"
"NYM","COAL","F2C","CALENDAR STRIP OF COAL (API 2) CIF ARA (ARGUS/MCCLOSKEY) FUTURE-STYLE COMBO","NY-F2M","CME","240","USD"
"NYM","COAL","F2Q","QUARTERLY STRIP OF COAL (API 2) CIF ARA (ARGUS/MCCLOSKEY) FUT-STYLE COMBO","NY-F2B","CME","60","USD"
"NYM","COAL","F4C","CAL STRIP OF COAL (API4) FOB RICHARDS BAY (ARGUS/MCCLOSKEY) FUT-STYLE COMBO","NY-F4M","CME","240","USD"
"NYM","COAL","F4Q","QTR STRIP OF COAL (API4) FOB RICHARDS BAY (ARGUS/MCCLOSKEY) FUT-STYLE COMBO","NY-F4B","CME","60","USD"
"NYM","COAL","MFO","COAL (API 4) FOB RICHARDS BAY (ARGUS/MCCLOSKEY) SWAP FUTURES","NY-MFF","CME","40","USD"
"NYM","COAL","MFY","COAL (API 4) FOB RICHARDS BAY (ARGUS/MCCLOSKEY) SYNTHETIC CALENDAR FUTURES STRIP","NY-RLS","CME","240","USD"
"NYM","COAL","MTC","COAL (API 2) CIF ARA (ARGUS/MCCLOSKEY) SYNTHETIC CALENDAR FUTURES STRIP","NY-CLP","CME","240","USD"
"NYM","COAL","MTO","COAL (API 2) CIF ARA (ARGUS/MCCLOSKEY) SWAP FUTURESS","NY-MTF","CME","20","USD"
"NYM","COAL","RPF","POWDER RIVER BASIN COAL (PLATTS OTC BROKER INDEX) SWAPTION QUARTERLY COMBO","NY-RPM","CME","90","USD"
"NYM","COAL","RQA","COAL (API 4) FOB RICHARDS BAY (ARGUS/MCCLOSKEY) SYTHENTIC QUARTERLY FUTURES STRIP","NY-RQS","CME","60","USD"
"NYM","CRUDE OIL","6E","CRUDE OIL COMBO ON QUARTERLY STRIP","NY-8T","CME","90","USD"
"NYM","CRUDE OIL","6F","CRUDE OIL COMBO ON CALENDAR STRIP","NY-8S","CME","360","USD"
"NYM","CRUDE OIL","6Y","SEMI-ANNUAL STRIP FOR CRUDE OIL SNT","NY-8SS","CME","180","USD"
"NYM","CRUDE OIL","AH","DUBAI CRUDE OIL (PLATTS) CALENDAR SWAP FUTURES","NY-DC","CME","50","USD"
"NYM","CRUDE OIL","BDE","BRENT 25-DAY (PLATTS) FUTURES","NY-NBZ","CME","30","USD"
"NYM","CRUDE OIL","BDO","BRENT 25-DAY (PLATTS) FUTURES","NY-NBZ","CME","30","USD"
"NYM","CRUDE OIL","BPC","BRENT OPTION ON CALENDAR FUTURES STRIP","NY-BPS","CME","360","USD"
"NYM","CRUDE OIL","BQP","BRENT OPTION ON QUARTERLY FUTURES STRIP","NY-BQS","CME","90","USD"
"NYM","CRUDE OIL","DBP","DATED BRENT (PLATTS) CALENDAR SWAP FUTURES","NY-UB","CME","40","USD"
"NYM","CRUDE OIL","ECC10","EVENT CL","ECCL","CME","1","USD"
"NYM","CRUDE OIL","ECC11","EVENT CL","ECCL","CME","1","USD"
"NYM","CRUDE OIL","ECC13","EVENT CL","ECCL","CME","1","USD"
"NYM","CRUDE OIL","ECC15","EVENT CL","ECCL","CME","1","USD"
"NYM","CRUDE OIL","ECC16","EVENT CL","ECCL","CME","1","USD"
"NYM","CRUDE OIL","ECCL","EVENT CL","ECCL","CME","1","USD"
"NYM","CRUDE OIL","HCA","WTI HOUSTON TRADE MONTH FUTURES","NY-HTE","CME","50","USD"
"NYM","CRUDE OIL","HCC","WTI HOUSTON CALENDAR MONTH FUTURES","NY-HTC","CME","50","USD"
"NYM","CRUDE OIL","HCO","WTI HOUSTON CRUDE OIL FUTURES","NY-HCL","CME","50","USD"
"NYM","CRUDE OIL","XAO","LLS (ARGUS) CALENDAR SWAP FUTURES","NY-XA","CME","30","USD"
"NYM","CRUDE OIL SPREADS","7A","WTI CRUDE OIL 1 MONTH CSO","NY-A2","CME","20","USD"
"NYM","CRUDE OIL SPREADS","7B","WTI CRUDE OIL 2 MONTH CSO","NY-6A","CME","25","USD"
"NYM","CRUDE OIL SPREADS","7C","WTI CRUDE OIL 3 MONTH CSO","NY-5A","CME","25","USD"
"NYM","CRUDE OIL SPREADS","7M","WTI CRUDE OIL 6 MONTH CSO","NY-4A","CME","25","USD"
"NYM","CRUDE OIL SPREADS","7Z","WTI CRUDE OIL 12 MONTH CSO","NY-3A","CME","25","USD"
"NYM","CRUDE OIL SPREADS","9B","BRENT CRUDE OIL 2 MONTH CSO","NY-6B","CME","25","USD"
"NYM","CRUDE OIL SPREADS","9C","BRENT CRUDE OIL 1 MONTH CSO","NY-2A","CME","25","USD"
"NYM","CRUDE OIL SPREADS","9D","BRENT CRUDE OIL 3 MONTH CSO","NY-5B","CME","25","USD"
"NYM","CRUDE OIL SPREADS","9L","BRENT CRUDE OIL 6 MONTH CSO","NY-4B","CME","25","USD"
"NYM","CRUDE OIL SPREADS","9Y","BRENT CRUDE OIL 12 MONTH CSO","NY-3B","CME","25","USD"
"NYM","CRUDE OIL SPREADS","AA","BRENT 1 MONTH CALENDAR COMBO","NY-BD","CME","25","USD"
"NYM","CRUDE OIL SPREADS","AB","BRENT 2 MONTH CALENDAR COMBO","NY-BF","CME","25","USD"
"NYM","CRUDE OIL SPREADS","AC","BRENT 3 MONTH CALENDAR COMBO","NY-BJ","CME","25","USD"
"NYM","CRUDE OIL SPREADS","AM","BRENT 6 MONTH CALENDAR COMBO","NY-BM","CME","25","USD"
"NYM","CRUDE OIL SPREADS","AZ","BRENT 12 MONTH CALENDAR COMBO","NY-BQ","CME","25","USD"
"NYM","CRUDE OIL SPREADS","BV","WTI-BRENT (ICE) BULLET SWAP FUTURES","NY-BY","CME","30","USD"
"NYM","CRUDE OIL SPREADS","CCO","CANADIAN C5+ CONDENSATE INDEX (NET ENERGY) FUTURES","NY-CC5","CME","50","USD"
"NYM","CRUDE OIL SPREADS","CLR","WTI VS. DATED BRENT (PLATTS) CALENDAR MONTH FUTURES","NY-CLD","CME","40","USD"
"NYM","CRUDE OIL SPREADS","DNM","WEST TEXAS INTERMEDIATE 1 MONTH CALENDAR COMBO","NY-CA","CME","20","USD"
"NYM","CRUDE OIL SPREADS","DTM","WEST TEXAS INTERMEDIATE 2 MONTH CALENDAR COMBO","NY-CQ","CME","25","USD"
"NYM","CRUDE OIL SPREADS","E5O","ARGUS LLS VS. WTI (ARGUS) TRADE MONTH SWAP FUTURES","NY-E5","CME","40","USD"
"NYM","CRUDE OIL SPREADS","FFO","WTI MIDLAND (ARGUS) VS. WTI FINANCIAL FUTURES","NY-FF","CME","40","USD"
"NYM","CRUDE OIL SPREADS","FHO","WTS (ARGUS) VS. WTI SPREAD TRADE MONTH SWAP FUTURES","NY-FH","CME","40","USD"
"NYM","CRUDE OIL SPREADS","HAP","SYNTHETIC HCL VS CL","NY-WHL","CME","40","USD"
"NYM","CRUDE OIL SPREADS","HCB","SYNTHETIC HCL VS BZ","NY-WHZ","CME","40","USD"
"NYM","CRUDE OIL SPREADS","HCD","WTI HOUSTON VS. DATED BRENT (PLATTS) CALENDAR MONTH FUTURE","NY-HDB","CME","40","USD"
"NYM","CRUDE OIL SPREADS","HCR","WTI HOUSTON VS. BRENT CALENDAR MONTH FUTUR","NY-HBC","CME","40","USD"
"NYM","CRUDE OIL SPREADS","HIO","WTI HOUSTON (ARGUS) VS. WTI FINANCIAL FUTURES","NY-HIL","CME","40","USD"
"NYM","CRUDE OIL SPREADS","HPO","WTI HOUSTON VS. WTI CALENDAR MONTH FUTURES","NY-HTM","CME","40","USD"
"NYM","CRUDE OIL SPREADS","HTO","WTI HOUSTON (ARGUS) VS. WTI TRADE MONTH FUTURES","NY-HTT","CME","40","USD"
"NYM","CRUDE OIL SPREADS","LHN","WTI HOUSTON VS WTI MIDLAND TRADE MONTH APO","NY-LHN","CME","30","USD"
"NYM","CRUDE OIL SPREADS","LRO","LLS (ARGUS) VS. BRENT CRUDE OIL FINANCIAL FUTURES","NY-LLR","CME","25","USD"
"NYM","CRUDE OIL SPREADS","SSO","SYNTHETIC SWEET OIL (NET ENERGY) MONTHLY INDEX FUTURES","NY-SSW","CME","50","USD"
"NYM","CRUDE OIL SPREADS","SWO","LIGHT SWEET OIL (NET ENERGY) MONTHLY INDEX FUTURES","NY-LSW","CME","50","USD"
"NYM","CRUDE OIL SPREADS","WA","WEST TEXAS INTERMEDIATE 1 MONTH CALENDAR COMBO","NY-CA","CME","20","USD"
"NYM","CRUDE OIL SPREADS","WAO","WCS CUSHING (ARGUS) VS. WTI CALENDAR MONTH FUTURES","NY-WNC","CME","30","USD"
"NYM","CRUDE OIL SPREADS","WB","WEST TEXAS INTERMEDIATE 2 MONTH CALENDAR COMBO","NY-CQ","CME","25","USD"
"NYM","CRUDE OIL SPREADS","WC","WEST TEXAS INTERMEDIATE 3 MONTH CALENDAR COMBO","NY-CT","CME","25","USD"
"NYM","CRUDE OIL SPREADS","WCI","WESTERN CANADIAN SELECT OIL (NET ENERGY) MONTHLY INDEX FUTURES","NY-WCW","CME","50","USD"
"NYM","CRUDE OIL SPREADS","WCO","WESTERN CANADIAN SELECT (WCS) CRUDE OIL FUTURES","NY-WCE","CME","50","USD"
"NYM","CRUDE OIL SPREADS","WJO","LLS (ARGUS) VS. WTI SPREAD CALENDAR SWAP FUTURES","NY-WJ","CME","25","USD"
"NYM","CRUDE OIL SPREADS","WM","WEST TEXAS INTERMEDIATE 6 MONTH CALENDAR COMBO","NY-CV","CME","25","USD"
"NYM","CRUDE OIL SPREADS","WNO","WCS CUSHING (ARGUS) VS. WTI TRADE MONTH FUTURES","NY-WNT","CME","30","USD"
"NYM","CRUDE OIL SPREADS","WSO","WTS (ARGUS) VS. WTI FINANCIAL FUTURES","NY-WTA","CME","30","USD"
"NYM","CRUDE OIL SPREADS","WTO","WTI MIDLAND (ARGUS) VS. WTI TRADE MONTH FUTURES","NY-WTT","CME","30","USD"
"NYM","CRUDE OIL SPREADS","WZ","WEST TEXAS INTERMEDIATE 12 MONTH CALENDAR COMBO","NY-CX","CME","25","USD"
"NYM","CRUDE OIL SPREADS","YVO","MARS (ARGUS) VS. WTI SPREAD TRADE MONTH SWAP FUTURES","NY-YV","CME","40","USD"
"NYM","CRUDE OIL SPREADS","YXO","MARS (ARGUS) VS. WTI SPREAD CALENDAR SWAP FUTURES","NY-YX","CME","40","USD"
"NYM","DME Products","DRD","DME OMAN CRUDE OIL CALENDAR FUTURES","NY-ODO","CME","50","USD"
"NYM","ELECTRICITY","6OA","PJM WESTERN HUB REAL-TIME PEAK 5 MW OPTION ON CALENDAR FUTURES STRIP","NY-28A","CME","360","USD"
"NYM","ELECTRICITY","6OO","PJM WST HUB RT OFPK 50 MW CLST OPT","NY-OO6","CME","6000","USD"
"NYM","ELECTRICITY","9T","NYISO ZONE A PEAK LBMP SWAP FUTURES","NY-K3","CME","50","USD"
"NYM","ELECTRICITY","9U","NYISO ZONE G PEAK LBMP SWAP FUTURES","NY-T3","CME","50","USD"
"NYM","ELECTRICITY","9V","NYISO ZONE J DAY-AHEAD PEAK CALENDAR-MONTH 5 MW FUTURES","NY-D3","CME","50","USD"
"NYM","ELECTRICITY","CSZ","CAISO SP15 EZ GEN HUB 5 MW PEAK CALENDAR-MONTH DAY-AHEAD LMP SWAP FUTURES","NY-9X","CME","10","USD"
"NYM","ELECTRICITY","INE","ISO NEW ENGLAND INTERNAL HUB 5 MW PEAK CALENDAR-MONTH DAY-AHEAD LMP SWAP FUTURES","NY-U6","CME","30","USD"
"NYM","ELECTRICITY","J01","PJM WEST HUB RT SAME DAY OPTION SYNTHETIC","NY-M01","CME","400","USD"
"NYM","ELECTRICITY","J02","PJM WEST HUB RT SAME DAY OPTION SYNTHETIC","NY-M02","CME","400","USD"
"NYM","ELECTRICITY","J03","PJM WEST HUB RT SAME DAY OPTION SYNTHETIC","NY-M03","CME","400","USD"
"NYM","ELECTRICITY","J04","PJM WEST HUB RT SAME DAY OPTION SYNTHETIC","NY-M04","CME","400","USD"
"NYM","ELECTRICITY","J05","PJM WEST HUB RT SAME DAY OPTION SYNTHETIC","NY-M05","CME","400","USD"
"NYM","ELECTRICITY","J06","PJM WEST HUB RT SAME DAY OPTION SYNTHETIC","NY-M06","CME","400","USD"
"NYM","ELECTRICITY","J07","PJM WEST HUB RT SAME DAY OPTION SYNTHETIC","NY-M07","CME","400","USD"
"NYM","ELECTRICITY","J08","PJM WEST HUB RT SAME DAY OPTION SYNTHETIC","NY-M08","CME","400","USD"
"NYM","ELECTRICITY","J09","PJM WEST HUB RT SAME DAY OPTION SYNTHETIC","NY-M09","CME","400","USD"
"NYM","ELECTRICITY","J10","PJM WEST HUB RT SAME DAY OPTION SYNTHETIC","NY-M10","CME","400","USD"
"NYM","ELECTRICITY","J11","PJM WEST HUB RT SAME DAY OPTION SYNTHETIC","NY-M11","CME","400","USD"
"NYM","ELECTRICITY","J12","PJM WEST HUB RT SAME DAY OPTION SYNTHETIC","NY-M12","CME","400","USD"
"NYM","ELECTRICITY","J13","PJM WEST HUB RT SAME DAY OPTION SYNTHETIC","NY-M13","CME","400","USD"
"NYM","ELECTRICITY","J14","PJM WEST HUB RT SAME DAY OPTION SYNTHETIC","NY-M14","CME","400","USD"
"NYM","ELECTRICITY","J15","PJM WEST HUB RT SAME DAY OPTION SYNTHETIC","NY-M15","CME","400","USD"
"NYM","ELECTRICITY","J16","PJM WEST HUB RT SAME DAY OPTION SYNTHETIC","NY-M16","CME","400","USD"
"NYM","ELECTRICITY","J17","PJM WEST HUB RT SAME DAY OPTION SYNTHETIC","NY-M17","CME","400","USD"
"NYM","ELECTRICITY","J18","PJM WEST HUB RT SAME DAY OPTION SYNTHETIC","NY-M18","CME","400","USD"
"NYM","ELECTRICITY","J19","PJM WEST HUB RT SAME DAY OPTION SYNTHETIC","NY-M19","CME","400","USD"
"NYM","ELECTRICITY","J20","PJM WEST HUB RT SAME DAY OPTION SYNTHETIC","NY-M20","CME","400","USD"
"NYM","ELECTRICITY","J21","PJM WEST HUB RT SAME DAY OPTION SYNTHETIC","NY-M21","CME","400","USD"
"NYM","ELECTRICITY","J22","PJM WEST HUB RT SAME DAY OPTION SYNTHETIC","NY-M22","CME","400","USD"
"NYM","ELECTRICITY","J23","PJM WEST HUB RT SAME DAY OPTION SYNTHETIC","NY-M23","CME","400","USD"
"NYM","ELECTRICITY","J24","PJM WEST HUB RT SAME DAY OPTION SYNTHETIC","NY-M24","CME","400","USD"
"NYM","ELECTRICITY","J25","PJM WEST HUB RT SAME DAY OPTION SYNTHETIC","NY-M25","CME","400","USD"
"NYM","ELECTRICITY","J26","PJM WEST HUB RT SAME DAY OPTION SYNTHETIC","NY-M26","CME","400","USD"
"NYM","ELECTRICITY","J27","PJM WEST HUB RT SAME DAY OPTION SYNTHETIC","NY-M27","CME","400","USD"
"NYM","ELECTRICITY","J28","PJM WEST HUB RT SAME DAY OPTION SYNTHETIC","NY-M28","CME","400","USD"
"NYM","ELECTRICITY","J29","PJM WEST HUB RT SAME DAY OPTION","NY-M29","CME","400","USD"
"NYM","ELECTRICITY","J30","PJM WEST HUB RT SAME DAY OPTION","NY-M30","CME","400","USD"
"NYM","ELECTRICITY","J31","PJM WEST HUB RT SAME DAY OPTION SYNTHETIC","NY-M31","CME","400","USD"
"NYM","ELECTRICITY","JCL","PJM JCPL ZONE PEAK CALENDAR-MONTH DAY-AHEAD LMP SWAP FUTURES","NY-J2","CME","10","USD"
"NYM","ELECTRICITY","JO","PJM PEAK CALENDAR-MONTH LMP SWAP FUTURES","NY-JM","CME","70","USD"
"NYM","ELECTRICITY","JOA","PJM WESTERN HUB PEAK CALENDAR-MONTH REAL-TIME LMP SWAP FUTURES","NY-L1","CME","30","USD"
"NYM","ELECTRICITY","JTO","JAPANESE POWER TOKYO BASELOAD FUTURES","NY-JBT","CME","10","JPY"
"NYM","ELECTRICITY","N9P","PJM WESTERN HUB OFF-PEAK CALENDAR-MONTH REAL-TIME LMP SWAP FUTURES","NY-N9","CME","1","USD"
"NYM","ELECTRICITY","NEL","ISO NEW ENGLAND INTERNAL HUB PEAK LMP OPTION ON CALENDAR FUTURES STRIP","NY-NES","CME","600","USD"
"NYM","ELECTRICITY","OEA","MISO INDIANA HUB (FORMERLY CINERGY HUB) REAL-TIME PEAK 5 MW OPTION ON CALENDAR FUTURES STRIP","NY-7EM","CME","600","USD"
"NYM","ELECTRICITY","OUA","PJM NORTHERN ILLINOIS HUB 5 MW PEAK CALENDAR-MONTH REAL-TIME LMP SWAP FUTURES","NY-B3","CME","30","USD"
"NYM","ELECTRICITY","OYA","MIDWEST ISO CINERGY HUB 5 MW PEAK CALENDAR-MONTH REAL-TIME SWAP FUTURES","NY-H3","CME","30","USD"
"NYM","ELECTRICITY","PDA","PJM WESTERN HUB DAY-AHEAD PEAK AVERAGE PRICE MONTHLY FUTURES 5 MW","NY-SDD","CME","690","USD"
"NYM","ELECTRICITY","PEP","PJM PEPCO ZONE PEAK CALENDAR-MONTH DAY-AHEAD LMP SWAP FUTURES","NY-R8","CME","10","USD"
"NYM","ELECTRICITY","PJD","PJM AEP DAYTON HUB 5MW PEAK CALENDAR-MONTH REAL-TIME LMP SWAP FUTURES","NY-Z9","CME","30","USD"
"NYM","ELECTRICITY","PJH","SYNTHETIC PJM NORTHERN ILLINOIS HUB PEAK 50 MW CALENDAR-MONTH LMP OPTION ON CALENDAR FUTURES STRIP","NY-PNS","CME","144000","USD"
"NYM","ELECTRICITY","PJN","PJM NORTHERN ILLINOIS HUB 5 MW PEAK CALENDAR-MONTH REAL-TIME LMP SWAP FUTURES","NY-B3","CME","30","USD"
"NYM","ELECTRICITY","PJP","SYNTHETIC PJM AEP DAYTON HUB PEAK 50 MW CALENDAR-MONTH LMP OPTION ON CALENDAR FUTURES STRIP","NY-PAS","CME","144000","USD"
"NYM","ELECTRICITY","PMA","PJM WESTERN HUB PEAK CALENDAR-MONTH REAL-TIME LMP SWAP FUTURES","NY-L1","CME","30","USD"
"NYM","ELECTRICITY","PRT","PJM WESTERN HUB REAL-TIME PEAK AVERAGE PRICE MONTHLY FUTURES 5 MW","NY-SRT","CME","690","USD"
"NYM","ELECTRICITY","PSG","PJM PSEG ZONE PEAK CALENDAR-MONTH DAY-AHEAD LMP SWAP FUTURES","NY-L6","CME","10","USD"
"NYM","ENVIRONMENTAL","6U","IN DELIVERY MONTH EUROPEAN UNION ALLOWANCE (EUA) FUTURES","NY-6T","CME","0","EUR"
"NYM","ENVIRONMENTAL","9G","IN DELIVERY MONTH EUROPEAN UNION ALLOWANCE (EUA) FUTURES","NY-6T","CME","0","EUR"
"NYM","ENVIRONMENTAL","AS","SO2 EMISSIONS ALLOWANCE FUTURES","NY-RS","CME","60","USD"
"NYM","ENVIRONMENTAL","CAO","CALIFORNIA CARBON ALLOWANCE FUTURES","NY-CCA","CME","45","USD"
"NYM","ENVIRONMENTAL","CO","CLIMATE ACTION RESERVE(CAR) FUTURES (NON-VINTAGE","NY-CR","CME","23","USD"
"NYM","ENVIRONMENTAL","CPE","CERTIFIED EMISSION REDUCTION PLUS (CERPLUS) FUTURES","NY-CPL","CME","2","EUR"
"NYM","ENVIRONMENTAL","ECO","EUROPEAN UNION ALLOWANCES (EUA) FUTURES","NY-ECF","CME","135","EUR"
"NYM","ENVIRONMENTAL","OR","REGIONAL GREENHOUSE GAS INITIATIVE (RGGI) CO2 ALLOWANCE FUTURES","NY-RJ","CME","9","USD"
"NYM","ENVIRONMENTAL","PCL","CERTIFIED EMISSION REDUCTION PLUS (CERPLUS) FUTURES","NY-CPL","CME","2","EUR"
"NYM","ENVIRONMENTAL","S2","SO2 EMISSIONS ALLOWANCE FUTURES","NY-RS","CME","15","USD"
"NYM","ETHANOL","CE1","CHICAGO ETHANOL (PLATTS) CALENDAR SPREAD OPTION - ONE MONTH COMBO","NY-1CE","CME","25","USD"
"NYM","ETHANOL","CE2","CHICAGO ETHANOL (PLATTS) CALENDAR SPREAD OPTION - TWO MONTH COMBO","NY-2CE","CME","25","USD"
"NYM","ETHANOL","CE3","CHICAGO ETHANOL (PLATTS) CALENDAR SPREAD OPTION - THREE MONTH COMBO","NY-3CE","CME","25","USD"
"NYM","ETHANOL","CE6","CHICAGO ETHANOL (PLATTS) CALENDAR SPREAD OPTION - SIX MONTH COMBO","NY-6CE","CME","25","USD"
"NYM","ETHANOL","CVR","CHICAGO ETHANOL (PLATTS) SWAP FUTURES","NY-CU","CME","40","USD"
"NYM","ETHANOL","NVP","NY ETHANOL (PLATTS) SWAP FUTURES","NY-EZ","CME","45","USD"
"NYM","ETHANOL","OEL","DENATURED FUEL ETHANOL FUTURES","NY-EL","CME","40","USD"
"NYM","ETHANOL","Z1O","ETHANOL (PLATTS) T2 FOB RDAM INCLUDING DUTY SWAP FUTURES","NY-Z1","CME","10","EUR"
"NYM","FREIGHT","FLO","FREIGHT ROUTE LPG (BALTIC) FUTURES","NY-FLP","CME","90","USD"
"NYM","FREIGHT","TCF","FREIGHT ROUTE TC5 (PLATTS) SWAP FUTURES","NY-TH","CME","35","USD"
"NYM","FREIGHT","TCW","FREIGHT ROUTE TC2 (BALTIC) SWAP FUTURES","NY-TM","CME","25","USD"
"NYM","FREIGHT","TDT","FREIGHT ROUTE TD3 (BALTIC) SWAP FUTURES","NY-TL","CME","15","USD"
"NYM","METALS","ICP","IRON ORE(PLATTS) SWAP FUTURE","NY-PIO","CME","80","USD"
"NYM","METALS","P1L","PLATINUM FUTURES","NY-PL","CME","20","USD"
"NYM","METALS","P2L","PLATINUM FUTURES","NY-PL","CME","20","USD"
"NYM","METALS","P3L","PLATINUM FUTURES","NY-PL","CME","20","USD"
"NYM","METALS","P4L","PLATINUM FUTURES","NY-PL","CME","20","USD"
"NYM","METALS","P5L","PLATINUM FUTURES","NY-PL","CME","20","USD"
"NYM","METALS","PAO","PALLADIUM FUTURES","NY-PA","CME","50","USD"
"NYM","METALS","PAW","PALLADIUM FUTURES","NY-PA","CME","50","USD"
"NYM","METALS","PE1","PALLADIUM FUTURES","NY-PA","CME","50","USD"
"NYM","METALS","PE2","PALLADIUM FUTURES","NY-PA","CME","50","USD"
"NYM","METALS","PE3","PALLADIUM FUTURES","NY-PA","CME","50","USD"
"NYM","METALS","PE4","PALLADIUM FUTURES","NY-PA","CME","50","USD"
"NYM","METALS","PE5","PALLADIUM FUTURES","NY-PA","CME","50","USD"
"NYM","METALS","PLW","PLATINUM FUTURES","NY-PL","CME","20","USD"
"NYM","METALS","PO","PLATINUM FUTURES","NY-PL","CME","20","USD"
"NYM","NATURAL GAS","4D","NATURAL GAS COMBO ON SUMMER STRIP","NY-8R","CME","50","USD"
"NYM","NATURAL GAS","6I","NATURAL GAS COMBO ON WINTER STRIP","NY-8U","CME","50","USD"
"NYM","NATURAL GAS","6J","NATURAL GAS COMBO ON CALENDAR STRIP","NY-8P","CME","100","USD"
"NYM","NATURAL GAS","ECH10","EVENT NG","ECNG","CME","1","USD"
"NYM","NATURAL GAS","ECH11","EVENT NG","ECNG","CME","1","USD"
"NYM","NATURAL GAS","ECH13","EVENT NG","ECNG","CME","1","USD"
"NYM","NATURAL GAS","ECH15","EVENT NG","ECNG","CME","1","USD"
"NYM","NATURAL GAS","ECH16","EVENT NG","ECNG","CME","1","USD"
"NYM","NATURAL GAS","ECNG","EVENT NG","ECNG","CME","1","USD"
"NYM","NATURAL GAS","G10","HENRY HUB NATURAL GAS FINANCIAL CALENDAR SPREAD OPTION - FOUR MONTH COMBO","NY-G44","CME","25","USD"
"NYM","NATURAL GAS","G2","NATURAL GAS 2 MONTH CSO","NY-G9","CME","25","USD"
"NYM","NATURAL GAS","G3","NATURAL GAS 3 MONTH CSO","NY-H9","CME","25","USD"
"NYM","NATURAL GAS","G4","NATURAL GAS 1 MONTH CSO","NY-G8","CME","25","USD"
"NYM","NATURAL GAS","G5","NATURAL GAS 5 MONTH CSO","NY-H8","CME","25","USD"
"NYM","NATURAL GAS","G6","NATURAL GAS 6 MONTH CSO","NY-H7","CME","25","USD"
"NYM","NATURAL GAS","G7","NATURAL GAS 12 MONTH CSO","NY-H6","CME","25","USD"
"NYM","NATURAL GAS","IA","NAT GAS 1 MONTH CALENDAR SPREAD","NY-DG","CME","25","USD"
"NYM","NATURAL GAS","IB","NAT GAS 2 MONTH CALENDAR SPREAD","NY-DJ","CME","25","USD"
"NYM","NATURAL GAS","IC","NAT GAS 3 MONTH CALENDAR SPREAD","NY-DS","CME","25","USD"
"NYM","NATURAL GAS","IE","NAT GAS 5 MONTH CALENDAR SPREAD","NY-DE","CME","25","USD"
"NYM","NATURAL GAS","IM","NAT GAS 6 MONTH CALENDAR SPREAD","NY-DM","CME","25","USD"
"NYM","NATURAL GAS","IZ","NAT GAS 12 MONTH CALENDAR SPREAD","NY-DZ","CME","25","USD"
"NYM","NATURAL GAS","JFO","LNG JAPAN/KOREA MARKER (PLATTS) SWAP FUTURES","NY-JKM","CME","40","USD"
"NYM","NATURAL GAS","JKO","LNG JAPAN/KOREA MARKER (PLATTS) SWAP FUTURES","NY-JKM","CME","40","USD"
"NYM","NATURAL GAS","PI","ALBERTA PIPE SWAP","NY-XI","CME","25","USD"
"NYM","NATURAL GAS","PJ","SAN JUAN PIPE SWAP","NY-XX","CME","10","USD"
"NYM","NATURAL GAS","TFF","DUTCH TTF NATURAL GAS (USD/MMBTU) FUTURES","NY-TFU","CME","10","USD"
"NYM","NATURAL GAS","TFO","DUTCH TTF NATURAL GAS CALENDAR MONTH FUTURES","NY-TTF","CME","10","EUR"
"NYM","NATURAL GAS","TFP","DUTCH TTF NATURAL GAS (USD/MMBTU) FUTURES","NY-TFU","CME","10","USD"
"NYM","NATURAL GAS","TTL","DUTCH TTF NAT GAS EARLY CAL MTH FUT","NY-TTP","CME","10","EUR"
"NYM","NATURAL GAS","TTO","DUTCH TTF NATURAL GAS CALENDAR MONTH FUTURES","NY-TTF","CME","10","EUR"
"NYM","NATURAL GAS","UFO","UK NBP NATURAL GAS CALENDAR MONTH FUTURES","NY-UKG","CME","10","GBP"
"NYM","NATURAL GAS","UKO","UK NBP NATURAL GAS CALENDAR MONTH FUTURES","NY-UKG","CME","10","GBP"
"NYM","NGL/PETROCHEMICALS","4H","MONT BELVIEU LDH PROPANE 5 DECIMALS (OPIS) SWAP FUTURES","NY-B0","CME","35","USD"
"NYM","NGL/PETROCHEMICALS","4I","MONT BELVIEU NATURAL GASOLINE 5 DECIMALS (OPIS) SWAP FUTURES","NY-7Q","CME","60","USD"
"NYM","NGL/PETROCHEMICALS","4J","MONT BELVIEU ETHANE 5 DECIMALS (OPIS) SWAP FUTURES","NY-C0","CME","10","USD"
"NYM","NGL/PETROCHEMICALS","4K","MONT BELVIEU NORMAL BUTANE 5 DECIMALS (OPIS) SWAP FUTURES","NY-D0","CME","50","USD"
"NYM","NGL/PETROCHEMICALS","CPR","CONWAY PROPANE 5 DECIMALS (OPIS) SWAP FUTURES","NY-8K","CME","60","USD"
"NYM","PETROLEUM CRACKS AND SPREADS","BCO","3.5% FUEL OIL (PLATTS) BARGES FOB RDAM CRACK SPREAD SWAP FUTURES","NY-FO","CME","1270","USD"
"NYM","PETROLEUM CRACKS AND SPREADS","EBO","GASOLINE EUROBOB NON-OXY NWE BARGES (ARGUS) CRACK SPREAD FUTURES","NY-GNS","CME","200","USD"
"NYM","PETROLEUM CRACKS AND SPREADS","RX","RBOB CRACK SPREAD","NY-ZX","CME","40","USD"
"NYM","PETROLEUM CRACKS AND SPREADS","SCO","SINGAPORE FUEL OIL 380 CST (PLATTS) VS BRENT CRACK SPREAD FUTURES (1000 MT)","NY-SF3","CME","125","USD"
"NYM","REFINED PRODUCTS","1N5","SINGAPORE MOGAS 92 UNLEADED (PLATTS) SWAP FUTURES","NY-1N","CME","60","USD"
"NYM","REFINED PRODUCTS","30","EUROPEAN JET KEROSENE (PLATTS) CARGOES CIF NWE CALENDAR SWAP FUTURES","NY-UJ","CME","350","USD"
"NYM","REFINED PRODUCTS","8H","SINGAPORE FUEL OIL 380 CST (PLATTS) SWAP FUTURES","NY-SE","CME","250","USD"
"NYM","REFINED PRODUCTS","C5","SINGAPORE FUEL OIL 180 CST (PLATTS) CALENDAR SWAP FUTURES","NY-UA","CME","250","USD"
"NYM","REFINED PRODUCTS","CH","HEATING/CRUDE SPREAD COMBO","NY-HC","CME","40","USD"
"NYM","REFINED PRODUCTS","DAP","EIA FLAT TAX ON-HIGHWAY DIESEL SWAP FUTURES","NY-A5","CME","50","USD"
"NYM","REFINED PRODUCTS","EFB","EUROPEAN 1% FUEL OIL (PLATTS) BARGES FOB RDAM CALENDAR SWAP FUTURES","NY-UH","CME","350","USD"
"NYM","REFINED PRODUCTS","F7","EUROPEAN GASOIL (ICE) SWAP FUTURES","NY-GX","CME","200","USD"
"NYM","REFINED PRODUCTS","F8","EUROPEAN GASOIL BULLET SWAP FUTURES","NY-BG","CME","200","USD"
"NYM","REFINED PRODUCTS","FA","HEATING OIL 1 MONTH CSO","NY-GH","CME","30","USD"
"NYM","REFINED PRODUCTS","FAF","HEATING OIL 1 MONTH CSO","NY-GH","CME","30","USD"
"NYM","REFINED PRODUCTS","FB","HEATING OIL 2 MONTH CSO","NY-GK","CME","30","USD"
"NYM","REFINED PRODUCTS","FC","HEATING OIL 3 MONTH CSO","NY-GM","CME","30","USD"
"NYM","REFINED PRODUCTS","FG","GULF COAST NO. 6 FUEL OIL 3.0% (PLATTS) SWAP FUTURES","NY-MF","CME","50","USD"
"NYM","REFINED PRODUCTS","FM","HEATING OIL 6 MONTH CSO","NY-GF","CME","30","USD"
"NYM","REFINED PRODUCTS","FZ","HEATING OIL 12 MONTH CSO","NY-AK","CME","30","USD"
"NYM","REFINED PRODUCTS","GUL","GULF COAST ULSD (PLATTS) SWAP FUTURES","NY-LY","CME","20","USD"
"NYM","REFINED PRODUCTS","GVR","GULF COAST JET FUEL (PLATTS) CALENDAR SWAP FUTURES","NY-GE","CME","40","USD"
"NYM","REFINED PRODUCTS","GXA","GASOIL 1 MONTH CSO","NY-GUS","CME","200","USD"
"NYM","REFINED PRODUCTS","GXB","GASOIL 2 MONTH CSO","NY-GWS","CME","300","USD"
"NYM","REFINED PRODUCTS","GXC","GASOIL 3 MONTH CSO","NY-GYS","CME","300","USD"
"NYM","REFINED PRODUCTS","GXM","GASOIL 6 MONTH CSO","NY-GVS","CME","300","USD"
"NYM","REFINED PRODUCTS","GXZ","GASOIL 12 MONTH CSO","NY-GLS","CME","300","USD"
"NYM","REFINED PRODUCTS","JA5","JAPAN C&F NAPHTHA (PLATTS) SWAP FUTURES","NY-JA","CME","500","USD"
"NYM","REFINED PRODUCTS","M2","SINGAPORE GASOIL (PLATTS) SWAP FUTURES","NY-SG","CME","40","USD"
"NYM","REFINED PRODUCTS","N2","SINGAPORE JET KEROSENE (PLATTS) SWAP FUTURES","NY-KS","CME","45","USD"
"NYM","REFINED PRODUCTS","NWE","EUROPEAN NAPHTHA (PLATTS) CALENDAR SWAP FUTURES","NY-UN","CME","500","USD"
"NYM","REFINED PRODUCTS","Q6","EUROPEAN 3.5% FUEL OIL (PLATTS) BARGES FOB RDAM CALENDAR SWAP FUTURES","NY-UV","CME","225","USD"
"NYM","REFINED PRODUCTS","ZA","RBOB 1 MONTH CSO","NY-ZI","CME","25","USD"
"NYM","REFINED PRODUCTS","ZAF","RBOB 1 MONTH CSO","NY-ZI","CME","25","USD"
"NYM","REFINED PRODUCTS","ZB","RBOB 2 MONTH CSO","NY-ZJ","CME","25","USD"
"NYM","REFINED PRODUCTS","ZC","RBOB 3 MONTH CSO","NY-ZK","CME","25","USD"
"NYM","REFINED PRODUCTS","ZM","RBOB 6 MONTH CSO","NY-ZL","CME","25","USD"
